[
  {
    "chapter_name": "Economy of Singapore",
    "chapter_id": "1",
    "section_number": "1",
    "section_name": "Introduction",
    "text": "The **economy of Singapore** is a highly developed mixed market economy with\ndirigiste characteristics. Singapore's economy has been consistently ranked as\nthe most open in the world, the joint 4th-least corrupt, and the most pro-\nbusiness. Singapore has low tax-rates and the second highest per-capita GDP in\nthe world in terms of purchasing power parity (PPP). The Asia-Pacific Economic\nCooperation (APEC) is headquartered in Singapore.\n\nAlongside the business-friendly reputation for global and local privately held\ncompanies and public companies, various national state-owned enterprises play\na substantial role in Singapore's economy. The sovereign wealth fund Temasek\nHoldings holds majority stakes in several of the nation's largest bellwether\ncompanies, such as Singapore Airlines, Singtel, ST Engineering and Mediacorp.\nWith regards to foreign direct investment (FDI), the Singaporean economy is a\nmajor FDI outflow-financier in the world. In addition, throughout its history,\nSingapore has benefited from the large inward flows of FDI from global\ninvestors, financial institutions and multinational corporations (MNCs) due to\nits highly attractive investment climate along with a stable and conducive\npolitical environment throughout its modern years."
  },
  {
    "chapter_name": "Economy of Singapore",
    "chapter_id": "1",
    "section_number": "1",
    "section_name": "Overview",
    "text": "Singapore relies on an extended concept of intermediary trade to entrepôt\ntrade, by purchasing raw goods and refining them for re-export in order to\nsustain its high levels of export-oriented industrialization, such as in the\nwafer-fabrication industry and in oil refining. Singapore has a strategic port\nwhich makes it more competitive than many of its neighbours in carrying out\nsuch entrepôt activities. Singapore's trade-to-GDP ratio is among the highest\nin the world, as of 2020 the ratio was 320%. The Port of Singapore is the\nsecond-busiest in the world by cargo tonnage and is the busiest transshipment\nport in the world.\n\nSingapore is also a regional, continental and global hub for the management\nand operations of various MNCs, because of its strategic location in close\nproximity with other Asia-Pacific markets, along with its advanced\nconnectivity and infrastructure (airline hub and maritime port with a diverse\narray of destinations, Gigabit fiber-optic communications, efficient road\ntransport and public transport) and its immigration policies in welcoming\nglobal talent. In addition, Singapore is a popular international tourist\ndestination for various types of tourism (Business tourism, MICE (Meetings,\nIncentives, Conferences, Exhibitions) tourism, Medical tourism, Urban\ntourism).\n\nSingapore's economy is often referred to as a \"miracle\" due to its rapid\ntransformation from a developing country to a developed, high-income economy\nin a relatively short period of time. This transformation took place in the\nsecond half of the 20th century under the leadership of Prime Minister Lee\nKuan Yew and his government. One of the key factors contributing to\nSingapore's economic miracle was its strategic location, which made it an\nideal hub for international trade and commerce.\n\nThe country's main exports include electronics, chemicals and services.\nSingapore is the regional hub for wealth management. Water is scarce in\nSingapore and a sizeable percentage of water is imported from Malaysia,\ntherefore it is defined as a precious resource.\n\nSmall and medium-sized enterprises (SMEs) are the backbone of Singapore's\neconomic landscape. In 2022 SMEs contributed 48% (S$284 bil) of Singapore's\ntotal enterprise nominal value-added and employed 71% of Singapore's total\nworkforce of 3.63 million.\n\nSingapore has limited arable land, meaning that Singapore is heavily reliant\non agrotechnology parks (particularly vertical hydroponic farms) for\nagricultural production. As a result, Singapore imports 90% of its food supply\nand has a wide variety of supplier countries in order to achieve its food\nsecurity; Singapore is ranked as among the most food secure in the world.\n\nApart from its strategic location at the cross-roads of trade between the East\nand the West, Singapore has little to no natural resources, hence human\nresources is a pivotal issue for the health of the Singaporean economy; the\nservices and manufacturing sectors of the economy are heavily reliant on a\nhighly-educated and highly-skilled 'Professional, Managerial, Executive and\nTechnical' (PMET) workforce composed of residents and expatriates. The economy\nof Singapore ranked 2nd overall in the Scientific American Biotechnology\nranking in 2014, with the featuring of Biopolis.\n\nTo preserve its international standing and to further its economic prosperity\nin the 21st century, Singapore has taken measures to promote innovation, to\nencourage entrepreneurship and to retrain its workforce. The Ministry of\nManpower (MoM) has the prime responsibility for setting, adjusting, and\nenforcing immigration rules for foreign workers, in order to achieve the dual\nmandate of maximum employment of the local resident population and maximum\neconomic growth for the nation. Approximately 29% of the total population\nwithin Singapore are non-resident foreigners, including 255,800 foreign\ndomestic workers (FDWs) who operate in Singapore."
  },
  {
    "chapter_name": "Economy of Singapore",
    "chapter_id": "1",
    "section_number": "2",
    "section_name": "Economic statistics",
    "text": "The following table shows the main economic indicators in 1980–2021 (with IMF\nstaff estimates in 2022–2027). Inflation below 5% is in green.\n\nTable of economic data from 1980 to 2021  Year  | GDP (in Bil. US$PPP) | GDP per capita (in US$ PPP) | GDP (in Bil. US$nominal) | GDP per capita (in US$ nominal) | GDP growth (real) | Inflation rate (in Percent) | Unemployment (in Percent) | Government debt (in % of GDP)\n---|---|---|---|---|---|---|---|---\n1980  | 22.9  | 9,479.4  | 12.1  | 5,005.0  | 10.1%  | 8.5%  | 5.8%  | n/a\n1981  | 27.8  | 10,958.8  | 14.4  | 5,672.1  | 10.8%  | 8.2%  | 5.9%  | n/a\n1982  | 31.6  | 11,927.3  | 15.9  | 6,000.0  | 7.1%  | 3.9%  | 6.3%  | n/a\n1983  | 35.6  | 13,281.0  | 18.0  | 6,717.8  | 8.6%  | 1.0%  | 5.6%  | n/a\n1984  | 40.1  | 14,689.9  | 19.6  | 7,160.3  | 8.8%  | 2.6%  | 6.1%  | n/a\n1985  | 41.1  | 15,039.4  | 18.6  | 6,788.4  | -0.6%  | 0.5%  | 4.6%  | n/a\n1986  | 42.5  | 15,563.0  | 18.8  | 6,870.8  | 1.3%  | -1.4%  | 2.0%  | n/a\n1987  | 48.3  | 17,406.2  | 21.6  | 7,794.7  | 10.8%  | 0.5%  | 3.9%  | n/a\n1988  | 55.6  | 19,547.3  | 26.6  | 9,329.0  | 11.3%  | 1.5%  | 2.6%  | n/a\n1989  | 63.7  | 21,730.1  | 31.4  | 10,725.7  | 10.2%  | 2.3%  | 1.8%  | n/a\n1990  | 72.6  | 23,812.9  | 38.9  | 12,763.3  | 9.8%  | 3.5%  | 1.8%  | 73.5%\n1991  | 80.0  | 25,528.0  | 45.5  | 14,502.0  | 6.7%  | 3.4%  | 1.8%  | 76.4%\n1992  | 87.3  | 27,019.3  | 52.1  | 16,136.2  | 6.6%  | 2.2%  | 1.8%  | 79.0%\n1993  | 99.6  | 30,059.3  | 60.6  | 18,290.1  | 11.5%  | 2.3%  | 1.7%  | 71.2%\n1994  | 113.0  | 33,054.6  | 73.7  | 21,552.4  | 11.1%  | 3.1%  | 1.7%  | 70.7%\n1995  | 123.7  | 35,087.0  | 87.8  | 24,914.9  | 7.2%  | 1.7%  | 1.8%  | 69.8%\n1996  | 135.3  | 36,869.6  | 96.3  | 26,232.9  | 7.5%  | 1.4%  | 1.7%  | 71.3%\n1997  | 149.1  | 39,283.1  | 100.1  | 26,375.9  | 8.3%  | 2.0%  | 1.4%  | 70.8%\n1998  | 147.5  | 37,557.0  | 85.7  | 21,829.3  | -2.2%  | -0.3%  | 2.5%  | 84.6%\n1999  | 158.1  | 39,943.7  | 86.3  | 21,796.6  | 5.7%  | 0.0%  | 2.8%  | 85.3%\n2000  | 176.3  | 43,775.8  | 96.1  | 23,852.8  | 9.0%  | 1.3%  | 2.7%  | 82.3%\n2001  | 178.4  | 43,104.2  | 89.8  | 21,699.7  | -1.1%  | 1.0%  | 2.7%  | 94.5%\n2002  | 188.3  | 45,080.2  | 92.5  | 22,159.8  | 3.9%  | -0.4%  | 3.6%  | 96.3%\n2003  | 200.7  | 48,774.7  | 97.6  | 23,730.4  | 4.5%  | 0.5%  | 4.0%  | 99.1%\n2004  | 226.6  | 54,377.3  | 115.0  | 27,608.1  | 9.9%  | 1.7%  | 3.4%  | 95.7%\n2005  | 250.9  | 58,815.0  | 127.8  | 29,961.3  | 7.4%  | 0.5%  | 3.1%  | 92.7%\n2006  | 281.9  | 64,054.4  | 148.6  | 33,768.4  | 9.0%  | 1.0%  | 2.7%  | 86.5%\n2007  | 315.7  | 68,793.8  | 180.9  | 39,432.9  | 9.0%  | 2.1%  | 2.1%  | 87.8%\n2008  | 327.7  | 67,718.3  | 193.6  | 40,008.6  | 1.9%  | 6.6%  | 2.2%  | 97.9%\n2009  | 330.2  | 66,212.2  | 194.2  | 38,926.8  | 0.1%  | 0.6%  | 3.0%  | 101.7%\n2010  | 382.7  | 75,389.8  | 239.8  | 47,236.7  | 14.5%  | 2.8%  | 2.2%  | 98.7%\n2011  | 415.0  | 80,052.4  | 279.4  | 53,891.5  | 6.2%  | 5.2%  | 2.0%  | 103.1%\n2012  | 436.0  | 82,065.0  | 295.1  | 55,547.5  | 4.4%  | 4.6%  | 2.0%  | 106.7%\n2013  | 448.1  | 83,001.8  | 307.6  | 56,967.4  | 4.8%  | 2.4%  | 1.9%  | 98.2%\n2014  | 461.8  | 84,423.2  | 314.9  | 57,564.8  | 3.9%  | 1.0%  | 2.0%  | 97.7%\n2015  | 481.4  | 86,974.7  | 308.0  | 55,645.6  | 3.0%  | -0.5%  | 1.9%  | 102.2%\n2016  | 501.5  | 89,436.6  | 318.8  | 56,858.5  | 3.6%  | -0.5%  | 2.1%  | 106.6%\n2017  | 534.9  | 95,310.3  | 343.2  | 61,149.6  | 4.7%  | 0.6%  | 2.2%  | 107.7%\n2018  | 567.7  | 100,686.1  | 377.0  | 66,857.3  | 3.7%  | 0.4%  | 2.1%  | 109.4%\n2019  | 584.2  | 102,431.4  | 375.5  | 65,833.2  | 1.1%  | 0.6%  | 2.3%  | 128.2%\n2020  | 566.8  | 99,681.2  | 345.3  | 60,727.6  | -4.1%  | -0.2%  | 3.0%  | 152.0%\n2021  | 635.3  | 116,486.3  | 397.0  | 72,794.9  | 7.6%  | 2.3%  | 2.7%  | 159.9%\n2022  | 701.0  | 131,425.7  | 423.6  | 79,426.1  | 3.0%  | 5.5%  | 2.1%  | 141.1%\n2023  | 742.3  | 140,280.1  | 447.2  | 84,500.4  | 2.3%  | 3.0%  | 2.1%  | 140.0%\n2024  | 777.8  | 147,117.9  | 470.1  | 88,926.0  | 2.6%  | 2.0%  | 2.1%  | 139.9%\n2025  | 811.9  | 152,667.0  | 491.2  | 92,363.0  | 2.5%  | 1.5%  | 2.1%  | 140.6%\n2026  | 848.2  | 158,689.4  | 513.5  | 96,065.7  | 2.5%  | 1.5%  | 2.1%  | 141.2%\n2027  | 886.1  | 164,987.2  | 536.8  | 99,935.1  | 2.5%  | 1.5%  | 2.1%  | 141.8%"
  },
  {
    "chapter_name": "Economy of Singapore",
    "chapter_id": "1",
    "section_number": "3",
    "section_name": "History",
    "text": "Historical GDP per capita development"
  },
  {
    "chapter_name": "Economy of Singapore",
    "chapter_id": "1",
    "section_number": "3.1",
    "section_name": "British colonization",
    "text": "In 1819, Stamford Raffles, at the time Lieutenant-Governor of Bencoolen,\nestablished a trading post in Singapore. Raffles had been searching for a new\nsettlement that could be used as an outpost of the British Empire. He left\nCalcutta and set out to explore much of South-East Asia. At the time, the\nDutch Empire and British Empire were close economic rivals. Colonization\nenabled these empires to gain control of the vast resources of militarily\nweaker and economically less prosperous nations. Raffles was looking for a new\nsettlement that could replace Malacca as a key economic advantage over the\nDutch Empire. The former had been handed over to the Dutch under the Treaty of\nVienna of 1815. Raffles found Singapore to be a perfect location, sitting just\nof the edge of the Straits of Malacca, nowadays one of the most important\nshipping lanes in the world. As well, the territory had key economic resources\nwhich would benefit the British. There was abundant timber and fresh water,\nand a natural deep water harbor which would be beneficial for the British\nfleet. He arrived on an island at the mouth of the Singapore River, where\nthere was a small Malay settlement. At the time accompanied by William\nFarquhar, Raffles met with Temenggong (essentially, Chief of Security, for the\nsettlement) Abdul Rahman to negotiate the right to establish a trading post on\nthe island, under the British Empire. The island was ruled nominally from\nJohar on the peninsula by Tengku (essentially, Prince) Rahman, Sultan of\nJohor, who was heavily influenced by the Dutch and the Bugis. However, the\nSultanate was weakened by factional division so that Temenggong Abdul Rahman\nand his officials were more loyal to Rahman's elder brother Tengku Hussein (or\nTengku Long) who was living in exile in “Riau” (likely the Riau Archipelago).\nWith the Temenggong's help, Raffles managed to smuggle Hussein back to\nSingapore. He offered to recognize Hussein as the rightful Sultan of Johor and\nprovide him with a yearly stipend; in return, Hussein would grant the British\nthe right to establish a trading post on Singapore.[_citation needed_] On 6\nFebruary 1819 Raffles succeeded in having the territory formally incorporated\ninto the British Empire as the aforementioned trading post.[_citation needed_]\nMuch of the settlement’s rapid economic growth thereafter can be credited to\nits natural suitability as a seaport hub."
  },
  {
    "chapter_name": "Economy of Singapore",
    "chapter_id": "1",
    "section_number": "3.2",
    "section_name": "Trade expansion",
    "text": "On 17 November 1869, the Suez Canal opens, connecting the Mediterranean Sea to\nthe Red Sea. This allowed for a decrease in travel time, which resulted in a\nrise in trade volume. The nation saw a $32 million rise just a year after its\nopening.\n\nTrade volume reached $105 million Straits dollars in 1879, during which\nentrepot trade was the main source of income and trade alone accounted for\nmore than one-third of GDP.[_citation needed_]"
  },
  {
    "chapter_name": "Economy of Singapore",
    "chapter_id": "1",
    "section_number": "3.3",
    "section_name": "Independence",
    "text": "In the 1950s, the region saw social unrest which resulted in colonial powers\ndeciding to relinquish some decision making. With spurs of race riots the\ncolonial powers sought to empower and establish a formidable local government.\nWith most of the unrest resulting from high unemployment, the local government\nwas directed to solve this issue. The Economic Development Board was formed to\nempower the Singapore government in establishing, developing, and financing\nindustrial undertakings.\n\nIn 1955, a Singapore local legislative Assembly with 25 out of 35 members\nelected was formed.\n\nUpon independence from Malaysia in 1965, Singapore faced a small domestic\nmarket, and high levels of unemployment and poverty. 70 percent of Singapore's\nhouseholds lived in badly overcrowded conditions, and a third of its people\nsquatted in slums on the city fringes. Unemployment averaged 14 percent, GDP\nper capita was US$516, and half of the population was illiterate[_citation\nneeded_]."
  },
  {
    "chapter_name": "Economy of Singapore",
    "chapter_id": "1",
    "section_number": "3.4",
    "section_name": "Industrialisation boom and change",
    "text": "After Lee Kuan Yew was elected, he oversaw significant economic reforms to the\ncountry. Structural change and machinery propelled the economy during his\ntenure. Singapore was a small and densely populated nation, with very few\nnatural resources and little space to grow outwards. Recognizing this, Lee\nidentified that the key advantage that Singapore held was its human capital,\nand its ability to provide highly educated citizens capable of competing in\nglobal industry and trade. On 1 August 1961, the Singapore Government\nestablished the Economic Development Board to spearhead an investment drive,\nand make Singapore an attractive destination for foreign investment. FDI\ninflows increased greatly over the following decades, and by 2001 foreign\ncompanies accounted for 75% of manufactured output and 85% of manufactured\nexports. Meanwhile, Singapore's savings and investment rates rose among the\nhighest levels in the world, while household consumption and wage shares of\nGDP fell among the lowest. The beginning of Lee's tenure was marked with\nsuccess and from 1965–1973, annual growth of real GDP was 12.7%. He directed\nspending to repair and improve infrastructure. This effort spurred economic\nproductivity and put in place the foundations needed to build up basic\nindustry. As of 2019, Singapore's infrastructure is ranked the best in terms\nof quality, with a score of 95.4 out of 100. The period from 1973-1979 marked\na struggle for Singapore as they pivoted away from basic infrastructure\nspending and moved towards more sustainable economic progress. The 1973 oil\ncrisis raised government awareness of issues such as economic concentration.\nIt forced the government to hold new forum to discuss ways of adapting the\ncountries economy to economic change. GDP growth during this time was slightly\nlower than the preceding years, at 8.5% annually. However, unemployment was\nvirtually 0%, and most of the population had experienced great strides in\nproductivity. The government highlighted a focus in technology and education\nto be the new wave of economic gain. In addition, they identified financial\nservices as a key area in which Singapore could diversify and attract new\ngrowth. During this time, the government invested heavily in its budding\nfinancial services industry. It managed to minimize inflation and provide\nworkers with the proper equipment and machinery to sustain growth."
  },
  {
    "chapter_name": "Economy of Singapore",
    "chapter_id": "1",
    "section_number": "3.4.1",
    "section_name": "Growth in the service sector",
    "text": "As a result of this investment drive, Singapore's capital stock increased 33\ntimes by 1992, and achieved a tenfold increase in the capital-labour ratio.\nLiving standards steadily rose, with more families moving from a lower-income\nstatus to middle-income security with increased household incomes.\n\nIn 1987, Lee claimed that (based on the government's home ownership criterion)\n80% of Singaporeans could now be considered to be members of the middle-class.\nUnder Lee, Singapore had both low inflation and unemployment. However, much\nunlike the economic policies of Greece and the rest of Europe, Singapore\nfollowed a policy of individualising the social safety net. This led to a\nhigher than average savings rate and a very sustainable economy in the long\nrun. Without a burdensome welfare state or its likeliness, Singapore has\ndeveloped a very self-reliant and skilled workforce well versed for a global\neconomy.\n\nThe 1990s posed a great question for Singapore, as to how they would reinvent\ntheir economy. The 1990s emergence of efficient manufacturing firms in\nsoutheast Asia challenged the nation with such a small labor force and land\nrestrictions. Friedrich noted how \" it would be \"unlikely to expand beyond the\ncurrent 25% share of the economy,\" when regarding manufacturing firms. Despite\nstruggling in the manufacturing sector Singapore thrived in global finance,\ntrading, and was an industrial hub for international trade.\n\nSingapore's economic strategy produced real growth averaging 8.0% from 1960 to\n1999. Since the nation's independence in 1965, Singapore's GDP has amassed an\naverage of a 9.5% increase. The economy picked up in 1999 under Goh Chok Tong,\nthe Prime Minister of Singapore, after the regional financial crisis, with a\ngrowth rate of 5.4%, followed by 9.9% for 2000. However, the economic slowdown\nin the United States, Japan and the European Union, as well as the worldwide\nelectronics slump, had reduced the estimated economic growth in 2001 to a\nnegative 2.0%.\n\nThe economy expanded by 2.2% the following year, and by 1.1% in 2003 when\nSingapore was affected by the SARS outbreak. Subsequently, a major turnaround\noccurred in 2004 allowed it to make a significant recovery of 8.3% growth in\nSingapore, although the actual growth fell short of the target growth for the\nyear more than half with only 2.5%. In 2005, economic growth was 6.4%; and in\n2006, 7.9%.\n\nIt was apparent that Singapore would also struggle due to the 2008 financial\ncrisis given its status as a financial services hub. Some market commentators\ndoubted the economy's ability to cope with the effects of the crisis. In the\nend the economy grew in 2009 by 3.1% and in 2010, the nation saw a 15.2%\ngrowth rate.\n\nAs of 8 June 2013, Singapore's unemployment rate is around 1.9% and the\ncountry's economy has a lowered growth rate, with a rate of 1.8% on a quarter-\nby-quarter basis—compared to 14.8% in 2010.\n\n2015 and 2016 saw a downturn for the nation as GDP growth shrunk to just 2\npercent. Despite growth diminishing, the nation has yet to post negative\ngrowth rates which are a positive sign. During the same period of diminishing\neconomic growth. Unemployment and inflation have also decreased.\n\nAs of 2017 Singapore's GDP reached $323.907 billion.\n\nSingapore is expected to experience an economic slowdown in 2019, with GDP\ngrowth slowing to 1.9% from 3.1% in 2018, due to tariff hikes from the United\nStates and China.\n\nDuring the initial months of the COVID-19 pandemic, on 26 March 2020,\nSingapore's Ministry of Trade and Industry said it believed that the economy\nwould contract by between 1% and 4% in 2020. This was after the economy shrank\n2.2% in the first quarter of 2020 from the same quarter in 2019. On 26 May,\nMTI said that it was revising down its expectation for the Singapore economy\nin 2020 to shrink by 4% to 7%. Economists had to downgrade their numbers from\npreviously, and some suggested that the economic recovery could take some\ntime. In response to the economic pressure, Moody's temporarily downgraded the\nSingapore banking sector that year from \"stable\" outlook to a \"negative\"\noutlook.\n\nIt was estimated by the economist Chua Hak Bin, the Singapore circuit breaker\nmeasures in response to the pandemic, beginning on 7 April could impact the\neconomy to the tune of S$10 billion. With the lockdown imposed on construction\nworkers, there were concerns that there could be delays in construction\nprojects of up to six months. Senior Minister of State for Trade and Industry\nChee Hong Tat announced that some 3,800 companies had closed in April 2020,\nonly slightly higher than the 3,700 reported on average for the same month in\nthe past 5 years. Though he warned that this would likely rise in the coming\nmonths. Despite this only small increase in companies shutting down, the\nnumber of companies starting up had declined by about a third from the average\nApril since 2015."
  },
  {
    "chapter_name": "Economy of Singapore",
    "chapter_id": "1",
    "section_number": "4",
    "section_name": "State enterprise and investment",
    "text": "Singapore's State Owned Enterprises as a percent of GDP\n\nThe public sector is used both as an investor and as a catalyst for economic\ndevelopment and innovation. The government of Singapore has two sovereign\nwealth funds, Temasek Holdings and GIC Private Limited, which are used to\nmanage the country's reserves. Initially the state's role was oriented more\ntoward managing industries for economic development, but in recent decades the\nobjectives of Singapore's sovereign wealth funds have shifted to a commercial\nbasis.\n\nGovernment-linked corporations play a substantial role in Singapore's domestic\neconomy. As of November 2011, the top six Singapore-listed GLCs accounted for\nabout 17 percent of total capitalization of the Singapore Exchange (SGX).\nThese fully and partially state-owned enterprises operate on a commercial\nbasis and are granted no competitive advantage over privately owned\nenterprises. State ownership is prominent in strategic sectors of the economy,\nincluding telecommunications, media, public transportation, defence, port,\nairport operations as well as banking, shipping, airline, infrastructure and\nreal estate.\n\nAs of 2014, Temasek holds S$69 billion of assets in Singapore, accounting for\n7% of the total capitalization of Singapore-listed companies. In 2017, GSK\nshifted its Asian Headquarters to Singapore.\n\nYear | Total trade | Imports | Exports | % Change\n---|---|---|---|---\n2000 | $273 | $135 | $138 | 21%\n2001 |  |  |  | −9.4%\n2002 | $432 |  |  | 1.5%\n2003 | $516 | $237 | $279 | 9.6%\n2004 | $629 | $293 | $336 | 21.9%\n2005 | $716 | $333 | $383 | 14%\n2006 | $810 | $379 | $431 | 13.2%\n2014 | $983 | $464 | $519 | 21.3% change from 2006 to 2014\n\nAll figures in billions of Singapore dollars."
  },
  {
    "chapter_name": "Economy of Singapore",
    "chapter_id": "1",
    "section_number": "5",
    "section_name": "Sectors",
    "text": "To maintain its competitive position despite rising wages, the government\nseeks to promote higher value-added activities in the manufacturing and\nservices sectors. It also has opened, or is in the process of opening, the\nfinancial services, telecommunications, and power generation and retailing\nsectors up to foreign service providers and greater competition. The\ngovernment has also attempted some measures including wage restraint measures\nand release of unused buildings in an effort to control rising commercial\nrents with the view to lowering the cost of doing business in Singapore when\ncentral business district office rents tripled in 2006.[_citation needed_]"
  },
  {
    "chapter_name": "Economy of Singapore",
    "chapter_id": "1",
    "section_number": "5.1",
    "section_name": "Banking",
    "text": "Singapore is considered a global financial hub by many leading financial\nanalysts, economists and politicians, with Singapore banks offering world-\nclass corporate bank account facilities. In the 2020 Global Financial Centres\nIndex, Singapore was ranked as having the sixth most competitive financial\nsector in the world, and the fourth most competitive in Asia. These include\nmultiple currencies, internet banking, telephone banking, checking accounts,\nsavings accounts, debit and credit cards, fixed term deposits and wealth\nmanagement services. DBS, OCBC and UOB are the three major local banks of\nSingapore. In 2020, MAS granted license to digital banks for the first time.\nGXS Bank and MariBank are the two largest digital banks in Singapore.\n\nSingapore has also attracted assets formerly held in Swiss banks for several\nreasons, including new taxes imposed on Swiss accounts and a weakening of\nSwiss bank secrecy. Credit Suisse, the second largest Swiss bank, moved its\nhead of international private banking to Singapore in 2005. For this, the\ncountry has also been dubbed the \"Switzerland of Asia\"."
  },
  {
    "chapter_name": "Economy of Singapore",
    "chapter_id": "1",
    "section_number": "5.2",
    "section_name": "Biotechnology",
    "text": "Singapore has been aggressively developing its biotechnology industry. Hundred\nof millions of dollars were invested into the sector to build up\ninfrastructure, fund research and development and to recruit top international\nscientists to Singapore. Leading drug makers, such as GlaxoSmithKline (GSK),\nPfizer and Merck & Co., have set up plants in Singapore. In 2006 GSK invested\nanother S$300 million to build another plant to produce paediatric vaccines,\nits first such facility in Asia. Pharmaceuticals now account for more than 8%\nof the country's manufacturing production. In 2022, the biopharma industry of\nSingapore accounted for manufacturing output of USD 18 billion a year, a value\nthat had tripled during two decades."
  },
  {
    "chapter_name": "Economy of Singapore",
    "chapter_id": "1",
    "section_number": "5.3",
    "section_name": "Energy and infrastructure",
    "text": "Singapore is the pricing centre and leading oil trading hub in Asia. The oil\nindustry makes up 5% of Singapore's GDP, with Singapore being one of the top\nthree export refining centres in the world. In 2007, it exported 68.1 million\ntonnes of oil. The oil industry has led to the promotion of the chemical\nindustry as well as oil and gas equipment manufacturing. Singapore has 70 per\ncent of the world market for both jack-up rigs and for the conversion of\nFloating Production Storage Offloading units. It has 20 per cent of the world\nmarket for ship repair, and in 2008 the marine and offshore industry employed\nalmost 70,000 workers.\n\nSingapore has limited potential for renewable energy mainly due to its small\nsurface area; solar power holds the greatest potential. The government set a\ntarget of generating solar power to cover 350,000 households in 2030 that\nwould equal to 4% of the country's electricity demand in 2020. As a financial\nhub, Singapore can play an important role in attracting investment in\nrenewable energy in the entire ASEAN region."
  },
  {
    "chapter_name": "Economy of Singapore",
    "chapter_id": "1",
    "section_number": "5.4",
    "section_name": "Real estate",
    "text": "The Singapore government also owns 90 percent of the country's land, as well\nas housing in which 80 percent of the population lives.\n\nIn July 2022, a report by Savills revealed that Singapore tied with New York\nCity in recording the highest rental growth rate for luxury homes globally."
  },
  {
    "chapter_name": "Economy of Singapore",
    "chapter_id": "1",
    "section_number": "5.5",
    "section_name": "Tourism",
    "text": "Tourism plays an important role in the economy of Singapore. Singapore ranks\namong the most visited cities in the world."
  },
  {
    "chapter_name": "Economy of Singapore",
    "chapter_id": "1",
    "section_number": "6",
    "section_name": "International trade and investment",
    "text": "| This section needs to be **updated**. Please help update this article to\nreflect recent events or newly available information. _( July 2013)_\n---|---\nSingaporean exports in 2006\n\nSingapore's total trade in 2022 amounted to $1,365.4 billion SGD. In 2022,\nSingapore's imports were $655.4 billion SGD and exports were $710.0 billion\nSGD. China was Singapore's main import partner, as well as its largest export\nmarket in 2021. Singapore's major trading partners include Malaysia, the\nUnited States and the European Union.\n\nChina is Singapore's largest trading partner, with bilateral trade totalling\nroughly 175 billion Singapore dollars in 2022. Since 2009, the value of\nexports exceeds imports for Singapore's trade with China. In comparison, the\nvalue of imports exceeds exports for Singapore's trade with the US since 2006.\n\nRe-exports accounted for 43% of Singapore's total sales to other countries in\n2000. Singapore's principal exports are electronic components, refined\npetroleum, gold, computers, and packaged medications. Singapore's main imports\nare electronic components, refined petroleum, crude petroleum, gold, and\ncomputers.\n\nTrade in Singapore has benefited from the extensive network of trade\nagreements Singapore has implementing. According to Healy Consultants,\nSingapore has free trade access to the entirety of the ASEAN network, with\nimport duty reduced when dealing with Indonesia, Malaysia, the Philippines,\nThailand, Brunei, Burma, Cambodia, Laos and Vietnam.\n\nThe Singapore Economic Development Board (EDB) continues to attract investment\nfunds on a large-scale for the country despite the city's relatively high-cost\noperating environment. The US leads in foreign investment, accounting for 40%\nof new commitments to the manufacturing sector in 2000. As of 1999, cumulative\ninvestment for manufacturing and services by American companies in Singapore\nreached approximately $20 billion (total assets). The bulk of US investment is\nin electronics manufacturing, oil refining and storage, and the chemical\nindustry. More than 1,500 US firms operate in Singapore.\n\nSingapore's largely corruption-free government, skilled workforce, and\nadvanced and efficient infrastructure have attracted investments from more\nthan 3,000 multinational corporations (MNCs) from the United States, Japan,\nand Europe. Foreign firms are found in almost all sectors of the economy. MNCs\naccount for more than two-thirds of manufacturing output and direct export\nsales, although certain services sectors remain dominated by government-linked\ncorporations.\n\nThe government also has encouraged firms to invest outside Singapore, with the\ncountry's total direct investments abroad reaching $39 billion by the end of\n1998. The People's Republic of China was the top destination, accounting for\n14% of total overseas investments, followed by Malaysia (10%), Hong Kong (9%),\nIndonesia (8%) and US (4%). The rapidly growing economy of India, especially\nthe high technology sector, is becoming an expanding source of foreign\ninvestment for Singapore.\n\nThe United States strives to improve bilateral trade with Singapore and has\nsigned the US-Singapore Free Trade Agreement in 2003. Singapore corporate tax\nis 17 per cent.\n\nSingapore is the European Union's 14th largest trading partner. Singapore-EU\ntrade is worth more than €50 billion euros a year. Singapore is also the EU's\n5th largest trade in services partner and the EU's 6th destination for foreign\ndirect investment. Over 10,000 EU companies have set up their hubs or offices\nin Singapore.\n\nIn 2018, the EU and Singapore signed the EUSFTA, a free trade agreement which\naims to boost and promote trade between Singapore and the EU. The agreement\nincludes provisions on:\n\n* Eliminating tariffs on goods\n* Harmonizing safety, testing and labeling standards (for cars and vehicle parts, electronics and textiles)\n* Preferential market access and equal treatment for services (for telecommunications, financial services, transport, etc.)\n* Simplifying customs procedures and improving trade facilitation\n* Improved protection of intellectual property\n* Guaranteed access to government procurement contracts\n* Legally-binding commitments on environmental protection and workers' rights\n\nIn addition to the free trade agreement, the EU and Singapore signed an\ninvestment protection agreement which aims to encourage investment between\nSingapore and the EU. It ensures that governments in the EU and Singapore\ntreat each other's investors equally, and replaces old-style bilateral\ninvestment treaties between Singapore and individual EU countries."
  },
  {
    "chapter_name": "Economy of Singapore",
    "chapter_id": "1",
    "section_number": "6.1",
    "section_name": "International trade agreements",
    "text": "The following bilateral and plurilateral agreements are currently in effect.\nSignature and entry into force dates are as listed by the World Trade\nOrganization.\n\nEconomy | Agreement | Abbreviation | Concluded | Signed | Effective | Legal text\n---|---|---|---|---|---|---\nAustralia | Comprehensive Strategic Partnership | CSP | 6 May 2016 | 2015 |  |\nNew Zealand | Agreement between New Zealand and Singapore on a Closer Economic Partnership | ANZSCEP | 18 August 2000 | 14 November 2000 | 1 January 2001 | [1]\nEFTA | Agreement between the EFTA States and Singapore | EFTA-Singapore FTA | 11 April 2002 | 26 June 2002 | 1 January 2003 | [2]\nJapan | Japan–Singapore Economic Partnership Agreement | JSEPA | October 2001 | 13 January |  | [3]\nUnited States | United States-Singapore Free Trade Agreement | USSFTA | 19 November 2002 | 6 May 2003 | 1 January 2004 | [4]\nJordan | Singapore Jordan Free Trade Agreement | SJFTA | 29 April 2004 | 16 May 2004 |  | [5]\nBrunei | Trans-Pacific Strategic Economic Partnership Agreement | Trans-Pacific SEP |  | August 2005 | 1 January 2006 | [6]\nChile | 18 July 2005\nNew Zealand | 18 July 2005\nIndia | India – Singapore Comprehensive Economic Cooperation Agreement | India-Singapore CECA | November 2004 | 29 June 2005 | 1 August 2005 | [7]\nSouth Korea | Korea-Singapore Free Trade Agreement | KSFTA | 28 November 2004 | 4 August 2005 | End 2005 | [8]\nPeru | Peru-Singapore Free Trade Agreement | PesFTA | September 2007 | 29 May 2008 | Early 2009 |\nSri Lanka | Sri Lanka-Singapore Free Trade Agreement | Sri Lanka-Singapore FTA | 2016 | 23 January 2018 | Mid 2018 |\nEuropean Union | European Union-Singapore Free Trade Agreement | EUSFTA  | 2018  | 19 October 2018  | 21 November 2019  |\nUnited Kingdom | Singapore–United Kingdom Free Trade Agreement | SUKFTA  | 10 December 2020  | 10 December 2020  | 1 January 2021  |"
  },
  {
    "chapter_name": "Economy of Singapore",
    "chapter_id": "1",
    "section_number": "7",
    "section_name": "Singapore workforce",
    "text": "In 2000, Singapore had a workforce of about 2.2 million. With limited access\nto natural resources, Singapore had been forced to invest in its\npeople.[_citation needed_] The country has the largest proficiency of English\nlanguage speakers in Asia, making it an attractive place for multinational\ncorporations. Singapore has come a long way from where it once stood. In the\n1970s according to Tilak Abeysinghe \"2.4 percent of the labor force were\ndegree holders\". By 1990 the number rose to just 6.3%. In 2013 the percentage\nof the labor force who held degrees reached 31%. The nation's directive toward\nhigh skilled labor jobs, has promoted both growth and education to the region.\nThe National Trades Union Congress (NTUC), the sole trade union federation,\nwhich has a symbiotic relationship with the ruling party, accounts for almost\n99% of total organised labour. Government policy and pro-activity rather than\nlabour legislation controls general labour and trade union matters.[_citation\nneeded_]\n\nThe Employment Act offers little protection to white-collar workers due to an\nincome threshold. The Industrial Arbitration Court handles labour-management\ndisputes that cannot be resolved informally through the Ministry of Manpower.\nThe Singapore Government has stressed the importance of co-operation between\nunions, management and government (tripartism), as well as the early\nresolution of disputes. There has been only one strike in the past 15 years.\n\nSingapore has enjoyed virtually full employment for long periods of time. Amid\nan economic slump, the unemployment rate rose to 4.0% by the end of 2001, from\n2.4% early in the year. Unemployment has since declined and as of 2012 the\nunemployment rate stands at 1.9%.\n\nWhile the Singapore government has taken a stance against minimum wage and\nunemployment benefit schemes, in 2007 the government introduced a Workfare\nIncome Supplement (WIS) scheme to supplement wages of low-skilled workers. To\nsupport employers in hiring older Singaporean workers, Special Employment\nCredit (SEC) was introduced in 2011. It was first enhanced in 2012 to provide\nemployers with support in hiring older Singaporean workers and Persons with\nDisabilities (PWDs). It helped the employers to cope with costs associated\nwith the increase in Central Provident Fund (CPF) contribution rates for older\nworkers. The 5-year SEC scheme was further extended an additional 3 years, up\nto 2019 to encourage employers to voluntarily re-employ older workers aged 65\nand above. The Singapore Government and the NTUC have tried a range of\nprograms to increase lagging productivity and boost the labour force\nparticipation rates of women and older workers. However, labour shortages\npersist in the service sector and in many low-skilled positions in the\nconstruction and electronics industries. Foreign workers help make up this\nshortfall. In 2000, there were about 600,000 foreign workers in Singapore,\nconstituting 27% of the total work force. As a result, wages are relatively\nsuppressed or do not rise for all workers. To have some controls, the\ngovernment imposes a foreign worker levy payable by employers for low end\nworkers like domestic help and construction workers. In 2012, the Ministry of\nTrade and Industry (MTI) reported that Singapore should continue to fine-tune\nthe calibration of its inflow of foreigners as the country continues to face\nan ageing population and a shrinking workforce. Singapore Parliament accepted\nthe recommendations by its Economic Strategies Committee (ESC) for the optimal\nratio of the level of immigration and foreign manpower for both high and low\nskilled workers. The Government recognises that the current overall foreign\nworkforce should complement the local resident workforce and not replace the\nSingaporean Core concept, and helps companies greatly as they raise\nproductivity through business restructuring and workforce retraining; raise\nresident labour force participation rate."
  },
  {
    "chapter_name": "Economy of Singapore",
    "chapter_id": "1",
    "section_number": "8",
    "section_name": "Poverty and economic inequality",
    "text": "Singapore is one of the world's wealthiest countries _per capita_ , but its\nGini coefficient is high in comparison to developed countries. Statistics on\nincome inequality are published by the Singapore Department of Statistics.\nWithout taking taxes and social transfers into account, Singapore's gini\ncoefficient puts the country in the medium range. Nevertheless, the country\nremains on the \"very high\" category on the inequality-adjusted human\ndevelopment index (IHDI), a ranking similar to the Human Development Index\n(HDI), but with inequality also accounted for.\n\nIn October 2018, Oxfam ranked Singapore 149 out of 157 in its Commitment to\nReducing Inequality Index 2018, placing it among the bottom ten of the\ncountries in the index, which ranks countries based on efforts to reduce\neconomic inequality. In its report, Oxfam accused Singapore of practices which\nencouraged \"harmful tax practices\", not having a universal minimum wage (apart\nfrom janitors and security guards), and poor performance on labour rights. The\ngovernment responded to the report by claiming that it was more important to\nlook at \"real outcomes\" such as Singapore's high home ownership, health,\neducation, and employment, rather than public spending or tax rates, also\nsaying that the report \"assumes that high taxation and high public expenditure\nreflects commitment to combating inequality\".\n\nThe government provides social support through a variety of social assistance\nschemes. The Ministry of Social and Family Development runs ComCare, a program\nwhich provides income support for low-income citizen households through\nvarious schemes for short-to-medium term assistance, long-term assistance,\nchild support, and urgent financial needs. The Community Development Councils\nalso run various local assistance schemes within their districts. The Ministry\nof Manpower runs a Silver Support Scheme which provides additional financial\nsupport for low-income elderly with no family support. Meanwhile, the Ministry\nof Health also runs MediFund to assist families that have difficulty paying\nfor medical bills despite government subsidies and other health financing\nschemes. In addition, the National Council of Social Service coordinates a\nrange of 450 non-government voluntary welfare organisations to provide social\nservices, while raising funds through The Community Chest of Singapore.\n\nToday, low and middle-income groups now receive 2.5 times the public subsidies\nthey did ten years ago."
  },
  {
    "chapter_name": "Economy of Singapore",
    "chapter_id": "1",
    "section_number": "9",
    "section_name": "Public finance",
    "text": "Government spending in Singapore has risen since the start of the 2008\nfinancial crisis, from around 15% of GDP in 2008 to 17% in 2012. The\ngovernment's total expenditure as a percentage of GDP ranks among the lowest\ninternationally and allows for a competitive tax regime. Singapore is required\nunder its constitution to keep a balanced budget over each term of government.\nSingapore government debt is issued for investment purposes, not to fund\nexpenditure.\n\nPersonal income taxes in Singapore range from 0% to 22% for incomes above\nS$320,000. There are no capital gains or inheritance taxes in Singapore.\nSingapore's corporate tax rate is 17% with exemptions and incentives for\nsmaller businesses. Singapore has a single-tier corporate income tax system,\nwhich means there is no double-taxation for shareholders.\n\nSingapore introduced Goods and Services Tax (GST) with an initial rate of 3%\non 1 April 1994, increasing government's revenue by S$1.6 billion (US$1b,\n€800m) and establishing government finances. The GST rate increased to 4% in\n2003, 5% in 2004, 7% in 2007, 8% in 2023, and 9% in 2024.\n\nThe Singapore government owns two investment companies, GIC Private Limited\nand Temasek Holdings, which manage Singapore's reserves. Both operate as\ncommercial investment holding companies independently of the Singapore\ngovernment, but Prime Minister Lee Hsien Loong and his wife Ho Ching serve as\nchairman and CEO of these corporations respectively. While GIC invests abroad,\nTemasek holds 31% of its portfolio in Singapore, holding majority stakes in\nseveral of the nation's largest companies, such as Singapore Airlines,\nSingtel, ST Engineering and Mediacorp. As of 2014, Temasek holds S$69 billion\nof assets in Singapore, accounting for 7% of the total capitalisation of\nSingapore-listed companies.\n\nIn April 2013, the country was recognised as an increasingly popular tax haven\nfor the wealthy due to the low tax rate on personal income, a full tax\nexemption on income that is generated outside of Singapore and 69 double\ntaxation treaties that can minimise both withholding tax and capital gains\ntax. Australian millionaire retailer Brett Blundy, with an estimated personal\nwealth worth AU$835 million, and multi-billionaire Facebook co-founder Eduardo\nSaverin are two examples of wealthy individuals who have settled in Singapore\n(Blundy in 2013 and Saverin in 2012). Additionally, Australian mining magnate\nGina Rinehart owns property in Singapore and American investor Jim Rogers\nmoved to Singapore in 2007—Rogers has identified the 21st century as an era in\nwhich Asia will dominate and wishes for his two daughters to learn Mandarin as\na key outcome of the relocation. Chinese Media TV celebrities Jet Li and Gong\nLi have also taken up naturalised Singapore citizenship."
  },
  {
    "chapter_name": "Economy of Singapore",
    "chapter_id": "1",
    "section_number": "10",
    "section_name": "Monetary policy",
    "text": "The Monetary Authority of Singapore (MAS) is Singapore's central bank and\nfinancial regulatory authority. Its current chairman is Lawrence Wong (July\n2023–present). It administers the various statutes pertaining to money,\nbanking, insurance, securities and the financial sector in general, as well as\ncurrency issuance. The MAS has been given powers to act as a banker to and\nfinancial agent of the Government. It has also been entrusted to promote\nmonetary stability, and credit and exchange policies conducive to the growth\nof the economy.\n\nUnlike many other central banks such as Federal Reserve System, European\nCentral Bank or Bank of England, MAS does not regulate the monetary system via\ninterest rates to influence the liquidity in the system. Instead, it chooses\nto do it via the foreign exchange mechanism, which it has been doing since\n1981. In doing so it manages the Singapore dollar versus a number of\ncurrencies that they do not reveal publicly – a Singapore dollar nominal\neffective exchange rate (S$ NEER). It carries this out by intervening in the\nSGD market as well as other operations in the money market. The MAS reviews\nits policy stance less frequently than most central banks, in a cycle that is\naround every 6 months. In some circumstances, such as during the COVID-19\npandemic MAS can change the date of its twice yearly meeting.\n\nIn May 2022, six major banks agreed to pay $64.5 million to resolve antitrust\nallegations that they worked together to rig benchmark Singapore interest\nrates. The banks involved included Credit Suisse AG, Deutsche Bank AG, The\nHongkong and Shanghai Banking Corporation Limited, ING Bank N.V., Citibank\nN.A. and JPMorgan Chase & Co.\n\nPolicy decisions  Date  | Changes\n---|---\n22 February 2001  | gradual modest appreciation rate of appreciation of SGD NEER band.\n10 April 2001  | gradual modest appreciation rate of appreciation of SGD NEER band.\n12 July 2001  | zero percent rate of appreciation of SGD NEER band.\n10 October 2001  | zero percent rate of appreciation of SGD NEER band; width widened.\n2 January 2002  | zero percent rate of appreciation of SGD NEER band; width narrowed.\n14 October 2016  | zero percent rate of appreciation of SGD NEER band; no change to width and the level at which it is centred.\n13 April 2017  | zero percent rate of appreciation of SGD NEER band; no change to width and the level at which it is centred.\n13 October 2017  | zero percent rate of appreciation of SGD NEER band; no change to width and the level at which it is centred.\n13 April 2018  | slightly increase rate of appreciation of SGD NEER band; no change to width and the level at which it is centred.\n12 October 2018  | slightly increase rate of appreciation of SGD NEER band; no change to width and the level at which it is centred.\n12 April 2019  | unchanged rate of appreciation of SGD NEER band; no change to width and the level at which it is centred.\n14 October 2019  | slightly reduce rate of appreciation, with no change in width.\n30 March 2020  | zero percent per annum rate of appreciation, starting at the prevailing level with no change in width.\n14 October 2020  | There was no change in foreign exchange policy from the March decision. This was expected by all economists."
  },
  {
    "chapter_name": "Economy of Singapore",
    "chapter_id": "1",
    "section_number": "11",
    "section_name": "Property policy",
    "text": "To dampen property speculation, the government imposed Additional Buyer's\nStamp Duty (ABSD) starting in December 2011. It was subsequently raised in\nJanuary 2013 and then again in July 2018. Currently for Singapore citizens\nbuying their first property, there is no ABSD. For their second property\nonwards, they pay up to 15% ABSD. For foreigners the ABSD rate is 60% no\nmatter if it is the first property. And for entities it is 65%. At the same\ntime they raised the ABSD in 2018, the MAS tightened rules on housing loans,\nby limiting the loan tenure and reducing the Loan-to-Value ratio."
  },
  {
    "chapter_name": "Economy of Singapore",
    "chapter_id": "1",
    "section_number": "12",
    "section_name": "Mergers and acquisitions",
    "text": "16,156 mergers and acquisitions deals have been conducted in Singapore so far,\nwhich accumulated to a total value of US$850 bil. Since 1985 there has been a\nconstant upward trend, disrupted only in 2002 and 2009. The most active year\nin terms of numbers (926) and value (US$78 bil.) has been 2017, so there is\ncurrently an all-time high. In general inbound and outbound deals in Singapore\nare nearly equally distributed.\n\nHere is a list of the top 10 deals with Singaporean participation inbound or\noutbound:\n\nDate Announced  | Acquiror Name  | Acquiror Mid Industry  | Acquiror Nation  | Target Name  | Target Mid Industry  | Target Nation  | Value of Transaction ($mil)\n---|---|---|---|---|---|---|---\n2 January 2008  | Shining Prospect Pte Ltd  | Other Financials  | Singapore  | Rio Tinto PLC  | Metals & Mining  | United Kingdom  | 14,284.17\n7 September 2015  | Petrol Complex Pte Ltd  | Oil & Gas  | Singapore  | Essar Oil Ltd  | Oil & Gas  | India  | 12,907.25\n14 July 2017  | Nesta Investment Holdings Ltd  | Other Financials  | China  | Global Logistic Properties Ltd  | Non Residential  | Singapore  | 11,553.58\n12 October 2016  | QHG Shares Pte Ltd  | Other Financials  | Singapore  | Rosneft Oil Co  | Oil & Gas  | Russian Fed  | 10,776.55\n12 October 2007  | Government of Singapore Invest  | Alternative Financial Investments  | Singapore  | UBS AG  | Banks  | Switzerland  | 9,760.42\n26 March 2001  | Singapore Telecommunications  | Wireless  | Singapore  | Cable & Wireless Optus Lt  | Telecommunications Services  | Australia  | 8,491.12\n12 January 2014  | Investor Group  | Other Financials  | Singapore  | IndCor Properties Inc  | REITs  | United States  | 8,100.00\n30 March 2007  | Investor Group  | Other Financials  | Singapore  | Alinta Ltd  | Oil & Gas  | Australia  | 7,500.98\n13 September 2012  | TCC Assets Ltd  | Other Financials  | British Virgin  | Fraser & Neave Ltd  | Food and Beverage  | Singapore  | 6,896.48\n15 January 2008  | Government of Singapore Invest  | Alternative Financial Investments  | Singapore  | Citigroup Inc  | Banks  | United States  | 6,880.00"
  },
  {
    "chapter_name": "Economy of Singapore",
    "chapter_id": "1",
    "section_number": "13",
    "section_name": "Facts and figures",
    "text": "**Percentage of economic growth:** 1.7% (2016)\n\n**Industrial production growth rate:** 1% (2016 est.)\n\n**Electricity – production by source:**\n_fossil fuel:_ 95.3%\n_hydro:_ 0%\n_nuclear:_ 0%\n_other:_ 3.9% (2014 est.)\n\n**Electricity – consumption:** 47.5 TWh (2016)\n\n**Electricity – exports:** 0 kWh (2007)\n\n**Electricity – imports:** 0 kWh (2007)\n\n**Agriculture – products:** rubber, copra, fruit, vegetables; poultry, eggs,\nfish, orchids, ornamental fish\n\n**Currency:** 1 Singapore dollar (S$ or SGD) = 100 cents\n\n**Exchange rates:**\n\nYear | Singapore Dollars per US$1\n---|---\n1981 | 2.0530\n1985 | 2.1213\n1990 | 1.7275\n1995 | 1.4148\n2000 | 1.7361\n2005 | 1.6738\n2011 | 1.2573\n2012 | 1.2498\n2013 | 1.2513\n2014 | 1.2671\n2015 | 1.3748\n2016 | 1.379\n2017  | 1.3807\n2018  | 1,3491\n2019  | 1.3642\n2020  | 1.3792\n2021  | 1.344\n2022  | 1.3789\n2023  | 1.3431"
  }
]