[
  {
    "chapter_name": "Economy of Poland",
    "chapter_id": "1",
    "section_number": "1",
    "section_name": "Introduction",
    "text": "The **economy of Poland** is an emerging and developing, high-income,\nindustrialized mixed economy that serves as the sixth-largest in the European\nUnion by nominal GDP and fifth-largest by GDP (PPP). Poland boasts the\nextensive public services characteristic of most developed economies and is\none of few countries in Europe to provide no tuition fees for undergraduate\nand postgraduate education and with universal public healthcare that is free\nat a point of use. Since 1988, Poland has pursued a policy of economic\nliberalisation but retained an advanced public welfare system. It ranks 19th\nworldwide in terms of GDP (PPP), 20th in terms of GDP (nominal), and 21st in\nthe 2023 Economic Complexity Index. Among OECD nations, Poland has a highly\nefficient and strong social security system; social expenditure stood at\nroughly 22.7% of GDP.\n\nThe largest component of Poland's economy is the service sector (62.3%),\nfollowed by industry (34.2%) and agriculture (3.5%). Following the economic\nreform of 1989, Poland's external debt has increased from $42.2 billion in\n1989 to $365.2 billion in 2014. Poland shipped US$224.6 billion worth of goods\naround the globe in 2017, while exports increased to US$221.4 billion. The\ncountry's top export goods include machinery, electronic equipment, vehicles,\nfurniture, and plastics. Poland was the only economy in the EU to avoid a\nrecession during the 2008 financial crisis.\n\nAs of 2019, the Polish economy had been growing steadily for 28 years, a\nrecord high in the EU. This record was only surpassed by Australia in the\nworld economy. GDP per capita at purchasing power parity has grown on average\nby 6% p.a. over the last 20 years, the highest in Central Europe. Poland's GDP\nhas increased seven-fold since 1990. Poland's nominal GDP has increased by\n500% since 2000."
  },
  {
    "chapter_name": "Economy of Poland",
    "chapter_id": "1",
    "section_number": "1",
    "section_name": "History",
    "text": "Poland has seen the largest increase in GDP per capita (more than 100%) both\namong the former Eastern Bloc countries, and compared to the EU-15 (around\n45%). It has had uninterrupted economic growth since 1992, even after the 2008\nfinancial crisis."
  },
  {
    "chapter_name": "Economy of Poland",
    "chapter_id": "1",
    "section_number": "1.1",
    "section_name": "Before 1989",
    "text": "This article discusses the economy of post-1989 Poland. For a historical\noverview see:\n\n* Economy of the Polish–Lithuanian Commonwealth (1569–1795)\n* Economy of the Second Polish Republic (1918–1939)\n* Economy of the People's Republic of Poland (1945–1989)"
  },
  {
    "chapter_name": "Economy of Poland",
    "chapter_id": "1",
    "section_number": "1.2",
    "section_name": "1990–2009",
    "text": "The Polish state steadfastly pursued a policy of economic liberalization\nthroughout the 1990s, with positive results for economic growth but negative\nresults for some sectors of the population. The privatization of small and\nmedium state-owned companies and a liberal law on establishing new firms has\nencouraged the development of the private business sector, which has been the\nmain drive for Poland's economic growth. The agricultural sector remained\nconstrained by structural problems, surplus labour, inefficient small farms,\nand a lack of investment. Restructuring and privatization of \"sensitive\nsectors\" (e.g. coal), has also been slow, but foreign investments in energy\nand steel have begun to turn the tide. Also, reforms in healthcare, education,\nthe pension system, and state administration have resulted in larger than\nexpected fiscal pressures. Improving this account deficit and tightening\nmonetary policy, with a focus on inflation, are priorities for the Polish\ngovernment. Further progress in public finance depends mainly on the reduction\nof public sector employment, and an overhaul of the tax code to incorporate\nfarmers, who currently pay significantly lower taxes than other people with\nsimilar income levels.\n\nEstimated historical development of real GDP per capita in Poland (1400–2022)"
  },
  {
    "chapter_name": "Economy of Poland",
    "chapter_id": "1",
    "section_number": "1.3",
    "section_name": "2008 financial crisis and Great Recession",
    "text": "Since the Great Recession, Poland's GDP has continued to grow. In 2009, the\nGDP for the European Union as a whole dropped by 4.5% while Polish GDP\nincreased by 1.6%. As of November 2013, the size of the EU's economy remains\nbelow the pre-crisis level, while Poland's economy increased by a cumulative\n16%. The major reasons for its success appear to be a large internal market\n(in terms of population it is sixth in the EU) and a business-friendly\npolitical climate. The economic reforms implemented after the fall of\ncommunism in the 1990s have also played a role; between 1989 and 2007 Poland's\neconomy grew by 177%, faster than other countries in Eastern and Central\nEurope, while at the same time millions were left without work.\n\nHowever, the economic fluctuations of the business cycle did affect Poland's\nunemployment rate, which by early 2013 reached almost 11%. This level was\nstill below European average and has begun falling subsequently. As of October\n2017, Poland's unemployment rate stood at 4.6% according to Eurostat."
  },
  {
    "chapter_name": "Economy of Poland",
    "chapter_id": "1",
    "section_number": "2",
    "section_name": "Economic growth",
    "text": "In the period from 1989 to 2018, Poland's GDP increased by 826.96% and it was\nthe best result in Europe. In the same period, Ireland's GDP grew by 789.43%,\nSlovakia's by 783.83% and the Czech Republic by 549.47%. In 1990, the Polish\nnational income amounted to USD 65.978 billion, and by 2017 it had increased\nto USD 524.5 billion. Achieving these results was possible thanks to the\nprivatisation of state-owned enterprises, the development of private\nentrepreneurship, but also the rapid increase in work efficiency and openness\nto foreign direct investments. In 2018, the Polish economy grew by 5.1%\ncompared to 4.8% in 2017. Economic growth in the fourth quarter of 2018 in\nPoland amounted to 4.9% on an annual basis and compared to the third quarter,\nwhere GDP increased by 5.1%, it was slightly lower. During this period,\ninvestments increased by 6.7%, private consumption also increased by 4.3%, and\ndomestic demand increased by 4.8%. The PMI index in January 2019 was 48.2\npoints and was higher than in December 2018 when it amounted to 47.6 points."
  },
  {
    "chapter_name": "Economy of Poland",
    "chapter_id": "1",
    "section_number": "3",
    "section_name": "Data",
    "text": "The following table shows the main economic indicators in 1980–2024 (with IMF\nstaff estimates in 2024–2030). Inflation under 5% is in green.\n\nYear  | GDP\n(in Bil. PLN) | GDP\n(in Bil. US $PPP) | GDP per capita\n(in US$ PPP) | GDP\n(in Bil. US$ nominal) | GDP per capita\n(in US$ nominal) | GDP growth\n(real) | Inflation rate\n(in percent) | Unemployment\n(in percent) | Government debt\n(in % of GDP)\n---|---|---|---|---|---|---|---|---|---\n1980  | 0.3  | 171.6  | 4,823.8  | 56.7  | 1,595.0  |  -6.0%  |  9.4%  | —\n1981  |  0.3  |  169.0  |  4,709.8  |  53.8  |  1,497.8  |  -10.0%  |  21.2%  | —\n1982  |  0.6  |  170.8  |  4,715.1  |  65.3  |  1,803.5  |  -4.8%  |  100.8%  | —\n1983  |  0.7  |  187.4  |  5,101.7  |  75.6  |  2,057.0  |  5.6%  |  22.1%  | —\n1984  |  0.9  |  193.4  |  5,221.3  |  75.7  |  2,042.0  |  -0.4%  |  75.6%  | —\n1985  |  1.0  |  207.3  |  5,552.7  |  70.9  |  1,899.8  |  3.9%  |  15.1%  | —\n1986  |  1.3  |  218.8  |  5,826.4  |  73.8  |  1,965.5  |  3.5%  |  17.8%  | —\n1987  |  1.7  |  229.4  |  6,076.9  |  63.8  |  1,691.1  |  2.3%  |  25.2%  | —\n1988  |  3.0  |  245.3  |  6,491.7  |  68.7  |  1,819.4  |  3.3%  |  60.2%  | —\n1989  |  9.6  |  264.6  |  6,996.4  |  67.0  |  1,772.1  |  3.8%  |  251.1%  | —\n1990  |  60.0  |  254.8  |  6,673.9  |  62.2  |  1,629.0  |  -7.2%  |  585.8%  | 6.3%  | —\n1991  |  85.3  |  245.0  |  6,399.5  |  80.6  |  2,105.5  |  -7.0%  |  70.3%  |  11.8%  | —\n1992  |  121.2  |  255.7  |  6,661.0  |  88.9  |  2,315.6  |  2.0%  |  43.0%  |  13.6%  | —\n1993  |  164.3  |  273.0  |  7,089.9  |  90.5  |  2,351.7  |  4.3%  |  35.3%  |  16.4%  | —\n1994  |  236.1  |  293.4  |  7,604.9  |  103.9  |  2,692.7  |  5.2%  |  32.2%  |  11.4%  | —\n1995  |  337.9  |  319.7  |  8,286.8  |  139.4  |  3,612.3  |  6.7%  |  27.9%  |  13.3%  | 48.7%\n1996  |  423.3  |  345.9  |  8,958.4  |  157.0  |  4,066.2  |  6.2%  |  19.9%  |  12.3%  |  43.1%\n1997  |  516.4  |  376.8  |  9,751.0  |  157.5  |  4,076.0  |  7.1%  |  14.9%  |  11.2%  |  42.7%\n1998  |  602.1  |  400.0  |  10,346.5  |  172.4  |  4,459.1  |  5.0%  |  11.8%  |  10.6%  |  38.7%\n1999  |  667.0  |  424.0  |  10,965.0  |  168.1  |  4,348.1  |  4.5%  |  7.3%  |  13.1%  |  39.3%\n2000  |  745.8  |  452.1  |  11,814.4  |  171.6  |  4,485.1  |  4.3%  |  10.1%  |  16.1%  |  36.4%\n2001  |  781.1  |  467.8  |  12,229.2  |  190.8  |  4,987.9  |  1.2%  |  5.5%  |  18.2%  |  37.1%\n2002  |  812.2  |  482.0  |  12,602.9  |  199.1  |  5,205.5  |  1.4%  |  1.9%  |  20.2%  |  41.5%\n2003  |  847.2  |  508.7  |  13,309.5  |  217.8  |  5,699.6  |  3.5%  |  0.7%  |  19.9%  |  46.4%\n2004  |  933.1  |  548.4  |  14,358.3  |  255.3  |  6,684.7  |  5.0%  |  3.5%  |  19.3%  |  45.1%\n2005  |  990.5  |  585.4  |  15,334.6  |  306.3  |  8,023.9  |  3.5%  |  2.2%  |  18.1%  |  46.6%\n2006  | 1,069.4  |  640.4  |  16,784.3  |  344.6  |  9,031.8  |  6.1%  |  1.2%  |  14.2%  |  47.3%\n2007  | 1,187.5  |  704.2  |  18,470.5  |  429.0  |  11,252.9  |  7.1%  |  2.5%  |  9.9%  |  44.5%\n2008  | 1,285.6  |  747.8  |  19,620.4  |  533.6  |  13,999.5  |  4.2%  |  4.3%  |  7.5%  |  46.7%\n2009  | 1,372.0  |  774.0  |  20,294.6  |  439.8  |  11,532.3  |  2.8%  |  3.8%  |  8.5%  |  49.8%\n2010  | 1,434.4  |  812.6  |  21,370.1  |  479.8  |  12,619.6  |  3.7%  |  2.6%  |  10.0%  |  53.5%\n2011  | 1,553.6  |  868.9  |  22,828.0  |  528.3  |  13,879.5  |  4.8%  |  4.2%  |  9.9%  |  54.7%\n2012  | 1,612.7  |  903.8  |  23,745.3  |  498.5  |  13,096.9  |  1.3%  |  3.7%  |  10.4%  |  54.4%\n2013  | 1,630.1  |  934.6  |  24,553.1  |  521.0  |  13,688.4  |  1.1%  |  1.1%  |  10.6%  |  56.5%\n2014  | 1,700.6  |  968.4  |  25,471.4  |  542.6  |  14,272.3  |  3.4%  |  0.1%  |  9.2%  |  51.1%\n2015  | 1,798.5  |  1,020.7  |  26,855.7  |  477.5  |  12,563.6  |  4.2%  |  -0.9%  |  7.7%  |  51.3%\n2016  | 1,853.2  |  1,075.3  |  28,321.4  |  472.3  |  12,438.5  |  3.1%  |  -0.7%  |  6.3%  |  54.2%\n2017  | 1,982.8  |  1,145.3  |  30,161.6  |  526.6  |  13,868.9  |  4.8%  |  2.0%  |  5.0%  |  50.6%\n2018  | 2,126.5  |  1,235.5  |  32,532.2  |  587.4  |  15,468.3  |  5.9%  |  1.8%  |  3.9%  |  48.8%\n2019  | 2,288.5  |  1,317.2  |  34,689.0  |  597.2  |  15,726.9  |  4.5%  |  2.2%  |  3.3%  |  45.6%\n2020  | 2,337.7  |  1,303.8  |  34,347.9  |  599.8  |  15,801.6  |  -2.0%  |  3.4%  |  3.2%  |  57.1%\n2021  | 2,631.3  |  1,437.8  |  37,997.0  |  679.1  |  17,945.8  |  6.9%  |  5.1%  |  3.4%  |  53.8%\n2022  | 3,100.9  |  1,742.0  |  47,222.0  |  695.7  |  18,859.8  |  5.3%  |  14.4%  |  2.8%  |  48.8%\n2023  | 3,401.6  |  1,807.2  |  49,170.6  |  809.7  |  22,030.6  |  0.2%  |  11.4%  |  2.8%  |  49.7%\n2024  | 3,617.5  |  1,903.7  |  51,983.4  |  908.6  |  24,810.4  |  2.9%  |  3.6%  |  2.8%  |  55.3%\n2025  | 3,886.1  |  2,017.5  |  55,185.6  |  980.0  |  26,805.1  |  3.2%  |  4.3%  |  2.9%  |  60.7%\n2026  | 4,146.1  |  2,125.5  |  58,254.5  |  1,040.6  |  28,520.7  |  3.1%  |  3.4%  |  3.0%  |  64.3%\n2027  | 4,393.0  |  2,230.5  |  61,253.3  |  1,102.2  |  30,268.1  |  3.0%  |  2.9%  |  3.0%  |  65.7%\n2028  | 4,636.3  |  2,343.8  |  64,495.3  |  1,167.0  |  32,112.4  |  2.9%  |  2.6%  |  3.2%  |  66.8%\n2029  | 4,887.3  |  2,454.2  |  67,666.7  |  1,234.5  |  34,038.0  |  2.8%  |  2.5%  |  3.3%  |  67.2%\n2030  | 5,147.3  |  2,568.6  |  70,962.8  |  1,305.0  |  36,052.6  |  2.7%  |  2.5%  |  3.4%  |  67.7%"
  },
  {
    "chapter_name": "Economy of Poland",
    "chapter_id": "1",
    "section_number": "4",
    "section_name": "Labour market and wages",
    "text": "Unemployment in Poland became a major problem after the Revolutions of 1989,\nwhich collapsed communism in Poland, although the economy previously had high\nlevels of hidden unemployment.[_citation needed_] The unemployment rate then\nfell to 10% by the late 1990s and then increased again in the first few years\nof the 21st century, reaching a peak of 20% in 2002. It has since decreased,\nalthough unevenly. Since 2008 the unemployment rate in Poland has consistently\nbeen below European average.\n\nThe rate fell below 8% in 2015 and 3.2% in 2019 leading to a labour deficit."
  },
  {
    "chapter_name": "Economy of Poland",
    "chapter_id": "1",
    "section_number": "5",
    "section_name": "Foreign trade and FDI",
    "text": "With the collapse of the ruble-based COMECON trade bloc in 1991, Poland\nreoriented its trade. As early as 1996, 70% of its trade was with EU members.\nNeighbouring Germany is Poland's main trading partner today. Poland joined the\nEuropean Union in May 2004. Before that, it fostered regional integration and\ntrade through the Central European Free Trade Agreement (CEFTA), which\nincluded Hungary, the Czech Republic, Slovakia, and Slovenia.\n\nPoland is a founding member of the World Trade Organization. As a member of\nthe European Union, it applies the common external tariff to goods from other\ncountries including the United States. Poland's major imports are capital\ngoods needed for industrial retooling and for manufacturing inputs. The\ncountry's exports also include machinery but are highly diversified. The most\nsuccessful exports are furniture, foods, motor boats, light planes, hardwood\nproducts, casual clothing, shoes, and cosmetics. Germany is by far the biggest\nimporter of Poland's exports as of 2013. In the agricultural sector, the\nbiggest money-makers abroad include smoked and fresh fish, fine chocolate,\ndairy products, meats, and specialty breads, with the exchange rate conducive\nto export growth. Food exports amounted to 62 billion złoty in 2011,\nincreasing by 17% from 2010. Most Polish exports to the U.S. receive tariff\nbenefits under the Generalised System of Preferences (GSP) program. Poland\nranks in the top 20 in the world both in terms of exports and imports,\nrecording a clear trade surplus.\n\nTop 20 trading partners for Poland in 2021 (millions of EUR)  Rank | Country | Total Trade | Exports | Imports\n---|---|---|---|---\n1 |  Germany |  143,450 |  82,860 |  60,590\n2 |  China |  45,912 |  3,062 |  42,850\n3 |  Italy |  27,977 |  13,362 |  14,615\n4 |  France |  26,214 |  16,532 |  9,682\n5 |  Czechia |  26,181 |  17,042 |  9,139\n6 |  Russia |  24,999 |  7,998 |  17,001\n7 |  Netherlands |  24,502 |  12,518 |  11,984\n8 |  United Kingdom |  18,954 |  14,402 |  4,552\n9 |  United States |  16,543 |  7,626 |  8,917\n10 |  Belgium |  14,273 |  7,133 |  7,140\n11 |  Spain |  13,575 |  7,285 |  6,290\n12 |  Slovakia |  12,849 |  7,398 |  5,451\n13 |  Sweden |  12,841 |  8,036 |  4,805\n14 |  Hungary |  11,591 |  7,189 |  4,402\n15 |  Austria |  11,053 |  6,499 |  4,554\n16 |  Ukraine |  10,517 |  6,270 |  4,247\n17 |  Romania |  8,771 |  5,992 |  2,779\n18 |  Turkey |  7,906 |  2,648 |  5,258\n19 |  Denmark |  7,615 |  4,706 |  2,909\n20 |  South Korea |  7,310 |  774 |  6,536\n\nPoland is less dependent on external trade than most other Central and Eastern\nEuropean countries, but its volume of trade with Europe is still substantial.\nIn 2011 the volume of trade (exports plus imports) with the Eurozone as share\nof GDP was 40%, a doubling from the mid 1990s. 30% of Poland's exports are to\nGermany and another 30% to the rest of Europe. There has been substantial\nincrease in Poland's exports to Russia. However, in August 2014, exports of\nfruits and vegetables to Russia fell dramatically following its politically\nmotivated ban by Moscow.\n\nForeign direct investment (FDI) was at 40% of GDP in 2010, a doubling over the\nlevel in 2000. Most FDI into Poland comes from France, Germany, and the\nNetherlands. Polish firms in turn have foreign investments primarily in Italy\nand Luxembourg. Most of the internal FDI is in manufacturing, which makes it\nsusceptible to economic fluctuations in the source countries.\n\nThe UAE is Poland's largest trading partner in the Arab world.\n\nThe government offers investors various forms of state aid, such as CIT tax at\nthe level of 19% and investment incentives in 14 Special Economic Zones (among\nothers: income tax exemption, real estate tax exemption, competitive land\nprices), several industrial and technology parks, the possibility to benefit\nfrom the EU structural funds, brownfield and greenfield locations. According\nto the National Bank of Poland (NBP), the level of FDI inflow into Poland in\n2006 amounted to €13.9 billion.\n\nAccording to an Ernst & Young report, Poland ranks 7th in the world in terms\nof investment attractiveness. However, Ernst & Young's 2010 European\nattractiveness survey reported that Poland saw a 52% decrease in FDI job\ncreation and a 42% decrease in number of FDI projects since 2008. According to\nan OECD report, in 2004 Poland was one of the hardest-working nations in\nEurope. In 2010, the World Economic Forum ranked Poland near the bottom of\nOECD countries in terms of the clarity, efficiency, and neutrality of the\nlegal framework used by firms to settle disputes."
  },
  {
    "chapter_name": "Economy of Poland",
    "chapter_id": "1",
    "section_number": "6",
    "section_name": "Sectors",
    "text": "As of 2024[update], the Polish economy is dominated by the services sector,\nwith 615,647 registered companies, followed by 329,255 companies in finance,\ninsurance, and real estate and 176,149 companies in retail trade."
  },
  {
    "chapter_name": "Economy of Poland",
    "chapter_id": "1",
    "section_number": "6.1",
    "section_name": "Production industries",
    "text": "The Warsaw Stock Exchange is the largest stock exchange in Eastern and Central\nEurope Orlen is among the largest companies in Europe The Port of Gdynia is\none of Poland's principal seaports Main Square in Kraków Head office of the\nFinancial Supervision Authority in Warsaw Polish Development Fund, established\nin April 2016\n\nBefore World War II, Poland's industrial base was concentrated in the coal,\ntextile, chemical, machinery, iron, and steel sectors. Today it extends to\nfertilizers, petrochemicals, machine tools, electrical machinery, electronics,\ncar manufacturing, and shipbuilding.\n\nPoland's industrial base suffered greatly during World War II, and many\nresources were directed toward reconstruction. The socialist economic system\nimposed in the late 1940s created large and unwieldy economic structures\noperated under a tight central command. In part because of this systemic\nrigidity, the economy performed poorly even in comparison with other economies\nin Central Europe.\n\nIn 1990, the Tadeusz Mazowiecki government began a comprehensive reform\nprogramme to replace the centralised command economy with a market-oriented\nsystem. While the results overall have been impressive, many large state-owned\nindustrial enterprises, particularly the rail, mining, steel, and defence\nsectors, have remained resistant to change and the downsizing required to\nsurvive in a market-based economy."
  },
  {
    "chapter_name": "Economy of Poland",
    "chapter_id": "1",
    "section_number": "6.1.1",
    "section_name": "Pharmaceuticals",
    "text": "The pharmaceutical market is worth 50 billion PLN as of 2023[update], an\nincrease of 9.5% over the previous year.\n\nThe non-prescription medicine market, which accounts for about one-third of\nthe total market value, was worth PLN 7.5bn in 2008. This value includes drugs\nand non-drugs such as dietary supplements, cosmetics, dressings, dental\nmaterials, diagnostic tests, and medical devices. The prescription medicines\nmarket was worth PLN 15.8bn."
  },
  {
    "chapter_name": "Economy of Poland",
    "chapter_id": "1",
    "section_number": "6.2",
    "section_name": "Mining",
    "text": "As of 2023[update], the country was the world's 3rd largest producer of\nrhenium, 5th largest producer of silver, the 13th largest producer of copper,\nthe 14th largest producer of sulfur,and the 14th largest producer of salt."
  },
  {
    "chapter_name": "Economy of Poland",
    "chapter_id": "1",
    "section_number": "6.3",
    "section_name": "Agriculture",
    "text": "Agriculture employs 8.2% of the workforce but contributes 3.8% to GDP,\nreflecting relatively low productivity. Unlike the industrial sector, Poland's\nagricultural sector remained largely in private hands during the Polish\nPeople's Republic. Most of the former state farms are now leased to farmer\ntenants. Lack of credit is hampering efforts to sell former state farmland.\nCurrently, Poland's 2 million private farms occupy 90% of all farmland and\naccount for roughly the same percentage of total agricultural production.\nFarms are small—8 hectares on average—and often fragmented. Farms with an area\nexceeding 15 ha accounted for 9% of the total number of farms but cover 45% of\ntotal agricultural area. Over half of all farm households in Poland produce\nonly for their own needs with little, if any, commercial sales.\n\nPoland is a net exporter of processed fruit and vegetables, meat, and dairy\nproducts. Processors often rely on imports to supplement domestic supplies of\nwheat, feed grains, vegetable oil, and protein meals, which are generally\ninsufficient to meet domestic demand. However, Poland is the leading EU\nproducer of potatoes and rye and is one of the world's largest producers of\nsugar beets and triticale. Poland is also a significant producer of rapeseed,\ngrains, hogs, and cattle. Poland is the sixth-largest producer and exporter of\napples in the entire world."
  },
  {
    "chapter_name": "Economy of Poland",
    "chapter_id": "1",
    "section_number": "6.4",
    "section_name": "Tourism",
    "text": "After acceding to the EU in 2004, tourism grew in Poland. Most tourist\nattractions in Poland are connected with natural environment, historic sites,\nand cultural events. They draw millions of tourists every year from all around\nthe world. According to Tourist Institute's data, Poland was visited by 15.7\nmillion tourists in 2006, and by 15 million tourists in 2007, out of the total\nnumber of 66.2 million foreign visitors. In 2016 the number of arrivals to\nPoland amounted to 80.5 million. 17.5 million of this number are arrivals\nconsidered for tourism purposes (with at least one night's stay), making it\nthe 16th most visited country in the world. The most popular cities are\nKraków, Warsaw, Gdańsk, Wrocław, Łódź, Poznań, Szczecin, Lublin, Toruń, Sopot,\nZakopane, and the Wieliczka Salt Mine. The best recreational destinations\ninclude Poland's Masurian Lake District, Baltic Sea coast, Tatra Mountains\n(the highest mountain range of the Carpathians), Sudetes, and Białowieża\nForest. Poland's main tourist offers consist of sightseeing within cities and\nout-of-town historical monuments, business trips, qualified tourism,\nagrotourism, mountain hiking (trekking), and climbing among others."
  },
  {
    "chapter_name": "Economy of Poland",
    "chapter_id": "1",
    "section_number": "6.5",
    "section_name": "Financial sector",
    "text": "The Polish banking sector is regulated by the Polish Financial Supervision\nAuthority (PFSA).\n\nWhile transforming the country to a market-oriented economy during 1992–97,\nthe government privatized some banks, recapitalized the rest, and introduced\nlegal reforms that made the sector competitive. These reforms, and the health\nand relative stability of the sector, attracted a number of strategic foreign\ninvestors. At the beginning of 2009, Poland's banking sector had 51 domestic\nbanks, a network of 578 cooperative banks and 18 branches of foreign-owned\nbanks. In addition, foreign investors had controlling stakes in nearly 40\ncommercial banks, which made up 68% of the banking capital. Banks in Poland\nreacted to the 2008 financial crisis by restraining lending, raising interest\nrates, and strengthening balance sheets. Subsequently, the sector started\nlending again, with an increase of more than 4% expected in 2011."
  },
  {
    "chapter_name": "Economy of Poland",
    "chapter_id": "1",
    "section_number": "6.6",
    "section_name": "Venture capital",
    "text": "The segment of the private equity market that finances early-stage high-risk\ncompanies, with the potential for fast growth, had 130 active firms in Poland\n(as of March 2019). Between 2009 and 2019, these entities have invested\nlocally in over 750 companies, an average of 9 companies per portfolio. Since\n2016, new legal institutions have been established for entities investing in\nenterprises in the seed or startup phase. In 2018, venture capital funds\ninvested €178 million in Polish startups (0.033% of GDP). As of March 2019,\ntotal assets managed by VC companies operating in Poland are estimated at €2.6\nbillion. The total value of investments of the Polish VC market is €209.2\nmillion."
  },
  {
    "chapter_name": "Economy of Poland",
    "chapter_id": "1",
    "section_number": "6.7",
    "section_name": "Transportation",
    "text": "PKP Intercity ED250 Pendolino at Wrocław Main Station\n\nPoland is served by an extensive network of railways. In most cities, the main\nrailway station is located near a city centre and is well connected to the\nlocal transportation system. The infrastructure is operated by Polish State\nRailways, part of state-run PKP Group. The rail network is very dense in\nwestern and northern Poland, while the eastern part of the country is less\ndeveloped. The capital city, Warsaw, has the country's only rapid transit\nsystem: the Warsaw Metro.\n\nPoland's busiest airport is Warsaw Chopin Airport. Warsaw Chopin serves as the\nmain international hub for Poland's flag carrier LOT Polish Airlines. In\naddition to Warsaw Chopin, Wrocław, Gdańsk, Katowice, Kraków, and Poznań all\nhave international airports. In preparation for the Euro 2012 football\nchampionships jointly hosted by Poland and Ukraine, a number of airports\naround the country were renovated and redeveloped. This included the building\nof new terminals with an increased number of jetways and stands at both\nWrocław Airport in Wrocław and Lech Wałęsa Airport in Gdańsk.\n\nPoland has 412,264 km (256,170 mi) of public roads. Polish public roads are\ncategorised by administrative division, which include national roads,\nvoivodeship roads, Powiat roads, and Gmina roads. Motorways and expressways\nare part of the national road network. As of May 2025, there are 5,205.5 km of\nmotorways and expressways in use."
  },
  {
    "chapter_name": "Economy of Poland",
    "chapter_id": "1",
    "section_number": "7",
    "section_name": "Major companies in Poland",
    "text": "Selection of major Polish companies including from the list of 500 largest\ncompanies in Poland compiled by magazine _Polityka_ :\n\n* PKO Bank Polski – banking\n* InPost – package delivery logistics\n* Orlen – petrochemicals\n* Bank Pekao – banking\n* PZU – insurance\n* Grupa Azoty – chemical manufacturing\n* Dino – grocery supermarkets\n* Galeon Yachts – yacht manufacturer\n* Sunreef Yachts – yacht manufacturer\n* PSS Szczesniak – Industrial Truck/Special Vehicles manufacturer\n* Autosan – bus manufacturer\n* Solaris Bus & Coach – bus and tram manufacturing\n* Stadler Polska \\- Tram manufacturer\n* Modertrans Poznan \\- Tram/rail transport manufacturer\n* Newag – train and tram manufacturing\n* PESA – train and tram manufacturing\n* ESky Group – tourism industry\n* Protram Wroclaw \\- Tram manufacturing/maintenance\n* QLOC – software developer/video game port developer\n* Allegro – retail and online auctions\n* Techland – video games\n* E. Wedel – chocolate goods\n* Fakro (pl) – roof windows and attic stairs manufacturer\n* People Can Fly – video games\n* 4F – sports equipment\n* LPP – clothing\n* Vistula Group (pl) – clothing\n* CD Projekt – video game distribution and development\n* Platige Image – computer graphics and special effects\n* Pronar – agricultural machinery\n* Netguru – IT\n* Orange Polska – telecommunications\n* Netia – telecommunications\n* Black Red White – furniture\n* Fasing – metal industry\n* PSE-Operator – national power grid operator\n* PGNiG – oil and gas\n* Polsat – media\n* Agora SA – media\n* Nowy Styl Group – office furniture manufacturer\n* Maspex – food manufacturing\n* ROMET – bicycles\n* Delphia Yachts – yacht manufacturer\n* Inglot Cosmetics – beauty, cosmetics\n* Dr. Irena Eris – beauty, cosmetics\n* WB Group – defence industry\n* Advanced Protection Systems \\- Military/defense equipment manufacturer\n* Apart – jewelry\n* Beesfund – crowdfunding company\n* Grycan – ice cream company\n* Orbis – hotels\n* Asseco – IT\n* KGHM Polska Miedź – copper mining\n* Kompania Węglowa – coal mining\n* Echo Investment – real estate development\n* Pekaes – logistics\n* Polferries – transport\n* Grupa Lotos – petrochemicals\n* FB \"Łucznik\" Radom – defence industry\n* Polish State Railways (PKP) – national railway\n* Poczta Polska – national post\n* Cersanit – ceramic goods (sanitary and tiles)\n* TVN – media\n* Globe Trade Centre – real estate development\n* Elektrim – diversified utilities, mobile phone service\n* Ericpol – IT\n* Volkswagen Poznań – automotive\n* Fiat – Polish branch of Fiat Group (former FSM)\n* General Motors Poland – automotive\n* Warsaw Stock Exchange\n* Polska Grupa Zbrojeniowa – defence industry\n* Comarch – IT\n* LiveChat Software – IT\n* RTB House – online advertising\n* Tauron Group – electricity distribution\n* Boryszew – automotive industry\n* ZMT SA – defence industry\n* Amica – engineering industry\n* Quemetica – chemical industry\n* Polar – home appliances\n* PMR Ltd – B2B market research, business consultancy\n* Metro Group Poland – retail\n* Wielton – utility vehicles manufacturer\n* Zortrax – 3D printing\n* CI Games – video games\n* Metal Master – private jet aircraft\n* Kross SA – bicycles"
  },
  {
    "chapter_name": "Economy of Poland",
    "chapter_id": "1",
    "section_number": "8",
    "section_name": "Budget and debt",
    "text": "Public debt level of Poland in % of GDP\n\nThe public and private debt levels of Poland are below the European average\n(2017)."
  },
  {
    "chapter_name": "Economy of Poland",
    "chapter_id": "1",
    "section_number": "9",
    "section_name": "GDP growth in Poland",
    "text": "Recent GDP growth (comparing to the same quarter of previous year):\n\nYear  | Q1 | Q2 | Q3 | Q4 | Overall\n---|---|---|---|---|---\n2025  | 3.8% |  |  |  |\n2024  | 1.7% | 3.9% | 2.1% | 3.9% | 2.9%\n2023  | -1.2% | -0.7% | 0.6% | 1.9% | 0.2%\n2022  | 10.3% | 6.3% | 4.8% | 1.0% | 5.3%\n2021  | -0.6% | 12.0% | 7.3% | 9.2% | 6.9%\n2020  | 2.0% | -8.3% | -1.7% | -2.7% | -2.2%\n2019  | 5.5% | 5.4% | 4.6% | 3.7% | 4.8%\n2018  | 5.2% | 5.3% | 5.2% | 4.9% | 5.2%\n2017  | 4.6% | 4.3% | 5.5% | 5.1% | 4.9%\n2016  | 3.1% | 3.4% | 2.8% | 2.8% | 3.0%\n2015  | 3.8% | 3.3% | 3.6% | 4.6% | 3.8%\n2014  | 3.1% | 3.3% | 3.4% | 3.3% | 3.3%\n2013  | 0.1% | 0.6% | 1.9% | 2.7% | 1.3%\n2012  | 3.3% | 2.3% | 1.0% | 0.2% | 1.7%\n2011  | 4.9% | 4.8% | 5.0% | 5.3% | 5.0%\n2010  | 2.1% | 3.6% | 4.0% | 4.8% | 3.6%\n2009  | 1.5% | 1.9% | 2.7% | 4.2% | 2.6%\n2008  | 5.5% | 4.9% | 3.7% | 1.9% | 4.0%\n2007  | 7.7% | 7.3% | 6.9% | 6.9% | 7.2%\n2006  | 5.6% | 6.3% | 6.5% | 6.3% | 6.2%\n2005  | 2.2% | 2.8% | 4.3% | 4.8% | 3.5%\n2004  | 7.0% | 5.7% | 4.6% | 3.6% | 5.2%\n2003  | 1.8% | 3.6% | 4.0% | 4.6% | 3.5%\n2002  | 0.6% | 0.9% | 1.9% | 2.2% | 1.4%\n2001  | 2.4% | 1.2% | 1.0% | 0.5% | 1.3%\n2000  | 6.1% | 5.4% | 3.3% | 2.7% | 4.4%\n1999  | 2.2% | 3.5% | 5.4% | 6.6% | 4.4%\n1998  | 6.6% | 5.4% | 5.0% | 3.2% | 5.1%\n1997  | 7.1% | 7.7% | 7.0% | 6.6% | 7.1%\n1996  | 3.5% | 5.7% | 7.4% | 8.1% | 6.2%"
  },
  {
    "chapter_name": "Economy of Poland",
    "chapter_id": "1",
    "section_number": "10",
    "section_name": "Location",
    "text": "Poland has an excellent location for transporting locally made components or\nproducts to the rest of Europe. For example, when moving production from\nChina, the new factory in Poland can move their goods in 24 hours to the most\npopulated parts of Europe, and in 48 hours to all of Europe."
  },
  {
    "chapter_name": "Economy of Poland",
    "chapter_id": "1",
    "section_number": "11",
    "section_name": "Potential of the Polish economy in the EU",
    "text": "Poland, measured by the purchasing power parity index, is the sixth-largest\neconomy in the European Union and the eighth-largest economy in Europe,\nslightly ahead of the Netherlands.\n\nPoland recorded GDP growth even during the 2008 financial crisis. The\nunemployment rate in the country remains very low and amounted to 5% in\nSeptember 2023.\n\nAlthough the Polish economy is catching up with Western European countries,\nthis has been a slow process. So far, taking into account the level of social\ndevelopment[_clarification needed_], Poland has managed to overtake Portugal.\nThere is a great deal of variation between regions. Masovian Voivodeship is on\na similar level to the richest regions of Spain and most regions of France\n(82% of the EU average). However, it should be remembered that the GDP of this\nvoivodeship is mainly generated by Warsaw. Lower Silesian Voivodeship with a\nGDP of $16,000 is on par with Portugal and the regions of Spain and Greece.\nSubsequent voivodeships reached about 50% of the EU average, and the poorest\nvoivodships of the eastern wall have GDP per capita comparable to Romania and\nBulgaria.\n\nPolish capital has several large concerns in this region of Europe, i.e. PKN\nOrlen, which has its stations in Germany and Lithuania, Polsat, which also\ninvests in Lithuania, the ITI Group. Poland has a highly developed road\nnetwork, most of the A1, A2, A4 highways and expressways, including S6 and S7,\nare fully completed. The next ones are to be ready by 2023. Their construction\nby private companies is financed in part by the EU. In the coming years,\nPoland is to receive approximately EUR 4.5 billion for the modernisation of\nrailways.\n\nPoland is one of the key immigration destinations in the EU, having attracted\nmore non-EU immigrants, already in 2021 mostly from Ukraine, than any other EU\ncountry for a few consecutive years."
  },
  {
    "chapter_name": "Economy of Poland",
    "chapter_id": "1",
    "section_number": "12",
    "section_name": "International rankings",
    "text": "World map representing Human Development Index categories (based on 2019 data, published in 2020)  Very high (≥ 0.800) High (0.700–0.799) Medium (0.550–0.699) |  Low (≤ 0.549) Data unavailable\n---|---\n\n* 36th in Human Development Index (2022)\n* 37th in Inequality-adjusted Human Development Index (2022)\n* 25th in Average Wage Index (2023)\n* 39th in Democracy Index (2024)\n* 7th in Henley Passport Index (2025)\n* 4th in The Passport Index (2025)\n* 27th in OECD Better Life Index (2020)\n* 23rd in Human Capital Index (2020)\n* 25th in Quality of Nationality Index (2018)\n* 37th in Legatum Prosperity Index (2023)\n* 36th in Social Progress Index (2023)\n* 15th in EF English Proficiency Index (2024)\n* 40th in Ease of Doing Business (2020)\n* 21st in Economic Complexity Index (2023)\n* 37th in Global Competitiveness Report (2019)\n* 40th in Index of Economic Freedom (2024)\n* 32nd in Global Peace Index (2024)\n* 47th in Corruption Perceptions Index (2023)\n* 40th in Global Innovation Index (2024)\n* 27th in Good Country Index (2022)\n* 31st in Press Freedom Index (2025)"
  }
]