[
  {
    "chapter_name": "Economy of Sri Lanka",
    "chapter_id": "1",
    "section_number": "1",
    "section_name": "Introduction",
    "text": "The mixed economy of Sri Lanka was valued at LKR 29.89 trillion (around $99\nbillion) in 2024 by gross domestic product (GDP) and $342.6 billion by\npurchasing power parity (PPP) Sri Lanka's economy expanded by 5.0% in 2024,\nmarking a strong recovery from the 2022 economic crisis.\n\nSri Lanka has met the Millennium Development Goal (MDG) target of halving\nextreme poverty and is on track to meet most of the other MDGs, outperforming\nother South Asian countries. Sri Lanka's poverty headcount index was 4.1% by\n2016. Since the end of the three-decade-long Sri Lankan Civil War, Sri Lanka\nhas begun focusing on long-term strategic and structural development\nchallenges and has financed several infrastructure projects.\n\nHigh foreign debt, economic mismanagement under the governments of Gotabhaya\nand Mahinda Rajapaksa, and reduced tourism revenue led to the country\ndefaulting on its sovereign debt in April 2022. The economy contracted 7.8% in\n2022, and the percentage of the population earning less than $3.65 a day\ndoubled to around 25% of the population. On March 20, 2023, the IMF loaned\nUS$3 billion to the country as part of a 48-month debt relief program."
  },
  {
    "chapter_name": "Economy of Sri Lanka",
    "chapter_id": "1",
    "section_number": "1",
    "section_name": "Overview",
    "text": "Services accounted for 58.2% of Sri Lanka's economy in 2019 up from 54.6% in\n2010, industry 27.4% up from 26.4% a decade earlier and agriculture 7.4%.\nThough there is a competitive export agricultural sector, technological\nadvances have been slow to enter the protected domestic sector. Sri Lanka is\nthe largest solid and industrial tyres manufacturing centre in the world and\nhas an apparel sector which is moving up the value chain. But rising trade\nprotection over the past decade has also caused concern over the resurgence of\ninward-looking policies.\n\nIn services, ports and airports generate income for the country's newfound\nstatus as a shipping and aviation hub. Port of Colombo is the largest\ntranshipment hub in South Asia. There is a growing software and information\ntechnology sector, which is competitive and is open to global competition.\nTourism is a fast expanding area. Lonely Planet named Sri Lanka the best\ndestination to visit in 2019 and Travel+Leisure the best island. Sri Lanka's\ntop export destinations are the United States, United Kingdom and India.\nChina, India and the UAE are the main import partners.\n\nWith the onset of the COVID-19 pandemic, lingering concerns over Sri Lanka's\nslowing growth, money printing and government debt has spilled over into a\nseries of sovereign rating downgrades. Import controls and import substitution\nhave intensified after heightened monetary instability coming from debt\nmonetization. Sri Lanka has been named among the top 10 countries in the world\nin its handling of the COVID-19 pandemic. In 2021, the Sri Lankan Government\nofficially declared the worst economic crisis in the country in 73 years. Sri\nLanka said most foreign debt repayments had been suspended from April 12,\nafter two years of money printing to support tax cuts, ending an unblemished\nrecord of debt service."
  },
  {
    "chapter_name": "Economy of Sri Lanka",
    "chapter_id": "1",
    "section_number": "1.1",
    "section_name": "Early history",
    "text": "Sri Lanka has a long history as a trading hub as a result of being located at\nthe centre of east–west trade and irrigated agriculture in the hinterland,\nwhich is known from historical texts surviving within the island and from\naccounts of foreign travellers. The island has irrigation reservoirs called\ntanks built by ancient Kings starting after Indo-Aryan migration, many of\nwhich survive to this day. They form part of an irrigation system interlinked\nwith more modern constructions.\n\nFaxian (also Fa Hsien) a Chinese Monk who travelled to India and Sri Lanka\naround 400 AD, writes of existing legends at his time of merchants from other\ncountries trading with native tribal peoples in the island before Indo-Aryan\nsettlement. \"The country which originally had no human inhabitants but was\noccupied by spirits and nagas (serpent worshipers) with which merchants of\nvarious countries carried on a trade,\" Faxian wrote in 'A Record of Buddhistic\nKingdoms'. He writes of precious stones and pearl fisheries with a 30% tax by\nthe king.\n\nThe monk had embarked \"in a large merchant vessel\" from India to arrive in the\nisland. To go back to China he \"took passage in a large merchantman on board\nwhich were more than 200 men\", ran into a storm where the merchants were\nforced to throw part of the cargo overboard and arrived at Java-dvipa\n(Indonesia), showing Sri Lanka had active coastal and long-distance maritime\ntrade links.\n\nCosmas Indicopleustes (Indian Voyager), a merchant/monk from Alexandria of\nEgypt, who visited the Indian sub-continent in the 6th century, wrote in\ndetail about Sri Lanka as a centre of commerce, referring to the island as\nTaprobane and Sieladiba.\n\n\"The island being, as it is, in a central position, is much frequented by\nships from all parts of India and from Persia and Ethiopia, and it likewise\nsends out many of its own,\" he wrote in Christian Topography. \"And from the\nremotest countries, I mean Tzinista [China] and other trading places, it\nreceives silk, aloes, cloves, sandalwood and other products, and these again\nare passed on to marts on this side, such as Male [Malabar or South West\nIndian coast] ... and to Calliana [Kalyana]... This same Sielediba then,\nplaced as one may say, in the centre of the Indies and possessing the hyacinth\n[sapphire] receives ... and in turn exports to them, and is thus itself a\ngreat seat of commerce.\""
  },
  {
    "chapter_name": "Economy of Sri Lanka",
    "chapter_id": "1",
    "section_number": "1.2",
    "section_name": "Independence to 1977",
    "text": "Sri Lanka was ahead of many Asian nations and had economic and social\nindicators comparable to Japan when they gained independence from the British\nin 1948.\n\nSri Lanka's social indicators were considered \"exceptionally high\". Literacy\nwas already 21.7% by the late 19th century. A Malaria eradication policy of\n1946 had cut the death rate from 20 per thousand in 1946 to 14 by 1947. Life\nexpectancy at birth of a Sri Lankan in 1948 at 54 years was just under Japan's\n57.5 years. Sri Lanka's infant mortality rate in 1950 was 82 deaths per\nthousand live births, Malaysia 91 and Philippines 102.\n\nWith its strategic location in the Indian Ocean, Sri Lanka was expected to\nhave a better chance than most other Asian neighbours to register a rapid\neconomic take-off and had \"appeared to be one of the most promising new\nnations.\" But the optimism in 1948 had dimmed by 1960, due to wrong economic\npolicies and mismanagement.\n\nEast Asia was gradually overtaking Sri Lanka. In 1950 Sri Lanka's un-adjusted\nschool enrolment ratio as a share of the 5-19 year age group was 54%, India\n19%, Korea 43% and the Philippines 59%. But by 1979 Sri Lanka's school\nenrollment rate was 74%, but the Philippines had improved to 85% and Korea was\n94%.\n\nSri Lanka had inherited a stable macro-economy at independence. A central bank\nwas set up and Sri Lanka became a member of the IMF entering the Bretton Woods\nsystem of currency pegs on August 29, 1950. By 1953 exchange controls were\ntightened with a new law.\n\nThe economy was then progressively controlled and relaxed in response to\nforeign exchange crises as monetary and fiscal policies deteriorated. Controls\nand restrictions in 1961-64 were followed by partial liberalization in\n1965–70. Controls were continued after a devaluation in the wake of 1967\nSterling Crisis. Controls were tightened from 1970 to 1977 alongside the\ncollapse of the Bretton Woods system. \"In sum it was a story of tightening\npartial relaxing, and again tightening the trade regime and associated areas\nto over a perceived foreign exchange crisis,\" writes economist Saman Kelegama\nin 'Development in Independent Sri Lanka what went wrong'. \"In the early 1960s\nstrategy for dealing with the foreign exchange crisis was the gradual\nisolation of the economy from external market forces. It was the beginning of\na standard import-substitution industrial regime with all the controls and\nrestrictions associated with such a regime. Expropriation and state\nintervention in economic activities was common.\"\n\nIn 1960 Sri Lanka's (then Ceylon) per capita GDP was 152 dollars, Korea 153,\nMalaysia 280, Thailand 95, Indonesia 62, Philippines 254, Taiwan 149. But by\n1978 Sri Lanka's per capita GDP was 226, Malaysia's 588, Indonesia's 370 and\nTaiwan's 505.\n\nThe 1970s also saw an uprising in the south from the JVP insurrection, and the\nroots of a civil war in the North and the East."
  },
  {
    "chapter_name": "Economy of Sri Lanka",
    "chapter_id": "1",
    "section_number": "1.3",
    "section_name": "Post 1977 period",
    "text": "In 1977, Colombo abandoned statist economic policies and its import\nsubstitution industrialisation policy for market-oriented policies and export-\noriented trade. Sri Lanka would after that be known to handle dynamic\nindustries such as food processing, textiles and apparel, food and beverages,\ntelecommunications, and insurance and banking. In the 1970s, the share of the\nmiddle class increased.\n\nBetween 1977 and 1994 the country came under UNP rule in which under President\nJ.R Jayawardana Sri Lanka began to shift away from a socialist orientation in\n1977. Since then, the government has been deregulating, privatizing, and\nopening the economy to international competition. In 2001, Sri Lanka faced\nbankruptcy, with debt reaching 101% of GDP. The impending currency crisis was\naverted after the country reached a hasty ceasefire agreement with the LTTE\nand brokered substantial foreign loans. After 2004 the UPFA government has\nconcentrated on the mass production of goods for domestic consumption such as\nrice, grain and other agricultural products. however twenty-five years of\ncivil war slowed economic growth,[_citation needed_] diversification and\nliberalisation, and the political group Janatha Vimukthi Peramuna (JVP)\nuprisings, especially the second in the early 1980s, also caused extensive\nupheavals.\n\nFollowing the quelling of the JVP insurrection, increased privatization,\neconomic reform and the stress on export-oriented growth helped improve\neconomic performance, increasing GDP growth to 7% in 1993. By 1996 plantation\ncrops made up only 20% of exports (compared with 93% in 1970), while textiles\nand garments accounted for 63%. GDP grew at an annual average rate of 5.5%\nthroughout the 1990s until a drought and a deteriorating security situation\nlowered growth to 3.8% in 1996.\n\nThe economy rebounded in 1997–98 with a growth of 6.4% and 4.7% – but slowed\nto 3.7% in 1999. For the next round of reforms, the central bank of Sri Lanka\nrecommends that Colombo expand market mechanisms in nonplantation agriculture,\ndismantle the government's monopoly on wheat imports, and promote more\ncompetition in the financial sector. Economic growth has been uneven in the\nensuing years as the economy faced a multitude of global and domestic economic\nand political challenges. Overall, average annual GDP growth was 5.2% over\n1991–2000.\n\nIn 2001, however, GDP growth was negative 1.4% – the first contraction since\nindependence. The economy was hit by a series of global and domestic economic\nproblems and was affected by terrorist attacks in Sri Lanka and the United\nStates. The crises also exposed the fundamental policy failures and structural\nimbalances in the economy and the need for reforms. The year ended in\nparliamentary elections in December, which saw the election of United National\nParty to Parliament, while Sri Lanka Freedom Party retained the presidency.\n\nDuring the short-lived peace process from 2002 to 2004, the economy benefited\nfrom lower interest rates, a recovery in domestic demand, increased tourist\narrivals, a revival of the stock exchange, and increased foreign direct\ninvestment (FDI). In 2002, the economy experienced a gradual recovery. During\nthis period Sri Lanka has been able to reduce defense expenditures and begin\nto focus on getting its large, public sector debt under control. In 2002,\neconomic growth reached 4%, aided by strong service sector growth. The\nagricultural sector of the economy staged a partial recovery. Total FDI\ninflows during 2002 were about $246 million.\n\nThe Mahinda Rajapakse government halted the privatization process and launched\nseveral new companies as well as re-nationalising previous state-owned\nenterprises, one of which the courts declared that privatization is null and\nvoid. Some state-owned corporations became overstaffed and less efficient,\nmaking huge losses with series of frauds being uncovered in them and nepotism\nrising. During this time, the EU revoked GSP plus preferential tariffs from\nSri Lanka due to alleged human rights violations, which cost about US$500\nmillion a year.\n\nThe resumption of the civil war in 2005 led to a steep increase in defence\nexpenditures. The increased violence and lawlessness also prompted some donor\ncountries to cut back on aid to the country.\n\nA sharp rise in world petroleum prices combined with the economic fallout from\nthe civil war led to inflation that peaked at 20%.[_citation needed_]"
  },
  {
    "chapter_name": "Economy of Sri Lanka",
    "chapter_id": "1",
    "section_number": "1.4",
    "section_name": "Post-civil war period",
    "text": "Pre-2009, there was a continuing cloud over the economy with the civil war and\nfighting between the Government of Sri Lanka and the LTTE; however, the war\nended with a resounding victory for the Sri Lankan Government on 19 May 2009\nwith the total elimination of the LTTE.[_citation needed_]\n\nAs the civil war ended in May 2009 the economy started to grow at a higher\nrate of 8.0% in the year 2010 and reached 9.1% in 2012, mostly due to the boom\nin non-tradable sectors; however, the boom did not last and the GDP growth for\n2013 fell to 3.4% in 2013, and only slightly recovered to 4.5% in 2014.\n\nAccording to government policies and economic reforms stated by Prime Minister\nand Minister of National Policy and Economic Affairs Ranil Wickremesinghe, Sri\nLanka plans to create Western Region Megapolis a Megapolis in the western\nprovince to promote economic growth. The creation of several business and\ntechnology development areas island-wide specialised in various sectors, as\nwell as tourism zones, are also being planned. In the mid to late 2010s, Sri\nLanka faced a danger of falling into economic malaise, with increasing debt\nlevels and a political crisis which saw the country's debt rating being\ndropped. In 2016 the government succeeded in lifting an EU ban on Sri Lankan\nfish products which resulted in fish exports to EU rising by 200% and in 2017\nimproving human rights conditions resulted in the European Commission\nproposing to restore GSP plus facility to Sri Lanka. Sri Lanka's tax revenues\nper GDP also increased from 10% in 2014, which was the lowest in nearly two\ndecades to 12.3% in 2015. Despite reforms, Sri Lanka was listed among\ncountries with the highest risk for investors by Bloomberg. Growth also\nfurther slowed to 3.3% in 2018 and 2.3% in 2019. The rupee fell from 131 to\nthe US dollar to 182 from 2015 to 2019, inflating foreign debt and slowing\ndomestic consumption ending a period of relative stability. China became a top\ncreditor to Sri Lanka over the last decade, overtaking Japan and the World\nBank.\n\nThe main economic sectors of the country are tourism, tea export, apparel,\ntextile, rice production and other agricultural products. In addition to these\neconomic sectors, overseas employment contributes highly to foreign exchange.\n\nSri Lanka bonds spiked in 2022\nInverted yield curve in the first half of 2022\n\n15 year bonds\n\n10 year bonds\n\n5 year bonds\n\n1 year bonds\n\n6 month bonds\n\nUSD / Sri Lankan Rupee exchange rate.\nIn early March 2022, the Sri Lankan Rupee began losing value quickly.\n\nAs of the early 2020s, the debt-laden country is undergoing an economic crisis\nwhere locals are experiencing months of shortages of food, fuel and\nelectricity. Inflation has peaked at 57% according to official data. In April\n2022, Sri Lanka declared a sovereign default. In June 2022, Prime Minister\nRanil Wickremesinghe declared in parliament the collapse of the Sri Lankan\neconomy, leaving it unable to pay for essentials."
  },
  {
    "chapter_name": "Economy of Sri Lanka",
    "chapter_id": "1",
    "section_number": "2",
    "section_name": "Macroeconomic trends",
    "text": "The chart below summarizes the trend of Sri Lanka's gross domestic product at\nmarket prices by the International Monetary Fund with figures in millions of\nSri Lankan Rupees.\n\nYear | Gross\nDomestic\nProduct | No. of Sri Lankan\nRupees in $1 US\n---|---|---\n1980 | 66,167 | 16.53\n1985 | 162,375 | 27.20\n1990 | 321,784 | 40.06\n1995 | 667,772 | 51.25\n2000 | 1,257,637 | 77.00\n2005 | 2,363,669 | 100.52\n2016 | 6,718,000 | 145.00\n2020  | 14,601,600  | 189.00\n\nFor purchasing power parity comparisons, the US Dollar is exchanged at 113.4\nSri Lankan Rupees only.\n\nThe following table shows the main economic indicators from 1980 to 2020.\n\nYear  | GDP\n(in US$ billions) | GDP per capita\nin US$  | GDP growth\n(real) | Inflation\n(in percent) | Government debt\n(Percentage of GDP)\n---|---|---|---|---|---\nPPP  | Nominal  | PPP  | Nominal\n1980  | 16.58  | 4.02 | 1,135  | 267 | 5.8% | 26.1% | 78%\n1985  | 27.43  | 5.97 | 1,772  | 369 | 5.0% | 1.5% | 95%\n1990  | 37.74  | 8.03 | 2,320  | 463 | 6.2% | 21.5% | 82%\n1995  | 56.28  | 13.03 | 3,257  | 714 | 6.1% | 7.7% | 80%\n2000  | 83.03  | 16.33 | 4,496  | 869 | 8.4% | 6.2% | 82%\n2005  | 112.59  | 24.41 | 5,739  | 1,248 | 6.2% | 11.0% | 79%\n2006  | 124.94  | 28.28 | 6,319  | 1,435 | 7.7% | 10.0% | 77%\n2007  | 136.99  | 32.35 | 6,874  | 1,630 | 6.8% | 15.8% | 74%\n2008  | 147.99  | 40.71 | 7,309  | 2,037 | 6.0% | 9.6% | 71%\n2009  | 154.39  | 42.07 | 7,540  | 2,090 | 3.5% | 3.4% | 75%\n2010  | 168.80  | 56.73 | 8,164  | 2,799 | 8.0% | 6.3% | 72%\n2011  | 186.76  | 65.29 | 8,949  | 3,200 | 8.4% | 6.7% | 71%\n2012  | 207.60  | 68.43 | 10,164  | 3,350 | 9.1% | 7.5% | 70%\n2013  | 218.11  | 74.32 | 10,599  | 3,610 | 3.4% | 6.9% | 72%\n2014  | 233.01  | 79.36 | 11,220  | 3,819 | 5.0% | 2.8% | 72%\n2015  | 247.37  | 80.60 | 11,798  | 3,843 | 5.0% | 2.2% | 78%\n2016  | 261.72  | 82.40 | 12,343  | 3,886 | 4.5% | 4.0% | 80%\n2017  | 274.72  | 87.42 | 12,811  | 4,076 | 3.1% | 6.5% | 79%\n2018  | 285.37  | 87.95  | 13,169  | 4,058  | 3.8%  | 3.8%  | 84%\n2019  | 297.01  | 83.98  | 13,622  | 3,851  | 4.1%  | 2.7%  | 87%\n2020  | 289.88  | 80.71  | 13,225  | 3,682  | -2.4%  | 3.4%  | 101%"
  },
  {
    "chapter_name": "Economy of Sri Lanka",
    "chapter_id": "1",
    "section_number": "3",
    "section_name": "Trade statistics",
    "text": "Year  | Totals of Merchandise & Services\n(in bn. US$)\n---|---\nExport revenue  | Imports\n2016 | $13.7 | $19.1\n2017 | $15.0 | $20.9\n2018 | $15.9 | $22.2\n2019 | $15.8 | $19.9\n2020 | $12.8 | $15.5\n2021 | $15.1 | $20.6\n2022 | $14.8 | $18.2\n2023 |  |\n2024 | $16.17 | $18.84"
  },
  {
    "chapter_name": "Economy of Sri Lanka",
    "chapter_id": "1",
    "section_number": "3.1",
    "section_name": "Largest trading partners with Sri Lanka",
    "text": "Exports $10.3 billion (2020)\n\nImports $14.9 billion (2020)\n\nRank  | Country  | Exports  | Imports  | Total Trade  | Trade Balance\n---|---|---|---|---|---\n1  |  United States | 2,560  | 355  | 2,915  | 2,205\n2  |  United Kingdom | 793  | 167  | 960  | 626\n3  |  India | 668  | 3,220  | 3,888  | −2,552\n4  |  Germany | 651  | 269  | 978  | 382\n5  |  Italy | 432  | 246  | 678  | 186\n6  |  Netherlands | 305  | 90.9  | 395.9  | 214.1\n7  |  Belgium | 285  | 37.7  | 322.7  | 247.3\n8  |  China | 256  | 3,820  | 4,076  | −3,564\n9  |  Canada | 225  | 177  | 402  | 48\n10  |  Japan | 200  | 376  | 576  | −176"
  },
  {
    "chapter_name": "Economy of Sri Lanka",
    "chapter_id": "1",
    "section_number": "3.2",
    "section_name": "Sovereign Debt Crisis 2022",
    "text": "After two years of money printing and tax cuts made for fiscal and monetary\nstimulus, Sri Lanka declared a 'pre-emptive negotiated default' saying most\nforeign debt would not be repaid from April 12 Fitch Ratings downgraded Sri\nLanka to 'C' from 'CC' and said the country would be further downgraded to\nrestricted default (RD) once the first payment was missed. Standard and Poor's\ndowngraded the sovereign rating to 'CC' and said the country would be\ndowngraded to selective default (SD) after a payment was missed."
  },
  {
    "chapter_name": "Economy of Sri Lanka",
    "chapter_id": "1",
    "section_number": "3.3",
    "section_name": "GDP growth 2021 and projections for 2022",
    "text": "**2020: -4, 2021: 4, 2022(f) 3 IMF**\n\nSri Lanka's economy could grow 3% in 2022, the International Monetary Fund has\nsaid while warning that risk were on the downside and the economy could\nimplode with trade contractions and monetary instability money printing\n(central bank credit) continued. In 2021 Sri Lanka grew 4% amid though\nexcessive central bank financing had led to balance of payments deficits and\nforeign exchange shortages. Despite progress in managing Coronavirus, external\ndebt remains a challenge amid concerns over money printing under Modern\nMonetary Theory independent economists had warned earlier. The central bank\nhas said the economy is managed in an alternative way. The country's public\nand publicly guaranteed debt could rise to 115% in 2021 and poverty could\nworsen, the World Bank has warned.\n\nSri Lanka's gross domestic product contracted 4% in 2020 due to the government\nresponse to the Coronavirus pandemic which was higher than the previous\ncontraction reported in 2001, on top of several years of slow growth and\ndepreciation of the currency. Sri Lanka was making a strong recovery after\nlockdowns ended in May 2020 but a new outbreak of Coronavirus slowed exports\nand industry. The International Monetary Fund initially projected a 4.6-pct\ncontraction for 2020.\n\nIn the second quarter of 2020, Sri Lanka's GDP was estimated to have\ncontracted by 16% the biggest quarterly fall on record and expanded by 2% in\nthe third quarter. In the first nine months of the year, GDP was estimated to\nhave contracted 5%.\n\nAfter growing 5.0% in 2015, growth fell to 4% in 2016, 4% in 2017, 3% in 2018\nand 2% in 2019.\n\nThe economy suffered a series of shocks in the form of a currency crisis which\nbrought an International Monetary Fund program in 2016, political instability\nin 2018 combined with a second currency crisis and suicide bombings by an\nIslamist extremist group on Easter Sunday 2019."
  },
  {
    "chapter_name": "Economy of Sri Lanka",
    "chapter_id": "1",
    "section_number": "3.4",
    "section_name": "Fiscal Developments",
    "text": "**Budget deficit 2019: -6.8%/9.4%, 2020:11.1%/14%, 2021f: -9.4%**\n\nSri Lanka is expecting a budget deficit of 9.4% of GDP in 2021 after the\nnominal output for the year was revised down following a Coronavirus pandemic\nin 2020. A budget submitted to parliament originally expected a deficit of\n8.9% in 2021 with a Coronavirus pandemic slowing growth, compounded by tax\ncuts. Concerns were raised that the targets were too ambitious given\nCoronavirus pandemic uncertainties as well as global economic weakness with\nFitch Ratings projecting a deficit of 11.5%.\n\nThe Finance Ministry has countered saying a lower interest bill, a gradual\nrecovery in 2021, and stronger foreign direct investments to the Port City\nwill strengthen economic activity and state finances. The Treasury also hopes\nto borrow more domestically instead of from abroad.\n\nSri Lanka's national debt has been gradually rising amid weak growth and\npolicy gridlock. Following the steep rise in the deficit in 2020, central\ngovernment debt rose to 101% of GDP. The debt to GDP ratio rose to 86.8% in\n2019 from 77.9% in 2017.\n\n**Budget deficit data controversy**\n\nSri Lanka's Ministry of Finance in 2020 changed its cash-basis accounting\nconvention and charged some payment arrears to the previous year, reporting an\n11.1% of GDP deficit for 2020 and revising up the 6.8 deficit in 2019 to 9.6%.\nSri Lanka's main opposition charged that it was accounting fraud since arrears\nare always charged to the year it was paid under the country's cash-basis\naccounting convention. The deficit that was financed in 2020 was 14.0% of GDP.\nA Sri Lanka-based fact-checking portal, FactCheck.lk said the shift in numbers\nto 2019 \"cannot be validated by an accounting standard.\"\n\n**Credit rating and commercial borrowing**\n\nSri Lanka applied for credit ratings from international agencies in its\nefforts to apply for loans from international markets in 2005 after the\nelection of Mahinda Rajapakse as president. Standard and Poor's gave Sri Lanka\na \"B+\" speculative rating, four levels below investment grade and Fitch \"BB−\",\nthree grades below investment grade. Standard and Poor's maintained Sri Lanka\nwas constrained by providing widespread subsidies, a bloated public sector,\ntransfers to loss-making state enterprises, and high interest local and\ninternational burdens [1]. Standard and Poor's estimates public sector debt\nhas reached 95% of GDP [2], in comparison to CIA estimates of 89% of GDP [3].\nSri Lanka in mid-2007 sought to borrow $500 million from international markets\nto shore up the deteriorating exchange rate and reduce pressure on repayment\nof the domestic debt market [4]. The head of the opposition UNP, Ranil\nWickremasinghe has warned that such intense borrowing is unsustainable and\nwill not repay these loans if elected to power [5]. Sri Lanka's credit rating\nwas progressively downgraded following a series of currency crises and output\nshocks. In December 2018 Fitch downgraded Sri Lanka to 'B' and in April 2020\nto 'B−' amid a global Coronavirus pandemic. Moody's downgraded Sri Lanka to\nCaa1 in September 2020, which was disputed by the Finance Ministry. In\nNovember 2020, Fitch Ratings also downgraded Sri Lanka to CCC citing fiscal\nand external concerns. In December 2020, Standard and Poor's followed,\ndowngrading to 'CCC+', citing high fiscal deficits and excessive domestic\nliquidity, which was also protested by the Finance Ministry.\n\n**Investments**\n\nSri Lanka's investment-to-GDP ratio is around 31%, made up of about 24%\nprivate and 5% public investment. The private savings rate is about 24% and\nthe government is a net dis-saver leaving a domestic savings investment gap of\naround 7% of GDP. In 2019 investment fell to 27.4% of GDP from 30.4% a year\nearlier with the domestic savings rate also falling to 21.3% of GDP from 23%.\nSri Lanka's savings rate is undermined by government dis-saving (the revenue\ndeficit), which rose from 1.2 to 2.7% in 2019.\n\nThere are attempts to improve Sri Lanka's \"Ease of Doing Business index' (Sri\nLanka stood at 111 for 2018 down from 85th in 2014) and the overall tariff\nstructure. In 1992, Sri Lanka's exports were on par with countries like\nVietnam and Bangladesh (at US$2bn), which has only grown to US$12bn by the end\nof 2017 compared to Vietnam's US$214bn and Bangladesh's US$36bn for 2017."
  },
  {
    "chapter_name": "Economy of Sri Lanka",
    "chapter_id": "1",
    "section_number": "3.5",
    "section_name": "Inflation in 2021",
    "text": "**Colombo Consumer price inflation 2020 : 4.2% April 2021 : 3.9%**\n\nInflation in Sri Lanka measured by the Colombo Consumer Price Index grew 6.0%\nin the 12-months to August 2021 picking up from 5.7 percent in July. Inflation\nwas 4.2% in the year to December 2020. In 2019 inflation was 4.8 percent.\n\nThe Department of Census Statistics also compiles a National Consumer Price\nIndex which is released with a delay. Inflation measured by the NCPI increased\nto 6.8% in July 2021 from 6.1% in June 2021, higher than the central bank's\ntarget rate\n\nSri Lanka's central bank is targeting inflation at 4-6 per cent in 2021,\nthough the policy will be loose to promote growth. \"The Central Bank is of the\nview that continued support through monetary and fiscal interventions is\nessential to provide adequate impetus to the economy amidst the challenging\ndomestic and global macroeconomic conditions,\" Governor W D Lakshman said in\nJanuary 2021. \"Therefore, the Central Bank will continue the prevailing\naccommodative monetary policy stance in 2021 to ensure the envisaged recovery\nof economic activity. The Central Bank will continue to remain vigilant but is\nconfident that inflation will remain within the targeted range of 4-6 per cent\nover the medium-term. But after worsening balance of payments trouble and\ninflation, rates were hiked in August and the statutory reserve ratio was also\nraised.\n\nSri Lanka used a 'flexible inflation targeting' framework for monetary policy\nat least until 2019. In 2020 growth took a priority, Governor Lakshman has\nsaid as efforts are made to boost output amid a COVID-19 pandemic. Sri Lanka\nsuffered a US$3.2bn balance of payments deficit in 2020 amid monetary easing."
  },
  {
    "chapter_name": "Economy of Sri Lanka",
    "chapter_id": "1",
    "section_number": "3.5.1",
    "section_name": "12 Month T bill to be at 10% by 30 June 2019",
    "text": "The CBSL has reduced its T bill holding significantly from April 2017 to date\nreversing any monetary stimulated inflationary actions. Thus the resultant\nliquidity levels in the money market broadly reflect natural market conditions\ncompared to the market that was there a year ago, which reflected more\nrealistic banking sector interest rates as of June 2018. Private sector credit\ngrowth declined from high levels of 29% YoY in July 2016 to 15% YoY levels in\n1Q2018.\n\nGiven the changes taking place in the private credit space (i.e. the retail\ntilt), and provided the CBSL's recent policy rate cut in April 2018, credit\ngrowth may still continue to move either horizontally (i.e. at a 15% level) or\ncontinue to reduce slightly given anticipated near term inflationary\npressures, as the consumption-led borrowings may also tend to decline on\naccount of the anticipated reduction in near term disposable income. This will\nhowever not add any excessive upward pressures on interest rates (including\n12-month T bill yields), especially during 2H2018E. As a result, 12-month\nTreasury bill yields may slightly decline from its June 2018 --> 9.4% to 9%\nlevels by the end of 2018E. However, given the International Sovereign Bond\n(ISB) bullet payments >US$3bn p.a. commencing from 2019E may likely add some\nupward pressure on interest rates, resulting in the 12-month T bill yields\nrising to at least 10% by 30 June 2019."
  },
  {
    "chapter_name": "Economy of Sri Lanka",
    "chapter_id": "1",
    "section_number": "3.6",
    "section_name": "Trade account issues",
    "text": "In the recent past, the Sri Lankan Government has identified some key focal\nareas to address the external imbalances of the economy, especially with\nregard to reducing its high trade deficit (≈15% of GDP for 2012) in order to\nmake the economy comply with the Marshall–Lerner condition. Sri Lanka's oil\nimport bill accounts for an estimated 27% of total imports while its pro-\ngrowth policies have resulted in an investment goods import component of 24%\nof total imports. These inelastic import components have led to Sri Lanka's\nExport goods price elasticity + Import goods price elasticity totalling less\nthan 1, resulting in the country not complying with the Marshall–Lerner\ncondition.\n\nSome of the suggested proposals include:\n\n* Import substitution of investment goods and consumer goods\n* Tax concessions towards value-added exports\n* Negotiating longer credit periods for oil imports\n* Allowing the external value of the currency to be determined by market forces (with minimal central bank intervention)"
  },
  {
    "chapter_name": "Economy of Sri Lanka",
    "chapter_id": "1",
    "section_number": "3.7",
    "section_name": "Capital account",
    "text": "* Within the capital account, borrowings still account for a significant proportion as opposed to Foreign direct investments\n* FDIs were estimated at ~US$800mn for FY2012"
  },
  {
    "chapter_name": "Economy of Sri Lanka",
    "chapter_id": "1",
    "section_number": "3.8",
    "section_name": "Overall balance (BOP)",
    "text": "* The economy ended with an overall positive balance of US$151mn for 2012 (vs. a US$1,061mn deficit in FY2011)"
  },
  {
    "chapter_name": "Economy of Sri Lanka",
    "chapter_id": "1",
    "section_number": "4",
    "section_name": "Financial institutions",
    "text": "Central Bank of Sri Lanka Building\n\nThe Central Bank of Sri Lanka is the monetary authority of Sri Lanka and was\nestablished in 1950. The Central Bank is responsible for the conduct of\nmonetary policy in the country and also has supervisory powers over the\nfinancial system.\n\nThe Colombo Stock Exchange (CSE) is the main stock exchange in Sri Lanka. It\nis one of the most modern exchanges in South Asia, providing a fully automated\ntrading platform. The vision of the CSE is to contribute to the wealth of the\nnation by creating value through securities. The headquarters of the CSE has\nbeen located at the World Trade Center Towers [6] in Colombo since 1995 and it\nalso has branches across the country in Kandy, Matara, Kurunegala, Negombo and\nJaffna. In 2009, after the 30 years-long civil war came to an end, the CSE was\nthe best performing stock exchange in the world."
  },
  {
    "chapter_name": "Economy of Sri Lanka",
    "chapter_id": "1",
    "section_number": "4.1",
    "section_name": "Transportation and roads",
    "text": "E03 expressway\n\nMost Sri Lankan cities and towns are connected by the Sri Lanka Railways, the\nstate-run railway operator. The Sri Lanka Transport Board is the state-run\nagency responsible for operating public bus services across the island.\n\nThe government has launched several highway projects to bolster the economy\nand national transport system, including the Colombo-Katunayake Expressway,\nthe Colombo-Kandy (Kadugannawa) Expressway, the Colombo-Padeniya Expressway\nand the Outer Circular Highway to ease Colombo's traffic congestion. The\ngovernment-sponsored Road Development Authority (RDA) has been involved in\nseveral large-scale projects all over the island in an attempt to improve the\nroad network in Sri Lanka. Sri Lanka's commercial and economic centres,\nprimarily the capitals of the nine provinces are connected by the \"A-Grade\"\nroads which are categorically organised and marked. Furthermore, \"B-Grade\"\nroads, also paved and marked, connect district capitals within provinces. The\ngrand total of A, B and E grade roads are estimated at 12,379.49 km."
  },
  {
    "chapter_name": "Economy of Sri Lanka",
    "chapter_id": "1",
    "section_number": "4.2",
    "section_name": "Energy",
    "text": "A wind farm in Sri Lanka\n\nThe energy policy is governed by the Ministry of Power and Energy, while the\nproduction and retailing of electricity is carried out by the Ceylon\nElectricity Board. Policy recommendations and planning come under the\noversight of the Public Utilities Commission of Sri Lanka. Energy in Sri Lanka\nis mostly generated by hydroelectric power stations in the Central Province."
  },
  {
    "chapter_name": "Economy of Sri Lanka",
    "chapter_id": "1",
    "section_number": "4.3",
    "section_name": "Skilled Labour",
    "text": "Sri Lanka has a well-established education system that has successfully\ncreated a vast supply of skilled labour. Sri Lanka's population has a literacy\nrate of 92%, higher than that expected for a developing country; it has the\nhighest literacy rate in South Asia and overall, one of the highest literacy\nrates in Asia. Information technology literacy of the urban sector population\nis also satisfactory at 39.9 per cent and people around the country use web-\nbased job boards to find skilled employment together with other sources such\nas newspapers and government gazette. In Sri Lanka, all persons above the age\nlimit of 15 years and above of either gender are identified as the working-age\npopulation. In the fourth quarter of 2017, Sri Lanka had an unemployment rate\nof 4.2 percent and is shown to reduce gradually over the years."
  },
  {
    "chapter_name": "Economy of Sri Lanka",
    "chapter_id": "1",
    "section_number": "4.4",
    "section_name": "Tourism",
    "text": "Unawatuna Beach\n\nTourism is one of the main industries in Sri Lanka. Major tourist attractions\nare focused around the island's famous beaches located in the southern and the\neastern parts of the country and ancient heritage sites located in the\ninterior of the country and resorts located in the mountainous regions of the\ncountry. Also, due to precious stones such as rubies and sapphires being\nfrequently found and mined in Ratnapura and its surrounding areas, they are a\nmajor tourist attraction.\n\nThe 2004 Indian Ocean Tsunami and the past civil war have reduced the tourist\narrivals, as a civil war intensified. Foreign visitors fell from 566,202 in\n2004 during a ceasefire with Tamil Tiger separatists to 447,890 by the end of\nthe war in 2009. From then arrivals grew rapidly to 2,333,796 in 2019. The\n2019 Easter Sunday bombings reduced arrivals to 1,913,702 though authorities\nacted quickly to round up the group and travel advisories were relaxed by key\ngenerating markets such as the UK as early as June 2019. Lonely Planet named\nSri Lanka the best destination to visit in 2019 and Travel+Leisure the best\nisland.\n\nThe COVID-19 pandemic dealt a major blow to the industry after airports were\nclosed in March 2020. Tourism revenues were estimated to have fallen to\nUS$956mn in 2020 from US$3.6bn in 2019 hurting over 300,000 said to be\nconnected to the industry. The government has announced a number relief\nmeasures including a debt moratorium, which were then extended. In 2020\narrivals fell 70 percent to 507,704 from 1,913,702 in 2019, with almost all\narrivals coming before airports closed in March. In December 2020, under what\nwas called a 'pilot project' 393 package tourists came to Sri Lanka on a\ncharter flights from Ukraine. On January 21 tourism resumed officially\nallowing independent travellers to also come subject to a series of health\nrules and Coronavirus tests."
  },
  {
    "chapter_name": "Economy of Sri Lanka",
    "chapter_id": "1",
    "section_number": "4.5",
    "section_name": "Tea industry",
    "text": "Ceylon Tea logo Tea estate in the central highlands\n\nThe tea industry, operating under the Ministry of Public Estate Management and\nDevelopment, is one of the main industries in Sri Lanka. It became the world's\nleading exporter in 1995 with a 23% share of global tea export, higher than\nKenya's 22% share. The central highlands of the country have a low-temperature\nclimate throughout the year and annual rainfall and humidity levels that are\nsuitable for growing tea. The industry was introduced to the country in 1867\nby James Taylor, a British planter who arrived in 1852.\n\nRecently, Sri Lanka has become one of the countries exporting fair trade tea\nto the UK and other countries. It is believed that such projects could reduce\nrural poverty."
  },
  {
    "chapter_name": "Economy of Sri Lanka",
    "chapter_id": "1",
    "section_number": "4.6",
    "section_name": "Apparel and textile industry",
    "text": "The apparel industry of Sri Lanka mainly exports to the United States and\nEurope. There are about 900 factories throughout country serving companies\nsuch as Victoria's Secret, Liz Claiborne and Tommy Hilfiger. Textiles &\nApparels, as categorized and reported by the Sri Lanka Export Development\nBoard, made up to around 44% of Sri Lankan merchandise exports, in the year\n2017."
  },
  {
    "chapter_name": "Economy of Sri Lanka",
    "chapter_id": "1",
    "section_number": "4.7",
    "section_name": "Agriculture",
    "text": "The agricultural sector of the country produces mainly rice, coconut and\ngrain, largely for domestic consumption and occasionally for export. The tea\nindustry which has existed since 1867 is not usually regarded as part of the\nagricultural sector, which is mainly focused on export rather than domestic\nuse in the country.\n\nSri Lanka's agricultural and agri-allied manufacturing is likely affected by\nclimate variations. There was a flood in May 2018 followed by floods in May\n2016 and May 2017."
  },
  {
    "chapter_name": "Economy of Sri Lanka",
    "chapter_id": "1",
    "section_number": "4.7.1",
    "section_name": "Transition to biological agriculture",
    "text": "In June 2021, Sri Lanka started the first 100% organic farming or biological\nagriculture program and imposed a countrywide ban on inorganic fertilizers and\npesticides. The program was welcomed by its advisor Vandana Shiva, but ignored\ncritical voices from scientific and farming community who warned about\npossible collapse of farming, including financial crisis due to devaluation of\nnational currency pivoted around tea industry. In the autumn of 2021 Sri Lanka\nexperienced a massive drop in farming output by up to 50% and food shortages.\nThe situation in the tea industry was described as critical, with farming\nunder the organic program being described as 10x more expensive and producing\nhalf of the yield by the farmers. In September 2021 the government announced\n\"economic emergency\", as the situation was further aggravated by falling\nnational currency exchange rate, inflation rising as result of high food\nprices, and pandemic restrictions in tourism which further decreased country's\nincome. The government cancelled some of these measures, but importing urea\nremains banned. Sri Lanka is seeking to introduce peacetime rationing of\nessential goods.\n\nIn mid-October 2021 the ban was largely lifted \"until the island was able to\nproduce enough organic fertiliser\". In November 2021, Sri Lanka abandoned its\nplan to become the world's first organic farming nation following rising food\nprices and weeks of protests against the plan. As of December 2021, the damage\nto the agricultural production was already done, with prices having risen\nsubstantially for vegetables in Sri Lanka, and time needed to recover from the\ncrisis. The ban on fertilizer has been lifted for certain crops, but the price\nof urea has risen internationally due to the price for oil and gas. Jeevika\nWeerahewa, a senior lecturer at the University of Peradeniya, predicted that\nthe ban would reduce the paddy harvest in 2022 by an unprecedented 50%."
  },
  {
    "chapter_name": "Economy of Sri Lanka",
    "chapter_id": "1",
    "section_number": "4.8",
    "section_name": "IT industry",
    "text": "The export revenue from the Sri Lankan IT sector was US$1,089 million in 2019."
  },
  {
    "chapter_name": "Economy of Sri Lanka",
    "chapter_id": "1",
    "section_number": "4.9",
    "section_name": "Mining",
    "text": "Sri Lanka is known for producing a variety of gemstones, including\nchrysoberyl, corundum, garnet, ruby, spinel, and tourmaline, and is the\nleading producer of the Ceylon Blue sapphire. Ceylon sapphires are among the\nmost desirable in the gemstone market and can regularly fetch thousands per\ncarat. Contrary to popular belief Ceylon produces sapphires of all colours,\nincluding padparascha types, though blue is the most desirable and yields the\nhighest prices. Some of the world's largest sapphires, such as the Logan\nSapphire and Blue Belle of Asia, have come from Sri Lanka.\n\nThe best-known areas for gemstone mining in Sri Lanka were Balangoda, Elahera,\nKamburupitiya, Moneragala, Okkampitiya, and Ratnapura. In addition, Sri Lanka\nhas a variety of industrial minerals, which include ball clay, kaolin, and\nother clays, calcite, dolomite, feldspar, graphite, limestone, Ilmenite, mica,\nrutile mineral sands, phosphate rock, quartz, zircon, dolomite and silica\nsand. Pulmoddai beach sand deposit is the most important non-ferrous mineral\nreserve in Sri Lanka as well as one of the world's most richest mineral sand\ndeposits with heavy mineral concentrates of 50% to 60% and contains many\nminerals including titanium.\n\nSri Lanka is famous, especially for its highly valued and high-purity vein\ngraphite. As of 2014, graphite was produced at the two largest graphite mines\nin Sri Lanka, the Bogala and the Kahatagaha Mines. Major investors in graphite\nmining are Graphite Lanka Ltd., Bogala Graphite Lanka Plc, Bora Bora Resources\nLtd. (BBR) of Australia, MRL Corp. Ltd. of Australia, and Saint Jean Carbon\nInc. of Canada."
  },
  {
    "chapter_name": "Economy of Sri Lanka",
    "chapter_id": "1",
    "section_number": "5",
    "section_name": "Major companies",
    "text": "Sri Lanka has developed several multi-national companies and international\nbrands. The most notable conglomerate include Cargills, John Keells Holdings,\nHayleys, LOLC Holdings, and Carson Cumberbatch. The largest apparel companies\nare MAS Holdings and Brandix. While LAUGFS Holdings is a notable company in\nthe energy sector. A well-known hospitality conglomerate is Aitken Spence.\nDilmah is a well-known tea brand. While consumer goods brands include Ceylon\nTobacco Company, Elephant House, DCSL, CBL, and Maliban."
  },
  {
    "chapter_name": "Economy of Sri Lanka",
    "chapter_id": "1",
    "section_number": "6",
    "section_name": "Global economic relations",
    "text": "Exports to the United States, Sri Lanka's most important market, were valued\nat $1.8 billion in 2002, or 38% of total exports. For many years, the United\nStates has been Sri Lanka's largest market for garments, receiving more than\n63% of the country's total garment exports. India is Sri Lanka's largest\nsupplier, with imports worth $835 million in 2002. Japan, traditionally Sri\nLanka's largest supplier, was its fourth-largest in 2002 with exports of $355\nmillion. Other important suppliers include Hong Kong, Singapore, Taiwan, and\nSouth Korea. The United States is the 10th-largest supplier to Sri Lanka; US\nimports amounted to $218 million in 2002, according to Central Bank trade\ndata.\n\nA new port is being built in Hambantota in Southern Sri Lanka, funded by the\nChinese government as a part of the Chinese aid to Sri Lanka. This will ease\nthe congestion in Sri Lankan ports, particularly in Colombo. In 2009, 4456\nships visited Sri Lankan ports."
  },
  {
    "chapter_name": "Economy of Sri Lanka",
    "chapter_id": "1",
    "section_number": "6.1",
    "section_name": "Trade agreements",
    "text": "FTA (Free Trade Agreements)  Effective  | Under negotiation\n---|---\n\n* FTA with India\n* FTA with Pakistan\n* FTA with Singapore (effective May 2018)\n* European Union's (EU) Generalized Scheme of Preferences (GSP+)\n* U.S. Generalized System of Preferences (GSP)\n* South Asian Free Trade Area (SAFTA)\n* Asia-Pacific Trade Agreement (APTA)\n\n|\n\n* FTA with China\n* FTA with Bangladesh\n* FTA with Thailand"
  },
  {
    "chapter_name": "Economy of Sri Lanka",
    "chapter_id": "1",
    "section_number": "6.2",
    "section_name": "Foreign assistance",
    "text": "Sri Lanka is highly dependent on foreign assistance, and several high-profile\nassistance projects were launched in 2003. The most significant of these\nresulted from an aid conference in Tokyo in June 2003; pledges at the summit,\nwhich included representatives from the International Monetary Fund, World\nBank, Asian Development Bank, Japan, the European Union and the United States,\ntotalled $4.5 billion."
  },
  {
    "chapter_name": "Economy of Sri Lanka",
    "chapter_id": "1",
    "section_number": "6.3",
    "section_name": "Debt and IMF assistance",
    "text": "During the years before 2016, the country's debt soared as it was developing\nits infrastructure to the point of near bankruptcy which required a bailout\nfrom the International Monetary Fund (IMF). \"Without an IMF loan, Sri Lanka\nwould have been in a precarious position\" in May 2016, according to Krystal\nTan, an Asia economist at Capital Economics, who added, \"foreign exchange\nreserves only covered around 80 per cent of short-term external debt.\" The IMF\nhad agreed to provide a $1.5 billion bailout loan in April 2016 after Sri\nLanka provided a set of criteria intended to improve its economy.\n\nBy the fourth quarter of 2016, the debt was estimated to be $64.9 billion.\nAdditional debt had been incurred in the past by state-owned organizations and\nthis was said to be at least $9.5 billion. Since early 2015, domestic debt has\nincreased by 12 per cent and external debt by 25 per cent.\n\nIn late 2016 the World Bank provided US$100 million in financing and the Japan\nInternational Cooperation Agency provided a US$100M loan, both intended to\n\"provide budget financing and to support reforms in competitiveness,\ntransparency, public sector and fiscal management\", according to the World\nBank. The bank also reported that the country's government had agreed that\nthere was a need for reforms \"in the areas of fiscal operations,\ncompetitiveness and governance\" and if fully implemented, \"these could help\nthe country reach Upper Middle-Income status in the medium term\" according to\nthe bank.\n\nIn November 2016, the International Monetary Fund reported that it would\ndisburse a higher amount than the US$150 million originally planned, a full\nUS$162.6 million (SDR 119.894 million), to Sri Lanka. The agency's evaluation\nwas cautiously optimistic about the future: \"While inflation has abated,\ncredit growth remains strong. The central bank indicates its readiness to\ntighten the monetary policy stance further if inflationary pressures resurge\nor credit growth persists. The authorities intend to continue building up\nreserves through outright purchases while allowing for greater exchange rate\nflexibility. The banking sector is currently well-capitalized. Steps are being\ntaken to find a resolution mechanism for distressed financial institutions.\nGoing forward, there is a need to strengthen the supervisory and regulatory\nframework, and identify and mitigate vulnerabilities in the financial sector,\nparticularly with regard to non-banks and state-owned banks.\"\n\nAs part of the debt management program, the Sri Lankan government carried out\nseveral reforms which included the implementation of a new Inland Revenue Act\nas well as an automatic fuel pricing formula. Tax reforms also increased VAT\nrates and narrowed exemptions and the third review by the IMF noted that\nperformance was on track regarding fiscal consolidation, revenue mobilization,\nmonetary policy management, and reserves accumulation. In the fourth review in\nJune 2018, the IMF claimed that \"Sri Lanka has made important progress under\nits Fund-supported program\", but stressed the need for further progress with\nrevenue-based fiscal consolidation and a prudent monetary policy with\nsustained efforts to build up international reserves. In 2018 China extended a\nloan of $1.25 billion consisting of a below-market-rate syndicated loan and\nsmaller Panda bond to bail out Sri Lanka.\n\nIn 2021, Bangladesh agreed to give Sri Lanka loans of at least $200 million\nfrom the foreign exchange reserves under a currency swap deal. The currency\nswap initiative was taken after Sri Lankan Prime Minister Mahinda Rajapaksa’s\nvisit to Bangladesh to attend the joint celebrations of the golden jubilee of\nBangladesh's independence and the birth centenary of Bangabandhu.[_citation\nneeded_] In December 2021, Sri Lanka announced that it would pay off a $251\nmillion oil debt to Iran by sending $5 million worth of Ceylon tea every\nmonth. A strong and credible structural reform program is critical to avoid a\nprolonged crisis and address the (above) root causes of the current economic\ndifficulties. As the country struggled, locked in the throes of the crisis,\nIndia extended multi-pronged assistance of about USD 4 billion in 2022 through\nmultiple credit lines and currency support, in line with India's 'Neighborhood\nFirst' policy.[7]"
  }
]