[
  {
    "chapter_name": "Economy of Slovakia",
    "chapter_id": "1",
    "section_number": "1",
    "section_name": "Introduction",
    "text": "The **economy of Slovakia** is based upon Slovakia becoming an EU member state\nin 2004, and adopting the euro at the beginning of 2009. Its capital,\nBratislava, is the largest financial centre in Slovakia. As of Q1 2018, the\nunemployment rate was 5.72%.\n\nWhereas between 1970 and 1985 real incomes increased by about 50%, they fell\nin the 1990s. The gross domestic product only returned to its 1989 level in\n2007.\n\nDue to the Slovak GDP growing very strongly from 2000 until 2008 – e.g. 10.4%\nGDP growth in 2007 – the Slovak economy was referred to as the Tatra Tiger."
  },
  {
    "chapter_name": "Economy of Slovakia",
    "chapter_id": "1",
    "section_number": "1",
    "section_name": "History",
    "text": "Since the establishment of the Slovak Republic in January 1993, Slovakia has\nundergone a transition from a centrally planned economy to a free market\neconomy, a process which some observers were to believe was slowed in the\n1994–98 period due to the crony capitalism and other fiscal policies of Prime\nMinister Vladimír Mečiar's government. While economic growth and other\nfundamentals improved steadily during Mečiar's term, public and private debt\nand trade deficits also rose, and privatization was uneven. Real annual GDP\ngrowth peaked at 6.5% in 1995 but declined to 1.3% in 1999.\n\nTwo governments of the \"liberal-conservative\" Prime Minister Mikuláš Dzurinda\n(1998–2006) pursued policies of macroeconomic stabilization and market-\noriented structural reforms. Nearly the entire economy has now been\nprivatized, and foreign investment has picked up. Economic growth exceeded\nexpectations in the early 2000s, despite recession in key export markets. In\n2001 policies of macroeconomic stabilization and structural reform led to\nspiraling unemployment. Unemployment peaked at 19.2% (Eurostat regional\nindicators) in 2001. Solid domestic demand boosted economic growth to 4.1% in\n2002. Strong export growth, in turn, pushed economic growth to a still-strong\n4.2% in 2003 and 5.4% in 2004, despite a downturn in household consumption.\nMultiple reasons entailed a GDP growth of 6% in 2005. Headline consumer price\ninflation dropped from 26% in 1993 to an average rate of 7.5% in 2004, though\nthis was boosted by hikes in subsidized utilities prices ahead of Slovakia's\naccession to the European Union. In July 2005, the inflation rate dropped to\n2.0% and is projected at less than 3% in 2005 and 2.5% in 2006. In 2006,\nSlovakia reached the highest economic growth (8.9%) among the members of OECD\nand the third highest in the EU (just behind Estonia and Latvia). The country\nhas had difficulties addressing regional imbalances in wealth and employment.\nGDP per capita ranges from 188% of EU average in Bratislava to only 54% in\nEastern Slovakia.\n\nAbout 10% of the Slovak labour force is expatriate in 2014. The country has\none of the highest levels of long-term unemployment in Europe, with 7.1% of\nthe labour force unemployed for more than a year in 2017.\n\n99.9% of Slovak firms are small and medium-sized enterprises and they account\nfor 73.3% of all jobs in the country."
  },
  {
    "chapter_name": "Economy of Slovakia",
    "chapter_id": "1",
    "section_number": "2",
    "section_name": "Foreign investments",
    "text": "Foreign direct investment (FDI) in Slovakia has increased dramatically. Cheap\nand skilled labor, a 19% flat tax rate for both businesses and individuals, no\ndividend taxes, a weak labor code, and a favorable geographical location are\nSlovakia's main advantages for foreign investors. FDI inflow grew more than\n600% from 2000 and cumulatively reached an all-time high of, US$17.3 billion\nin 2006, or around $18,000 per capita by the end of 2006. The total inflow of\nFDI in 2006 was $2.54 billion. In October 2005 new investment stimuli\nintroduced – more favorable conditions to IT and research centers, especially\nto be located in the east part of the country (where there is more\nunemployment), to bring more added value and not to be logistically demanding.\n\nOrigin of foreign investment 1996–2005 – the Netherlands 24.3%; Germany 19.4%,\nAustria 14.1%; Italy 7.5%, United States (8th largest investor) 4.0%. Top\ninvestors by companies: Deutsche Telekom (Germany), Neusiedler (Austria), Gaz\nde France (France), Gazprom (Russia), U.S.Steel (U.S.), MOL (Hungary), ENEL\n(Italy), E.ON (Germany).\n\nForeign investment sectors – industry 38.4%; banking and insurance 22.2%;\nwholesale and retail trade 13.1%; production of electricity, gas and water\n10.5%; transport and telecommunications 9.2%.\n\nForeign direct investment _\"on green field\"_\n(US$millions)[_needs update_] | 2003 | 2004 | 2005\n---|---|---|---\nInflows | 756 | 1,261 | 1,908\nOutflows | 22 | 144 | 146\n\nFormer minister (1998-2002) Brigita Schmögnerová explains that: \"There is\nstill a consensus among leaders on social dumping. Since the enlargement of\nthe European Union, foreign companies have been looking for the cheapest\nlabour, but instead of joining forces, governments in the region compete to\noffer the lowest possible level of taxes. When Slovakia joined the European\nUnion in 2004, it became the first OECD country to introduce a full flat tax\nrate of 19% on both corporate profits and income or consumer goods. The lack\nof tax progressivity leads to a sharp increase in inequality. Spending on\nhealth, education or housing is below the EU average."
  },
  {
    "chapter_name": "Economy of Slovakia",
    "chapter_id": "1",
    "section_number": "3",
    "section_name": "Services",
    "text": "Slovak service sector grew rapidly during the last 10 years and now employs\nabout 69% of the population and contributes with over 61% to GDP. Slovakia's\ntourism has been rising in recent years, income has doubled from US$640\nmillion in 2001 to US$1.2 billion in 2005."
  },
  {
    "chapter_name": "Economy of Slovakia",
    "chapter_id": "1",
    "section_number": "4",
    "section_name": "Industry",
    "text": "Slovakia became industrialized mostly in the second half of the 20th century.\nHeavy industry (including coal mining and the production of machinery and\nsteel) was built for strategic reasons because Slovakia was less exposed to\nthe military threat than the western parts of Czechoslovakia. After the end of\nthe Cold War, the importance of industry, and especially of heavy industry,\ndeclined. In 2010, industry (including construction) accounted for 35.6% of\nGDP, compared with 49% in 1990. Nowadays, building on a long-standing\ntradition and a highly skilled labor force, main industries with potential of\ngrowth are following sectors: Automotive, Electronics, Mechanical engineering,\nChemical engineering, Information technology.\n\nThe automotive sector is among the fastest growing sectors in Slovakia due to\nthe recent large investments of Volkswagen (Bratislava), Peugeot (Trnava), Kia\nMotors (Žilina) and since 2018 also Jaguar Land Rover in Nitra. Passenger car\nproduction was 1,040,000 units in 2016, what makes Slovakia the largest\nautomobile producer in produced cars per capita. Other big industrial\ncompanies include U.S. Steel (metallurgy), Slovnaft (oil industry), Samsung\nElectronics (electronics), Foxconn (electronics), Mondi SCP (paper), Slovalco\n(aluminum production), Hyundai Mobis (automotive), Continental Matador\n(automotive) and Whirlpool Corporation. In 2006, machinery accounted for more\nthan a half of Slovakia's export."
  },
  {
    "chapter_name": "Economy of Slovakia",
    "chapter_id": "1",
    "section_number": "4.1",
    "section_name": "Largest companies by revenue",
    "text": "Company  | Revenue\n(EUR millions)\n---|---\nVolkswagen Slovakia | 9,735\nKia Motors Slovakia | 6,759\nSlovnaft | 6,018\nSlovenské elektrárne | 4,968\nU. S. Steel Košice | 4,023\nSlovenský plynárenský priemysel | 3,955\nStellantis Slovakia | 3,659\nVšeobecná zdravotná poisťovňa | 3,478\nZSE Energia | 2,330\nDÔVERA zdravotná poisťovňa | 1,902"
  },
  {
    "chapter_name": "Economy of Slovakia",
    "chapter_id": "1",
    "section_number": "4.2",
    "section_name": "Largest companies by profit",
    "text": "Company  | Profit\n(EUR millions)\n---|---\nSPP Infrastructure | 462\nSlovnaft Eustream | 415\nU. S. Steel Košice | 333\nB.M.G. INVEST | 298\nEustream [sk] | 265\nSlovenská sporiteľňa | 245\nSlovalco | 207\nVolkswagen Slovakia | 202\nNAFTA (company) [sk] | 200\nTatra banka | 200\nZávody ťažkého strojárstva Dubnica nad Váhom,akciová spoločnosť v konkurze [sk] | 184\nKia Motors Slovakia | 176\nJ&T FINANCE GROUP [sk] | 164\nHORIZONT SLOVAKIA  | 162\nLidl Slovenská republika | 153"
  },
  {
    "chapter_name": "Economy of Slovakia",
    "chapter_id": "1",
    "section_number": "5",
    "section_name": "GDP growth",
    "text": "The development of Slovakia's GDP according to the World Bank:\n\nYear  | **2001** | **2002** | **2003** | **2004** | **2005** | **2006** | **2007** | **2008** | **2009** | **2010** | **2011** | **2012** | **2013** | **2014** | **2015** | **2016** | **2017** | **2018** | **2019** | **2020** | **2021** | **2022** | **2023**\n---|---|---|---|---|---|---|---|---|---|---|---|---|---|---|---|---|---|---|---|---|---|---|---\n% GDP  | 3.3  | 4.5  | 5.5  | 5.3  | 6.6  | 8.5  | 10.8  | 5.6  | −5.5  | 6.7  | 2.7  | 1.3  | 0.6  | 2.7  | 5.2  | 1.9  | 2.9  | 4.0  | 2.5  | −3.3  | 4.8  | 1.9  | 1.6\n\nIn 2007, Slovakia obtained the highest GDP growth among the members of OECD\nand the EU, with the record level of 14.3% in the fourth quarter. In 2014, GDP\ngrowth was 2.4% and in 2015 and 2016 Slovakia's economy grew 3.6% and 3.3%\nrespectively."
  },
  {
    "chapter_name": "Economy of Slovakia",
    "chapter_id": "1",
    "section_number": "6",
    "section_name": "Agriculture",
    "text": "In 2016, agriculture accounted for 3.6% of GDP (compared to 6.9% in 1993) and\noccupied about 3.9% of the labor force (down from 10.2% in 1994). Over 40% of\nthe land in Slovakia is cultivated. The southern part of Slovakia (bordering\nwith Hungary) is known for its rich farmland. Growing wheat, rye, corn,\npotatoes, sugar beets, grains, fruits and sunflowers. Vineyards are\nconcentrated in Little Carpathians, Tokaj, and other southern regions. The\nbreeding of livestock, including pigs, cattle, sheep, and poultry is also\nimportant.\n\nSlovakia produced in 2018:\n\n* 1.9 million tons of wheat;\n* 1.5 million tons of maize;\n* 1.3 million tons of sugar beet (the beet is used to manufacture sugar and ethanol);\n* 486 thousand tons of barley;\n* 480 thousand tons of rapeseed;\n* 201 thousand tons of sunflower seed;\n* 169 thousand tons of potato;\n* 104 thousand tons of soybean;\n\nIn addition to smaller productions of other agricultural products, like grape\n(52 thousand tons)."
  },
  {
    "chapter_name": "Economy of Slovakia",
    "chapter_id": "1",
    "section_number": "7",
    "section_name": "Information technology",
    "text": "In recent years, service and high-tech-oriented businesses have prospered in\nSlovakia. Many global companies, including IBM, Dell, Lenovo, AT&T, SAP,\nAmazon, Johnson Controls, Swiss Re and Accenture, have built outsourcing and\nservice centres in Bratislava and Košice (T-Systems, Cisco Systems, Ness,\nDeloitte). Slovak IT companies, including ESET, Sygic and Pixel Federation\nhave headquarters in Bratislava."
  },
  {
    "chapter_name": "Economy of Slovakia",
    "chapter_id": "1",
    "section_number": "8",
    "section_name": "Innovation",
    "text": "According to a recent report by the European Commission, Slovakia (along with\nsome other Central and Eastern European economies) is low on the list of EU\nstates in terms of innovation (Slovakia ranks 22nd). Within the EU, it ranks\nnext to last on knowledge creation and last for innovation and\nentrepreneurship. In the process of transition to a knowledge economy, it\nparticularly lacks investment into education and a broader application of IT.\nThe World Bank urges Slovakia to upgrade information infrastructure and reform\nthe education system. The OECD states that a stronger product market\ncompetition would help.\n\nIn March 2006, the Slovak government introduced new measures to implement the\nAction Plan for R&D and Innovation. The program covers the period from 2006 to\n2010. The RDA is expected to launch at least one call for the expression of\ninterests related to this program each year. The annual budget for the program\nwill be set by the RDA. The overall amount available for the program depends\non annual national budget resources and is likely to vary from year to year.\nFollowing an increase of around 50% in budget resources, the RDA disposes of a\ntotal budget of €19.31 million in 2006."
  },
  {
    "chapter_name": "Economy of Slovakia",
    "chapter_id": "1",
    "section_number": "9",
    "section_name": "Labour",
    "text": "The minimum wage in Slovakia in 2023 is set at €700 per month, the average\nsalary for 2021 was € 1211 per month, in the Bratislava region in 2021 the\naverage salary was €1520 per month. As of June 2023 the unemployment rate\nstood at 6.2%."
  },
  {
    "chapter_name": "Economy of Slovakia",
    "chapter_id": "1",
    "section_number": "10",
    "section_name": "Statistics",
    "text": "**Currency switch to the euro**\n\nSlovakia switched its currency from the Slovak crown (SK – slovenská koruna)\nto the Euro on 1 January 2009, at a rate of 30.1260 korunas to the euro.\n\n**Foreign trade**\n\nYear  | 2008 | 2009 | 2010 | 2011 | 2012 | 2013 | 2014 | 2015 | 2016 | 2017 | 2018 | 2019 | 2020\n---|---|---|---|---|---|---|---|---|---|---|---|---|---\nExports € bn  | 49.5 | 39.7 | 35.0 | 56.8 | 62.8 | 64.4 | 64.8 | 73.12 | 74.35 | 83.9 | 93.1 | 91.2 | 86.4\nImports € bn  | 50.3 | 38.8 | 34.6 | 55.8 | 59.2 | 60.1 | 60.2 | 71.09 | 71.47 | 75.2 | 83.9 | 83.5 | 77.8"
  },
  {
    "chapter_name": "Economy of Slovakia",
    "chapter_id": "1",
    "section_number": "11",
    "section_name": "Companies",
    "text": "In 2022, the sector with the highest number of companies registered in\nSlovakia is Services with 227,424 companies followed by Retail Trade and\nFinance, Insurance, and Real Estate with 39,324 and 37,784 companies\nrespectively."
  }
]