[
  {
    "chapter_name": "Economy of Sweden",
    "chapter_id": "1",
    "section_number": "1",
    "section_name": "Introduction",
    "text": "Historical development of real GDP per capita in Sweden\n\nThe **economy of Sweden** is a highly developed export-oriented economy, aided\nby timber, hydropower, and iron ore. These constitute the resource base of an\neconomy oriented toward foreign trade. The main industries include motor\nvehicles, telecommunications, pharmaceuticals, industrial machines, precision\nequipment, chemical goods, home goods and appliances, forestry, iron, and\nsteel. Traditionally, Sweden relied on a modern agricultural economy that\nemployed over half the domestic workforce. Today, Sweden further develops\nengineering, mine, steel, and pulp industries, which are competitive\ninternationally, as evidenced by companies such as Ericsson, ASEA/ABB, SKF,\nAlfa Laval, AGA, and Dyno Nobel.\n\nSweden is a competitive open mixed economy. The vast majority of Swedish\nenterprises are privately owned and market-oriented. There is also a strong\nwelfare state, with public-sector spending accounting up to three-fifths of\nGDP. In 2014, the percent of national wealth owned by the government was 24%.\n\nDue to Sweden being one of the neutral powers during World War II, it did not\nhave to rebuild its economic base, the banking system, and country as a whole,\nas did many other European countries. Sweden has achieved a high standard of\nliving under a mixed system of high-tech capitalism and extensive welfare\nbenefits. Sweden has the second highest total tax revenue behind Denmark, as a\nshare of the country's income. As of 2012[update], the total tax revenue was\n44.2% of GDP, down from 48.3% in 2006.\n\nIn 2014 the National Institute of Economic research predicted GDP growth of\n1.8%, 3.1% and 3.4% in 2014, 2015 and 2016 respectively.[_needs update_] A\ncomparison of upcoming economic growth rates of European Union countries\nrevealed that the Baltic states, Poland, and Slovakia are the only countries\nthat are expected to keep comparable or higher growth rates."
  },
  {
    "chapter_name": "Economy of Sweden",
    "chapter_id": "1",
    "section_number": "1",
    "section_name": "History",
    "text": "In the 19th century Sweden evolved from a largely agricultural economy into\nthe beginnings of an industrialized, urbanized country. Poverty remained\nwidespread, prompting a large portion of the country to emigrate, mainly to\nthe United States. Economic reforms and the creation of a modern economic\nsystem, banks and corporations were enacted during the later half of the 19th\ncentury. During that time Sweden was in a way the \"powerhouse\" of the\nScandinavian region with a strong industrialization process commencing in the\n1860s. Moreover, the Swedish Riksdag had developed into a very active\nParliament already during the _Age of Liberty_ (1719–72), and this tradition\ncontinued into the nineteenth century, laying the basis for the transition\ntowards modern democracy at the end of said century. Apart from relatively\nhigh levels of human capital formation, the result of the Reformation and\nrelated government policies, such local democratic traditions were the other\nasset that made the \"catching up\" of the Scandinavian countries, including\nSweden, possible and this economic rise was probably the most remarkable\nphenomenon in that region during the nineteenth century.\n\nBy the 1930s, Sweden had what _Life_ magazine called in 1938 the \"world's\nhighest standard of living\". Sweden declared itself neutral during both world\nwars, thereby avoiding much physical destruction and instead, especially after\nthe First World War, profiting from the new circumstances – such as booming\ndemand for raw materials and foodstuffs and the disappearance of international\ncompetition for its exports. The postwar boom, that was the continuation of\nstrong inflationary tendencies during the war itself, propelled Sweden to\ngreater economic prosperity. Beginning in the 1970s and culminating with the\ndeep recession of the early 1990s, Swedish standards of living developed less\nfavorably than many other industrialized countries. Since the mid-1990s, the\neconomic performance has improved.[_citation needed_]\n\nIn 2009, Sweden had the world's tenth highest GDP per capita in nominal terms\nand was in 14th place in terms of purchasing power parity."
  },
  {
    "chapter_name": "Economy of Sweden",
    "chapter_id": "1",
    "section_number": "1.1",
    "section_name": "Crisis of the 1990s",
    "text": "Sweden has had an economic model in the post-World War II era characterized by\nclose cooperation between the government, labour unions, and corporations. The\nSwedish economy has extensive and universal social benefits funded by high\ntaxes, close to 50% of GDP. In the 1980s, a real estate and financial bubble\nformed, driven by a rapid increase in lending. A restructuring of the tax\nsystem, in order to emphasize low inflation combined with an international\neconomic slowdown in the early 1990s, caused the bubble to burst. Between 1990\nand 1993 GDP went down by 5% and unemployment skyrocketed, causing the worst\neconomic crisis in Sweden since the 1930s. According to an analysis published\nin _Computer Sweden_ in 1992, the investment level decreased drastically for\ninformation technology and computing equipment, except in the financial and\nbanking sector, the part of the industry that created the crisis. The\ninvestment levels for IT and computers were restored as early as 1993. In 1992\nthere was a run on the currency, the central bank briefly jacking up interest\nto 500% in an unsuccessful effort to defend the currency's fixed exchange\nrate. Total employment fell by almost 10% during the crisis.\n\nA real estate boom ended in a bust. The government took over nearly a quarter\nof banking assets at a cost of about 4% of the nation's GDP. This was known\ncolloquially as the \"Stockholm Solution\". In 2007, the United States Federal\nReserve noted, \"In the early 1970s, Sweden had one of the highest income\nlevels in Europe; today, its lead has all but disappeared...So, even well-\nmanaged financial crises don't really have a happy ending\".\n\nThe welfare system that had been growing rapidly since the 1970s could not be\nsustained with a falling GDP, lower employment and larger welfare payments. In\n1994 the government budget deficit exceeded 15% of GDP. The response of the\ngovernment was to cut spending and institute a multitude of reforms to improve\nSweden's competitiveness. When the international economic outlook improved\ncombined with a rapid growth in the IT sector, which Sweden was well\npositioned to capitalize on, the country was able to emerge from the crisis.\n\nThe crisis of the 1990s was by some viewed as the end of the much buzzed\nwelfare model called \"Svenska modellen\", literally \"The Swedish Model\", as it\nproved that governmental spending at the levels previously experienced in\nSweden was not long-term sustainable in a global open economy. Much of the\nSwedish Model's acclaimed advantages actually had to be viewed as a result of\nthe post WWII special situation, which left Sweden untouched when competitors'\neconomies were comparatively weak.\n\nHowever, the reforms enacted during the 1990s seem to have created a model in\nwhich extensive welfare benefits can be maintained in a global economy.\n\nIn recent years, the Swedish welfare state model has been weakened. Massive\nprivatizations have been carried out since the 1990s, including in public\nservices such as health and education. Inequality has risen sharply, in\nparticular because of a tax system that does not tax wealth and inheritance."
  },
  {
    "chapter_name": "Economy of Sweden",
    "chapter_id": "1",
    "section_number": "1.2",
    "section_name": "Data",
    "text": "The following table shows the main economic indicators in 1980–2021 (with IMF\nstaff estimates in 2022–2027). Inflation under 5% is in green.\n\nYear  | GDP (in bn. US$PPP) | GDP per capita (in US$ PPP) | GDP (in bn. US$nominal) | GDP per capita (in US$ nominal) | GDP growth (real) | Inflation rate (in percent) | Unemployment (in percent) | Government debt (in % of GDP)\n---|---|---|---|---|---|---|---|---\n1980  | 87.6  | 10,531.9  | 140.4  | 16,877.2  | 4.6%  | 17.5%  | 2.7%  | n/a\n1981  | 100.2  | 12,044.3  | 128.1  | 15,396.7  | 4.5%  | 12.1%  | 3.4%  | n/a\n1982  | 107.9  | 12,960.2  | 113.1  | 13,576.6  | 1.4%  | 8.6%  | 4.3%  | n/a\n1983  | 114.5  | 13,739.8  | 103.9  | 12,470.9  | 2.1%  | 8.9%  | 4.8%  | n/a\n1984  | 123.7  | 14,833.2  | 108.3  | 12,976.1  | 4.3%  | 8.0%  | 4.2%  | n/a\n1985  | 130.6  | 15,629.1  | 113.2  | 13,549.5  | 2.3%  | 7.4%  | 3.9%  | n/a\n1986  | 137.2  | 16,371.7  | 149.6  | 17,852.7  | 3.0%  | 4.2%  | 3.6%  | n/a\n1987  | 145.3  | 17,263.6  | 182.0  | 21,629.3  | 3.3%  | 4.2%  | 2.9%  | n/a\n1988  | 154.1  | 18,216.4  | 205.9  | 24,339.3  | 2.5%  | 5.8%  | 2.4%  | n/a\n1989  | 164.4  | 19,278.6  | 216.7  | 25,412.2  | 2.7%  | 6.4%  | 2.0%  | n/a\n1990  | 171.8  | 20,001.0  | 259.9  | 30,253.9  | 0.8%  | 10.5%  | 2.2%  | n/a\n1991  | 175.7  | 20,322.8  | 272.2  | 31,490.2  | -1.1%  | 8.8%  | 4.0%  | n/a\n1992  | 178.0  | 20,478.1  | 283.2  | 32,584.9  | -0.9%  | 1.4%  | 7.1%  | n/a\n1993  | 178.9  | 20,455.1  | 213.0  | 24,351.1  | -1.8%  | 4.7%  | 11.2%  | 65.7%\n1994  | 189.9  | 21,537.6  | 229.0  | 25,978.3  | 3.9%  | 2.9%  | 10.8%  | 68.2%\n1995  | 201.5  | 22,799.9  | 267.3  | 30,246.9  | 3.9%  | 2.5%  | 10.4%  | 68.3%\n1996  | 208.4  | 23,565.4  | 291.7  | 32,986.1  | 1.6%  | 1.0%  | 10.9%  | 68.7%\n1997  | 218.5  | 24,699.1  | 268.1  | 30,307.2  | 3.1%  | 1.8%  | 10.9%  | 67.4%\n1998  | 230.5  | 26,034.3  | 270.8  | 30,585.1  | 4.3%  | 1.0%  | 8.8%  | 65.1%\n1999  | 243.7  | 27,500.4  | 274.1  | 30,928.6  | 4.2%  | 0.6%  | 7.6%  | 60.1%\n2000  | 261.1  | 29,393.1  | 262.8  | 29,589.1  | 4.8%  | 1.3%  | 6.3%  | 50.2%\n2001  | 270.8  | 30,400.8  | 242.4  | 27,207.5  | 1.4%  | 2.7%  | 5.8%  | 51.8%\n2002  | 281.1  | 31,441.2  | 266.8  | 29,846.2  | 2.2%  | 1.9%  | 6.0%  | 49.8%\n2003  | 293.3  | 32,674.8  | 334.3  | 37,249.3  | 2.3%  | 2.3%  | 6.6%  | 49.3%\n2004  | 314.2  | 34,868.2  | 385.1  | 42,736.9  | 4.3%  | 1.0%  | 7.4%  | 48.5%\n2005  | 333.3  | 36,841.1  | 392.2  | 43,349.9  | 2.9%  | 0.8%  | 7.8%  | 48.8%\n2006  | 359.6  | 39,463.0  | 423.1  | 46,425.8  | 4.7%  | 1.5%  | 7.2%  | 43.7%\n2007  | 382.1  | 41,605.3  | 491.3  | 53,496.5  | 3.4%  | 1.7%  | 6.3%  | 39.0%\n2008  | 387.6  | 41,877.3  | 517.7  | 55,929.9  | -0.5%  | 3.3%  | 6.4%  | 37.5%\n2009  | 373.2  | 39,952.7  | 436.5  | 46,734.9  | -4.3%  | 1.9%  | 8.5%  | 40.7%\n2010  | 400.2  | 42,498.8  | 495.8  | 52,658.8  | 6.0%  | 1.9%  | 8.8%  | 38.1%\n2011  | 421.5  | 44,450.3  | 574.1  | 60,540.2  | 3.2%  | 1.4%  | 8.0%  | 37.1%\n2012  | 432.5  | 45,258.8  | 552.5  | 57,816.0  | -0.6%  | 0.9%  | 8.2%  | 37.5%\n2013  | 444.6  | 46,098.8  | 586.8  | 60,845.0  | 1.2%  | 0.4%  | 8.2%  | 40.2%\n2014  | 457.5  | 46,936.6  | 582.0  | 59,704.8  | 2.7%  | 0.2%  | 8.1%  | 44.9%\n2015  | 481.3  | 48,857.9  | 505.1  | 51,274.3  | 4.5%  | 0.7%  | 7.6%  | 43.7%\n2016  | 500.4  | 50,061.6  | 515.7  | 51,590.5  | 2.1%  | 1.1%  | 7.2%  | 42.3%\n2017  | 530.4  | 52,413.1  | 541.0  | 53,459.1  | 2.6%  | 1.9%  | 6.9%  | 40.7%\n2018  | 553.7  | 54,123.6  | 555.5  | 54,295.7  | 2.0%  | 2.0%  | 6.5%  | 38.9%\n2019  | 574.8  | 55,656.2  | 533.9  | 51,694.5  | 2.0%  | 1.7%  | 7.0%  | 34.9%\n2020  | 569.1  | 54,830.0  | 547.1  | 52,706.3  | -2.2%  | 0.7%  | 8.5%  | 39.2%\n2021  | 622.8  | 59,587.3  | 635.7  | 60,815.5  | 5.1%  | 2.7%  | 8.8%  | 36.8%\n2022  | 684.5  | 63,877.4  | 603.9  | 56,361.4  | 2.6%  | 7.2%  | 7.6%  | 33.5%\n2023  | 707.9  | 65,459.2  | 654.0  | 60,473.0  | -0.1%  | 8.4%  | 7.4%  | 31.2%\n2024  | 738.2  | 67,666.3  | 693.2  | 63,533.9  | 2.1%  | 3.5%  | 7.3%  | 28.8%\n2025  | 769.4  | 69,935.3  | 732.6  | 66,594.4  | 2.3%  | 2.3%  | 7.2%  | 26.9%\n2026  | 799.2  | 72,080.3  | 769.9  | 69,435.1  | 1.9%  | 2.0%  | 7.2%  | 25.5%\n2027  | 830.7  | 74,376.1  | 808.7  | 72,405.1  | 2.0%  | 2.0%  | 7.2%  | 24.2%"
  },
  {
    "chapter_name": "Economy of Sweden",
    "chapter_id": "1",
    "section_number": "2",
    "section_name": "Contemporary economy",
    "text": "Real GDP growth in Sweden 1996–2006 Natural resources of Sweden. Fe – iron\nore, PY – pyrite, Cu – copper, Zn – zinc, As – arsenic, Ag – silver, Au –\ngold, Pb – lead, U – uranium; in red: C – coal, OS – oil shale.\n\nSweden is an export-oriented mixed economy featuring a modern distribution\nsystem, excellent internal and external communications, and a skilled labor\nforce. Timber, hydropower and iron ore constitute the resource base of an\neconomy heavily oriented toward foreign trade. Sweden's engineering sector\naccounts for 50% of output and exports. Telecommunications, the automotive\nindustry and the pharmaceutical industries are also of great importance.\nAgriculture accounts for 2 percent of GDP and employment. The armaments\nindustry has a technologically highly advanced reputation.\n\nThe 20 largest Sweden-registered companies by turnover as of 2013[update] were\nVolvo, Ericsson, Vattenfall, Skanska, Hennes & Mauritz, Electrolux, Volvo\nPersonvagnar, Preem, TeliaSonera, Sandvik, ICA, Atlas Copco, Nordea, Svenska\nCellulosa Aktiebolaget, Scania, Securitas, Nordstjernan, SKF, ABB Norden\nHolding, and Sony Mobile Communications AB. Sweden's industry is\noverwhelmingly in public and state control, the most prominent example of this\nis LKAB, a state-owned mining company, mostly active in the northern part of\nthe country, with the largest noted market share out of all its domestic\ncompetitors.\n\nSome 4.5 million residents are working, out of which around a third have a\ntertiary education. GDP per hour worked is the world's 9th-highest at US$31 in\n2006, compared to US$22 in Spain and US$35 in United States. According to the\nOECD, deregulation, globalization, and technology-sector growth have been key\ndrivers of productivity. GDP per hour worked is growing 2+1⁄2 per cent a year\nfor the economy as a whole and trade-terms-balanced productivity growth 2%.\nSweden is a world leader in privatized pensions, and pension-funding problems\nare small compared to many other Western European countries. The Swedish labor\nmarket has become more flexible, but it still has some widely acknowledged\nproblems. The typical worker receives only 40% of their income after the tax\nwedge. The slowly declining overall taxation, 51% of GDP in 2007, is still\nnearly double of that in the United States or Ireland. Civil servants amount\nto a third of Swedish workforce, multiple times the proportion in many other\ncountries. Overall, GDP growth has been fast since reforms in the early 1990s,\nespecially in manufacturing.\n\nWorld Economic Forum 2012–2013 competitiveness index ranks Sweden 4th most\ncompetitive. The Index of Economic Freedom 2012 ranks Sweden the 21st most\nfree out of 179 countries, or 10th out of 43 European countries. Sweden ranked\n9th in the IMD Competitiveness Yearbook 2008, scoring high in private sector\nefficiency. According to the book, _The Flight of the Creative Class_ , by the\nU.S. urban studies, Professor Richard Florida of University of Toronto, Sweden\nis ranked as having the best creativity in Europe for business and is\npredicted to become a talent magnet for the world's most purposeful workers.\nThe book compiled an index to measure the kind of creativity it claims is most\nuseful to business – talent, technology and tolerance. Sweden's investment\ninto research and development stood, in 2007, at over 3.5% of GDP. This is\nconsiderably higher than that of a number of MEDCs, including the United\nStates, and is the largest among the OECD members.\n\nSweden rejected the Euro in a referendum in 2003, and Sweden maintains its own\ncurrency, the Swedish krona (SEK). The Swedish Riksbank – founded in 1668 and\nthus making it the oldest central bank in the world – is currently focusing on\nprice stability with its inflation target of 2%. According to _Economic Survey\nof Sweden 2007_ by OECD, the average inflation in Sweden has been one of the\nlowest among European countries since the mid-1990s, largely because of\nderegulation and quick utilization of globalization.\n\nThe largest trade flows are with Germany, United States, Norway, United\nKingdom, Denmark and Finland.\n\nThe Swedish economic picture has brightened significantly since the severe\nrecession in the early 1990s. Growth has been strong in recent years, and even\nthough the growth in the economy slackened between 2001 and 2003, the growth\nrate has picked up since with an average growth rate of 3.7% in the last three\nyears. The long-run prospects for growth remain favorable. The inflation rate\nis low and stable, with projections for continued low levels over the next 2–3\nyears.[_needs update_]\n\nSince the mid-1990s the export sector has been booming, acting as the main\nengine for economic growth. Swedish exports also have proven to be\nsurprisingly robust. A marked shift in the structure of the exports, where\nservices, the IT industry, and telecommunications have taken over from\ntraditional industries such as steel, paper and pulp, has made the Swedish\nexport sector less vulnerable to international fluctuations. However, at the\nsame time the Swedish industry has received less money for its exports while\nthe import prices have gone up. During the period 1995–2003 the export prices\nwere reduced by 4% at the same time as the import prices climbed by 11%. The\nnet effect is that the Swedish terms-of-trade fell 13%.\n\nBy 2014, legislators, economists and the IMF were warning of a bubble with\nresidential property prices soaring and the level of personal mortgage debt\nexpanding. Household debt-to-income rose above 170% as the IMF called on\nlegislators to consider zoning reform and other means of generating a greater\nsupply of housing as demand was outstripping supply. By August 2014, 40% of\nhome borrowers had interest-only loans while those that didn't were repaying\nprincipal at a rate that would take 100 years to fully repay.\n\n| Parts of this article (those related to Government) need to be **updated**.\nPlease help update this article to reflect recent events or newly available\ninformation. _( June 2016)_\n---|---"
  },
  {
    "chapter_name": "Economy of Sweden",
    "chapter_id": "1",
    "section_number": "2.1",
    "section_name": "Government",
    "text": "Sweden bonds\n\n20 year\n\n10 year\n\n5 year\n\n2 year\n\n6 month\n\n3 month\n\n1 month\n\nThe government budget has improved dramatically from a record deficit of more\nthan 12% of GDP in 1993. In the last decade, from 1998 to present, the\ngovernment has run a surplus every year, except for 2003 and 2004. The surplus\nfor 2011 is expected to be 99 billion ($15b) kronor. The new, strict budget\nprocess with spending ceilings set by the Riksdag, and a constitutional change\nto an independent Central Bank, have greatly improved policy credibility.\n\nFrom the perspective of longer-term fiscal sustainability, the long-awaited\nreform of old-age pensions entered into force in 1999. This entails a far more\nrobust system vis-à-vis adverse demographic and economic trends, which should\nkeep the ratio of total pension disbursements to the aggregate wage bill close\nto 20% in the decades ahead. Taken together, both fiscal consolidation and\npension reform have brought public finances back on a sustainable footing.\nGross public debt, which jumped from 43% of GDP in 1990 to 78% in 1994,\nstabilised around the middle of the 1990s and started to come down again more\nsignificantly beginning in 1999. In 2000 it fell below the key level of 60%\nand had declined to a level of 35% of GDP as of 2010."
  },
  {
    "chapter_name": "Economy of Sweden",
    "chapter_id": "1",
    "section_number": "2.2",
    "section_name": "Companies",
    "text": "In 2022, the sector with the highest number of companies registered in Sweden\nwas the services sector with 457,044 companies followed by finance, insurance,\nand real estate with 184,377 companies.[_citation needed_] The construction\nsector is well-developed in Sweden, with significant development in the level\nof sub-contracting within the industry since the 1980s."
  },
  {
    "chapter_name": "Economy of Sweden",
    "chapter_id": "1",
    "section_number": "3",
    "section_name": "Economic and monetary union",
    "text": "Current economic development reflects a quite remarkable improvement of the\nSwedish economy since the crisis in 1991–93, so that Sweden could easily\nqualify for membership in the third phase of the Economic and Monetary Union\nof the European Union, adopting the euro as its currency. In theory, by the\nrules of the EMU, Sweden is obliged to join, since the country has not\nobtained exception by any protocol or treaty (as opposed to Denmark and the\nUnited Kingdom). Nevertheless, the Swedish government decided in 1997 against\njoining the common currency from its start on 1 January 1999. This choice was\nimplemented by exploiting a legal loophole, deliberately staying out of the\nEuropean Exchange Rate Mechanism. This move is currently tolerated by the\nEuropean Central Bank, which however has warned that this would not be the\ncase for newer EU members.\n\nIn the first years of the twenty-first century, a majority for joining emerged\nin the governing Social Democratic party, although the question was subject of\nheated debate, with leading personalities in the party on both sides. On 14\nSeptember 2003, a national referendum was held on the euro. A 56% majority of\nSwedes rejected the common currency, while 42% voted in favour of it.\nCurrently no plans for a new referendum or parliamentary vote on the matter\nare being discussed, though it has been implied that another referendum may\ntake place in around ten years."
  },
  {
    "chapter_name": "Economy of Sweden",
    "chapter_id": "1",
    "section_number": "4",
    "section_name": "Unemployment",
    "text": "In contrast with most other European countries, Sweden maintained an\nunemployment rate around 2% or 3% of the work force throughout the 1980s. This\nwas, however, accompanied by high and accelerating inflation.[_citation\nneeded_] It became evident that such low unemployment rates were not\nsustainable, and in the severe crisis of the early 1990s the rate increased to\nmore than 8%. In 1996 the government set out a goal of reducing unemployment\nto 4% by 2000. During 2000 employment rose by 90,000 people, the greatest\nincrease in 40 years, and the goal was reached in the autumn of 2000. The same\nautumn the government set out its new target: that 80% of the working age\npopulation will have a regular job by 2004. Some have expressed concern that\nmeeting the employment target may come at a cost of too high a rate of wage\nincreases hence increasing inflation. However, as of August 2006, roughly 5%\nof working age Swedes were unemployed, over the government-established goal.\nHowever, some of the people who cannot find work are put away in so-called\n\"labour market political activities\", referred to as \"AMS-åtgärder\".\n\nAccording to Jan Edling, a former trade-unionist, the actual number of\nunemployed is far higher, and those figures are being suppressed by both the\ngovernment and the Swedish Trade Union Confederation. In Edling's report he\nadded that a further 3% of Swedes were occupied in state-organised job\nschemes, not in the private sector. He also claimed a further 700,000 Swedes\nare either on long-term sick leave or in early retirement. Edling asks how\nmany of these people are in fact unemployed. According to his report, the\n\"actual unemployment\" rate hovers near 20%. Some critics disagree with this\nconcept of \"actual\" unemployment, also termed \"broad unemployment\", since they\ndo not see e.g. students who rather want a job, people on sick leave and\nmilitary conscripts as \"unemployed\".\n\nAccording to Swedish Statistics, unemployment in June 2013 was 9.1% in the\ngeneral population and 29% amongst 15- to 25-year-olds."
  },
  {
    "chapter_name": "Economy of Sweden",
    "chapter_id": "1",
    "section_number": "5",
    "section_name": "Trade unions",
    "text": "Around seventy percent of the Swedish labour force is unionised. For most\nunions there is a counterpart employer's organization for businesses. The\nunions and employer organisations are independent of both the government and\npolitical parties, although the largest confederation of unions, the National\nSwedish Confederation of Trade Unions or _LO_ (organising blue-collar\nworkers), maintains close links to one of the three major parties, the Social\nDemocrats.\n\nThe unionisation rate among white-collar workers is exceptionally high in\nSweden – since 2008 higher than for blue-collar workers. In 2023, blue-collar\ndensity was 58%, and white-collar density was 73% (full-time students working\npart-time excluded). Just before the considerably raised fees to union\nunemployment funds in January 2007, blue-collar and white-collar union density\nwas the same (77% in 2006). The average union density was 70% in the years\n2011–2014, 69% in 2015-2017 and 68% in 2018 and 2019. There are two major\nconfederations that organise professionals and other qualified employees: the\nSwedish Confederation of Professional Employees (_Tjänstemännens\nCentralorganisation_ or TCO) and the Swedish Confederation of Professional\nAssociations (_Sveriges Akademikers Centralorganisation_ or SACO). They are\nboth independent from Sweden's political parties and never endorse candidates\nfor office in political elections.\n\nThere is no minimum wage that is required by legislation. Instead, minimum\nwage standards in different sectors are normally set by collective bargaining.\nAbout 90% of all workers are covered by collective agreements, in the private\nsector 83% (2018). The high coverage of collective agreements is achieved\ndespite the absence of state mechanisms extending collective agreements to\nwhole industries or sectors. This reflects the dominance of self-regulation\n(regulation by the labour market parties themselves) over state regulation in\nSwedish industrial relations.\n\nSweden has not joined the EMU (the Economic and Monetary Union / the Euro) and\nwill not in the foreseeable future. When the issue was at the agenda, the\nSwedish union movement was very split. In contrast to the very positive\nattitude of employers' associations, the union rank-and file opinion was so\nsplit that several unions, as well as the confederations LO, TCO and SACO,\nabstained from taking an official position."
  },
  {
    "chapter_name": "Economy of Sweden",
    "chapter_id": "1",
    "section_number": "6",
    "section_name": "Labour force",
    "text": "The traditionally low wage differential has increased in recent years as a\nresult of increased flexibility as the role of wage setting at the company\nlevel has strengthened somewhat. Still, Swedish unskilled employees are well\npaid while well educated Swedish employees are low-paid compared with those in\ncompetitor countries in Western Europe and the US. The average increases in\nreal wages in recent years have been high by historical standards, in large\npart due to unforeseen price stability. Even so, nominal wages in recent years\nhave been slightly above those in competitor countries. Thus, while private-\nsector wages rose by an average annual rate of 3.75% from 1998 to 2000 in\nSweden, the comparable increase for the EU area was 1.75%. In the year 2000\nthe total labour force was around 4.4 million people."
  },
  {
    "chapter_name": "Economy of Sweden",
    "chapter_id": "1",
    "section_number": "7",
    "section_name": "Ongoing and finished privatisations",
    "text": "The Swedish government has announced that it will privatise a number of wholly\nand partly state owned companies. \"The income from these sales will be used to\npay off the government debt and reduce the burden of debt for future\ngenerations. The Government's ambition was to sell companies to a value of SEK\n200 billion during 2007–2010.\"\n\nOngoing privatisations\n\n\n\n* Telia Sonera – telecom. 37.3% owned by the Swedish government. Hitherto SEK 18 billion worth of shares has been sold reducing state ownership from 45.3% to 37.3%.\n* SAS Group – airline. 14.8% owned by the Swedish government. On 13 October 2016 the Swedish government sold 13.8 million shares worth 213.9 million SEK. The Minister of Enterprise, Mikael Damberg stated that \"There exists good reasons for the Swedish government not be a long-term owner of a publicly traded airline... This sell-off is a first step towards reducing the Swedish government's ownership in a responsible manner.\"\n\nCompleted privatisations\n\n\n\n* OMX – stock exchange. Shares sold to Borse Dubai for 2.1 billion SEK.\n* Vin & Sprit. Sold to Pernod Ricard for 5.6 billion Euro.\n* Vasakronan. Sold to AP Fastigheter for 4.3 billion Euro.\n* Nordea – bank. 19.5% owned by Swedish government. Last government-held block of shares was sold in September 2013."
  }
]