[
  {
    "chapter_name": "Economy of Jamaica",
    "chapter_id": "1",
    "section_number": "1",
    "section_name": "Introduction",
    "text": "The **economy of Jamaica** is heavily reliant on services, accounting for 71%\nof the country's GDP. Jamaica has natural resources and a climate conducive to\nagriculture and tourism. The discovery of bauxite in the 1940s and the\nsubsequent establishment of the bauxite-alumina industry shifted Jamaica's\neconomy from sugar, and bananas.\n\nWeakness in the financial sector, speculation, and lower levels of investment\nerode confidence in the productive sector. The government continues its\nefforts to raise new sovereign debt in local and international financial\nmarkets to meet its U.S. dollar debt obligations, to mop up liquidity to\nmaintain the exchange rate and to help fund the current budget deficit.\n\nThe Jamaican government's economic policies encourage foreign investment in\nareas that earn or save foreign exchange, generate employment, and use local\nraw materials. The government also provides a wide range of incentives to\ninvestors.\n\nFree trade zones have stimulated investment in garment assembly, light\nmanufacturing, and data entry by foreign firms. However, over the last 5\nyears[_when?_], the garment industry has suffered from reduced export\nearnings, continued factory closures, and rising unemployment. The Government\nof Jamaica hopes to encourage economic activity through a combination of\nprivatisation, financial sector restructuring, reduced interest rates, and by\nboosting tourism and related productive activities."
  },
  {
    "chapter_name": "Economy of Jamaica",
    "chapter_id": "1",
    "section_number": "1",
    "section_name": "Economic history",
    "text": "Before independence, Jamaica's economy was largely focused on agriculture with\nthe vast majority of the labour force engaged in the production of sugar,\nbananas, and tobacco. According to one study, 18th century Jamaica had the\nhighest wealth inequality in the world, as a very small, slave-owning elite\nwas extremely wealthy while the rest of the population lived on the edge of\nsubsistence.\n\nThese products were mainly exported to the United Kingdom, Canada, and to the\nUnited States of America. Jamaica's trade relationships expanded substantially\nfrom 1938 to 1946, with total imports almost doubling from £6,485,000 to\n£12,452,000. After 1962, the Jamaican government pushed for economic growth\nand all sectors excluding bauxite/alumina, energy, and tourism had shrunk\nbetween 1998 and 1999. In 2000, Jamaica experienced its first year of positive\ngrowth since 1995 due to continued tight macroeconomic policies.\n\nInflation fell from 25% in 1995 to single digits in 2000, reaching a\nmultidecade low of 4.3% in 2004. Through periodic intervention in the market,\nthe central bank also has prevented any abrupt drop in the exchange rate. The\nJamaican dollar has been slipping, despite intervention, resulting in an\naverage exchange rate of J$73.40 per US$1.00 and J136.2 per €1.00 (February\n2011). In addition, inflation has been trending upward since 2004 and is\nprojected to once again reach a double digit rate of 12–13% through the year\n2008 due to a combination of unfavorable weather damaging crops and increasing\nagricultural imports and high energy prices.\n\nOver the last 30 years, real per capita GDP increased at an average of just\none per cent per year, making Jamaica one of the slowest growing developing\ncountries in the world.\n\nTo reverse this trajectory, the Government of Jamaica embarked on a\ncomprehensive and ambitious program of reforms for which it has garnered\nnational and international support: a four-year Extended Fund Facility (EFF)\nby the International Monetary Fund (IMF) providing a support package of US$932\nmillion; World Bank Group and the Inter-American Development Bank (IDB)\nprograms providing US$510 million each to facilitate the GoJ's economic reform\nagenda to stabilise the economy, reduce debt and create the conditions for\ngrowth and resilience.. In addition, the International Finance Corporation\n(IFC) and Multilateral Investment Guarantee Agency (MIGA) will continue to\nsupport private sector development.\n\nThe reform program is beginning to bear fruit: Institutional reforms and\nmeasures to improve the environment for the private sector have started to\nrestore confidence in the Jamaican economy. Jamaica jumped 27 places to 58\namong 189 economies worldwide in the 2015 Doing Business ranking, the\ncountry's credit rating has improved and the Government has successfully\nraised more than US$2 billion in the international capital in the markets in\n2014 and 2015..\n\nDespite some revival, economic growth is still low: the Jamaican Government is\nforecasting real gross domestic product (GDP) growth of 1.9 per cent for the\nfiscal year 2015/2016 and the country continues to be confronted by serious\nsocial issues that predominantly affect youth, such as high levels of crime\nand violence and high unemployment. Jamaica, which had seen its poverty rate\ndrop almost 20 per cent over two decades, saw it increase by eight per cent in\na few years.\n\nThe unemployment rate in Jamaica is approximately 6.0% (April 2022,\nStatistical Institute of Jamaica), with youth unemployment more than twice the\nnational rate, albeit trending downwards (15%). However, among Jamaica's\nassets are its skilled labour force and strong social and governance\nindicators."
  },
  {
    "chapter_name": "Economy of Jamaica",
    "chapter_id": "1",
    "section_number": "1.1",
    "section_name": "Agriculture",
    "text": "Agricultural production is an important contributor to Jamaica's economy.\nHowever, it is vulnerable to extreme weather, such as hurricanes and to\ncompetition from neighbouring countries such as the USA. Other difficulties\nfaced by farmers include thefts from the farm, known as praedial larceny.\nAgricultural production accounted for 7.4% of GDP in 1997, providing\nemployment for nearly a quarter of the country. Jamaica's agriculture,\ntogether with forestry and fishing, accounted for about 6.6% of GDP in 1999.\nSugar has been produced in Jamaica for centuries, it is the nation's dominant\nagricultural export. Sugar is produced in nearly every parish. The production\nof raw sugar in the year 2000 was estimated at 175,000 tons, a decrease from\n290,000 tons in 1978.\n\nJamaican agriculture has been less prominent in GDP in the 2000s than other\nindustries, hitting an all-time low between 2004 and 2008. This may have been\ndue to a reaction to increased competition as international trade policies\nwere enacted. For example, as NAFTA was enacted in 1993, a significant amount\nof Caribbean exports to the United States diminished, being out competed by\nLatin American exports. Another example is the Banana Import Regime's 3rd\nphase, in which EU nations had first given priority in banana imports to\npreviously colonised nations. Under pressure by the World Trade Organization,\nthe EU policy was altered to provide a non-discriminatory trade agreement.\nJamaica's banana industry was easily outpriced by American companies exporting\nLatin American goods. Jamaica's agriculture industry is now bouncing back,\ngrowing from being 6.6% of GDP to 7.2%.\n\nSugar formed 7.1% of the exports in 1999 and Jamaica made up about 4.8% of the\ntotal production of sugar in the Caribbean. Sugar is also used for the\nproduction of by-products such as molasses, rum and some wallboard is made\nfrom bagasse.\n\nBanana production in 1999 was 130,000 tons. Bananas formed 2.4% of the exports\nin 1999 and Jamaica formed around 7.5% of the total production of banana in\nthe Caribbean. Jamaica stopped exporting banana in 2008 after suffering from\nseveral years of hurricanes that devastated the plantations.\n\nCoffee is mainly grown around the Blue Mountains and in hilly areas. One type\nin particular, Jamaican Blue Mountain Coffee, is considered among the best in\nthe world because at those heights in the Blue Mountains, the cooler climate\ncauses the berries to take longer to ripen and the beans develop more of the\nsubstances which on roasting give coffee its flavor. Coffee formed 1.9% of\nexports in 1999. The picking season lasts from August to March. The coffee is\nexported from Kingston.\n\nCocoa is grown throughout Jamaica and local sales absorb about 1/3 of the\noutput to be made into instant drinks and confectionery. Citrus fruit is\nmainly grown in the central parts of Jamaica, particularly between the\nelevations of 1,000–2,500 feet. The picking season lasts from November to\nApril. Two factories in Bog Walk produce fruit juices, canned fruit, essential\noils and marmalade. Coconuts are grown on the northern and eastern coasts,\nwhich provide enough copra to supply factories to make butterine, margarine,\nlard, edible oil and laundry soap.\n\nVanilla is also grown.\n\nOther export crops are pimento, ginger, tobacco, sisal and other fruit are\nexported. Rice is grown around swampy areas around the Black River & around\nLong Bay in Hanover and Westmoreland parishes for local consumption.\n\nAs tastes have changed in Jamaica in favour of more meat and packaged food the\nnational food import bill has grown to the point that it threatens the health\nof the economy. The government has responded by encouraging gardening and\nfarming, a response which has had limited success. For example, the percentage\nof potatoes grown locally has increased, but imports of french fries have\ncontinued at a high level."
  },
  {
    "chapter_name": "Economy of Jamaica",
    "chapter_id": "1",
    "section_number": "1.2",
    "section_name": "Animal husbandry",
    "text": "Cows Grazing, Saint Ann Parish 2023\n\nPastures form a good percentage of the land in Jamaica. Many properties\nspecialise in cattle rearing. Livestock holdings include 400,000 head of\ncattle, 440,000 goats and 180,000 pigs. Dairying has increased since the\nerection of a condensed milk factory at Bog Walk in 1940. Even so, the supply\nof dairy products is not enough for local requirements and there are large\nimports of powdered milk, butter and cheese."
  },
  {
    "chapter_name": "Economy of Jamaica",
    "chapter_id": "1",
    "section_number": "1.3",
    "section_name": "Fishing",
    "text": "White River Fishing Village is in Ocho Rios, St. Ann\n\nThe fishing industry grew during the 1900s, primarily from the focus on inland\nfishing. Several thousand fishermen make a living from fishing. The shallow\nwaters and cays off the south coast are richer than the northern waters. Other\nfishermen live on the Pedro Cays, 80 miles (130 km) to the south of Jamaica.\nJamaica supplies about half of its fish requirements; major imports of frozen\nand salted fish are imported from the United States and Canada.\n\nThe total catch in 2000 was 5,676 tons, a decrease from 11,458 tons in 1997;\nthe catch was mainly marine, with freshwater carp, barbel, etc., crustaceans &\nmolluscs."
  },
  {
    "chapter_name": "Economy of Jamaica",
    "chapter_id": "1",
    "section_number": "1.4",
    "section_name": "Forestry",
    "text": "By the late 1890, only 185,000 hectares (460,000 acres) of Jamaica's original\n1,000,000 hectares (2,500,000 acres) of forest remained. Roundwood production\nwas 881,000 cu m (31.1 million cu ft) in 2000. About 68% of the timber cut in\n2000 was used as fuel wood while 32% was used for industrial use. The forests\nthat once covered Jamaica now exist only in mountainous areas. They only\nsupply 20% of the island timber requirements. The remaining forest is\nprotected from further exploitation. Other accessible mountain areas are being\nreforested, mainly with pines, mahoe and mahogany."
  },
  {
    "chapter_name": "Economy of Jamaica",
    "chapter_id": "1",
    "section_number": "1.5",
    "section_name": "Mining",
    "text": "Windalco, Alumina plant in the background (Kirkvine, Manchester)\n\nJamaica was the third-leading producer of bauxite and alumina in 1998,\nproducing 12.6 million tons of bauxite, accounting for 10.4% of world\nproduction, and 3.46 million tons of alumina, accounting for 7.4% of world\nproduction. 8,540 million tons of bauxite was mined in 2012 and 10,200 million\ntons of bauxite in 2011.\n\nMining and quarrying made up 4.1% of the nation's gross domestic product in\n1999. Bauxite and alumina formed 55.2% of exports in 1999 and are the second-\nleading money earner after tourism. Jamaica has reserves of over 2 billion\ntonnes, which are expected to last 100 years. Bauxite is found in the central\nparishes of St. Elizabeth, Manchester, Clarendon, St. Catherine, St. Ann, and\nTrelawny. There are four alumina plants and six mines.\n\nJamaica has deposits of several million tons of gypsum on the southern slopes\nof the Blue Mountains. Jamaica produced 330,441 tons of gypsum in the year\n2000, some of which was used in the local cement industry and in the\nmanufacturing of building materials.\n\nOther minerals present in Jamaica include marble, limestone, and silica, as\nwell as ores of copper, lead, zinc, manganese and iron. Some of these are\nworked in small quantities. Petroleum has been sought, but so far none has\nbeen found."
  },
  {
    "chapter_name": "Economy of Jamaica",
    "chapter_id": "1",
    "section_number": "1.6",
    "section_name": "Manufacturing",
    "text": "The manufacturing sector is an essential contributor to the Jamaican economy.\nThough manufacturing accounted for 13.9% of GDP in 1999. Jamaican companies\ncontribute many manufactures such as food processing; oil refining; produced\nchemicals, construction materials, plastic goods, paints, pharmaceuticals,\ncartons, leather goods and cigars & assembled electronics, textiles and\napparel. The garment industry is a major job employer for thousands of\nhundreds of locals and they formed 12.9% of exports in 1999 earning US$159\nmillion. Chemicals formed 3.3% of the exports in 1999 earning US$40 million.\n\nA portion of the bauxite mined on the island is processed into alumina before\nexport.\n\nAn oil refinery is located near Kingston converts crude petroleum obtained\nfrom Venezuela into gasoline and other products. These are mainly for local\nuse. The construction industry is growing due to new hotels and attractions\nbeing built for tourism. Construction and installation formed 10.4% of the GDP\nin 1999.\n\nManufactured goods were imported and formed 30.3% of the imports and cost\nUS$877 million in 1999.\n\nSince the launch of the Jamaican Logistics Hub initiative, various economic\nzones have been proposed throughout the country to assemble goods from other\nparts of the world for distribution to the Americas."
  },
  {
    "chapter_name": "Economy of Jamaica",
    "chapter_id": "1",
    "section_number": "1.7",
    "section_name": "Tourism",
    "text": "Tourism is tied with remittances as Jamaica's top source of revenue. The\ntourism industry earns over 50 per cent of the country's total foreign\nexchange earnings and provides about one-fourth of all jobs in Jamaica. Most\ntourist activity is centered on the island's northern coast, including the\ncommunities of Montego Bay, Ocho Rios, and Port Antonio, as well as in Negril\non the island's western tip.\n\nKFC Draxhall\n\nSome destinations include Ocho Rios, Green Grotto Caves, Y.S. Falls and\nAppleton Estate. Most of the tourist sites are landmarks as well as homes for\nmany Jamaicans. Many of the most frequented tourist sites are located mainly\nby water such as rivers and beaches where fishermen make a living from\nseafood. One of the most famous beach towns in Jamaica is Ocho Rios, a located\nin the parish of Saint Ann on the north coast of Jamaica. It was once a\nfishing village but now attracts millions of tourists yearly. The site is\npopular today because of the food and culture that can be found there.\n\nAnother famous location in Jamaica that attracts millions yearly is Dunn's\nRiver Falls, located in Ocho Rios; this waterfall is approximately 600 feet\nlong and runs off into the sea. Around the location many hotels and\nrestaurants are available and many street vendors sell food around the clock.\nAnother well-known beach town is Negril, the party capital of the country.\nThis beach town has many different factors to add to the night life."
  },
  {
    "chapter_name": "Economy of Jamaica",
    "chapter_id": "1",
    "section_number": "1.8",
    "section_name": "Logistics",
    "text": "In April 2014, the Governments of Jamaica and China signed the preliminary\nagreements for the first phase of the Jamaican Logistics Hub (JLH) – the\ninitiative that aims to position Kingston as the fourth node in the global\nlogistics chain, joining Rotterdam, Dubai and Singapore, and serving the\nAmericas. The Project, when completed, is expected to provide many jobs for\nJamaicans, Economic Zones for multinational companies and much needed economic\ngrowth to alleviate the country's heavy debt-to-GDP ratio. Strict adherence to\nthe IMF's refinancing programme and preparations for the JLH has favourably\naffected Jamaica's credit rating and outlook from the three biggest rating\nagencies."
  },
  {
    "chapter_name": "Economy of Jamaica",
    "chapter_id": "1",
    "section_number": "1.9",
    "section_name": "ICT/BPO",
    "text": "Jamaica has made strides in developing its Information and Communications\nTechnology (ICT) infrastructure.\n\nAs the largest English speaking territory in the Caribbean, Jamaica is the\nregion's leading contact centre location with over 87 information\ncommunications technology/business process outsourcing (ICT/BPO) companies\noperating in the country employing 44,000 full-time agents."
  },
  {
    "chapter_name": "Economy of Jamaica",
    "chapter_id": "1",
    "section_number": "2",
    "section_name": "Taxation/Tax Rates",
    "text": "Jamaican tax rates are extremely favourable in world standards, the brackets\nare as follows:\n\nBand | Personal Allowance (J$) | Tax Rate\n---|---|---\n1 (Lower) -Up to | J$1,500,000 | 0%\n2 (Middle) – J$1,500,001-J$6,000,000 | J$1,500,000 | 25%\n3 (Upper) – J$6,000,000+ | J$0 | 30%\n\nSeparate Tax Rates apply for foreign nationals."
  },
  {
    "chapter_name": "Economy of Jamaica",
    "chapter_id": "1",
    "section_number": "3",
    "section_name": "Economic Data",
    "text": "The following table shows the main economic indicators in 1980–2024. Inflation\nbelow 5% is in green.\n\nYear  | GDP\n(in bil. US$ PPP) | GDP per capita\n(in US$ PPP) | GDP\n(in bil. US$ nominal) | GDP growth\n(real) | Inflation rate\n(in Percent) | Unemployment\n(in Percent) | Government debt\n(in % of GDP)\n---|---|---|---|---|---|---|---\n1980  | 6.5  | 3,089  | 2.6  | −4.0  | 18.0  | 27.3  | n/a\n1981  | 7.5  | 3,469  | 2.8  | 4.4  | 9.2  | 25.9  | n/a\n1982  | 8.2  | 3,733  | 3.2  | 3.1  | 6.8  | 27.6  | n/a\n1983  | 8.8  | 3,961  | 2.9  | 4.2  | 16.7  | 26.4  | n/a\n1984  | 9.2  | 4,134  | 2.1  | 1.0  | 31.3  | 25.5  | n/a\n1985  | 9.4  | 4163  | 2.0  | −0.9  | 29.7  | 25.0  | n/a\n1986  | 10.3  | 4,504  | 2.4  | 7.0  | 24.4  | 23.7  | n/a\n1987  | 11.4  | 4,935  | 2.7  | 7.7  | 11.2  | 21.0  | n/a\n1988  | 11.3  | 4,876  | 3.2  | −4.0  | 8.2  | 19.1  | n/a\n1989  | 12.3  | 5,295  | 3.7  | 4.7  | 16.1  | 15.2  | n/a\n1990  | 13.4  | 5,662  | 4.7  | 4.9  | 24.8  | 15.7  | n/a\n1991  | 14.0  | 5,863  | 4.3  | 0.8  | 51.0  | 15.4  | n/a\n1992  | 14.7  | 6,117  | 4.3  | 2.8  | 77.3  | 15.7  | n/a\n1993  | 15.4  | 6,348  | 5.4  | 2.2  | 21.6  | 16.3  | n/a\n1994  | 16.0  | 6,548  | 5.5  | 1.9  | 35.5  | 15.4  | n/a\n1995  | 16.7  | 6,792  | 6.5  | 2.5  | 19.9  | 16.2  | n/a\n1996  | 17.1  | 6,868  | 7.4  | 0.2  | 26.4  | 16.0  | n/a\n1997  | 17.1  | 6,805  | 8.4  | −1.6  | 9.7  | 16.5  | n/a\n1998  | 17.1  | 6,732  | 8.8  | −1.2  | 8.6  | 15.5  | n/a\n1999  | 17.5  | 6,829  | 8.9  | 1.0  | 6.0  | 15.7  | 82.7\n2000  | 18.0  | 6,973  | 9.1  | 0.8  | 8.1  | 15.5  | 91.8\n2001  | 18.6  | 7,158  | 9.2  | 1.3  | 6.9  | 15.0  | 108.0\n2002  | 19.1  | 7,277  | 9.7  | 0.7  | 7.0  | 14.2  | 118.4\n2003  | 20.2  | 7,665  | 9.4  | 3.7  | 10.1  | 11.8  | 123.2\n2004  | 21.0  | 7,947  | 10.2  | 1.3  | 13.5  | 12.2  | 119.9\n2005  | 21.8  | 8,239  | 11.2  | 0.9  | 15.1  | 11.2  | 124.7\n2006  | 23.1  | 8,709  | 11.9  | 2.9  | 8.5  | 10.3  | 117.1\n2007  | 24.1  | 9,042  | 12.9  | 1.4  | 9.3  | 9.9  | 114.5\n2008  | 24.4  | 9,108  | 13.7  | −0.8  | 22.0  | 10.6  | 127.0\n2009  | 23.7  | 8,821  | 12.1  | −3.4  | 9.6  | 11.4  | 141.9\n2010  | 23.6  | 8,769  | 13.2  | −1.4  | 12.6  | 12.4  | 141.4\n2011  | 24.5  | 9,053  | 14.4  | 1.4  | 7.5  | 12.4  | 139.5\n2012  | 24.8  | 9,151  | 14.8  | −0.5  | 6.9  | 13.9  | 143.9\n2013  | 25.3  | 9,316  | 14.2  | 0.2  | 9.4  | 15.3  | 138.7\n2014  | 25.9  | 9,525  | 13.9  | 0.6  | 8.3  | 13.8  | 137.9\n2015  | 26.3  | 9,683  | 14.2  | 0.9  | 3.7  | 13.5  | 121.9\n2016  | 27.0  | 9,914  | 14.1  | 1.5  | 2.4  | 13.2  | 113.7\n2017  | 27.7  | 10,144  | 14.8  | 0.7  | 4.4  | 11.7  | 101.2\n2018  | 28.3  | 10,363  | 15.6  | 1.8  | 3.7  | 9.1  | 94.4\n2019  | 28.5  | 10,412  | 15.8  | 1.0  | 3.9  | 7.7  | 94.3\n2020  | 25.5  | 9,298  | 13.9  | −9.9  | 5.2  | 10.2  | 109.7\n2021  | 27.2  | 9,917  | 14.7  | 4.6  | 5.9  | 8.4  | 94.2\n2022  | 30.6  | 11,167  | 17.0  | 5.2  | 10.3  | 6.3  | 77.0\n2023  | 32.6  | 11,856  | 19.3  | 2.6  | 6.5  | 4.4  | 73.3\n2024  | 33.8  | 12,283  | 20.6  | 1.3  | 5.8  | n/a  | 67.9"
  }
]