[
  {
    "chapter_name": "Economy of Myanmar",
    "chapter_id": "1",
    "section_number": "1",
    "section_name": "Introduction",
    "text": "| This article **needs additional citations forverification**. Please help\nimprove this article by adding citations to reliable sources. Unsourced\nmaterial may be challenged and removed.  \n_Find sources:_ \"Economy of Myanmar\" – news **·** newspapers **·** books **·**\nscholar **·** JSTOR _( May 2021)__(Learn how and when to remove this message)_  \n---|---  \n  \nThe **economy ofMyanmar** is the seventh largest in Southeast Asia. After the\nreturn of civilian rule in 2011, the new government launched large-scale\nreforms, focused initially on the political system to restore peace and\nachieve national unity and moving quickly to an economic and social reform\nprogram. Current economic statistics were a huge decline from the economic\nstatistics of Myanmar in the fiscal year of 2020, in which Myanmar’s nominal\nGDP was $81.26 billion and its purchasing power adjusted GDP was $279.14\nbillion. Myanmar has faced an economic crisis since the 2021 coup d'état.\nAccording to International Monetary Fund (IMF) Myanmar GDP per capita in 2024\nis estimated to reach $1.179"
  },
  {
    "chapter_name": "Economy of Myanmar",
    "chapter_id": "1",
    "section_number": "0.1",
    "section_name": "Classical era",
    "text": "Burma has been the main trade route between China and India since 100 BC. The\nMon Kingdom of lower Burma served as important trading centre in the Bay of\nBengal. The majority of the population was involved in rice production and\nother forms of agriculture. Burma used silver as a medium of exchange. All\nland was technically owned by the Burmese monarch. Exports, along with oil\nwells, gem mining and teak production were controlled by the monarch. Burma\nwas vitally involved in the Indian Ocean trade. Logged teak was a prized\nexport that was used in European shipbuilding because of its durability, and\nbecame the focal point of Burmese exports from the 1700s to the 1800s.\n\nUnder the monarchy, the economy of Myanmar had been one of redistribution, a\nconcept embedded in local society, religion, and politics (Dāna). The state\nset the prices of the most important commodities. Agrarian self-sufficiency\nwas vital, while trade was only of secondary importance."
  },
  {
    "chapter_name": "Economy of Myanmar",
    "chapter_id": "1",
    "section_number": "0.2",
    "section_name": "British Burma (1885–1948)",
    "text": "Under the British administration, the people of Burma were at the bottom of\nsocial hierarchy, with Europeans at the top, Indians, Chinese, and\nChristianized minorities in the middle, and Buddhist Burmese at the bottom.\nIntegrated into the world economy by force, economic growth in Burma was\ndriven by the extractive industries and cash crop agriculture, and the country\nhad the second-highest GDP per capita in Southeast Asia. However, much of the\nwealth was concentrated in the hands of Europeans. The country became the\nworld's largest exporter of rice, mainly to European markets, while other\ncolonies like India suffered mass starvation. The British followed the\nideologies of Social Darwinism and the free market, and opened up the country\nto a large-scale immigration with Rangoon exceeding New York City as the\ngreatest immigration port in the world in the 1920s. Historian Thant Myint-U\nstates, \"This was out of a total population of only 13 million; it was\nequivalent to the United Kingdom today taking 2 million people a year.\" By\nthen, in most of the largest cities in Burma, Rangoon, Akyab, Bassein and\nMoulmein, the Indian immigrants formed a majority of the population. The\nBurmese under British rule felt helpless, and reacted with a \"racism that\ncombined feelings of superiority and fear\".\n\nCrude oil production, an indigenous industry of Yenangyaung, was taken over by\nthe British and put under Burmah Oil monopoly. British Burma began exporting\ncrude oil in 1853. It produced 75% of the world's teak. The wealth was\nhowever, mainly concentrated in the hands of Europeans. In the 1930s,\nagricultural production fell dramatically as international rice prices\ndeclined and did not recover for several decades.\n\nDuring the Japanese invasion of Burma in World War II, the British followed a\nscorched earth policy. They destroyed the major government buildings, oil\nwells and mines for tungsten, tin, lead and silver to keep them from the\nJapanese. Myanmar was bombed extensively by the Allies. After independence,\nthe country was in ruins with its major infrastructure completely destroyed.\nWith the loss of India, Burma lost relevance and obtained independence from\nthe British. After a parliamentary government was formed in 1948, Prime\nMinister U Nu embarked upon a policy of nationalisation and the state was\ndeclared the owner of all land. The government tried to implement an eight-\nyear plan partly financed by injecting money into the economy which caused\nsome inflation."
  },
  {
    "chapter_name": "Economy of Myanmar",
    "chapter_id": "1",
    "section_number": "0.3",
    "section_name": "Post-independence and under U Nu and Ne Win (1948–1988)",
    "text": "After a parliamentary government was formed in 1948, Prime Minister U Nu\nembarked upon a policy of nationalisation. He attempted to make Burma a\nwelfare state by adopting central planning measures. By the 1950s, rice\nexports had decreased by two-thirds and mineral exports by over 96%. Plans\nwere implemented in setting up light consumer industries by private sector.\nThe 1962 Burmese coup d'état was followed by an economic scheme called the\nBurmese Way to Socialism, a plan to nationalise all industries, with the\nexception of agriculture. The catastrophic program turned Burma into one of\nthe world's most impoverished countries. Burma was classified as a least\ndeveloped country by the United Nations in 1987."
  },
  {
    "chapter_name": "Economy of Myanmar",
    "chapter_id": "1",
    "section_number": "0.4",
    "section_name": "Rule of the generals (1988–2011)",
    "text": "After 1988, the regime retreated from a command economy. It permitted modest\nexpansion of the private sector, allowed some foreign investment, and received\nmuch needed foreign exchange. Than Shwe advocated for some deregulation\neconomic policies, despite his relaxation of some restrictions on Burma's\neconomy, his economic policies have been often criticized as ill-planned. Shwe\nrelaxed some state control over the economy, and was a supporter of Burma's\nparticipation in the Association of South East Asian Nations (ASEAN). He also\noversaw a large crackdown on corruption, which saw the sackings of a number of\ncabinet ministers and regional commanders in 1997. Shwe advocated for Crony\ncapitalism. The economy was rated in 2009 as the least free in Asia (tied with\nNorth Korea). All basic market institutions are suppressed. Private\nenterprises were often co-owned or indirectly owned by state. The corruption\nwatchdog organisation Transparency International in its 2007 Corruption\nPerceptions Index released on 26 September 2007 ranked Burma the most corrupt\ncountry in the world, tied with Somalia.\n\nThe national currency is the kyat. Burma currently has a dual exchange rate\nsystem similar to Cuba. The market rate was around two hundred times below the\ngovernment-set rate in 2006. In 2011, the Burmese government enlisted the aid\nof the International Monetary Fund to evaluate options to reform the current\nexchange rate system, to stabilise the domestic foreign exchange trading\nmarket and reduce economic distortions. The dual exchange rate system allows\nfor the government and state-owned enterprises to divert funds and revenues,\nwhile also giving the government more control over the local economy and\nmaking it possible to temporarily subdue inflation.\n\nInflation averaged 30.1% between 2005 and 2007. In April 2007, the National\nLeague for Democracy organised a two-day workshop on the economy. The workshop\nconcluded that skyrocketing inflation was impeding economic growth. \"Basic\ncommodity prices have increased from 30% to 60% since the military regime\npromoted a pay rise for government workers in April 2006,\" said Soe Win, the\nmoderator of the workshop. \"Inflation is also correlated with corruption.\"\nMyint Thein, an NLD spokesperson, added: \"Inflation is the critical source of\nthe current economic crisis.\"\n\nIn recent years, China and India attempted to strengthen ties with Myanmar for\nmutual benefit. The European Union and some nations including the United\nStates and Canada imposed investment and trade sanctions on Burma. The United\nStates banned all imports from Burma, though this restriction was since\nlifted. Foreign investment comes primarily from China, Singapore, South Korea,\nIndia, and Thailand."
  },
  {
    "chapter_name": "Economy of Myanmar",
    "chapter_id": "1",
    "section_number": "0.5",
    "section_name": "Economic liberalisation (2011–2019)",
    "text": "| This section **is inlist format but may read better as prose**. You can help\nby converting this section, if appropriate. Editing help is available. _(\nMarch 2024)_\n---|---\n\nIn 2011, when new President Thein Sein's government came to power, Burma\nembarked on a major policy of reforms including anti-corruption, currency\nexchange rate regulation, foreign investment laws and taxation. Foreign\ninvestments increased from US$300 million in 2009–10 to a US$20 billion in\n2010–11 by about 6567%. Large inflow of capital results in stronger Burmese\ncurrency, kyat by about 25%. In response, the government relaxed import\nrestrictions and abolished export taxes. Despite current currency problems,\nBurmese economy is expected to grow by about 8.8% in 2011. After the\ncompletion of 58-billion dollar Dawei deep seaport, Burma is expected be at\nthe hub of trade connecting Southeast Asia and the South China Sea, via the\nAndaman Sea, to the Indian Ocean receiving goods from countries in the Middle\nEast, Europe and Africa, and spurring growth in the ASEAN region.\n\nIn 2012, the Asian Development Bank formally began re-engaging with the\ncountry, to finance infrastructure and development projects in the country.\nThe $512 million loan is the first issued by the ADB to Myanmar in 30 years\nand will target banking services, ultimately leading to other major\ninvestments in road, energy, irrigation and education projects.\n\nIn March 2012, a draft foreign investment law emerged, the first in more than\n2 decades. This law oversees the unprecedented liberalisation of the economy.\nIt for example stipulates that foreigners no longer require a local partner to\nstart a business in the country and can legally lease land. The draft law also\nstipulates that Burmese citizens must constitute at least 25% of the firm's\nskilled workforce, and with subsequent training, up to 50–75%.\n\nOn 28 January 2013, the government of Myanmar announced deals with\ninternational lenders to cancel or refinance nearly $6 billion of its debt,\nalmost 60 per cent of what it owes to foreign lenders. Japan wrote off US$3\nBillion, nations in the group of Paris Club wrote off US$2.2 Billion and\nNorway wrote off US$534 Million.\n\nMyanmar's inward foreign direct investment has steadily increased since its\nreform. The country approved US$4.4 billion worth of investment projects\nbetween January and November 2014.\n\nAccording to one report released on 30 May 2013, by the McKinsey Global\nInstitute, Burma's future looks bright, with its economy expected to quadruple\nby 2030 if it invests in more high-tech industries. This however does assume\nthat other factors (such as drug trade, the continuing war of the government\nwith specific ethnic groups, etc.) do not interfere.\n\nAs of October 2017, less than 10% of Myanmar's population has a bank account.\nAs of 2016–17 approximately 98 percent of the population has smartphones and\nmobile money schemes are being implemented without the use of banks similar to\nAfrican countries."
  },
  {
    "chapter_name": "Economy of Myanmar",
    "chapter_id": "1",
    "section_number": "0.6",
    "section_name": "Economic crisis (2020–present)",
    "text": "Myanmar's economy has been in economic crisis since the coup d’état in\nFebruary 2021. On April 30, 2021, the United Nations Development Programme\nnoted that the COVID-19 pandemic and the 2021 Myanmar coup d'état could\nreverse economic gains made over the last sixteen years. Overall, Myanmar’s\neconomy under SAC rule is defined by stagnation, inflation, capital flight,\nand fractured governance. With no political resolution in sight, prospects for\nrecovery and inclusive growth remain bleak. The SAC’s economic strategy\nprioritizes regime survival through resource extraction and coercive controls,\nsuch as forced currency conversions and price fixing. This erratic and\nreactionary governance has undermined investor confidence and distorted\nmarkets.\n\nUnder the military-led State Administration Council (SAC), Myanmar’s economy\nhas sharply declined, becoming the weakest in Southeast Asia. In fiscal year\n2024-25, real GDP is projected to contract by 1%, continuing a prolonged\ndownturn following an 18% collapse post-coup. Agriculture shrank by 4%, while\nindustry and services showed no growth. As the formal economy contracts,\ninformal and illicit sectors have expanded. Myanmar is now the world’s largest\nopium producer and a major hub for synthetic drugs and online scam centers.\nForeign investment has plummeted, with FDI approvals dropping from over $5\nbillion in fiscal year 2019-20 to $662 million in fiscal year 2023-24.\nInternational sanctions, financial blacklisting, and growing regulatory\nopacity have further discouraged engagement.\n\nPoverty has surged nationwide, with 77% of households now poor or near-poor,\nup from 58% in 2017. High inflation—driven by extensive money printing—peaked\nat 35% in 2022 and remains elevated, particularly for food and transport. Real\nwages have fallen across sectors, deepening household vulnerability. Labour\nshortages have worsened due to mass outmigration, particularly after the 2024\nconscription law. An estimated one-fifth of the population has left their\ncommunities due to conflict or hardship, draining the workforce and reducing\nproductivity. Trade declined in 2023 after a brief rebound, with exports down\n$4 billion and land border trade sharply reduced in 2024. The financial sector\nremains weak, with liquidity shortages, low public trust, and a shrinking\nmicrofinance industry.\n\nWhen the kyat fell by a third of its pre-coup value, the central bank then\nsold $600 million worth of foreign reserves (10% of the entire country's\ntotal) to prop up the kyat. By April 2022, reserves dwindled, foreign\ninvestment fell and remittances plummeted. This led the junta to impose\ncapital controls and import restrictions which led to shortages of diabetes\nand cancer medicines.\n\nThe overall loss of skilled workers has contributed to a 9–11% GDP contraction\nsince 2020. With the SAC prioritizing military aims over economic and human\ndevelopment, Myanmar faces a prolonged human resource crisis that could impact\nits economic recovery for decades."
  },
  {
    "chapter_name": "Economy of Myanmar",
    "chapter_id": "1",
    "section_number": "1",
    "section_name": "Still unresolved internal problems",
    "text": "In a first ever countrywide study in 2013, the Myanmar government found that\n37 per cent of the population were unemployed and 26 per cent lived in\npoverty.\n\nThe current state of the Burmese economy has also had a significant impact on\nthe people of Burma, as economic hardship results in extreme delays of\nmarriage and family building. The average age of marriage in Burma is 27.5 for\nmen, 26.4 for women, almost unparalleled in the region, with the exception of\ndeveloped countries like Singapore.\n\nBurma also has a low fertility rate of 2.07 children per woman (2010),\nespecially as compared to other Southeast Asian countries of similar economic\nstanding, like Cambodia (3.18) and Laos (4.41), representing a significant\ndecline from 4.7 in 1983, despite the absence of a national population policy.\nThis is at least partly attributed to the economic strain that additional\nchildren place on family income, and has resulted in the prevalence of illegal\nabortions in the country, as well as use of other forms of birth control.\n\nThe 2012 foreign investment law draft, included a proposal to transform the\nMyanmar Investment Commission from a government-appointed body into an\nindependent board. This could bring greater transparency to the process of\nissuing investment licenses, according to the proposed reforms drafted by\nexperts and senior officials. However, even with this draft, it will still\nremain a question on whether corruption in the government can be addressed\n(links have been shown between certain key individuals inside the government\nand the drug trade, as well as many industries that use forced labour -for\nexample the mining industry-).\n\nMany regions (such as the Golden Triangle) remain off-limits for foreigners,\nand in some of these regions, the government is at war with the country's\nethnic minorities and the opposition."
  },
  {
    "chapter_name": "Economy of Myanmar",
    "chapter_id": "1",
    "section_number": "2",
    "section_name": "Industries",
    "text": "The major agricultural product is rice which covers about 60% of the country's\ntotal cultivated land area. Rice accounts for 97% of total food grain\nproduction by weight. Through collaboration with the International Rice\nResearch Institute (IRRI), 52 modern rice varieties were released in the\ncountry between 1966 and 1997, helping increase national rice production to 14\nmillion tons in 1987 and to 19 million tons in 1996. By 1988, modern varieties\nwere planted on half of the country's rice fields, including 98% of the\nirrigated areas. In 2011, Myanmar's total milled rice production accounted for\n10.60 million tons, an increase from the 1.8 per cent back in 2010.\n\nIn northern Burma, opium bans have ended a century old tradition of growing\npoppy. Between 20,000 and 30,000 ex-poppy farmers left the Kokang region as a\nresult of the ban in 2002.\n\nRubber plantations are being promoted in areas of high elevation like Mong\nMao. Sugar is grown in the lowlands such as Mong Pawk District.\n\nThe lack of an educated workforce skilled in modern technology contributes to\nthe country's economic problems.\n\nLately, the Myanmar lacks adequate infrastructure. Goods travel primarily\nacross Thai and China borders and through the main port in Yangon.\n\nRailroads are old and dilapidated, with few repairs since their construction\nunder British rule in the late nineteenth century. Presently China and Japan\nare providing aid to upgrade rail transport. Highways are normally paved,\nexcept in remote border regions. Energy shortages are common throughout the\ncountry including in Yangon. About 30 percent of the country's population does\nnot have access to electricity, with 70 per cent of people living in rural\nareas. The civilian government has indicated that electricity will be imported\nfrom Laos to fulfil demand.\n\nOther industries include agricultural goods, textiles, wood products,\nconstruction materials, gems, metals, oil and natural gas.\n\nThe private sector dominates agriculture, light industry, and transport\nactivities, while the government controls energy, heavy industry, and military\nindustries."
  },
  {
    "chapter_name": "Economy of Myanmar",
    "chapter_id": "1",
    "section_number": "2.1",
    "section_name": "Garment production",
    "text": "The garment industry is a major job creator in the Yangon area, with around\n200,000 workers employed in total in mid-2015. The Myanmar Government has\nintroduced minimum wage of MMK 4,800 (US$3.18) per day for the garment workers\nfrom March 2018.\n\nThe Myanmar garments sector has seen significant influx of foreign direct\ninvestment, if measured by the number of entries rather than their value. In\nMarch 2012, six of Thailand's largest garment manufacturers announced that\nthey would move production to Myanmar, principally to the Yangon area, citing\nlower labour costs. In mid-2015, about 55% of officially registered garment\nfirms in Myanmar were known to be fully or partly foreign-owned, with about\n25% of the foreign firms from China and 17% from Hong Kong. Foreign-linked\nfirms supply almost all garment exports, and these have risen rapidly in\nrecent years, especially since EU sanctions were lifted in 2012. Myanmar\nexported $1.6 billion worth of garments and textiles in 2016."
  },
  {
    "chapter_name": "Economy of Myanmar",
    "chapter_id": "1",
    "section_number": "2.2",
    "section_name": "Illegal drug trade",
    "text": "A world map of the world's primary opium or heroin producers. The Golden\nTriangle region, which Burma is part of, is pinpointed in this map.\n\nBurma (Myanmar) is the largest producer of methamphetamines in the world, with\nthe majority of _ya ba_ found in Thailand produced in Burma, particularly in\nthe Golden Triangle and Northeastern Shan State, which borders Thailand, Laos\nand China. Burmese-produced _ya ba_ is typically trafficked to Thailand via\nLaos, before being transported through the northeastern Thai region of Isan.\n\nIn 2010, Burma trafficked 1 billion tablets to neighbouring Thailand. In 2009,\nthe Chinese authorities seized over 40 million tablets that had been illegally\ntrafficked from Burma. Ethnic militias and rebel groups (in particular the\nUnited Wa State Army) are responsible for much of this production; however,\nthe Burmese military units are believed to be heavily involved in the\ntrafficking of the drugs.\n\nBurma is also the second largest supplier of opium (following Afghanistan) in\nthe world, with 95% of opium grown in Shan State. Illegal narcotics have\ngenerated $1 to US$2 billion in exports annually, with estimates of 40% of the\ncountry's foreign exchange coming from drugs. Efforts to eradicate opium\ncultivation have pushed many ethnic rebel groups, including the United Wa\nState Army and the Kokang to diversify into methamphetamine production.\n\nPrior to the 1980s, heroin was typically transported from Burma to Thailand,\nbefore being trafficked by sea to Hong Kong, which was and still remains the\nmajor transit point at which heroin enters the international market. Now, drug\ntrafficking has shifted to southern China (from Yunnan, Guizhou, Guangxi,\nGuangdong) because of a growing market for drugs in China, before reaching\nHong Kong.\n\nThe prominence of major drug traffickers have allowed them to penetrate other\nsectors of the Burmese economy, including the banking, airline, hotel and\ninfrastructure industries. Their investment in infrastructure have allowed\nthem to make more profits, facilitate drug trafficking and money laundering.\nThe share of informal economy in Myanmar is one of the largest in the world\nthat feeds into trade in illegal drugs."
  },
  {
    "chapter_name": "Economy of Myanmar",
    "chapter_id": "1",
    "section_number": "2.3",
    "section_name": "Oil and gas",
    "text": "A petrol station in Naypyidaw\n\n* Myanma Oil and Gas Enterprise (MOGE) is the national oil and gas company of Burma. The company is a sole operator of oil and gas exploration and production, as well as domestic gas transmission through a 1,900-kilometre (1,200 mi) onshore pipeline grid.\n* The Yadana Project is a project to exploit the Yadana gas field in the Andaman Sea and to carry natural gas to Thailand through Myanmar.\n* Sino-Burma pipelines refers to planned oil and natural gas pipelines linking Burma's deep-water port of Kyaukphyu (Sittwe) in the Bay of Bengal with Kunming in Yunnan province, China.\n* The Norwegian company Seadrill owned by John Fredriksen is involved in offshore oildrilling, expected to give the Burmese government oil and oil export revenues.\n* Myanmar exported $3.5 billion worth of gas, mostly to Thailand in the fiscal year up to March 2012.\n* Initiation to bid on oil exploration licenses for 18 of Myanmar's onshore oil blocks has been released on 18 January 2013."
  },
  {
    "chapter_name": "Economy of Myanmar",
    "chapter_id": "1",
    "section_number": "2.4",
    "section_name": "Renewable energy",
    "text": "Myanmar has rich solar power and hydropower potential. The country's technical\nsolar power potential is the greatest among the countries of the Greater\nMekong Subregion. Wind energy, biogas and biomass have limited potential and\nare weakly developed.\n\nFinancing geothermal projects in Myanmar use an estimated break even power\ncost of 5.3–8.6 U.S cents/kWh or in Myanmar Kyat 53–86K per kWh. This pegs a\nnon-fluctuating $1=1000K, which is a main concern for power project funding.\nThe main drawback with depreciation pressures, in the current FX market.\nBetween June 2012 and October 2015, the Myanmar Kyat depreciated by\napproximately 35%, from 850 down to 1300 against the US Dollar. Local\nbusinesses with foreign denominated loans from abroad suddenly found\nthemselves rushing for a strategy to mitigate currency risks. Myanmar's\ncurrent lack of available currency hedging solutions presents a real challenge\nfor geothermal project financing."
  },
  {
    "chapter_name": "Economy of Myanmar",
    "chapter_id": "1",
    "section_number": "2.5",
    "section_name": "Gemstones",
    "text": "Myanmar's economy depends heavily on sales of precious stones such as\nsapphires, pearls and jade. Rubies are the biggest earner; 90% of the world's\nrubies come from the country, whose red stones are prized for their purity and\nhue. Thailand buys the majority of the country's gems. Burma's \"_Valley of\nRubies_ \", the mountainous Mogok area, 200 km (120 mi) north of Mandalay, is\nnoted for its rare pigeon's blood rubies and blue sapphires. Burma's gemstone\nindustry is a cornerstone of the Burmese economy with exports topping $1\nbillion.\n\nIn 2007, following the crackdown on pro-democracy protests in Myanmar, human\nrights organisations, gem dealers, and US First Lady Laura Bush called for a\nboycott of a Myanmar gem auction held twice yearly, arguing that the sale of\nthe stones profited the dictatorial regime in that country. Debbie Stothard of\nthe Alternative ASEAN Network on Burma stated that mining operators used drugs\non employees to improve productivity, with needles shared, raising the risk of\nHIV infection. Richard W. Hughes, a Bangkok-based gemologist makes the point\nthat for every ruby sold through the junta, another gem that supports\nsubsistence mining is smuggled over the Thai border.\n\nThe Chinese have also been the chief driving force behind Burma's gem mining\nindustry and jade exports. The industry is completely under Chinese hands at\nevery level, from the financiers, concession operators, all the way to the\nretail merchants that own scores of newly opened gem markets. One Chinese-\nowned jeweller reportedly controls 100 gem mines and produces over 2,000\nkilograms of raw rubies annually. Since the privatization of the gem industry\nduring the 1990s, Burmese jewelers and entrepreneurs of Chinese ancestry have\ntransformed Burma's gem industry into new retail jewelry shops, selling\ncoveted pieces of expensive jewelry to customers mainly hailing from Hong Kong\nand Taiwan.\n\nThe permits for new gem mines in Mogoke, Mineshu and Nanyar state will be\nissued by the ministry according to a statement issued by the ministry on 11\nFebruary. While many sanctions placed on the former regime were eased or\nlifted in 2012, the US has left restrictions on importing rubies and jade from\nMyanmar intact. According to recent amendments to the new Myanmar foreign\ninvestment law, there is no longer a minimum capital requirement for\ninvestments, except in mining ventures, which require substantial proof of\ncapital and must be documented through a domestic bank. Another important\nclarification in the investment law is the dropping of foreign ownership\nrestrictions in joint ventures, except in restricted sectors, such as mining,\nwhere FDI will be capped at 80 per cent.\n\nMyanmar is famed for its production of Golden South Sea Pearls. In recent\nyears, the countries has auctioned its production in Hong Kong, first\norganized by Belpearl company in 2013 to critical acclaim and premium prices\ndue to strong Chinese demand. Notable pearls include the New Dawn of Myanmar,\na 19mm round golden pearl which sold to an anonymous buyer for undisclosed\nprice."
  },
  {
    "chapter_name": "Economy of Myanmar",
    "chapter_id": "1",
    "section_number": "2.6",
    "section_name": "Tourism",
    "text": "Since 1992, the government has encouraged tourism. Until 2008, fewer than\n750,000 tourists entered the country annually, but there has been substantial\ngrowth over the past years. In 2012, 1.06 million tourists visited the\ncountry, and 1.8 million are expected to visit by the end of 2013.\n\nTourism is a growing sector of the economy of Burma. Burma has diverse and\nvaried tourist attractions and is served internationally by numerous airlines\nvia direct flights. Domestic and foreign airlines also operate flights within\nthe country. Cruise ships also dock at Yangon. Overland entry with a border\npass is permitted at several border checkpoints. The government requires a\nvalid passport with an entry visa for all tourists and business people. As of\nMay 2010, foreign business visitors from any country can apply for a visa on\narrival when passing through Yangon and Mandalay international airports\nwithout having to make any prior arrangements with travel agencies. Both the\ntourist visa and business visa are valid for 28 days, renewable for an\nadditional 14 days for tourism and three months for business. Seeing Burma\nthrough a personal tour guide is popular. Travellers can hire guides through\ntravel agencies.\n\nAung San Suu Kyi has requested that international tourists not visit Burma.\nMoreoever, the junta's forced labour programmes were focused on tourist\ndestinations; these designations have been heavily criticised for their human\nrights records. Even disregarding the obviously governmental fees, Burma's\nMinister of Hotels and Tourism Major-General Saw Lwin admitted that the\ngovernment receives a significant percentage of the income of private sector\ntourism services. In addition, only a very small minority of impoverished\npeople in Burma receive any money with any relation to tourism.\n\nBefore 2012, much of the country was completely off-limits to tourists, and\nthe military tightly controlled interactions between foreigners and the people\nof Burma. Locals were not allowed to discuss politics with foreigners, under\npenalty of imprisonment, and in 2001, the Myanmar Tourism Promotion Board\nissued an order for local officials to protect tourists and limit \"unnecessary\ncontact\" between foreigners and ordinary Burmese people. Since 2012, Burma has\nopened up to more tourism and foreign capital, synonymous with the country's\ntransition to democracy."
  },
  {
    "chapter_name": "Economy of Myanmar",
    "chapter_id": "1",
    "section_number": "2.7",
    "section_name": "Infrastructure",
    "text": "The Myanmar Infrastructure Summit 2018 noted that Myanmar has an urgent need\nto \"close its infrastructure gap\", with an anticipated expenditure of US$120\nbillion funding its infrastructural projects between now and 2030. More\nspecifically, infrastructural development in Myanmar should address three\nmajor challenges over the upcoming years: 1) Road modernization and\nintegration with neighboring roads and transportation networks; 2) Development\nof regional airports and expansion of existing airport capacity, and 3)\nMaintenance and consolidation of urban transport infrastructure, through\ninstalments of innovative transportation tools including but not limited to\nwater-taxis and air-conditioned buses. Myanmar needs to scale up its enabling\ninfrastructure like transport, power supply and public utilities.\n\nChina's Belt and Road Initiative (BRI) infrastructure projects may affect 24\nmillion people in Myanmar living in the BRI corridors, thus transforming the\nallocation of economic benefits and losses among economic actors in the\ncountry."
  },
  {
    "chapter_name": "Economy of Myanmar",
    "chapter_id": "1",
    "section_number": "3",
    "section_name": "External trade",
    "text": "Burmese exports in 2006 **2006–2007 Financial Year Trade volume (in US$000,000)** Sr. No.  | Description  | 2006–2007 Budget Trade Volume  | 2006–2007 Real Trade Volume\n---|---|---|---\nExport | Import | Trade Volume | Export | Import | Trade Volume\n1 | Normal Trade | 4233.60 | 2468.40 | 6702.00 | 4585.47 | 2491.33 | 7076.80\n2 | Border Trade | 814.00 | 466.00 | 1280.00 | 647.21 | 445.40 | 1092.61\n| Total | 5047.60 | 2934.40 | 7982.00 | 5232.68 | 2936.73 | 8169.41\n**Total Trade Value for Financial year 2006–2007 to Financial year 2009–2010** No | Financial Year | Export Value | Import Value | Trade Value (US$, 000,000)\n---|---|---|---|---\n1 | 2006–2007 | 5222.92 | 2928.39 | 8151.31\n2 | 2007–2008 | 6413.29 | 3346.64 | 9759.93\n3 | 2008–2009 | 6792.85 | 4563.16 | 11356.01\n4 | 2009–2010 | 7568.62 | 4186.28 | 11754.90"
  },
  {
    "chapter_name": "Economy of Myanmar",
    "chapter_id": "1",
    "section_number": "4",
    "section_name": "Macro-economic trends",
    "text": "This is a chart of trend of gross domestic product of Burma at market prices\nestimated by the International Monetary Fund and EconStats with figures in\nmillions of Myanmar kyats.\n\nYear | Gross Domestic Product | US dollar exchange | Inflation index (2000=100)\n---|---|---|---\n1965 | 7,627 |  |\n1970 | 10,437 |  |\n1975 | 23,477 |  |\n1980 | 38,608 |  |\n1985 | 55,988 |  |\n1990 | 151,941 |  |\n1995 | 604,728 |  |\n\nThe following table shows the main economic indicators in 1999–2024.\n\nYear  | GDP (in billion US$ PPP)  | GDP per capita (in US$ PPP)  | GDP (in billion US$ nominal)  | GDP growth (real)  | Inflation (in Percent)  | Government debt (in % of GDP)\n---|---|---|---|---|---|---\n1999  | 32.59  | 725  | 6.04  | 8.4%  | 26.8%  | 155%\n2000  | 37.47  | 822  | 7.26  | 12.4%  | 4.3%  | 169%\n2001  | 43.09  | 934  | 6.69  | 12.5%  | **–** 19.8%  | 269%\n2002  | 48.11  | 1,033  | 6.50  | 9.9%  | 21.9%  | 196%\n2003  | 55.53  | 1,182  | 8.34  | 13.2%  | 47.5%  | 150%\n2004  | 65.76  | 1,390  | 10.10  | 15.3%  | 8.0%  | 130%\n2005  | 77.02  | 1,618  | 11.38  | 13.6%  | 6.9%  | 122%\n2006  | 89.96  | 1,879  | 12.75  | 13.3%  | 16.6%  | 106%\n2007  | 103.95  | 2,157  | 16.76  | 12.5%  | 34.4%  | 80%\n2008  | 113.96  | 2,350  | 23.91  | 7.6%  | 20.9%  | 61%\n2009  | 119.69  | 2,452  | 28.97  | 4.4%  | 3.7%  | 58%\n2010  | 127.50  | 2,594  | 35.75  | 5.2%  | 5.9%  | 56%\n2011  | 137.25  | 2,772  | 50.29  | 5.5%  | 6.8%  | 51%\n2012  | 148.87  | 2,983  | 55.13  | 6.5%  | 0.4%  | 49%\n2013  | 163.37  | 3,246  | 59.18  | 7.9%  | 6.4%  | 46%\n2014  | 179.84  | 3,543  | 63.15  | 8.2%  | 5.7%  | 35%\n2015  | 195.07  | 3,810  | 62.66  | 7.5%  | 7.3%  | 36%\n2016  | 209.55  | 4,058  | 60.09  | 6.4%  | 9.1%  | 38%\n2017  | 225.56  | 4,334  | 61.27  | 5.8%  | 4.6%  | 40%\n2018  | 270.05  | 5,149  | 66.70  | 6.4%  | 5.9%  | 40%\n2019  | 300.15  | 5,681  | 68.80  | 6.8%  | 8.6%  | 39%\n2020  | 310.84  | 5,843  | 77.80  | **–** 1.2%  | 5.7%  | 41%\n2021  | 251.02  | 4,688  | 68.05  | **–** 10.5%  | 3.6%  | 61%\n2022  | 258.25  | 4,793  | 61.77  | **–** 4.0%  | 18.4%  | 62%\n2023  | 274.34  | 5,061  | 64.51  | 2.5%  | 27.1%  | 60%\n2024  | 283.75  | 5,206  | 64.28  | 1.0%  | 22.0%  | 61%\n\nAccording to the CIA World Factbook,\n\n> Burma, a resource-rich country, suffers from pervasive government controls,\n> inefficient economic policies, and rural poverty. The junta took steps in\n> the early 1990s to liberalize the economy after decades of failure under the\n> \"Burmese Way to Socialism,\" but those efforts stalled, and some of the\n> liberalization measures were rescinded. Burma does not have monetary or\n> fiscal stability, so the economy suffers from serious macroeconomic\n> imbalances – including inflation, multiple official exchange rates that\n> overvalue the Burmese kyat, and a distorted interest rate regime. Most\n> overseas development assistance ceased after the junta began to suppress the\n> democracy movement in 1988 and subsequently refused to honor the results of\n> the 1990 legislative elections. In response to the government of Burma's\n> attack in May 2003 on Aung San Suu Kyi and her convoy, the US imposed new\n> economic sanctions against Burma – including a ban on imports of Burmese\n> products and a ban on provision of financial services by US persons. A poor\n> investment climate further slowed the inflow of foreign exchange. The most\n> productive sectors will continue to be in extractive industries, especially\n> oil and gas, mining, and timber. Other areas, such as manufacturing and\n> services, are struggling with inadequate infrastructure, unpredictable\n> import/export policies, deteriorating health and education systems, and\n> corruption. A major banking crisis in 2003 shuttered the country's 20\n> private banks and disrupted the economy. As of December 2005, the largest\n> private banks operate under tight restrictions limiting the private sector's\n> access to formal credit. Official statistics are inaccurate. Published\n> statistics on foreign trade are greatly understated because of the size of\n> the black market and unofficial border trade – often estimated to be as\n> large as the official economy. Burma's trade with Thailand, China, and India\n> is rising. Though the Burmese government has good economic relations with\n> its neighbors, better investment and business climates and an improved\n> political situation are needed to promote foreign investment, exports, and\n> tourism.\n\nThe economy saw continuous real GDP growth of at least 5% from 2009 onwards."
  },
  {
    "chapter_name": "Economy of Myanmar",
    "chapter_id": "1",
    "section_number": "5",
    "section_name": "Foreign investment",
    "text": "Though foreign investment has been encouraged, it has so far met with only\nmoderate success. The United States has placed trade sanctions on Burma. The\nEuropean Union has placed embargoes on arms, non-humanitarian aid, visa bans\non military regime leaders, and limited investment bans. Both the European\nUnion and the US have placed sanctions on grounds of human rights violations\nin the country. Many nations in Asia, particularly India, Thailand and China\nhave actively traded with Burma. However, on April 22, 2013, the EU suspended\neconomic and political sanctions against Burma.\n\nThe public sector enterprises remain highly inefficient and also privatisation\nefforts have stalled.[_citation needed_] The estimates of Burmese foreign\ntrade are highly ambiguous because of the great volume of black market\ntrading. A major ongoing problem is the failure to achieve monetary and fiscal\nstability. One government initiative was to utilise Burma's large natural gas\ndeposits. Currently, Burma has attracted investment from Thai, Malaysian,\nFilipino, Russian, Australian, Indian, and Singaporean companies. Trade with\nthe US amounted to $243.56 million as of February 2013, accounting for 15\nprojects and just 0.58 per cent of the total, according to government\nstatistics."
  },
  {
    "chapter_name": "Economy of Myanmar",
    "chapter_id": "1",
    "section_number": "5.1",
    "section_name": "Asian investment",
    "text": "_The Economist_ 's special report on Burma points to increased economic\nactivity resulting from Burma's political transformation and influx of foreign\ndirect investment from Asian neighbours. Near the Mingaladon Industrial Park,\nfor example, Japanese-owned factories have risen from the \"debris\" caused by\n\"decades of sanctions and economic mismanagement.\" Japanese Prime Minister\nShinzō Abe has identified Burma as an economically attractive market that will\nhelp stimulate the Japanese economy. Among its various enterprises, Japan is\nhelping build the Thilawa Port, which is part of the Thilawa Special Economic\nZone, and helping fix the electricity supply in Yangon.\n\nJapan is not the largest investor in Myanmar. \"Thailand, for instance, the\nsecond biggest investor in Myanmar after China, is forging ahead with a bigger\nversion of Thilawa at Dawei, on Myanmar's Tenasserim Coast ... Thai rulers\nhave for centuries been toying with the idea of building a canal across the\nKra Isthmus, linking the Gulf of Thailand directly to the Andaman Sea and the\nIndian Ocean to avoid the journey round peninsular Malaysia through the Strait\nof Malacca.\" Dawei would give Thailand that connection."
  },
  {
    "chapter_name": "Economy of Myanmar",
    "chapter_id": "1",
    "section_number": "5.2",
    "section_name": "Chinese investment",
    "text": "China, by far the biggest investor in Burma, has focused on constructing oil\nand gas pipelines that \"crisscross the country, starting from a new terminus\nat Kyaukphyu, just below Sittwe, up to Mandalay and on to the Chinese border\ntown of Ruili and then Kunming, the capital of Yunnan province\". This would\nprevent China from \"having to funnel oil from Africa and the Middle East\nthrough the bottleneck around Singapore\".\n\nSince the Myanmar's military junta took power as the State Peace and\nDevelopment Council junta in 1988, the ties between China's People's\nLiberation Army and Myanmar's military forces developed and formalised key\nties between the two states. China became Myanmar's key source of aid, loans\nand other financial assistance. China remained Myanmar's biggest foreign\ninvestor in 2013 even after the economy opened up to other providers like\nJapan and India. Chinese monetary assistance allowed China to gain structural\npower of Myanmar and a dominant position within the natural resource sector.\nDuring this period, an underdeveloped Burmese industrial sector was driven in\npart by Chinese investment and consumption of a few key extractive sectors\nsuch as mining, driving domestic production away from consumer goods sectors\nlike textiles and electronics.\n\nYanlonkyine Gate on the Myanmar-China Border within Kokang Self-Administered\nZone in 2019.\n\nLegal two-way trade between Burma and mainland China reached US$1.5 billion\nannually by 1988 and additional Chinese trade, investment, economic, and\nmilitary aid was sought to invigorate and jumpstart the re-emerging Burmese\neconomy.[_citation needed_] An influx of foreign capital investment from\nmainland China, Germany, and France has led to the development of new\npotential construction projects across Burma. Many of these infrastructure\nprojects are in the hands of Chinese construction contractors and civil\nengineers with various projects such as irrigation dams, highways, bridges,\nground satellite stations, and an international airport for Mandalay. Burmese\nentrepreneurs of Chinese ancestry have also established numerous joint\nventures and corporate partnerships with mainland Chinese State-owned\nenterprises to facilitate the construction of oil pipelines that potentially\ncould create thousands of jobs throughout the country.[_citation needed_]\nPrivate Chinese companies rely on the established overseas Chinese bamboo\nnetwork as a conduit between mainland China and Burmese Chinese businesses to\nnavigate the local economic landscape and facilitate trade between the two\ncountries. Mainland China is now Burma's most important source of foreign\ngoods and services as well as one of the most important sources of capital for\nforeign direct investment (FDI) in the country. In the fiscal year 2013, Chin\naccounted for 61 percent of all foreign direct investment. Between 2007 and\n2015, Chinese FDI increased from US$775 million to US$21.867 billion\naccounting for 40 percent of all FDI in the country. Much of this investment\nwent into Burma's energy and mining industries. Chinese private firms account\nfor 87% percent of total legal cross-border trade at Ruili and have a\nconsiderable amount of structural power over the illicit economy of Myanmar.\nChinese structural power over Burma's structure of finance also allows China\nto maintain a dominant position within the country's natural resource sector,\nprimarily Burma's latent oil, gas, and uranium sectors. China's position as\nthe country's primary investor also allows it to be its largest consumer of\nits extractive industries. Many Chinese state-owned enterprises have set their\nsights on Burma's high-value natural resource industries such as raw jade\nstones, teak and timber, rice, and marine fisheries."
  },
  {
    "chapter_name": "Economy of Myanmar",
    "chapter_id": "1",
    "section_number": "5.3",
    "section_name": "Foreign aid",
    "text": "The level of international aid to Burma ranks amongst the lowest in the world\n(and the lowest in the Southeast Asian region)—Burma receives $4 per capita in\ndevelopment assistance, as compared to the average of $42.30 per capita.\n\nIn April 2007, the US Government Accountability Office (GAO) identified the\nfinancial and other restrictions that the military government places on\ninternational humanitarian assistance in the Southeast Asian country. The GAO\nreport, entitled \"Assistance Programs Constrained in Burma,\" outlines the\nspecific efforts of the Burmese government to hinder the humanitarian work of\ninternational organisations, including by restricting the free movement of\ninternational staff within the country. The report notes that the regime has\ntightened its control over assistance work since former Prime Minister Khin\nNyunt was purged in October 2004.\n\nFurthermore, the reports states that the military government passed guidelines\nin February 2006, which formalised Burma's restrictive policies. According to\nthe report, the guidelines require that programs run by humanitarian groups\n\"enhance and safeguard the national interest\" and that international\norganisations co-ordinate with state agents and select their Burmese staff\nfrom government-prepared lists of individuals. United Nations officials have\ndeclared these restrictions unacceptable.\n\n> The shameful behavior of Burma's military regime in tying the hand of\n> humanitarian organizations is laid out in these pages for all to see, and it\n> must come to an end,\" said U.S. Representative Tom Lantos (D-CA). \"In\n> eastern Burma, where the military regime has burned or otherwise destroyed\n> over 3,000 villages, humanitarian relief has been decimated. At least one\n> million people have fled their homes and many are simply being left to die\n> in the jungle.\"\n\nUS Representative Ileana Ros-Lehtinen (R-FL) said that the report \"underscores\nthe need for democratic change in Burma, whose military regime arbitrarily\narrests, tortures, rapes and executes its own people, ruthlessly persecutes\nethnic minorities, and bizarrely builds itself a new capital city while\nfailing to address the increasingly urgent challenges of refugee flows,\nillicit narcotics and human trafficking, and the spread of HIV/AIDS and other\ncommunicable diseases.\""
  },
  {
    "chapter_name": "Economy of Myanmar",
    "chapter_id": "1",
    "section_number": "6",
    "section_name": "Other statistics",
    "text": "**Electricity – production:** 17,866.99 GWh (2016 est.)\n\n**Electricity – consumption:** 7,572.60 GWh Residential, 4,650.90 GWh\nIndustrial, 3,023.27 GWh Commercial, 2,384.89 GWh Loss (2016 est.)\n\n**Electricity – exports:** 2,381.34 kWh (2016)\n\n**Electricity – imports:** 0 kWh (2006)\n\n**Agriculture – products:** rice, pulses, beans, sesame, groundnuts,\nwatermelon, avocado sugarcane; hardwood; fish and fish products\n\n**Currency:** 1 kyat (K) = 100 pyas\n\n**Exchange rates:** kyats per US dollar – 1,205 (2008 est.), 1,296 (2007),\n1,280 (2006), 5.82 (2005), 5.7459 (2004), 6.0764 (2003) note: unofficial\nexchange rates ranged in 2004 from 815 kyat/US dollar to nearly 970 kyat/US\ndollar, and by year end 2005, the unofficial exchange rate was 1,075 kyat/US\ndollar; data shown for 2003–05 are official exchange rates\n\n**Foreign Direct Investment** In the first eight months, Myanmar has received\ninvestment of US$5.7 billion. Singapore has remained as the top source of\nforeign direct investments into Myanmar in the financial year of 2019-2020\nwith 20 Singapore-listed enterprises bringing in US$1.85 billion into Myanmar\nin the financial year 2019-2020. Hong Kong stood as the second-largest\ninvestors with an estimated capital of US$1.42 billion from 46 enterprises,\nfollowed by Japan investing $760 million in Myanmar.\n\n**Foreign Trade** Total foreign trade reached over US$24.5 billion in the\nfirst eight months of the fiscal year (FY) 2019-2020 .\n\n**Internet Usage** In January 2024, there were 24.11 million internet users in\nMyanmar. This means 44.0% of the total population used the internet."
  }
]