[
  {
    "chapter_name": "Economy of Palestine",
    "chapter_id": "1",
    "section_number": "1",
    "section_name": "Introduction",
    "text": "The **economy of Palestine** refers to the economic activity of Palestine.\nPalestine receives substantial financial aid from various international\ndonors, including governments and international organizations. In 2020, the\ninflation rate was -0.7% and the unemployment rate was 25.9%. While exports\nwere recorded at US$1 billion, with an import value of US$6 billion.\nContributors to the national economy is service sector (47%), wholesale and\nrepair (19%), manufacturing (12%), agriculture (7%), finance and banking (3%),\nconstruction (5%), information technology (5%) and transportation sector (2%).\n\nThis aid is crucial for supporting the Palestinian Authority and funding\npublic services and development projects. Palestinians working abroad send\nmoney back to their families in Palestine. These remittances provide a\nsignificant source of income for many households. Palestinian economy relies\nheavily on donations and international aid from various sources, including\nUNRWA, Qatar, Turkey, the European Union, and non-governmental organizations.\nContribution to the economy also comes from remittances sent by the\nPalestinian diaspora. Gazans experience additional difficulties as they are\nsubjected to a siege, with Israel controlling the movement of people and goods\nin and out of Gaza. Nonetheless, there are limited business opportunities\navailable in Gaza. Contrastingly, the West Bank provides Palestinians with\nmore diverse opportunities. Some individuals own businesses in tourism-driven\nareas such as Bethlehem and Jerusalem, as tourism serves as a significant\nsource of income. Others engage in various types of enterprises in cities like\nRamallah and Hebron, ranging from trading to construction and IT services.\nFurthermore, approximately 100,000 Palestinians find employment in Israeli\ncompanies as low-cost labor, earning significantly less than the average\nIsraeli worker.\n\nWhile trade is restricted due to political factors, Palestine does engage in\nsome export activities. Palestinian products, such as agricultural goods and\ntraditional crafts, are exported to regional and international markets.\nDespite the challenges, tourism plays a role in the Palestinian economy. The\nhistorical and cultural significance of places like Bethlehem and Jerusalem\ndraws tourists. Agriculture remains a crucial sector, with Palestinians\ncultivating crops, producing olive oil, and raising livestock. Some\nPalestinians work in various service industries, including education,\nhealthcare, and technology. Palestine hosts numerous international non-\ngovernmental organizations (NGOs) and humanitarian agencies, which contribute\nto the local economy and provide employment."
  },
  {
    "chapter_name": "Economy of Palestine",
    "chapter_id": "1",
    "section_number": "1",
    "section_name": "History",
    "text": "GDP per capita in the Palestinian territories rose by 7% per year from 1968 to\n1980 but slowed during the 1980s. Between 1970 and 1991 life expectancy rose\nfrom 56 to 66 years, infant mortality per 1,000 fell from 95 to 42, households\nwith electricity rose from 30% to 85%, households with safe water rose from\n15% to 90%, households with a refrigerator rose from 11% to 85%, and\nhouseholds with a washing machine rose from 23% in 1980 to 61% in 1991.\n\nEconomic conditions in the West Bank and Gaza Strip, where economic activity\nwas governed by the Paris Economic Protocol of April 1994 between Israel and\nthe Palestinian Authority, deteriorated in the early 1990s. Real per capita\nGDP for the West Bank and Gaza Strip (WBGS) declined 36.1% between 1992 and\n1996 owing to the combined effect of falling aggregate incomes and robust\npopulation growth. The downturn in economic activity was due to Israeli\nclosure policies in response to terrorist attacks in Israel, which disrupted\npreviously established labor and commodity market relationships. The most\nserious effect was the emergence of chronic unemployment. Average unemployment\nrates in the 1980s were generally under 5%; while by the mid-1990s it had\nrisen to over 20%. After 1997, Israel's use of comprehensive closures\ndecreased and new policies were implemented. In October 1999, Israel permitted\nthe opening of a safe passage between the West Bank and the Gaza Strip in\naccordance with the 1995 Interim Agreement. These changes in the conduct of\neconomic activity fueled a moderate economic recovery in 1998–99.\n\nAs a result of the Israeli blockade, 85% of factories were shut or operated at\nless than 20% capacity. It is estimated that Israeli businesses lost $2\nmillion a day from the closure while Gaza lost approximately $1 million a day.\nThe World Bank estimated the nominal GDP of the territories at US$4,007,000\nand of Israel at US$161,822,000. Per capita these numbers are respectively\nUS$1,036 and US$22,563 per year."
  },
  {
    "chapter_name": "Economy of Palestine",
    "chapter_id": "1",
    "section_number": "1.1",
    "section_name": "Prosperity",
    "text": "During the worldwide recession of the 1930s, Palestine, including its Arab\npopulation, suffered severe economic hardships. The global economic downturn\nhad an impact on the region, leading to economic decline and increased\nunemployment. However, by the end of World War II, Palestine had experienced a\nsignificant level of prosperity and was considered one of the most advanced\ncountries in the Middle East in terms of economic development. This prosperity\nwas attributed to several factors. Firstly, during the war, Palestine served\nas a center of British communications, which brought numerous benefits to the\neconomy. The region benefited from contracts in transport, military\nconstruction, and supply, as well as the establishment of a large oil refinery\nin Haifa. These activities created employment opportunities and stimulated\neconomic growth. Additionally, agricultural exports, particularly citrus\nfruit, saw a marked increase during this period. The disruption of supplies\nfrom other parts of the Mediterranean due to the war, especially the actions\nof the Germans, created a higher demand for Palestinian citrus products. This\npresented an opportunity for both Arab and Jewish citrus producers to take\nadvantage of the increased demand and contribute to the economic growth.\nAlthough many contracts awarded by the British Mandatory authorities during\nthis period went to the new Jewish immigrants, Arab Palestinians also\nbenefited from the economic opportunities. Arab Palestinians were able to\nprovide cheaper labor, which made them attractive for employment in various\nsectors. They found employment in the railroads, large military construction\nprojects, and government departments like the police.\n\nDuring the war, Palestine experienced a period of economic prosperity, which\ncoincided with new forms of investment and trade that connected the region and\nits entrepreneurs to the global market. The profits generated during this time\nwere invested in various financial instruments such as shares, government\nbonds, and commodity stocks. After the dispersion of people in 1948, some\nindividuals were able to recover a portion of their wealth through these\ninvestments. The passage suggests that data collected by the Mandatory\ngovernment provides estimates of the wealth held in Palestine during that\nperiod. According to the data, the total ownership of capital in the country\nin 1945 amounted to 281 million Palestinian pounds. Of this total,\napproximately 47 percent (132.6 million pounds) was owned by the Arab\ncommunity. The majority of this wealth (74.8 million pounds) was invested in\nrural landholdings that could not be transferred abroad. However, there were\nother assets, such as investments in foreign stocks and shares, which were in\na form that could be recovered by those who went into exile. These foreign\nliquid assets amounted to just over 39 million pounds. Additionally, Arab\nbanks in Palestine held 7 million pounds in bank deposits, and another 3\nmillion pounds were deposited in the Ottoman Bank or the local branch of\nBarclays Bank, some of which was recovered through international litigation in\nthe early 1950s.\n\nA significant portion of the bank deposits held in Arab banks in Palestine,\namounting to approximately 10 million pounds, was transferred to Jordan. This\ntransfer occurred as a result of the mass displacement of Palestinians during\nthe 1948-1949 Arab-Israeli war, with many seeking refuge in Jordan.\nFurthermore, it mentions that at least 1.5 million pounds in the form of\nbanknotes was brought into the country prior to the abolition of the\nPalestinian currency. This indicates that individuals who left Palestine took\nphysical banknotes with them as they sought refuge or migrated to other\nregions. At least 1.5 million pounds in the form of banknotes was transferred\nto Syria. Smaller amounts being sent to Egypt and Iraq. These transfers\nsuggest that some individuals who left Palestine took physical banknotes with\nthem to these countries."
  },
  {
    "chapter_name": "Economy of Palestine",
    "chapter_id": "1",
    "section_number": "1.2",
    "section_name": "Economic rise (1970—2000)",
    "text": "During the 1970s and subsequent years, a considerable number of Palestinians\nsought employment opportunities in Israel. This labor integration provided\nincome and remittances, which had positive effects on the Palestinian economy.\nPalestinian workers played a significant role in various sectors of the\nIsraeli economy, such as construction, agriculture, and manufacturing. While\nthere were some economic benefits from labor integration, the overall economic\ndisparities between Israel and the occupied Palestinian territories persisted.\nPalestinians faced limited access to resources, markets, and capital, which\nhindered their economic development.\n\nIntegration into the Israeli labor market provided Palestinians with access to\njob opportunities that were not readily available in the occupied territories.\nPalestinians found employment in various sectors, including construction,\nagriculture, manufacturing, and services. This helped alleviate unemployment\nand provided a source of income for Palestinian workers and their families.\nThe General Federation of Trade Unions, representing Palestinian workers, was\nfounded to advocate for their rights and interests.\n\nPalestinian exports peaked in 1981 followed by a decline through the 1990s. In\nthe same time period imports nearly doubled, increasing a trade deficit of 35%\nof GDP in 1981 to a deficit of 45% of GDP in 1996. The first Intifada, a\nPalestinian uprising against Israeli occupation, which took place from 1987 to\n1993, had a profound impact on the Palestinian economy. The Intifada led to\nwidespread disruptions, closures, and restrictions imposed by Israel, which\ngreatly affected economic activities and livelihoods. In 1991, the invasion of\nKuwait and resulting Gulf War affected the Palestinian economy. The Madrid\nConference, held that same year, improved economic collaboration between the\nArab countries and Israel.\n\nThe Oslo Accords, signed in the 1990s, led to the establishment of the\nPalestinian Authority (PA) and limited self-governance in parts of the West\nBank and Gaza. The PA took on responsibilities in areas such as trade,\ninvestment, and public services. However, the overall impact on the\nPalestinian economy was mixed, as the peace process faced setbacks and the\nIsraeli occupation persisted. In 1994, The Paris Protocol was signed,\noutlining economic relations between Israel and the PA, including provisions\nfor labor movement and employment. Next year, the Israeli government imposed\nrestrictions on the movement of Palestinian workers within Israel due to\nsecurity concerns. The PA assumed control over some economic sectors,\nincluding tourism, trade, and investment by 1995. Until 1999 the Palestinian\neconomy experienced a period of relative growth and stability with increased\ninternational aid and improved economic indicators.\n\nFor 30 years, Israel permitted thousands of Palestinians to enter the country\neach day to work in construction, agriculture and other blue-collar jobs.\nDuring this period, the Palestinian economy was significantly greater than the\nmajority of Arab states. Until the mid-1990s, up to 150,000 people—about a\nfifth of the Palestinian labor force—entered Israel each day. After\nPalestinians unleashed a wave of suicide bombings, the idea of separation from\nthe Palestinians took root in Israel. Israel found itself starved for labor,\nand gradually replaced most of the Palestinians with migrants from Thailand,\nRomania and elsewhere."
  },
  {
    "chapter_name": "Economy of Palestine",
    "chapter_id": "1",
    "section_number": "1.3",
    "section_name": "Intifada and recovery (2000–present)",
    "text": "In 2005, the PNA Ministry of Finance cited the Israeli West Bank barrier,\nwhose construction began in the second half of 2002, as one reason for the\ndepressed Palestinian economic activity. Real GDP growth in the West Bank\ndeclined substantially in 2000, 2001, and 2002, and increased modestly in 2003\nand 2004. The World Bank attributed the modest economic growth since 2003 to\n\"diminished levels of violence, fewer curfews, and more predictable (albeit\nstill intense) closures, as well as adaptation by Palestinian business to the\ncontours of a constrained West Bank economy\". Under a \"disengagement scenario\"\nthe Bank predicted a real growth rate of −0.2% in 2006 and −0.6% in 2007.\n\nIn the wake of Israel's unilateral disengagement from Gaza, there were\nshortages of bread and basic supplies due to closure of the al Mentar/Karni\nborder-crossing into Israel. Israel's offer to open other crossings was turned\ndown by the Hamas-run Palestinian authority.\n\nFollowing the January 2006 legislative elections, decisively won by Hamas, the\nQuartet (apart from Russia) cut all funds to the Palestinian Authority led by\nprime minister Ismail Haniyah (Hamas). The PA had a monthly cash deficit of\n$60 million-$70 million after it received $50 million – $55 million a month\nfrom Israel in taxes and customs duties collected by Israeli officials at the\nborders. After the elections, the Palestinian stock market fell about 20%, and\nthe PA exhausted its borrowing capacity with local banks. Israel ceased\ntransferring $55 million in tax receipts to the PA. These funds accounted for\na third of the PA's budget and paid the wages of 160,000 Palestinian civil\nservants (among them 60,000 security and police officers). The United States\nand the European Union halted direct aid to the PA, while the US imposed a\nfinancial blockade on PA's banks, impeding the transfer of some of the Arab\nLeague's funds (e.g. Saudi Arabia and Qatar). In May 2006, hundreds of\nPalestinians demonstrated in Gaza and the West Bank demanding payment of their\nwages. Tension between Hamas and Fatah rose as a result of this \"economic\nsqueeze\" on the PA.\n\nIn 2009, the Israeli military removed its checkpoint at the entrance of Jenin\nin a series of reductions in security measures. In September 2012, EU\nactivists stated that the Palestinian economy \"lost access to 40% of the West\nBank, 82% of its groundwater and more than two-thirds of its grazing land\" due\nto the occupation and settlement construction.\n\nThe first planned Palestinian city named Rawabi is under construction north of\nRamallah, with the help of funds from Qatar. In 2013, commercial trade between\nIsrael and the Palestinian territories was valued at US$20 billion annually."
  },
  {
    "chapter_name": "Economy of Palestine",
    "chapter_id": "1",
    "section_number": "1.4",
    "section_name": "Agriculture",
    "text": "Agriculture is a mainstay in the economy. The production of agricultural goods\nsupports the population's sustenance needs and fuels Palestine's export\neconomy. According to the Council for European Palestinian Relations, the\nagricultural sector formally employs 13.4% of the population and informally\nemploys 90% of the population. Around 183,000 hectares of land in the\nPalestinian territories are cultivated, of which around half is used for olive\nproduction. Olive products earn more in export income than any other\nagricultural crop.\n\nOver the past 10 years, unemployment rates in Palestine have increased and the\nagricultural sector became the most impoverished sector in Palestine.\n\nPalestinian agriculture suffers from numerous problems, blockades to\nexportation of produce and importation of necessary inputs, widespread\nconfiscation of land for nature reserves as well as military and settler use,\nconfiscation and destruction of wells, and physical barriers within the West\nBank. Because the root of the conflict is with land, the disputes between\nIsrael and Palestine are well-manifested in the agriculture of Palestine."
  },
  {
    "chapter_name": "Economy of Palestine",
    "chapter_id": "1",
    "section_number": "1.5",
    "section_name": "High tech",
    "text": "During the 2000s, a high-tech sector emerged in the Palestinian territories,\nsupported by its proximity to Israel, and by 2013, 4,500 Palestinians worked\nin the IT sector, specializing in software outsourcing (including outsourced\nwork from Israeli companies), telecommunication development and manufacturing\nequipment. The Palestinian IT sector grew from 0.8% of GDP in 2008 to 5% in\n2010. The industry has seen a 64% increase in foreign business since 2009. The\nmajority of Palestinian IT companies are concerted in the city of Ramallah\nnorth of Jerusalem.\n\nSince 2010, Israeli high-tech companies have begun to employ Palestinian\nengineers. To date, most of them are outsourced workers, but Mellanox, a\ncomputer hardware firm, plans to hire 15–20 Palestinian engineers as regular\nemployees. Joint economic cooperation between Israelis and Palestinians\nofficials has experienced growth over the past years. Starting in 2008, Cisco\nSystems began a concerted effort to jump-start the nascent Palestinian IT\nsector with a holistic ecosystem approach, encompassing venture capital,\nprivate equity, capacity building and direct outsourcing to Palestinian\ncompanies. The company invested $15 million toward that end and drew in other\nmajor international investors and donors, including Microsoft, HP and Google.\nThe Palestinian IT sector has since grown from 0.8% of GDP in 2008 to 5% in\n2010.\n\nIn May 2018, the World Bank published a major report into the Palestinian\ntechnology sector entitled, \"Tech startup ecosystem in West Bank and Gaza.\"\nAccording to the report, as of early 2017, there were 241 active tech start-\nups in Palestinian Territories, which has created a total of 1,247 jobs. The\nreport also recorded 51 active investors in Palestinian tech companies (around\n75 percent angel investors and 25 percent venture capital firms). Among the\nmajor VC firms listed are Sadara Ventures, Ibtikar Fund and Oasis500. Venture\ncapital firms reported having invested just under US$150 million in over 40\nPalestinian tech companies by 2017. The report also recorded 20 start-up\naccelerator programs, 19 of which are in the West Bank, and one, Gaza Sky\nGeeks, in the Gaza Strip. Today Palestine is known as the \"Silicon Valley of\nthe NGOs\".[_citation needed_]"
  },
  {
    "chapter_name": "Economy of Palestine",
    "chapter_id": "1",
    "section_number": "1.6",
    "section_name": "Traditional industries",
    "text": "A wide variety of handicrafts, many of which have been produced by Arabs in\nPalestine for hundreds of years, continue to be produced today. Palestinian\nhandicrafts include embroidery work, pottery-making, soap-making, glass-\nmaking, weaving, and olive-wood and Mother of Pearl carvings, among others.\nSome Palestinian cities in the West Bank, particularly Bethlehem, Hebron and\nNablus have gained renown for specializing in the production of a particular\nhandicraft, with the sale and export of such items forming a key part of each\ncity's economy.\n\nStonecutting is a traditional source of income for the Palestinian economy.\nThe annual average output per worker in the stone industry is higher than in\nany other sector. There are 650 stone production outlets in the West Bank, 138\nof them in Beit Fajjar. The quarried material is cut into a rich range of\npink, sand, golden, and off-white bricks and tiles known as Jerusalem stone."
  },
  {
    "chapter_name": "Economy of Palestine",
    "chapter_id": "1",
    "section_number": "1.7",
    "section_name": "Tourism",
    "text": "Intercontinental Jacir Palace in Bethlehem\n\nIn 2010, 4.6 million people visited the Palestinian territories, compared to\n2.6 million in 2009. Of that number, 2.2 million were foreign tourists while\n2.7 million were domestic. This number of international visits is misleading,\nhowever, since most tourists come for only a few hours or as part of a day\ntrip itinerary. In the last quarter of 2012 over 150,000 guests stayed in West\nBank hotels; 40% were European and 9% were from the United States and Canada.\nMajor travel guides write recently that \"the West Bank is not the easiest\nplace in which to travel but the effort is richly rewarded.\"\n\nThe Palestinian Authority and Israeli tourism ministries have attempted to\nwork together on tourism in the Palestinian territories in a Joint Committee.\nRecent cooperation to share access to foreign tourists has not proven\nsuccessful in Palestine for many reasons relating to the occupation. Israel\ncontrols the movement of tourists into the West Bank. Foreign tourism is\npresently restricted to East Jerusalem and the West Bank, following the August\n2013 indefinite closing of the Rafah crossing located between Egypt and the\nHamas controlled Gaza Strip. There is essentially no tourist flow to Gaza\nsince 2005 because of the ongoing Israeli military land, air, and sea\nblockade.\n\nIn 2013 Palestinian Authority Tourism minister Rula Ma'ay'a stated that her\ngovernment aims to encourage international visits to Palestine, but the\noccupation is the main factor preventing the tourism sector from becoming a\nmajor income source to Palestinians. There are no visa conditions imposed on\nforeign nationals other than those imposed by the visa policy of Israel.\nAccess to Jerusalem and the West Bank is controlled by the Government of\nIsrael and access to Gaza is controlled by Hamas. Entry to the occupied\nPalestinian territories requires only a valid international passport but entry\nto Israel may be denied for Palestinians or Arabic visitors. In October 2009,\na new project got underway promoting tourism and travel between the two areas.\nNew business efforts and tourist attractions have been initiated in Jenin.\n\nA large number of international brands operates their hotels in the\nPalestinian territories of both the West Bank and the Gaza Strip. These\ninclude Intercontinental Jacir Palace, Seven Arches Hotel Intercontinental,\nMarriott Gaza (later Al-Mashtal) and Millennium Palestine Ramallah Hotel. In\n1995, Marriott International proposed to construct a business center-cum-\nluxury hotel in Gaza. The project was later changed to another hotel, in the\nsame city."
  },
  {
    "chapter_name": "Economy of Palestine",
    "chapter_id": "1",
    "section_number": "1.8",
    "section_name": "Oil and gas",
    "text": "The presence of oil and gas reserves in Palestine has become a contentious\nissue, with some advocates suggesting that these fossil fuel resources are\ninfluencing Israel's attacks on the region. According to a 2019 U.N. report,\nit is estimated that over 3 billion barrels of oil exist off the coast and\nbeneath the occupied lands of Palestine. Additionally, the Levant Basin in the\nMediterranean is believed to hold around 1.7 billion barrels of oil, with\nanother 1.5 billion barrels estimated to lie beneath the occupied West Bank\narea. However, under Israeli occupation, Palestinians are not allowed to drill\nfor oil and gas or develop their independent energy systems, including solar\nenergy. Meanwhile, Israel has been actively claiming these resources for\nitself, approving licenses for companies to explore for more offshore gas\nfields. The Israeli government is also interested in building a pipeline to\nexport gas to European nations, particularly as Europe seeks alternative\nenergy providers due to the ongoing conflict between Russia and Ukraine.\n\nMany advocates argue that foreign interests in extracting these resources from\nPalestinian lands are contributing to the potential genocide faced by\nPalestinians. Throughout history, foreign policy in the Middle East has often\nrevolved around fossil fuels, and this situation seems no different. The\nstruggle between Israelis and Palestinians dates back to colonial times, with\ntensions and conflicts fueled by the desire for community, safety, and control\nof the land. The discovery of oil in the region further complicated the\nsituation, as world powers sought to secure access to this crucial commodity.\nThe intertwined history of oil and the creation of modern Middle Eastern\nstates makes it difficult to separate conflicts in the region from the\ninfluence of oil and gas resources. The presence of billions of barrels of oil\nin Palestine, combined with the geopolitical interests of various actors, adds\nanother layer of complexity to the Israel–Palestine conflict. When it comes to\nthe presence of oil and gas reserves in Palestine, there is an ongoing\nconflict between Israel and Palestine over the ownership and exploitation of\nthese resources. In 1999, a gas field was discovered about 20 miles off the\ncoast of Gaza. However, negotiations between Israel and Palestine to divide\nthese resources were disrupted by the Second Intifada, or Palestinian\nuprisings, which began in 2000.\n\nUnder international law, the oil and gas resources in Palestine should belong\nto the occupied territory and not the occupying power (Israel). However,\nIsrael has been benefiting from the oil and gas reserves beneath Palestinian\nlands and waters. Palestine has been unable to access these resources,\nresulting in a loss of billions of dollars of economic potential. Moreover,\nthere are concerns about the environmental impact of fossil fuel extraction,\nand Palestinian activists are pushing for a focus on renewable energy instead.\nThe international community's complicity in the ongoing Israeli occupation and\nthe conflict in Gaza is seen by some as intricately tied to capitalist\ninterests and the pursuit of profit. The history of colonialism and the\nextraction of oil resources in the Middle East is seen as part of the wider\ncontext of the Israel-Palestine conflict. While some argue that fossil fuels\nhave a marginal role in the conflict, others believe that religious ideology,\ngeopolitical strategies, and access to trading routes play a bigger role.\nOverall, the conflict in Palestine and the pursuit of oil and gas resources\nhave deep historical and geopolitical roots that contribute to the ongoing\ntensions in the region.\n\nPalestine holds massive potential reserves of oil and gas. Over 3 billion\nbarrels (480,000,000 m3) of oil are estimated to exist off the coast and\nbeneath occupied Palestinian lands. The Levant Basin holds around 1.7 billion\nbarrels (270,000,000 m3) of oil, with another 1.5 billion barrels (240,000,000\nm3) barrels beneath the occupied West Bank area. Around 2 billion barrels\n(320,000,000 m3) of oil reserves are believed to exist in shore of the Gaza\nStrip. According to a report by the UNCTAD, around 1,250 billion barrels\n(1.99×1011 m3) of oil reserves are in the occupied Palestinian territory of\nthe West Bank, probably the Meged oil field. As per the Palestinian Authority,\n80% of this oil field falls under the lands owned by Palestinians.\n\nMasadder, a subsidiary of the Palestine Investment Fund is developing the\noilfield in the West Bank. Block-1 field, which spans an area of 432 square\nkilometres (167 sq mi) from northwest Ramallah to Qalqilya in Palestine, has\nsignificant potential for recoverable hydrocarbon resources. It is estimated\nto have a P90 (a level of certainty) of 0.03 billion barrels (4,800,000 m3) of\nrecoverable oil and 6,000,000,000 cubic feet (170,000,000 m3). The estimated\ncost for the development of the field is $390 million, and it will be carried\nout under a production sharing agreement with the Government of Palestine.\nCurrently, an initial pre-exploration work program is underway to prepare for\ndesigning an exploration plan for approval, which will precede the full-\nfledged development of the field.\n\nNatural gas in Palestine is mostly found in Gaza Strip. Gaza Marine is a\nnatural gas field, located around 32 kilometres (20 mi) from the coast of the\nterritory in the Mediterranean shore. It holds gas reserves ranging between 28\nbillion cubic metres (990 billion cubic feet) to 32 billion cubic metres (1.1\ntrillion cubic feet). These estimates far exceed the needs of the Palestinian\nterritories in energy. The gas field was discovered by the British Gas Group\nin 1999. Upon the discovery of the gas field, it was lauded by Yasser Arafat\nas a \"Gift from God\". A regional cooperation between the Palestinian\nAuthority, Israel and Egypt were signed for developing the field and Hamas\nalso gave approval to the Palestinian Authority. However, since the ongoing\nGaza war, this project have been delayed."
  },
  {
    "chapter_name": "Economy of Palestine",
    "chapter_id": "1",
    "section_number": "1.9",
    "section_name": "Communications",
    "text": "The World Bank estimated in 2016 that restrictive measures placed by Israel on\ntelecommunication operators in the West Bank have had a notable negative\nimpact on the development of the Palestinian telecommunications networks,\nwhich is sustaining losses in the range of $1 billion. These restrictive\nmeasures include the denial to operate in 60% of the West Bank under Israeli\nmilitary administration (Area C), limitations on the importation of technology\nfor ICT companies, requiring Palestinian operators to access international\nlinks via a company with Israeli registration, delaying in the provision of\nmobile broadband, the failure to set in place an independent regulator for the\nsector in the territories, and Israeli operators who lack appropriate\nauthorizations who continue to operate in the Palestinian market."
  },
  {
    "chapter_name": "Economy of Palestine",
    "chapter_id": "1",
    "section_number": "1.10",
    "section_name": "West Bank",
    "text": "In 2007, the economy in the West Bank improved gradually. Economic growth\nreached about 4–5% and unemployment dropped about 3%. Israeli figures\nindicated that wages in the West Bank rose more than 20% in 2008 and trade\nrose about 35%. Tourism in Bethlehem increased to about twice its previous\nlevels, and tourism increased by 50% in Jericho. Life expectancy is 73.4,\nplacing the territories 77th in the world, compared with a life expectancy of\n72.5 in Jordan, 71.8 in Turkey, and 80.7 in Israel. Car sales in 2008 were\ndouble those of 2007. The International Monetary Fund report for the West Bank\nforecast a 7% growth rate for 2009.\n\nThe Bethlehem Small Enterprise Center opened in early 2008. Funded by Germany,\nthe center has helped to promote computer literacy and marketing skills.\n\nView of Bethlehem\n\nIn 2009, efforts continued to build Palestinian local institutions and\ngovernments from the ground up. Much of this work was done by Tony Blair and\nUS General Keith Dayton. Some analysts saw this as a more substantial way to\nlay a groundwork for viable institutions and for local peace. In August 2009,\na state of the art web-based system for tracking goods coming in and out of\nthe area by Palestinian customs was launched in partnership with the United\nNations Conference on Trade and Development.\n\nIn 2009, an economic \"boom\" began with growth reaching 8 percent, higher than\nin Israel or the West. However, with inflation around 9.9% that same year,\nreal economic growth is actually negative insofar as purchasing power has\ndecreased. Tourism to Bethlehem, which had doubled to 1 million in 2008, rose\nto nearly 1.5 million in 2009. New car imports increased by 44 percent. New\nshopping malls opened in Jenin and Nablus. As an outcome of the Palestine\nInvestment Conference, Palestinian developers are planning to build the first\nmodern Palestinian city, Rawabi.\n\nBank of Palestine, Ramallah\n\nIn 2010, Ramallah was described as a hub of the economic activity thanks to\nimproved security within the city, successful battle against corruption and\nlarge consumer base.\n\nIn 2011, the Palestinian Planning Minister said that GDP growth was expected\nto reach 9%, rising to 10% in 2012 and 12% in 2013."
  },
  {
    "chapter_name": "Economy of Palestine",
    "chapter_id": "1",
    "section_number": "1.11",
    "section_name": "East Jerusalem",
    "text": "East Jerusalem was once the business and shopping hub of the West Bank.\nHowever, since the advent of Israeli security checkpoints and the separation\nbarrier starting over a decade ago, it has become isolated from its customer\nbase leading to serious economic decline. According to Hanna Siniora of the\nPalestinian-American Chamber of Commerce, the turning point was 1993. He\nstates that since then East Jerusalem has become a closed city through\nisolation from the rest of the West Bank causing a loss of 50% of its business\nbetween 1993 and 2001.\n\nAccording to a 2012 report by the Association for Civil Rights in Israel and\ninterviews conducted by the Forward, the decline of the economy in East\nJerusalem has led to unprecedented levels of poverty, with 80% of the\nPalestinian population living below the poverty line. The main cause is seen\nas the political and physical barriers separating it from the rest of the West\nBank. The ACRI report attributing the problem to \"'the cumulative effects of\nannexation, neglect, rights violations and the completion of the separation\nbarrier.\" Another contributing factor to the economic decline is the housing\nsituation. The Israeli government has facilitated extensive construction for\nIsraeli settler neighborhoods, but has severely restricted development and\nbuilding for the Palestinian population."
  },
  {
    "chapter_name": "Economy of Palestine",
    "chapter_id": "1",
    "section_number": "1.12",
    "section_name": "Gaza Strip",
    "text": "Gaza City\n\nAccording to CIA's _The World Factbook_ , Israel's closure policy, which was\nextended when the Hamas administration came to power in 2007, was responsible\nfor high levels of poverty and unemployment and a significant decline of the\nprivate sector which was heavily reliant upon export markets. Israel blamed\nHamas for taking actions that led to the closure policy. A large part of the\npopulation is dependent on humanitarian assistance, primarily from the UN\nagencies.\n\nAn easing of Israel's closure policy in 2010 resulted in an improvement in\nsome economic indicators, but regular exports from the Gaza Strip were still\nprohibited. According to the Israeli Defense Forces, the economy improved in\n2011, with a drop in unemployment and an increase in GDP. New malls have\nopened, local industry is developing and the economic upswing has led to the\nconstruction of hotels and a rise in the import of cars. Wide-scale\ndevelopment has been made possible by the unhindered movement of goods into\nGaza through the Kerem Shalom Crossing and tunnels between the Gaza Strip and\nEgypt. The current rate of trucks entering Gaza through Kerem Shalom is 250\ntrucks per day. This figure fluctuates depending on the level of interference\nwith goods being brought into Gaza from Egypt through tunnels. The increase in\nbuilding activity has led to a shortage of construction workers. To make up\nfor the deficit, young people are being sent to learn the trade in Turkey."
  },
  {
    "chapter_name": "Economy of Palestine",
    "chapter_id": "1",
    "section_number": "2",
    "section_name": "Currency",
    "text": "Under the Protocol on Economic Relations, the Palestinians are not allowed to\nindependently introduce a separate Palestinian currency. Instead, the Israeli\nnew shekel is the main currency of the Palestinian territories. In the West\nBank the Jordanian dinar is also used. The shekel is used for most\ntransactions, especially retail, while the dinar is used more for savings and\ndurable goods transactions. The United States dollar is also sometimes used\nfor savings and for purchasing foreign goods. The dollar is used by the\noverwhelming majority of transactions overseen by the Palestinian Monetary\nAuthority (that functions as Palestine's central bank), which only represent a\nfraction of the transactions conducted in Palestine or by Palestinians.\n\nIn the Gaza Strip, the shekel is also the main currency, though it is in short\nsupply due to the blockade of the Gaza Strip by the PA, Israel and Egypt.\n\nBecause the Palestinian Monetary Authority does not issue its own currency, it\nis therefore unable to pursue an independent and effective monetary policy. At\nthe same time, the use of multiple currencies increases the costs and creates\ninconvenience arising from fluctuating exchange rates."
  },
  {
    "chapter_name": "Economy of Palestine",
    "chapter_id": "1",
    "section_number": "3",
    "section_name": "Taxation",
    "text": "Taxation in the Palestinian territories is a complex system which may involve\npayment to the Palestinian Authority (PA) and/or Israel. In 2005, the PA\ncollected approximately $34 million per month from taxes and other charges,\nwhile Israel collected about $75 million per month in tariffs on foreign\nimports and value added taxes (VAT) on Israeli goods and services and on\naverage retained about $15 million for the payment of water and power bills of\nPalestinians, while forwarding the other $60 million to the PA. Israeli\ncollected funds account for about two-thirds of the PA's self-generated\nrevenue, which Reuters put at $100 million in December 2012. Since the 2006\nPalestinian legislative election and the formation of a Hamas government in\nthe PA, Israel has regularly withheld the taxes it owes the PA."
  },
  {
    "chapter_name": "Economy of Palestine",
    "chapter_id": "1",
    "section_number": "4",
    "section_name": "Employment",
    "text": "According to the Council for European Palestinian Relations, the agricultural\nsector formally employs 13.4% of the population and informally employs 90% of\nthe population. Over the past 10 years, unemployment rates in Palestine have\nincreased and the agricultural sector became the most impoverished sector in\nPalestine. Unemployment rates peaked in 2008 when they reached 41% in Gaza."
  },
  {
    "chapter_name": "Economy of Palestine",
    "chapter_id": "1",
    "section_number": "4.1",
    "section_name": "By Israelis",
    "text": "High unemployment in the Palestinian economy led about 100,000 Palestinians to\nwork in Israel. By March 2014, about 45,000 permits were issued for work in\nIsrael with further 25,000 issued for work in West Bank settlements. It is\nestimated 35,000 Palestinian work through illegal channels and without a\npermit. Recently[_when?_] the quota for permits has increased and minimum age\nfor obtaining one was reduced from 26 to 24. Sectors in which Palestinians are\nemployed include construction, manufacturing, commerce and agriculture.\n\nAs of 2013, average daily wages in Israel and the settlements is nearly 2.2\ntimes higher than in the private sector in the West Bank and over 4 times that\nin Gaza. As of 2022, Palestinian monthly minimum wage is ₪1,450, almost a\nquarter of the Israeli minimum wage of ₪5,300. In the West Bank, Israeli\nlabour laws are partially applied through military enactments, and a ruling of\nthe Supreme Court of Israel of 2007 apply the law for work done inside Israeli\nsettlements. Yet, there have been incidents where Israeli employers did not\nfulfill their legal obligations to the employees by refusing to provide a\npaycheck or hide the number of work hours to avoid labour laws such as minimum\nwage or social security benefits.\n\nIn 2014, an article published on Al-Hayat Al-Jadida, the Palestinian\nAuthority's official daily, praised Israeli treatment of Palestinian workers.\nWith having added benefits such as transportation, medical and pensions,\nPalestinians are quick to leave their Palestinian employers and work for\nIsraelis, whenever they have the opportunity to do so. Safety rules are\nenforced strictly by Israeli Workers' Union and physical examinations are done\nby doctors. The PA has passed labour laws but do not enforce rules such as the\nminimum wage, annual vacations, sick leave or extra payments for overtime\nwork."
  },
  {
    "chapter_name": "Economy of Palestine",
    "chapter_id": "1",
    "section_number": "5",
    "section_name": "Foreign aid",
    "text": "In 2008, the West Bank and Gaza economies were heavily reliant on foreign aid\nwhich stood at 1.8 billion[_clarification needed_]. Approximately 30% of the\nGDP, or US$487 per Palestinian per year came from aid. Foreign aid provided\nessential services for nearly half of the Palestinian people, and allowed the\nPalestinian Authority to operate and pay its estimated 140,000 employees.\n\nIn 2010, Arab states cut financial aid to the Palestinian Authority. According\nto the Palestinian Finance Ministry, the PA received $583.5 million in budget\nsupport by August 2010, of which only 22 percent came from Arab states. The\nremainder was from international donors, including the European Union and the\nUnited States. Salah Rafat, a member of the PLO Executive Committee, urged the\nArab countries to honor their financial pledges.\n\nIn April 2011, Salam Fayyad met with Western donors in Brussels and requested\n$5 billion in aid.\n\nAs part of a 2013 effort to inspire peace talks between Israelis and\nPalestinians, US Secretary of State John Kerry proposed a $4 billion plan of\nprivate investment in the Palestinian economy. The plan was described as\nhaving the potential to significantly grow the economy of the West Bank, but\nno specifics were provided as to what projects were envisioned, who would\ninvest the money, or what modifications might be required in Israel's\nrestrictions on the West Bank for the plan to work. The proposal was\ncoordinated in association with the Quartet, a Middle East peacemaking group\ncomprising the United States, Russia, the European Union and the United\nNations, for which former UK Prime Minister Tony Blair served as an envoy. The\nPalestinian Authority responded by indicating that it would not trade its\npolitical aspirations for economic aid, but was assured that the plan was\nmeant as a complement to negotiations, and not as a substitute. Peace talks\nfailed for unrelated reasons without any implementation of the proposal."
  },
  {
    "chapter_name": "Economy of Palestine",
    "chapter_id": "1",
    "section_number": "5.1",
    "section_name": "Commerce",
    "text": "Olives of Peace is a joint Israeli–Palestinian business venture to sell olive\noil. Through this project, Israelis and Palestinians have carried out joint\ntraining sessions and planning. The oil is sold under the brand name \"Olives\nof Peace.\"\n\nThe two regions are planning a joint industrial zone which would bridge the\nborder. Palestinians would produce locally-made handicrafts and sell them\nthrough Gilboa to other regions of the world. Another possible project is a\njoint language center, where Israelis and Palestinians would teach each other\nArabic and Hebrew, as well as aspects of their cultural heritage.\n\nIn 2011, bilateral trade between Israel and the Palestinian-ruled areas\nreached $4.3 billion, with Israeli exports to the PA amounting to $3.5 billion\nand Palestinian exports to Israel amounting to $816 million. According to\nNader Tamimi, chair of the Association of Traditional Industries in the PA,\nthere are regular interactions between Palestinian and Israeli businessmen.\n\nAt a conference hosted by the Faculty of Business and Management at Ben-Gurion\nUniversity of the Negev in 2012, Israeli and Palestinian trade experts met to\ndiscuss ways of promoting cross-border business interactions.\n\nIn 2013, commercial trade between Israel and the Palestinian Authority were\nvalued at US$20 billion annually. The continuously increasing transactions led\nto the creation of the joint Palestinian and Israeli initiative, the Jerusalem\nArbitration Center (JAC). The center will specialize as an independent\ninstitution focusing on business arbitration between Israelis and\nPalestinians.\n\nDue to the clearance crisis with Israel, the Palestinian economy was severely\nhit in terms of public finances, according to the World Bank's report in 2019.\nWorld Bank Acting Country Director for West Bank Gaza Anna Bjerde said, \"The\neconomy, which in 2018 saw no real growth, is now facing a severe fiscal shock\nbecause of the standoff over clearance revenue transfers.\" The report states,\n\"Against a background of declining aid flows, the recent standoff stemmed from\nIsrael’s unilateral deduction of US$138 million from the PA’s clearance\nrevenues in 2019 to offset estimated payouts to Palestinian martyrs and\nprisoners' families.\""
  },
  {
    "chapter_name": "Economy of Palestine",
    "chapter_id": "1",
    "section_number": "5.2",
    "section_name": "Conflict",
    "text": "In 2006, the unity of the Palestinian economy was fractured following Fatah-\nHamas split prompting Israel to sever direct ties between the West Bank and\nGaza. The following war in 2008–2009 destroyed most of the economic\ninfrastructure of the Gaza Strip and left the Palestinian economy without any\nremaining activity and $1.4 billion in debt. The Oslo Accords in 1993 aimed to\nprevent this, but was unable to keep the Palestinian economy from fluctuating.\nCurrently, the Palestinian economy lives on foreign aid and customs revenue\nbetween Israel and Palestine. However, Israeli restrictions continue to hamper\nand fragment the Palestinian economy. By 2008, 71% of the Gaza Strip's\npopulation was unemployed. The import and export prosperity in Palestine was\nimpacted by the border restrictions and constant Israeli control in the West\nBank and Gaza, which also weakened the industrial and agricultural sectors. In\norder for the Palestinian economy to prosper, the restrictions on Palestinian\nland must be removed. In the West Bank, the Israeli restrictions caused the\nPalestinian economy to lose $3.4bn (35% of the annual GDP), according to _The\nGuardian_ and a World Bank report.\n\nUnemployment in Gaza and the West Bank  | 2000  | 2001  | 2002  | 2003  | 2004  | 2005  | 2006  | 2007  | 2008\n---|---|---|---|---|---|---|---|---|---\nPercentage  | 12.5%  | 21%  | 32%  | 26%  | 27.5%  | 24.5%  | 23%  | 21.5%  | 26.5%"
  },
  {
    "chapter_name": "Economy of Palestine",
    "chapter_id": "1",
    "section_number": "6",
    "section_name": "Macroeconomic data",
    "text": "The following table shows the main economic indicators in 1994–2023. Inflation\nbelow 5% is in green.\n\nYear  | GDP\n(in bn. US$PPP) | GDP per capita\n(in US$ PPP) | GDP\n(in bn. US$ nominal) | GDP per capita\n(in US$ nominal) | GDP growth\n(real) | Inflation rate\n(in Percent) | Unemployment\n(in Percent) | Government debt\n(in % of GDP)\n---|---|---|---|---|---|---|---|---\n1994  | 5.85  | 2,524  | 2.84  | 1,227  | n/a  | n/a  | 18.6%  | n/a\n1995  | 6.40  | 2,575  | 3.28  | 1,322  | 7.1%  | n/a  | 18.7%  | n/a\n1996  | 6.59  | 2,506  | 3.41  | 1,296  | 1.2%  | n/a  | 23.5%  | n/a\n1997  | 7.69  | 2,763  | 3.76  | 1,351  | 14.7%  | 7.6%  | 20.1%  | n/a\n1998  | 8.89  | 3,096  | 4.07  | 1,417  | 14.3%  | 5.6%  | 14.2%  | n/a\n1999  | 9.76  | 3,295  | 4.27  | 1,442  | 8.3%  | 5.5%  | 11.8%  | n/a\n2000  | 9.13  | 2,990  | 4.31  | 1,413  | −8.6%  | 2.8%  | 14.3%  | 20.0%\n2001  | 8.47  | 2,697  | 4.00  | 1,276  | −9.3%  | 1.2%  | 25.3%  | 22.2%\n2002  | 7.52  | 2,333  | 3.56  | 1,103  | −12.5%  | 5.7%  | 31.2%  | 20.9%\n2003  | 8.75  | 2,639  | 3.97  | 1,197  | 14.0%  | 4.4%  | 25.5%  | 20.7%\n2004  | 10.95  | 3,214  | 4.60  | 1,351  | 21.9%  | 3.0%  | 26.8%  | 21.1%\n2005  | 12.57  | 3,583  | 5.13  | 1,461  | 11.3%  | 5.3%  | 23.5%  | 24.0%\n2006  | 12.83  | 3,552  | 5.35  | 1,481  | −1.0%  | 3.8%  | 23.7%  | 19.3%\n2007  | 13.68  | 3,677  | 5.82  | 1,564  | 3.8%  | 1.9%  | 21.7%  | 23.7%\n2008  | 14.97  | 3,919  | 7.31  | 1,913  | 7.4%  | 9.9%  | 26.6%  | 23.0%\n2009  | 16.36  | 4,171  | 8.09  | 2,062  | 8.6%  | 2.8%  | 24.5%  | 24.0%\n2010  | 17.52  | 4,354  | 9.68  | 2,406  | 5.8%  | 3.8%  | 23.7%  | 22.7%\n2011  | 19.59  | 4,750  | 11.19  | 2,712  | 9.6%  | 2.9%  | 20.9%  | 26.3%\n2012  | 21.18  | 5,010  | 12.21  | 2,889  | 6.1%  | 2.8%  | 23.0%  | 29.8%\n2013  | 22.55  | 5,210  | 13.52  | 3,123  | 4.7%  | 1.7%  | 23.4%  | 30.2%\n2014  | 22.91  | 5,171  | 13.99  | 3,159  | −0.2%  | 1.7%  | 26.9%  | 34.0%\n2015  | 23.98  | 5,293  | 13.97  | 3,084  | 3.7%  | 1.4%  | 25.9%  | 37.1%\n2016  | 26.35  | 5,689  | 15.41  | 3,326  | 8.9%  | −0.2%  | 26.9%  | 31.0%\n2017  | 27.20  | 5,747  | 16.13  | 3,407  | 1.4%  | 0.2%  | 25.5%  | 31.8%\n2018  | 28.40  | 5,851  | 16.28  | 3,353  | 1.2%  | −0.2%  | 26.3%  | 33.1%\n2019  | 30.49  | 6,127  | 17.13  | 3,443  | 1.4%  | 1.6%  | 25.4%  | 34.5%\n2020  | 28.61  | 5,608  | 15.53  | 3,045  | −11.3%  | −0.7%  | 25.9%  | 47.1%\n2021  | 27.88  | 5,333  | 18.11  | 3,464  | 7.0%  | 1.2%  | 26.4%  | 50.2%\n2022  | 31.09  | 5,805  | 19.17  | 3,579  | 4.1%  | 3.7%  | 24.4%  | 47.1%\n2023  | 30.46  | 5,562  | 17.42  | 3,181  | −5.4%  | 5.9%  | n/a  | 49.7%"
  },
  {
    "chapter_name": "Economy of Palestine",
    "chapter_id": "1",
    "section_number": "7",
    "section_name": "Development indicators",
    "text": "**School enrollment, primary (%) gross:** 94% in 2012\n\n**CO 2 Emission (metric tons per capita):** 0.6 in 2010\n\n**Poverty rate:** 25.8% in 2011\n\n**Improved water source rural:** 82% in 2012\n\n**Life expectancy at birth total years:** 73 in 2012\n\n**GNI per capita (current US $):** $2,810 in 2012\n\n**Population:** 4,169,509 in 2013"
  }
]