[
  {
    "chapter_name": "Economy of Algeria",
    "chapter_id": "1",
    "section_number": "1",
    "section_name": "Introduction",
    "text": "| **This article has multiple issues.** Please help **improve it** or discuss these issues on the **talk page**. _(Learn how and when to remove these messages)_ | | This article needs to be **updated**. Please help update this article to reflect recent events or newly available information. _( January 2021)_  \n---|---  \n| This article **needs additional citations forverification**. Please help\nimprove this article by adding citations to reliable sources. Unsourced\nmaterial may be challenged and removed.  \n_Find sources:_ \"Economy of Algeria\" – news **·** newspapers **·** books **·**\nscholar **·** JSTOR _( January 2021)__(Learn how and when to remove this\nmessage)_  \n---|---  \n  \n_(Learn how and when to remove this message)_  \n  \nAlgerian exports in 2006 View of the oil port of Béjaïa.\n\nThe **economy of Algeria** deals with Algeria's current and structural\neconomic situation. Currently, Algeria has a mixed economy. Since independence\nin 1962, Algeria has launched major economic projects to build up a dense\nindustrial base. However, despite these major achievements (roads, freeways,\nuniversities, hospitals, factories, housing, metro and tramway systems, etc.),\nthe Algerian economy has gone through various stages of turbulence.\n\nIn the 1980s, the Algerian economy experienced major difficulties. The oil\ncounter-shock of 1986 dealt a heavy blow to a virtually rentier economy,\nduring the period of anti-scarcity and stabilization plans. In the early\n1990s, Algeria embarked on a series of structural reforms, making the\ntransition to a market economy a reality.\n\nIn 2012, the Algerian economy remains highly dependent on hydrocarbon rents,\nwhich represent the country's main source of revenue, without having succeeded\nin diversifying and establishing internationally competitive\nindustrialization.\n\nThe 2017 report on Algeria by business intelligence and consultancy firm\nOxford Business Group (OGB), highlights the efforts devoted by the country to\nstrengthening and diversifying its economy against the backdrop of falling oil\nprices. The report highlights the growing contribution of the private sector\nto GDP, in particular the role of small and medium-sized enterprises (SMEs)\nsupported by new measures; as well as the financial services sector, which has\nseen positive developments such as the introduction of online payments.\n\nDespite the efforts made, the country still faces a number of short-term\nproblems, including the need to diversify the economy, strengthen political,\neconomic and financial reforms, improve the business climate and reduce social\ninequality between regions, in order to achieve better economic growth.\nAlgeria has the triple leverage of energy, mining and agriculture to\ncontribute, in the long term, to containing the supply crises in energy, rare\nearths (minerals useful for technology) and food.\n\nPublished in 2023, the World Bank's report on the Algerian economy calls for\nthe acceleration of institutional and micro-economic reforms, and paints a\npositive picture for the country's economy. The World Bank notes that the\npromulgation in 2022 of the new investment law and the publication of its\nimplementing regulations, the abolition in 2020 of the 51/49 rule for non-\nstrategic sectors, and the publication of the new hydrocarbons law in 2019 are\npositive steps, but must tackle the ecosystem, including paralyzing\nbureaucracy, with greater visibility in socio-economic policy.\n\nContinued implementation of government structural reform programs, creating\ngreater openness to the private sector, improving the economy’s\ncompetitiveness, and strengthening investment in human capital are all\nessential to the flourishing and resilience of the Algerian economy."
  },
  {
    "chapter_name": "Economy of Algeria",
    "chapter_id": "1",
    "section_number": "1",
    "section_name": "Historical trends",
    "text": "The total imports and exports on the eve of the French invasion (in 1830) did\nnot exceed £175,000. By 1850, the figures had reached £5,000,000; in 1868,\n£12,000,000; in 1880, £17,000,000; and in 1890, £20,000,000. From this point\nprogress was slower and the figures varied considerably year by year. In 1905\nthe total value of the foreign trade was £24,500,000. About five-sixths of the\ntrade is with or via France, into which country several Algerian goods have\nbeen admitted duty-free since 1851, and all since 1867. French goods, except\nsugar, have been admitted into Algeria without payment of duty since 1835.\nAfter the 1892 increase of the French minimum tariff which applied to Algeria\nfor the first time, foreign trade greatly diminished.[_citation needed_]\n\nGDP per capita grew 40% in the 1960s, reaching a peak growth of 538% in the\n1970s. Growth collapsed to 9.7% in the turbulent 1980s. Failure of timely\nreforms by successive governments caused the current GDP per capita to shrink\nby 28% in the 1990s.\n\nThis is a chart of trend of gross domestic product of Algeria at market prices\nestimated by the International Monetary Fund.\n\nYear | Gross Domestic Product\nmillion Algerian dinars | US Dollar Exchange\nAlgerian dinars | Inflation Index\n(2000=100) | Per Capita Income\n(as % of USA)\n---|---|---|---|---\n1980 | 162,500 | 3.83 | 9.30 | 18.51\n1985 | 291,600 | 4.77 | 14 | 15.55\n1990 | 554,400 | 12.19 | 22 | 10.65\n1995 | 2,004,990 | 47.66 | 73 | 5.39\n2000 | 4,123,514 | 75.31 | 100 | 5.17\n2005 | 7,493,000 | 73.44 | 114 | 7.43\n\nFor purchasing power parity comparisons, the US dollar is exchanged at 70.01\nAlgerian dinars only (updated May 24, 2007). Average wages in 2007 hover\naround US$18–22 per day.\n\nEast-West Highway near Relizane\n\nBurdened with a heavy foreign debt, Algiers concluded a one-year standby\narrangement with the International Monetary Fund in April 1994 and the\nfollowing year signed onto a three-year extended fund facility which ended 30\nApril 1998. In March 2006, Russia agreed to erase $4.74 billion of Algeria's\nSoviet-era debt during a visit by President Vladimir Putin to the country, the\nfirst by a Russian leader in half a century. In return, president Abdelaziz\nBouteflika agreed to buy $7.5 billion worth of combat planes, air-defence\nsystems and other arms from Russia, according to the head of Russia's state\narms exporter Rosoboronexport.\n\nSome progress on economic reform, Paris Club debt reschedulings in 1995 and\n1996, and oil and gas sector expansion contributed to a recovery in growth\nsince 1995, reducing inflation to approximately 1% and narrowing the budget\ndeficit. Algeria's economy has grown at about 4% annually since 1999. The\ncountry's foreign debt has fallen from a high of $28 billion in 1999 to its\ncurrent level of $5 billion. The spike in oil prices in 1999–2000 and the\ngovernment's tight fiscal policy, as well as a large increase in the trade\nsurplus and the near tripling of foreign exchange reserves has helped the\ncountry's finances. However, an ongoing drought, the after effects of the\nfloods of 10 November 2001 and an uncertain oil market made prospects for\n2002-03 more problematic. The government has pledged to continue its efforts\nto diversify the economy by attracting foreign and domestic investment outside\nthe energy sector.\n\nHotel Zianides in Tlemcen.\n\nPresident Bouteflika has announced sweeping economic reforms, which, if\nimplemented, will significantly restructure the economy. Still, the economy\nremains heavily dependent on volatile oil and gas revenues. The government has\ncontinued efforts to diversify the economy by attracting foreign and domestic\ninvestment outside the energy sector, but has had little success in reducing\nhigh unemployment and improving living standards. Other priority areas include\nbanking reform, improving the investment environment, and reducing government\nbureaucracy.\n\nThe government has announced plans to sell off state enterprises: sales of a\nnational cement factory and steel plant have been completed and other\nindustries are up for offer. In 2001, Algeria signed an Association Agreement\nwith the European Union. In June 1987, Algeria started accession negotiations\nfor entry into the World Trade Organization, but negotiations ceased in 2014.\n\nIn the 2000s the country enjoyed several years of strong economic performance,\nwith solid non-hydrocarbon growth, low inflation, an overall budget surplus\nand a positive trade balance."
  },
  {
    "chapter_name": "Economy of Algeria",
    "chapter_id": "1",
    "section_number": "1.1",
    "section_name": "GDP",
    "text": "In 2023 Algeria's nominal GDP is estimated to be US$224.10 billion. Using\npurchasing power parity, estimated GDP was US$628.99 billion, or US$13,680 on\na per capita basis. The estimated real growth rate is 2.6%, down from 3.4% in\n2022. In 2017 industry accounted for 39.3%% of GDP, services constituted\n47.4%, and agriculture provided the remaining 13.3%.\n\nAfter having virtually eliminated external debt before 2013, the drop\nhydrocarbon prices and revenues has led to a large budget deficit which has\nbeen only partly offset by spending cuts. Consequently, government debt has\nincreased to more than 30% of GDP. Inflation has remained at 3-6% on average\nfor 2013–17. However, the economy remains highly dependent on hydrocarbons,\nwhich represent 89% of total exports; a continued slowdown of global energy\ndemand has significantly put pressure on Algeria's fiscal and external\npositions."
  },
  {
    "chapter_name": "Economy of Algeria",
    "chapter_id": "1",
    "section_number": "1.2",
    "section_name": "Government budget",
    "text": "In 2007, government revenues of US$58.5 billion exceeded expenditures of\nUS$41.4 billion. Receipts from the hydrocarbons industry usually account for\nroughly 60% of revenues."
  },
  {
    "chapter_name": "Economy of Algeria",
    "chapter_id": "1",
    "section_number": "1.3",
    "section_name": "Development of macroeconomic indicators",
    "text": "The following table shows the main economic indicators in 1980–2023. Inflation\nunder 5% is in green.\n\nYear  | GDP\n(in billion US$ PPP) | GDP per capita\n(in US$ PPP) | GDP\n(in bn. US$ nominal) | GDP growth\n(real) | Inflation rate\n(in Percent) | Unemployment\n(in Percent) | Government debt\n(in % of GDP)\n---|---|---|---|---|---|---|---\n1980  | 89.7  | 4,808  | 42.3  | −5.4 %  | 9.7 %  | 15.8 %  | n/a\n1981  | 101.2  | 5,257  | 44.4  | 3.0 %  | 14.6 %  | 15.4 %  | n/a\n1982  | 114.3  | 5,755  | 44.8  | 6.4 %  | 6.7 %  | 15.0 %  | n/a\n1983  | 125.2  | 6,103  | 47.5  | 5.4 %  | 7.8 %  | 14.3 %  | n/a\n1984  | 137.0  | 6,469  | 51.5  | 5.6 %  | 6.3 %  | 16.5 %  | n/a\n1985  | 149.2  | 6,722  | 61.1  | 5.6 %  | 10.4 %  | 16.9 %  | n/a\n1986  | 151.9  | 6,664  | 61.5  | −0.2 %  | 14.0 %  | 18.4 %  | n/a\n1987  | 154.6  | 6,607  | 63.3  | −0.7 %  | 5.8 %  | 20.1 %  | n/a\n1988  | 157.0  | 6,515  | 51.7  | −1.9 %  | 5.9 %  | 21.8 %  | n/a\n1989  | 171.0  | 6,923  | 52.6  | 4.8 %  | 9.2 %  | 18.1 %  | n/a\n1990  | 178.8  | 7,146  | 61.9  | 0.8 %  | 9.3 %  | 19.8 %  | n/a\n1991  | 182.6  | 7,123  | 46.7  | −1.2 %  | 25.9 %  | 20.3 %  | 77.8 %\n1992  | 189.8  | 7,225  | 49.2  | 1.6 %  | 31.7 %  | 21.4 %  | 62.9 %\n1993  | 190.2  | 7,073  | 51.0  | −2.1 %  | 20.5 %  | 23.2 %  | 74.0 %\n1994  | 192.5  | 7,002  | 42.4  | −0.9 %  | 29.0 %  | 24.4 %  | 98.4 %\n1995  | 204.1  | 7,275  | 42.1  | 3.8 %  | 29.8 %  | 28.1 %  | 116.2 %\n1996  | 215.8  | 7,553  | 46.9  | 3.8 %  | 18.7 %  | 28.0 %  | 98.1 %\n1997  | 221.9  | 7,639  | 48.2  | 1.1 %  | 5.7 %  | 28.0 %  | 69.9 %\n1998  | 235.8  | 7,993  | 48.2  | 5.1 %  | 5.0 %  | 28.0 %  | 72.9 %\n1999  | 246.8  | 8,237  | 48.8  | 3.2 %  | 2.6 %  | 29.3 %  | 82.0 %\n2000  | 262.0  | 8,588  | 54.7  | 3.8 %  | 0.3 %  | 29.5 %  | 62.8 %\n2001  | 275.9  | 8,914  | 54.7  | 3.0 %  | 4.2 %  | 27.3 %  | 54.3 %\n2002  | 295.9  | 9,420  | 56.8  | 5.6 %  | 1.4 %  | 25.7 %  | 51.3 %\n2003  | 323.5  | 10,146  | 67.9  | 7.2 %  | 4.3 %  | 23.7 %  | 42.1 %\n2004  | 346.5  | 10,705  | 85.3  | 4.3 %  | 4.0 %  | 17.7 %  | 35.2 %\n2005  | 378.4  | 11,518  | 103.2  | 5.9 %  | 1.4 %  | 15.3 %  | 26.3 %\n2006  | 396.7  | 11,894  | 117.0  | 1.7 %  | 2.3 %  | 12.5 %  | 23.6 %\n2007  | 421.1  | 12,438  | 135.0  | 3.4 %  | 3.7 %  | 13.8 %  | 13.5 %\n2008  | 439.3  | 12,702  | 171.0  | 2.4 %  | 4.9 %  | 11.3 %  | 8.0 %\n2009  | 449.4  | 12,741  | 137.2  | 1.6 %  | 5.7 %  | 10.2 %  | 9.8 %\n2010  | 471.2  | 13,097  | 161.2  | 3.6 %  | 3.9 %  | 10.0 %  | 10.5 %\n2011  | 494.9  | 13,480  | 200.0  | 2.8 %  | 4.5 %  | 10.0 %  | 9.3 %\n2012  | 497.3  | 13,264  | 209.1  | 3.9 %  | 8.9 %  | 11.0 %  | 9.3 %\n2013  | 498.0  | 13,003  | 209.8  | 2.8 %  | 3.3 %  | 9.8 %  | 7.6 %\n2014  | 506.1  | 12,940  | 213.8  | 3.8 %  | 2.9 %  | 10.6 %  | 7.7 %\n2015  | 477.3  | 11,945  | 166.0  | 3.7 %  | 4.8 %  | 11.2 %  | 8.8 %\n2016  | 471.3  | 11,543  | 160.0  | 3.3 %  | 6.4 %  | 10.5 %  | 20.5 %\n2017  | 478.1  | 11,459  | 167.5  | 1.4 %  | 5.6 %  | 11.7 %  | 27.2 %\n2018  | 495.4  | 11,636  | 174.9  | 1.2 %  | 4.2 %  | 11.7 %  | 38.4 %\n2019  | 509.4  | 11,730  | 171.7  | 1.0 %  | 2.0 %  | 11.7 %  | 46.0 %\n2020  | 489.7  | 11,167  | 145.7  | −5.1 %  | 2.4 %  | 11.4 %  | 52.0 %\n2021  | 529.1  | 11,869  | 163.1  | 3.4 %  | 7.2 %  | n/a  | 62.8 %\n2022  | 584.3  | 12,900  | 195.1  | 3.2 %  | 9.3 %  | n/a  | 55.6 %\n2023  | 629.0  | 13,682  | 224.1  | 3.8 %  | 9.0 %  | n/a  | 55.1 %"
  },
  {
    "chapter_name": "Economy of Algeria",
    "chapter_id": "1",
    "section_number": "2",
    "section_name": "Public and private sectors",
    "text": "Algeria's economy includes a significant public sector built up under a policy\nof import substitution industrialization which remained intact after other\ndeveloping nations liberalised their economies under the influence of\nstructural adjustment programmes advocated by the World Bank and the\nInternational Monetary Fund towards the end of the 20th century. As of 2019,\nthis sector consisted of 400 publicly owned firms, and generates a third of\nthe state's revenue. Although economic liberalisation has advocates in\nAlgeria, in 2018 froze all plans to pursue privatisation.\n\nIn addition, the social safety net in Algeria is stronger than in other\ncountries in the region: it saw periods of expansion in the 1970s, and in the\n2000s, helping to build stability after the Civil War. It is supplemented by\nconsumer subsidies. These measures allow for wages to be kept low.\n\nThe restrictive political economy in Algeria and continued adherence to the\nISI model has limited foreign direct investment in the country: Algeria has\none of the lowest levels of FDI in Africa. However, local businesses have\nbenefited from the state undertaking public works projects in the construction\nof roads, ports, dams and housing. Both fixed capital formation and credit\nextended to the private sector increased during the 2010s."
  },
  {
    "chapter_name": "Economy of Algeria",
    "chapter_id": "1",
    "section_number": "2.1",
    "section_name": "Agriculture and forestry",
    "text": "Algeria's agricultural sector, which contributes about 8 percent of gross\ndomestic product (GDP) but employs 14 percent of the workforce, is unable to\nmeet the food needs of the country's population. As a result, some 45 percent\nof food is imported. The primary crops are wheat, barley, and potatoes.\nFarmers also have had success growing dates for export. Cultivation is\nconcentrated in the fertile coastal plain of the Tell region, which represents\njust a slice of Algeria's total territory. Altogether, only about 3 percent of\nAlgerian territory is arable. Even in the Tell, rainfall variability has a\nsignificant impact on production. Government efforts to stimulate farming in\nthe less arable steppe and desert regions have met with limited success.\nHowever, herdsmen maintain livestock, specifically cow and sheep in the High\nPlateaus region.\n\nAlgeria's climate and periodic wildfires are not conducive to a thriving\nforestry industry. However, Algeria is a producer of cork and Aleppo pine. In\n2005 roundwood removals totaled 7.8 million cubic meters, while sawnwood\nproduction amounted to only 13 million cubic meters per year.\n\nIn 2018, Algeria produced:\n\n* 4.6 million tonnes of potato (17th largest producer in the world);\n* 3.9 million tonnes of wheat;\n* 2 million tons of watermelon (6th largest producer in the world);\n* 1.9 million tons of barley (18th largest producer in the world);\n* 1.4 million tons of onion (16th largest producer in the world);\n* 1.3 million tons of tomato (18th largest producer in the world);\n* 1.1 million tons of orange (14th largest producer in the world);\n* 1 million tons of date (4th largest producer in the world, second only to Egypt, Saudi Arabia and Iran);\n* 860 thousand tons of olives (6th largest producer in the world);\n* 651 thousand tons of pepper;\n* 502 thousand tons of grape;\n* 431 thousand tons of carrot;\n* 388 thousand tons of pumpkin;\n* 262 thousand tons of tangerine;\n* 242 thousand tons of apricot (4th largest producer in the world, second only to Turkey, Iran and Uzbekistan);\n* 207 thousand tons of cauliflower and broccoli;\n* 202 thousand tons of garlic;\n* 200 thousand tons of pear;\n* 193 thousand tons of cucumber;\n* 190 thousand tons of peach;\n* 186 thousand tons of pea;\n* 181 thousand tons of aubergine;\n* 124 thousand tons of artichoke (5th largest producer in the world, losing only to Italy, Egypt, Spain and Peru);\n* 118 thousand tons of oats;\n* 111 thousand tons of plum (20th largest producer in the world);\n* 109 thousand tons of fig (4th largest producer in the world, second only to Turkey, Egypt and Morocco);\n\nIn addition to smaller productions of other agricultural products."
  },
  {
    "chapter_name": "Economy of Algeria",
    "chapter_id": "1",
    "section_number": "2.2",
    "section_name": "Fishing",
    "text": "Algeria's fishing industry does not take full advantage of the Mediterranean\ncoast, in part because fishing is generally done from small family-owned boats\ninstead of large commercial fishing trawlers. However, the government is\nattempting to boost the relatively small catch—slightly more than 125,000\nmetric tons in 2005—by modernizing fishing ports, permitting foreigners to\nfish in Algerian waters, and subsidizing fishing-related projects.\n\nFishing is a flourishing but minor industry. Fish caught are principally\nsardines, bonito, mackerel, smelt and sprats. Fresh fish are exported to\nFrance, dried and preserved fish to Spain and Italy. Coral fisheries are found\nalong the coast from Bona to Tunis. The annual catch averages around 142,000\ntons, 54% sardines."
  },
  {
    "chapter_name": "Economy of Algeria",
    "chapter_id": "1",
    "section_number": "2.3",
    "section_name": "Minerals",
    "text": "Algeria is rich in minerals; the country has many iron, lead, zinc, copper,\ncalamine, antimony and mercury mines. The most productive are those of iron\nand zinc. Lignite is found in Algiers; immense phosphate beds were discovered\nnear Tébessa in 1891, yielding 313,500 tons in 1905. Phosphate beds are also\nworked near Sétif, Guelma and Aïn Beïda. There are more than 300 quarries\nwhich produce, amongst other stones, onyx and white and red marbles. Algerian\nonyx from Ain Tekbalet was used by the Romans, and many ancient quarries have\nbeen found near Sidi Ben Yebka, some being certainly those from which the\nlong-lost Numidian marbles were taken. Salt is collected on the margins of the\nchotts.\n\nIn 2019, the country was the 17th largest world producer of gypsum, and the\n19th largest world producer of phosphate."
  },
  {
    "chapter_name": "Economy of Algeria",
    "chapter_id": "1",
    "section_number": "2.4",
    "section_name": "Banking and finance",
    "text": "Algeria's banking sector is dominated by public banks, which suffer from high\nlevels of non-performing loans to state-owned enterprises (SOEs). As of 2007,\npublic banks controlled 95 percent of total bank assets. In 2007 nonperforming\nloans represented a towering 38 percent of total loans at public banks,\naccording to International Monetary Fund (IMF) estimates. Modest progress has\nbeen made in implementing several reforms proposed by the IMF, including\nreplacing bank credits to SOEs with government subsidies; boosting bank\nsupervision, accountability, and transparency; and modernizing the payments\nsystem. One specific reform that has been achieved is the establishment in\n2006 of the Algerian Real Time Settlements system, which facilitates the\nprompt and reliable electronic transfer of payments. In November 2007, the\nproposed sale and privatization of Crédit Populaire d’Algérie was postponed\nbecause of turbulent market conditions. Recently, HSBC and Deutsche Bank\nannounced that they would commence commercial banking (in the case of HSBC)\nand investment banking (in the case of Deutsche Bank) in Algeria. Only a few\ncompanies are listed on the underdeveloped and relatively opaque Algiers stock\nexchange. The non-bank sector remains less developed, although recent reforms\nin the field of regulation and supervision have laid the foundations for\nleasing, factoring, and venture capital.\n\nThe Algerian equity market remains relatively shallow, with only four\ncompanies being listed in the Bourse d’Algerie. Conversely, the bond market\nhas expanded in recent years: the government has issued debt instruments with\nvarying maturities of up to fifteen years, and five private companies have\nissued corporate bonds.\n\nThe insurance sector was liberalized in 1995, but is still dominated by\ngovernment-owned institutions and so far accounts only for a very small part\nof the economy: total premium volume amounted to approximately 1 percent of\nGDP. The pension sector encompasses three pension funds, which attained\ncoverage of approximately 40 percent of the working population in 2005.\n\nBased on 2006 and 2007 estimates, 31 percent of the total population has\naccess to financial services, with one bank branch or post office every 7,250\ninhabitants. The microfinance sector still has great potential for further\ndevelopment. A 2006 study could not find major regulatory impediments to\nmicrofinance and suggested that the geographical net of postal offices –\noffering an increasing number of financial services to customers – holds a\nhigh potential of increasing access to finance for the Algerian population.\n\nOfficial remittance inflows increased steadily from US$1.9 to 2.9 billion\nbetween 2005 and 2007."
  },
  {
    "chapter_name": "Economy of Algeria",
    "chapter_id": "1",
    "section_number": "2.5",
    "section_name": "Tourism",
    "text": "Algeria's tourism industry, which contributes only about 1 percent of GDP,\nlags behind that of its neighbors Morocco and Tunisia. Algeria receives only\nabout 200,000 tourists and visitors annually. Ethnic Algerian French citizens\nrepresent the largest group of tourists, followed by Tunisians. The modest\nlevel of tourism is attributable to a combination of poor hotel accommodations\nand the threat of terrorism. However, the government has adopted a plan known\nas “Horizon 2025,” which is designed to address these shortcomings. Various\nhotel operators are planning to build hotels, particularly along the\nMediterranean coast. Another opportunity involves adventure holidays in the\nSahara (which comprises approximately 80% of the country's land area). In\naddition to potential ecotourism, the country boasts many cultural and\nhistorical sites, seven of which are UNESCO World Heritage Sites. The Algerian\ngovernment set the goal of boosting the number of foreign visitors, including\ntourists, to 10 million by 2030."
  },
  {
    "chapter_name": "Economy of Algeria",
    "chapter_id": "1",
    "section_number": "2.6",
    "section_name": "Other industries",
    "text": "Algeria has many diversified industries that contribute to meet local demands\nand some times to exportation. The food industry is one of the largest\nindustrial sector in Algeria. Private companies generally dominate the food\nsector in Algeria with large companies such as Cevital, La Belle, Groupe Bimo,\nHamoud Boualam, Ifri, Général Emballage.\n\nThe pharmaceutical industry is also present in Algeria, with the domination of\nstate-owned company Saidal, as well as other small private companies. The\nlocal pharmaceutical industry covers 38% of local needs.\n\nThe mechanical industry has existed in Algeria for a long time, with the\nstate-owned company SNVI (Société Nationale des Véhicules Industriels) being\nthe largest producer of buses and industrial vehicles in the region. These\nvehicles are exported to the Maghreb, Africa, and the Middle East. Mercedes-\nBenz has also invested in Algeria in cooperation with a state-owned company to\nproduce industrial and military vehicles. Deutz AG also invested to produce\nagricultural utilities.\n\nIn the electric and electronic industry, Algeria has made a great leap in the\nfield compared to its neighbours. The Algerian region Bordj-Bou-Arreridj is\nthe biggest electronic pole in Africa, local companies cover 83% of it needs\nand export other products, Algeria started producing some 100% home made\nelectronic product including smartphones, tablets, TV, TV decoders, air\nconditioning products ..., at least 16 big companies are active in the field,\nsome of the companies are : Bya Electronic, HB Technologies, ZALA Computer,\nCristor, Condor, Cobra, Continental électronique, Essalem Electronics, Samha,\nFRIGOR, BMS Electric, Bomare Company, etc.\n\nIn December 2023 Italian carmaker Fiat has announced that it has opened its\nfirst manufacturing plant in Tafraoui, Algeria."
  },
  {
    "chapter_name": "Economy of Algeria",
    "chapter_id": "1",
    "section_number": "3",
    "section_name": "Currency, exchange rate, and inflation",
    "text": "Algeria's currency is the Algerian dinar (DZD). The dinar is loosely linked to\nthe U.S. dollar in a managed float. Algeria's main export, crude oil, is\npriced in dollars, while most of Algeria's imports are priced in euros.\nTherefore, the government endeavors to manage fluctuations in the value of the\ndinar. As of April 2008, US$1 was equivalent to about DZD 64.6.\n\nAlgeria's foreign currency reserves have grown rapidly since 2000, reflecting\nrising prices for exported oil. At the end of 2007, foreign reserves totaled\nUS$99.3 billion, up from US$12 billion in 2000 and the equivalent of almost\nfour years of imports. In 2007 the estimated inflation rate was 4.6 percent.\n\nIn 2010, the IMF voiced concerns about poor management of Algeria's monetary\nsystem and inflation.\n\nIn April 2014, a report focusing on world economic projections was published\nby the IMF, according to which it was predicted that, in 2015, Algeria's\neconomic growth would fall by 1.5%, while unemployment would rise by 1.2%."
  },
  {
    "chapter_name": "Economy of Algeria",
    "chapter_id": "1",
    "section_number": "4",
    "section_name": "Labor",
    "text": "The largest employer is government, which claims 32 percent of the workforce.\nEven though industry is a much larger part of the economy than agriculture,\nagriculture employs slightly more people (14 percent of the workforce) than\nindustry (13.4 percent of the workforce). One of the reasons for this\ndisparity is that the energy sector is very capital-intensive. Trade accounts\nfor 14.6 percent of the workforce, while the construction and public works\nsector employs 10 percent, reflecting the government's efforts to upgrade the\ncountry's infrastructure and stock of affordable housing.\n\nUnemployment has remained at levels around 10% since 2010 but is significantly\nhigher for youth (24.8%) and women (16.3%)\n\nAt the end of 2006, the unemployment rate was about 15.7 percent, but the rate\namong those under the age of 25 was 70 percent. In 2005 the labor\nparticipation rate was only 52 percent, versus an Organisation for Economic\nCo-operation and Development average of 70 percent. New entrants to the\nworkforce and the lack of emigration options make unemployment a chronic\nproblem and an important challenge to the government. Given its highly\ncapital-intensive nature, the hydrocarbons industry is not in a position to\nemploy many job seekers."
  },
  {
    "chapter_name": "Economy of Algeria",
    "chapter_id": "1",
    "section_number": "5",
    "section_name": "International trade and investment",
    "text": "Algeria is seeking more trade and foreign investment. For example, the\nhydrocarbons law passed in April 2005 is designed to encourage foreign\ninvestment in energy exploration. Increased production could raise Algeria's\nprofile as a member of the Organization of the Petroleum Exporting Countries.\nIn keeping with its pro-trade agenda, Algeria achieved association status with\nthe European Union (EU) in September 2005. Over a 12-year period, the\nassociation agreement is expected to enable Algeria to export goods to the EU\ntariff-free, while it gradually lifts tariffs on imports from the EU. Algeria\nhas signed bilateral investment agreements with 20 different nations,\nincluding many European countries, China, Egypt, Malaysia, and Yemen. In July\n2001, the United States and Algeria agreed on a framework for discussions\nleading to such an agreement, but a final treaty has not yet been negotiated.\nUltimately, trade liberalization, customs modernization, deregulation, and\nbanking reform are designed to improve the country's negotiating position as\nit seeks accession to the World Trade Organization.\n\nIn 2007 Algerian imports totaled US$26.08 billion. The principal imports were\ncapital goods, foodstuffs, and consumer goods. The top import partners were\nFrance (22 percent), Italy (8.6 percent), China (8.5 percent), Germany (5.9\npercent), Spain (5.9 percent), the United States (4.8 percent), and Turkey\n(4.5 percent). In 2007 Algeria exported US$63.3 billion, more than twice as\nmuch as it imported. Exports accounted for 30 percent of gross domestic\nproduct (GDP). Hydrocarbon products constituted at least 95 percent of export\nearnings. The principal exports were petroleum, natural gas, and petroleum\nproducts. The top export partners were the United States (27.2 percent), Italy\n(17 percent), Spain (9.7 percent), France (8.8 percent), Canada (8.1 percent),\nand Belgium (4.3 percent). Algeria supplies 25 percent of the European Union's\nnatural gas imports. In 2007 Algeria posted a positive merchandise trade\nbalance of US$37.2 billion. In 2007 Algeria achieved a positive current\naccount balance of US$31.5 billion. High prices for Algeria's energy exports\nare the main driver for the improvement in the current account balance.\n\nAlgeria's trade surplus for 2010 rose to over $83.14 billion. The Algerian\nCentre for Information and Statistics Directorate of the Algerian Customs\nattribute this increase from the previous year to higher fuel revenue due to\nhigher prices for a barrel of oil, and a slight decrease in imports of\nconsumer non-food materials. The center said that Algerian exports rose by\n78.26% during the period from January to November 2010 from $27.51 billion to\n$44.4 billion during the same period in 2009. Imports grew by 89.1% from\n$43.36 billion to $76.35 billion between 2009 and 2010.\n\nReflecting strong oil export revenues, external debt is on a downward\ntrajectory. For example, these revenues facilitated early repayments of US$900\nmillion in loans from the African Development Bank and Saudi Arabia. In March\n2006, Algeria's purchase of 78 aircraft from Russia led to the cancellation of\nAlgeria's entire debt to Russia. In 2006 external debt was estimated at US$4.4\nbillion, down from US$23.5 billion in 2003.\n\nIn 2006 foreign direct investment (FDI) in Algeria totaled US$1.8 billion. The\npetrochemical, transport, and utilities sectors have been recent beneficiaries\nof FDI. FDI into the oil sector was expected to rise as a result of a\nhydrocarbons law, approved in April 2005, that created a more even playing\nfield for foreign oil companies to compete with Algeria's state-owned oil\ncompany, Sonatrach, for exploration and production contracts. Algeria also is\nseeking foreign investment in power and water systems.\n\nAs of August 2006, cumulative World Bank assistance to Algeria totaled US$5.9\nbillion, encompassing 72 projects. Currently, the World Bank is pursuing seven\nprojects, specifically budget modernization, mortgage finance, natural\ndisaster recovery, energy and mining, rural employment, telecommunications,\nand transportation. In 2005 economic assistance to Algeria from the United\nStates amounted to US$4.4 million, most of which was attributable to the\nMiddle East Partnership Initiative (MEPI) and the remainder to International\nMilitary Education and Training (IMET). MEPI encourages economic, political,\nand educational reform in the Middle East. In 2006 IMET, which provides U.S.\nmilitary training to foreign troops, had a budget of US$823 million. In 2005\nthe European Union contributed US$58 million to Algeria's economic development\nunder the Euro-Mediterranean Partnership."
  }
]