[
  {
    "chapter_name": "Economy of Gabon",
    "chapter_id": "1",
    "section_number": "1",
    "section_name": "Introduction",
    "text": "| This article includes a list of general references, but **it lacks\nsufficient correspondinginline citations**. Please help to improve this\narticle by introducing more precise citations. _( June 2016)__(Learn how and\nwhen to remove this message)_  \n---|---  \n  \nThe **economy of Gabon** is characterized by strong links with France, large\nforeign investments, dependence on skilled foreign labor, and decline of\nagriculture. Gabon on paper enjoys a per capita income four times that of most\nnations of Africa, but its reliance on resource extraction industry fail to\nrelease much of the population from extreme poverty, as much of 30% of the\npopulation lives under the poverty threshold (Many Foreign Guest Workers).\nGabon has a free market economy, while other sources claim that Gabon has a\nmixed economic system with a heavy reliance on oil, combined with relatively\nweak centralized economic planning and government regulation."
  },
  {
    "chapter_name": "Economy of Gabon",
    "chapter_id": "1",
    "section_number": "1",
    "section_name": "Resources",
    "text": "The country is rich in natural resources such as timber, manganese and oil.\nThe country is the fifth largest oil producing nation in Africa, which has\nhelped drive its strong growth in the later 20th century.\n\nThe oil sector now accounts for 50% of GDP and 80% of exports. Although there\nhave been recent offshore finds, oil production is now declining from its peak\nof 370,000 barrels per day (59,000 m3/d) in 1997, and periods of low oil\nprices have had a negative impact on government revenues and the economy. In\n2012 there were six active oil rigs in Gabon.\n\nAs of 2023, Gabon produces about 200,000 barrels a day (bpd) of crude oil.\n\nThe government has plans to diversify its economy away from its dwindling oil\nreserves. The government announced in 2012 that it would reassess exactly how\nmuch iron ore the Belinga site contains before awarding the concession to a\nmining company, most likely to be China's CMEC, which temporarily secured the\nrights to the ore in 2007.\n\nAround 80% of Gabonese live in cities. The capital city, Libreville is home to\n59% of the total population. The remainder of the country is still sparsely\npopulated, as those areas remain densely forested."
  },
  {
    "chapter_name": "Economy of Gabon",
    "chapter_id": "1",
    "section_number": "2",
    "section_name": "Statistics",
    "text": "**GDP - composition by sector:**\n_agriculture:_ 5.7%\n_industry:_ 57.2%\n_services:_ 37% (2008 est.)\n\n**Population below poverty line:** NA%\n\n**Household income or consumption by percentage share:**\n_lowest 10%:_ NA%\n_highest 10%:_ NA%\n\n**Inflation rate (consumer prices):** 5% (2008 est.)\n\n**Labour force:** 592,000 (2008 est.)\n\n**Labour force - by occupation:** agriculture 60%, services and government\n25%, industry and commerce 15% (2000 est.)\n\n**Unemployment rate:** 21% (2006 est.)\n\n**Budget:**\n_revenues:_ $4.46 billion\n_expenditures:_ $2.75 billion (2008 est.)\n\n**Industries:** food and beverage; textile; lumbering and plywood; cement;\npetroleum extraction and refining; manganese, uranium, and gold mining;\nchemical production; ship repair\n\n**Industrial production growth rate:** 1.5% (2008)\n\n**Oil - production** 244,000 bbl/d (38,800 m3/d) (2007 est.)\n\n**Oil - consumption** 13,170 bbl/d (2,094 m3/d) (2007 est.)\n\n**Oil - exports** 255,000 bbl/d (40,500 m3/d) (2005 est.)\n\n**Oil - imports** 2,485 bbl/d (395.1 m3/d) (2005 est.)\n\n**Oil - proven reserves** 2 billion barrels (320×10~~^~~ 6 m3) (1 January 2008\nest.)\n\n**Natural gas - production** 100 million cu m (2006 est.)\n\n**Natural gas - consumption** 100 million cu m (2006 est.)\n\n**Natural gas - exports** 0 cu m (2007 est.)\n\n**Natural gas - imports** 0 cu m (2007 est.)\n\n**Natural gas - proven reserves** 28.32 billion cu m (1 January 2008 est.)\n\n**Electricity - production:** 1.671 TWh (2006 est.)\n\n**Electricity - production by source:**\n_fossil fuel:_ 27.8%\n_hydro:_ 72.2%\n_nuclear:_ 0%\n_other:_ 0% (1998)\n\n**Electricity - consumption:** 1.365 GWh (2006 est.)\n\n**Electricity - exports:** 0 kWh (2006 est.)\n\n**Electricity - imports:** 0 kWh (1998)\n\n**Agriculture - products:** cocoa, coffee, sugar, palm oil, rubber; cattle;\nokoume (a tropical hardwood); fish\n\n**Current account - balance** $591 million (2010 est.)\n\n**Currency:** 1 Communauté financière africaine franc (CFAF) = 100 centimes\n\n**Exchange rates:** Communauté financière africaine francs (CFAF) per US$1 –\n507.71 (2010), 472.19 (2009), 447.81 (2008), 481.83 (2007), 522.89 (2006),\n647.25 (January 2000), 615.70 (1999), 589.95 (1998), 583.67 (1997), 511.55\n(1996), 499.15 (1995)\n_note:_ since 1 January 1999, the CFAF is pegged to the euro at a rate of\n655.957 CFA francs per euro"
  },
  {
    "chapter_name": "Economy of Gabon",
    "chapter_id": "1",
    "section_number": "3",
    "section_name": "Statistics table",
    "text": "The following table shows the main economic indicators in 1980–2017.\n\nYear  | GDP (in bil. US$ PPP)  | GDP per capita (in US$ PPP)  | GDP (in bil. US$ nominal)  | GDP growth\n(real)  | Inflation\n(in Percent)  | Government debt\n(Percentage of GDP)\n---|---|---|---|---|---|---\n1980  | 6.78  | 9,056  | 4.56  | ...  | 12.3%  | ...\n1985  | 9.89  | 11,853  | 3.74  | 5.8%  | 7.3%  | ...\n1990  | 12.00  | 12,903  | 6.34  | 5.1%  | 15.4%  | 90%\n1995  | 15.76  | 14,788  | 5.28  | 5.0%  | 9.6%  | 73%\n2000  | 17.35  | 14,395  | 5.40  | −1.9%  | 0.5%  | 72%\n2005  | 20.35  | 14,923  | 9.47  | −0.8%  | 1.2%  | 49%\n2006  | 20.58  | 14,720  | 10.16  | −1.9%  | −1.4%  | 40%\n2007  | 22.46  | 15,601  | 12.46  | 6.3%  | −1.0%  | 39%\n2008  | 23.30  | 15,590  | 15.57  | 1.7%  | −5.3%  | 20%\n2009  | 22.94  | 14,789  | 12.19  | −2.3%  | 1.9%  | 26%\n2010  | 24.68  | 15,326  | 14.38  | 6.3%  | 1.4%  | 21%\n2011  | 26.97  | 16,138  | 18.21  | 7.1%  | 1.3%  | 21%\n2012  | 28.91  | 16,665  | 17.18  | 5.3%  | 2.7%  | 21%\n2013  | 31.00  | 17,196  | 17.60  | 5.5%  | 0.5%  | 31%\n2014  | 32.96  | 18,020  | 18.21  | 4.4%  | 4.5%  | 34%\n2015  | 34.61  | 18,655  | 14.39  | 3.9%  | −0.1%  | 45%\n2016  | 35.78  | 19,017  | 14.02  | 2.1%  | 2.1%  | 64%\n2017  | 36.73  | 19,254  | 14.92  | 0.8%  | 3.0%  | 61%\n2018  | 40.78  | 20,123  | 16.83  | 0.4%  | 2.0%  | 62%"
  }
]