[
  {
    "chapter_name": "Economy of Turkey",
    "chapter_id": "1",
    "section_number": "1",
    "section_name": "Introduction",
    "text": "Economy of Turkey  \n---  \nEconomic history\n\n  * 2000s boom\n  * 2001 economic crisis\n  * Economic crisis (2018-present)\n\n  \nMoney\n\n  * Turkish lira\n  * Central Bank of the Republic of Turkey\n\n  \nStock exchange\n\n  * Istanbul Stock Exchange\n  * Companies listed on ISE\n\n  \nMajor projects\n\n  * Baku–Tbilisi–Ceyhan pipeline\n  * European Union–Turkey Customs Union\n  * Nabucco pipeline\n  * Southeastern Anatolia Project\n  * Land ownership\n\n  \nRelated topics\n\n  * Energy in Turkey\n  * Geography of Turkey\n  * Minimum wage in Turkey\n  * Science and technology in Turkey\n  * Telecommunications in Turkey\n  * Tourism in Turkey\n  * Transport in Turkey\n\n  \nTurkey portal  \n  \n  * v\n  * t\n  * e\n\n  \nAfter becoming one of the early members of the Council of Europe in 1950,\nTurkey became an associate member of the EEC in 1963, joined the EU Customs\nUnion in 1995 and started full membership negotiations with the European Union\nin 2005.\n\nThe **economy of Turkey** is an emerging free-market economy. It ranked as the\n16th-largest in the world and 7th-largest in Europe by nominal GDP in 2025. It\nalso ranked as the 12th-largest in the world and 5th-largest in Europe by PPP\nin 2025. Turkey's rapid economic growth since the 2000s was stranded by the\neconomic crisis in 2018, but it began to recover in 2021. Turkey's USD-based\nnominal GDP per capita and GDP-PPP per capita have eventually reached their\nall-time peak values in 2024.\n\nTurkey is a founding member of the OECD and G20. Ratified in 1995, the\nEuropean Union–Turkey Customs Union has established a free trade area between\nTurkey and the European Union, which has increased bilateral foreign trade,\ninvestment and economic activity.\n\nAs the fifth most visited destination in the world, Turkey has a large tourism\nindustry, which accounted for 12% of the country's total GDP in 2023. First\nestablished in 2000, many technoparks were pioneered by Turkish universities,\nnow hosting over 1,600 R&D centers that drew investment by both domestic and\ninternational corporations. Turkey is also among the world's leading producers\nof motor vehicles, consumer electronics, home appliances and defense products.\nIn 2021, the country was ranked eighth in the world in the technology rankings\nof the Economic Complexity Index.\n\nIn the first quarter of the 21st century, there have been major developments\nin the financial and social aspects of Turkey's economy, such as increases in\nemployment and average income since 2000. A period of strong economic growth\nbetween 2002 and 2013 (except for 2009 due to the 2008 financial crisis) was\nfollowed by a period of stagnation and recession in terms of USD-based nominal\nGDP figures between 2014 and 2020, especially during the 2018 Turkish currency\nand debt crisis; even though Turkey's USD-based GDP-PPP and TL-based nominal\nGDP have continued to grow in this period. Since 2021, there has been a steady\nrecovery and rapid growth in Turkey's USD-based nominal GDP and GDP-PPP\nfigures, which have reached their all-time highest values in both 2023 and\n2024.\n\nGrowth-focused and populistic financial policies, such as the preference to\nkeep interest rates as low as possible (dubbed _Erdoganomics_) have led to one\nof the world's highest inflation rates since 2018. Following the Turkish\nparliamentary and presidential elections on May 14 and 28, 2023, and the\nappointment of Mehmet Şimşek as the Minister of Treasury and Finance on June\n4, 2023, Turkey has adopted a more orthodox monetary policy regarding interest\nrates and has succeeded in gradually decreasing inflation from 85.5% in late\n2022 to 42.1% in early 2025."
  },
  {
    "chapter_name": "Economy of Turkey",
    "chapter_id": "1",
    "section_number": "1",
    "section_name": "Data",
    "text": "Change in per capita GDP of Turkey, 1913–2018. Figures are inflation-adjusted\nto 2011 International dollars.[_citation needed_] Turkey's CO2 emissions\ngrowth compared GDP growth General government net debt as percentage of GDP\nfor selected European countries, including Turkey\n\nThe following table shows the main economic indicators from 1980 to 2024 (with\nIMF staff estimates in 2024–2029). Inflation below 10% is in green.\n\nYear  | GDP (in Bil. US$PPP) | GDP per capita (in US$ PPP) | GDP (in Bil. US$nominal) | GDP per capita (in US$ nominal) | GDP growth (real) | Inflation rate (in Percent) | Unemployment (in Percent)\n---|---|---|---|---|---|---|---\n1980  | 159.2  | 3,516.3  | 96.6  | 2,133.7  | -0.8%  | 110.6%  | 7.2%\n1981  | 181.9  | 3,926.5  | 97.9  | 2,113.1  | 4.4%  | 36.4%  | 7.2%\n1982  | 199.7  | 4,215.0  | 88.9  | 1,876.6  | 3.4%  | 31.1%  | 7.6%\n1983  | 217.4  | 4,486.2  | 85.0  | 1,753.3  | 4.8%  | 31.3%  | 7.5%\n1984  | 240.6  | 4,857.9  | 82.6  | 1,668.5  | 6.8%  | 48.4%  | 7.4%\n1985  | 258.8  | 5,116.5  | 92.8  | 1,835.2  | 4.3%  | 44.5%  | 6.9%\n1986  | 282.3  | 5,471.0  | 102.3  | 1,983.1  | 6.9%  | 34.6%  | 7.7%\n1987  | 318.3  | 6,051.1  | 118.9  | 2,260.7  | 10.0%  | 38.9%  | 8.1%\n1988  | 336.5  | 6,280.3  | 125.0  | 2,333.2  | 2.1%  | 73.7%  | 8.7%\n1989  | 350.6  | 6,427.2  | 147.7  | 2,707.9  | 0.3%  | 63.3%  | 8.6%\n1990  | 397.4  | 7,159.3  | 207.5  | 3,738.2  | 9.3%  | 60.3%  | 8.0%\n1991  | 414.7  | 7,344.8  | 208.4  | 3,691.4  | 0.9%  | 66.0%  | 7.7%\n1992  | 449.5  | 7,831.6  | 219.2  | 3,818.8  | 6.0%  | 70.1%  | 7.9%\n1993  | 497.2  | 8,523.4  | 248.6  | 4,261.6  | 8.0%  | 66.1%  | 8.4%\n1994  | 480.1  | 8,101.2  | 179.4  | 3,026.7  | -5.5%  | 104.5%  | 8.0%\n1995  | 525.4  | 8,729.4  | 233.6  | 3,880.9  | 7.2%  | 89.6%  | 7.1%\n1996  | 572.5  | 9,368.7  | 250.5  | 4,099.2  | 7.0%  | 80.2%  | 6.1%\n1997  | 626.2  | 10,096.0  | 261.9  | 4,221.9  | 7.5%  | 85.7%  | 6.3%\n1998  | 652.8  | 10,376.8  | 275.8  | 4,384.5  | 3.1%  | 84.7%  | 6.4%\n1999  | 640.4  | 10,035.0  | 256.6  | 4,020.3  | -3.3%  | 64.9%  | 7.2%\n2000  | 700.3  | 10,819.4  | 274.3  | 4,238.0  | 6.9%  | 55.0%  | 6.0%\n2001  | 674.9  | 10,288.1  | 202.2  | 3,082.9  | -5.8%  | 54.2%  | 7.8%\n2002  | 729.6  | 10,988.4  | 240.2  | 3,617.2  | 6.4%  | 45.1%  | 9.8%\n2003  | 786.9  | 11,712.5  | 314.8  | 4,684.7  | 5.8%  | 25.3%  | 9.9%\n2004  | 887.2  | 13,045.3  | 409.1  | 6,015.7  | 9.8%  | 8.6%  | 9.7%\n2005  | 997.3  | 14,483.1  | 506.2  | 7,350.9  | 9.0%  | 8.2%  | 9.2%\n2006  | 1,099.5  | 15,768.3  | 555.1  | 7,961.1  | 6.9%  | 9.6%  | 8.7%\n2007  | 1,186.2  | 16,804.9  | 680.5  | 9,640.6  | 5.0%  | 8.8%  | 8.9%\n2008  | 1,218.8  | 17,042.0  | 770.8  | 10,778.1  | 0.8%  | 10.4%  | 9.8%\n2009  | 1,167.4  | 16,089.1  | 648.8  | 8,941.4  | -4.8%  | 6.3%  | 13.0%\n2010  | 1,281.0  | 17,376.4  | 776.6  | 10,533.5  | 8.4%  | 8.6%  | 11.0%\n2011  | 1,454.1  | 19,459.8  | 838.5  | 11,221.4  | 11.2%  | 6.5%  | 9.0%\n2012  | 1,550.7  | 20,504.4  | 880.1  | 11,637.9  | 4.8%  | 8.9%  | 8.3%\n2013  | 1,703.7  | 22,221.4  | 957.5  | 12,489.0  | 8.5%  | 7.5%  | 8.9%\n2014  | 1,860.5  | 23,945.5  | 938.5  | 12,079.3  | 4.9%  | 8.9%  | 9.9%\n2015  | 2,022.9  | 25,691.1  | 864.1  | 10,973.6  | 6.1%  | 7.7%  | 10.3%\n2016  | 2,116.2  | 26,513.6  | 869.3  | 10,891.2  | 3.3%  | 7.8%  | 10.9%\n2017  | 2,282.3  | 28,242.5  | 858.9  | 10,628.9  | 7.5%  | 11.1%  | 10.9%\n2018  | 2,406.5  | 29,345.6  | 779.7  | 9,508.0  | 3.0%  | 16.3%  | 10.9%\n2019  | 2,468.7  | 29,688.0  | 759.5  | 9,132.9  | 0.8%  | 15.2%  | 13.7%\n2020  | 2,546.9  | 30,490.5  | 720.1  | 8,612.3  | 1.9%  | 12.3%  | 13.1%\n2021  | 2,953.9  | 35,063.5  | 817.5  | 9,654.1  | 11.4%  | 19.6%  | 12.0%\n2022  | 3,009.8  | 35,293.4  | 905.8  | 10,621.4  | 5.5%  | 72.3%  | 10.8%\n2023  | 3,277.5  | 38,390.9  | 1,129.9  | 13,235.8  | 5.1%  | 53.8%  | 10.5%\n2024  | 3,456.7  | 40,283.3  | 1,344.3  | 15,665.9  | 3.0%  | 60.9%  | 10.4%\n2025  | 3,614.5  | 41,913.6  | 1,455.4  | 16,876.5  | 2.7%  | 32.9%  | 10.4%\n2026  | 3,801.0  | 43,865.0  | 1,477.3  | 17,048.6  | 3.2%  | 19.2%  | 10.4%\n2027  | 4,002.5  | 45,976.9  | 1,565.5  | 17,982.6  | 3.4%  | 15.9%  | 10.4%\n2028  | 4,226.6  | 48,333.7  | 1,660.5  | 18,988.9  | 3.6%  | 15.0%  | 10.4%\n2029  | 4,471.8  | 50,917.766  | 1,764.2  | 20,088.2  | 3.8%  | 15.0%  | 10.4%"
  },
  {
    "chapter_name": "Economy of Turkey",
    "chapter_id": "1",
    "section_number": "2",
    "section_name": "Main economic sectors",
    "text": "As of November 2023, there are 1,086,670 registered companies based in Turkey.\nThe sector with the highest number of companies registered in the country is\nmanufacturing with 241,362 companies. This is followed by wholesale trading\nand services with 197,476 and 187,325 companies respectively."
  },
  {
    "chapter_name": "Economy of Turkey",
    "chapter_id": "1",
    "section_number": "2.1",
    "section_name": "Agricultural sector",
    "text": "The Atatürk Dam is the largest of the 22 dams in the Southeastern Anatolia\nProject. The program includes 22 dams, 19 hydraulic power plants, and the\nirrigation of 1.82 million hectares of land. The total cost of the project is\nestimated at $32 billion.\n\nAgriculture is still an important sector of Turkey's economy, and the country\nis one of the world's top ten agricultural producers. Wheat, sugar beet, milk,\npoultry, cotton, vegetables and fruit are major products; and Turkey is the\nworld's largest grower of hazelnuts, apricots, and oregano.\n\nHalf of Turkey's land is agricultural, and farming employs about 15% of the\nworkforce, but under half a million farmers. It provides about 10% of exports\nand over 5% of gross domestic product (GDP). Over 380 billion lira of\nagricultural subsidy is budgeted for 2024.\n\nDespite being a major food producer, Turkey is a net wheat importer, much of\nit coming from Russia and Ukraine. Turkey is the European Union's fourth\nlargest vegetable supplier and seventh largest fruit supplier. Turkey would\nlike to extend the EU Customs Union Agreement to agricultural products.\n\nAround half of Turkey's agricultural greenhouse gas is due to cattle.\nAccording to the World Bank, the sector should adapt more to climate change in\nTurkey and make technical improvements. Strategic planning is the\nresponsibility of the Ministry of Agriculture and Forestry, but no plan for\n2024 onwards has yet been published. Almost all the seeds used in Turkey are\nproduced domestically."
  },
  {
    "chapter_name": "Economy of Turkey",
    "chapter_id": "1",
    "section_number": "2.2",
    "section_name": "Industrial sector",
    "text": "| This section needs to be **updated**. Please help update this article to\nreflect recent events or newly available information. _( April 2019)_\n---|---\n\nHeavy industry is tending to move out of the EU due to Turkey’s laxer\npollution regulations and cheaper energy."
  },
  {
    "chapter_name": "Economy of Turkey",
    "chapter_id": "1",
    "section_number": "2.2.1",
    "section_name": "Consumer electronics and home appliances",
    "text": "Turkey's Vestel is the largest TV producer in Europe, accounting for a quarter\nof all TV sets manufactured and sold on the continent in 2006. By January\n2005, Vestel and its rival Turkish electronics and white goods brand Beko\naccounted for more than half of all TV sets manufactured in Europe. Another\nTurkish electronics brand, Profilo Telra, was Europe's third-largest TV\nproducer in 2005."
  },
  {
    "chapter_name": "Economy of Turkey",
    "chapter_id": "1",
    "section_number": "2.2.2",
    "section_name": "Textiles and clothing",
    "text": "The Turkish textile is the world's fifth largest exporter, accounting for 10%\nof the country's GDP and employing 750 000 people in 2018. Turkish companies\nmade clothing exports worth $13.98 billion in 2006; more than $10.67 billion\nof which (76.33%) were exported to the European Union."
  },
  {
    "chapter_name": "Economy of Turkey",
    "chapter_id": "1",
    "section_number": "2.2.3",
    "section_name": "Motor vehicles and automotive products",
    "text": "The automotive industry in Turkey, which plays an important role in the\nmanufacturing sector of the Turkish economy, produced 1,352,648 motor vehicles\nin 2022, ranking as the 13th largest producer in the world (production peaked\nat 1,695,731 motor vehicles in 2017, when Turkey also ranked 13th). Turkish\nautomotive companies like TEMSA, Otokar and BMC are among the world's largest\nvan, bus and truck manufacturers. Togg, or Turkey's Automobile Joint Venture\nGroup Inc. is the first all-electric vehicle company of Turkey.\n\nThe automotive industry is an important part of the economy since the late\n1960s. The companies that operate in the sector are mainly located in the\nMarmara Region. With a cluster of car-makers and parts suppliers, the Turkish\nautomotive sector has become an integral part of the global network of\nproduction bases, exporting over $22.94 billion worth of motor vehicles and\ncomponents in 2008.\n\nGlobal car manufacturers with production plants include Fiat/Tofaş, Oyak-\nRenault, Hyundai, Toyota, Honda and Ford/Otosan. Turkish automotive companies\nlike TEMSA, Otokar and BMC are among the world's largest van, bus and truck\nmanufacturers.[_citation needed_] Togg is a new Turkish automotive company\nestablished in 2018 for producing EVs. Togg's factory in Gemlik, Bursa\nProvince, was inaugurated on 29 October 2022, the 99th anniversary of the\nTurkish Republic.\n\nTurkey's annual auto exports, including trucks and buses, surpassed 1 million\nunits for the first time in 2016 as foreign automakers' investment in new\nmodels and a recovery in its mainstay European market lifted shipments.\nAccording to the industry group Automotive Manufacturers Association (OSD),\nTurkey-based car plants exported 1.14 million units in 2016, up 15% from the\nyear before. Auto exports hit a record high for the fourth straight year.\nProduction grew 9% year on year in 2016 to 1.48 million units, setting a new\nrecord for the second consecutive year. Nearly 80% of vehicles produced in\nTurkey were exported."
  },
  {
    "chapter_name": "Economy of Turkey",
    "chapter_id": "1",
    "section_number": "2.2.4",
    "section_name": "Multiple unit trains, locomotives and wagons",
    "text": "Istanbul Metro's M8 line is among the new lines with fully automated\ndriverless trains and platform screen doors for increasing passenger safety.\n\nTÜLOMSAŞ (1894), TÜVASAŞ (1951) and EUROTEM (2006) are among the major\nproducers of multiple unit trains, locomotives and wagons in Turkey, including\nhigh-speed EMU and DMU models.[_citation needed_]\n\nBozankaya is a Turkish manufacturer of rolling stock including metro, tram and\ntrolleybus vehicles in Ankara."
  },
  {
    "chapter_name": "Economy of Turkey",
    "chapter_id": "1",
    "section_number": "2.2.5",
    "section_name": "Defence industry",
    "text": "The TAI TF Kaan, a twin engine fifth generation air superiority fighter,\ncompleted its maiden flight on February 21, 2024. TAI Anka-3, a flying wing\ntype stealth UCAV, completed its maiden flight on December 28, 2023. TCG\n_Anadolu_ (L-400) during the naval parade for celebrating the centennial of\nthe Turkish Republic on October 29, 2023. Baykar Bayraktar TB3 and the jet-\npowered, low-observable Baykar MIUS Kızılelma are two UCAVs designed to\noperate on TCG _Anadolu_. The construction of the first _MUGEM_ -class\naircraft carrier began on January 2, 2025.\n\nTurkey has many modern armament manufacturers. Annual exports reached $1.6\nbillion in 2014. MKEK, TAI, Aselsan, Roketsan, FNSS, Nurol Makina, Otokar, and\nHavelsan are major manufacturers. On 11 July 2002, Turkey became a Level 3\npartner of the F-35 Joint Strike Fighter (JSF) development program. TAI builds\nvarious aircraft types and models, such as the F-16 Fighting Falcon for the\nTurkish Air Force. Turkey has recently launched domestically built new\nmilitary/intelligence satellites including a 0.8m resolution reconnaissance\nsatellite (Project Göktürk-1) for use by the Turkish Armed Forces and a 2m\nresolution reconnaissance satellite (Project Göktürk-2) for use by the Turkish\nNational Intelligence Organization.[_citation needed_]\n\nOther important products include the TAI TF Kaan, TF2000-class destroyer,\nMilgem class corvette, Baykar MIUS Kızılelma UCAV, Baykar Akıncı HALE UCAV,\nBaykar Bayraktar TB2 MALE UCAV, TAI Aksungur MALE UCAV, TAI Anka MALE\nUAV/UCAV, Aselsan İzci UGV, Altay main battle tank, T-155 Fırtına self-\npropelled howitzer, J-600T missile, T-129 attack helicopter, A400M, Roketsan\nUMTAS anti-tank missile, Roketsan Cirit laser-guided rocket, Panter howitzer,\nACV-300, Otokar Cobra and Akrep, BMC Kirpi, FNSS Pars 6x6 and 8x8 APC, Nurol\nEjder 6x6 APC, TOROS artillery rocket system, Bayraktar Mini UAV, ASELPOD, and\nSOM cruise missile.[_citation needed_]"
  },
  {
    "chapter_name": "Economy of Turkey",
    "chapter_id": "1",
    "section_number": "2.2.6",
    "section_name": "Steel-Iron industry",
    "text": "Turkey ranks 8th in the list of countries by steel production. In 2013, total\nsteel production was 35.134 million tonnes. Turkey's crude steel production\nreached a record high of 34.1 million tons in 2011. Notable producers (above 2\nmillion tonnes) and their ranks among top steel producing companies.\n\n* Erdemir (7.1 million tonnes) (47th) (Only Erdemir-Turkey; Erdemir-Romania is not included)\n* Habaş (4.4 million tonnes) (72nd)\n* İçdaş (3.6 million tonnes) (76th)\n* Diler (2.3 million tonnes) (108th)\n* Çolakoğlu (2.1 million tonnes) (110th)"
  },
  {
    "chapter_name": "Economy of Turkey",
    "chapter_id": "1",
    "section_number": "2.2.7",
    "section_name": "Science and technology",
    "text": "Turkey boasts over 80 technoparks where around 6,000 national and\nmultinational companies engage in R&D activities. TÜBİTAK is the leading\nagency for developing science, technology and innovation policies in Turkey.\nThe Turkish Academy of Sciences is an autonomous scholarly society acting to\npromote scientific activities in Turkey. TAEK is the official nuclear energy\ninstitution of Turkey. Its objectives include academic research in nuclear\nenergy, and the development and implementation of peaceful nuclear tools.\n\nTurkish government companies for research and development in military\ntechnologies include Turkish Aerospace Industries, ASELSAN, HAVELSAN,\nROKETSAN, MKE, among others. Turkish Satellite Assembly, Integration and Test\nCenter is a spacecraft production and testing facility owned by the Ministry\nof National Defence and operated by the Turkish Aerospace Industries. The\nTurkish Space Launch System is a project to develop the satellite launch\ncapability of Turkey. It consists of the construction of a spaceport, the\ndevelopment of satellite launch vehicles as well as the establishment of\nremote earth stations.[_obsolete source_]"
  },
  {
    "chapter_name": "Economy of Turkey",
    "chapter_id": "1",
    "section_number": "2.3",
    "section_name": "Construction and contracting sector",
    "text": "The Turkish construction and contracting industry is made up of a large number\nof businesses. In 2016 a total of 39 Turkish construction and contracting\ncompanies were listed in the Top 250 International Contractors List prepared\nby the Engineering News-Record. From the beginning of the 1970s to the end of\n2022, Turkish contractors have completed more than 11,605 projects in 133\ncountries. Their business volume abroad has reached 472 billion US Dollars in\n2022.\n\nAs Turkey is prone to strong earthquakes, the buildings that were constructed\nbefore the post-1999 safety standards and regulations remain a major concern,\nwith many ongoing urban redevelopment and reconstruction projects, especially\nin large cities. In 2019, an amnesty plan to register illegally constructed\nbuildings for generating extra tax revenues to the government brought in $3.1\nbillion, but the plan was criticized for ignoring safety issues. The two major\nearthquakes on February 6, 2023 in southern Turkey have revealed that some of\nthe recently built structures that collapsed were not constructed in\naccordance with the latest safety regulations."
  },
  {
    "chapter_name": "Economy of Turkey",
    "chapter_id": "1",
    "section_number": "2.3.1",
    "section_name": "Banking and finance",
    "text": "The Turkish Central Bank and other state-owned banks such as Ziraat Bank,\nVakıfBank and Halkbank have their new headquarters at the Istanbul Financial\nCenter (IFC) in Ataşehir.\n\nDuring the 19th and early 20th centuries, Bankalar Caddesi (Banks Street) in\nIstanbul was the financial center of the Ottoman Empire, where the\nheadquarters of the Ottoman Bank (established as the _Bank-ı Osmanî_ in 1856,\nand later reorganized as the _Bank-ı Osmanî-i Şahane_ in 1863) and the Ottoman\nStock Exchange (1866) were located. Bankalar Caddesi continued to be\nIstanbul's main financial district until the 1990s, when most Turkish banks\nbegan moving their headquarters to the modern central business districts of\nLevent and Maslak.\n\nOriginally established as the Ottoman Stock Exchange (_Dersaadet Tahvilat\nBorsası_) in 1866, and reorganized to its current structure at the beginning\nof 1986, the Istanbul Stock Exchange (ISE) is the sole securities market of\nTurkey. In 1995, the Istanbul Stock Exchange moved to its current building in\nthe Istinye quarter. The Istanbul Gold Exchange was also established in 1995.\n\nThe Central Bank of the Republic of Turkey (_Türkiye Cumhuriyet Merkez\nBankası_) was founded in 1930 as a privileged joint-stock company. The CBRT\npossesses the sole right to issue notes. It also has the obligation to provide\nfor the monetary requirements of the state agricultural and commercial\nenterprises.\n\nThe \"New Turkish lira\" (TRY) was introduced on 1 January 2005. On 1 January\n2009, the New Turkish lira was renamed once again as the \"Turkish lira\", with\nthe introduction of new banknotes and coins.\n\nBanking came under stress beginning in October 2008, as a result of the 2008\nfinancial crisis. Turkish banking authorities warned state-run banks against\nthe pullback of loans from the larger financial sectors.\n\nSöğütözü business district in Ankara, Turkey's capital and second largest city\n\nTurkey's economy resumed its growth between 2009 and 2013, which was followed\nby a period of stagnation and recession between 2014 and 2020. Turkey's GDP\nbegan to recover and grow again in the period between 2020 and 2024.\n\nIn 2020, the total value of assets of the banking sector in Turkey amounted to\nmore than $800 billion. As of January 2021, there were a total of 48 banks\noperating with 9,880 branches in Turkey and 71 branches abroad. As of October\n2021[update], the foreign currency deposits of the citizens and residents in\nTurkish banks stood at $234 billion, equivalent to around half of all\ndeposits. As of October 2024[update], the foreign currency reserves of the\nTurkish Central Bank were $85 billion, its gold reserves were $67.4 billion,\nwhile its official reserve assets stood at $159.8 billion."
  },
  {
    "chapter_name": "Economy of Turkey",
    "chapter_id": "1",
    "section_number": "2.3.2",
    "section_name": "Transport",
    "text": "Turkish Airlines, flag carrier of Turkey, has been selected by Skytrax as\nEurope's best airline for five years in a row (2011–2015). With destinations\nin 129 countries worldwide, Turkish Airlines is the largest carrier in the\nworld by number of countries served as of 2024[update]. Istanbul Airport is\nthe main international airport serving Istanbul, Turkey. It is a major hub in\nthe world.\n\nIn 2013 there were ninety-eight airports in Turkey, including 22 international\nairports. As of 2015[update], Istanbul Atatürk Airport is the 11th busiest\nairport in the world, serving 31,833,324 passengers between January and July\n2014, according to Airports Council International. The new (third)\ninternational airport of Istanbul is planned to be the largest airport in the\nworld, with a capacity to serve 150 million passengers per annum.\n\nThe 1915 Çanakkale Bridge on the Dardanelles strait, connecting Europe and\nAsia, is the longest suspension bridge in the world.\n\nThe state-owned utility Turkish State Railways operates the 12,740–km railway\nnetwork, 23rd longest in the world. Since 2003, Turkish State Railways has\nalso been investing in high-speed rail lines, which at 2,175 km (1,353 mi)\nranked ninth longest in the world.\n\nA TCDD HT80000 high-speed train of the Turkish State Railways at the ATG\nterminal in Ankara\n\nAs of 2010, the country had a roadway network of 426,951 km, including 2,080\nkm of expressways and 16,784 km of divided highways.\n\nAs of 2010, the Turkish merchant marine included 1,199 ships (604 registered\nat home), ranking 7th in the world. Turkey's coastline has 1,200 km of\nnavigable waterways.\n\nIn 2008, 7,555 kilometres (4,694 mi) of natural gas pipelines and 3,636\nkilometres (2,259 mi) of petroleum pipelines spanned the country's territory."
  },
  {
    "chapter_name": "Economy of Turkey",
    "chapter_id": "1",
    "section_number": "2.3.3",
    "section_name": "Communications",
    "text": "As of 2008, there were 17,502,000 operational landline telephones in Turkey,\nwhich ranked 18th in the world; while there were 65,824,000 registered mobile\nphones in the country, which ranked 15th in the world during the same year.\nThe largest landline telephone operator is Türk Telekom, which also owns\nTTNET, the largest internet service provider in Turkey.[_citation needed_] The\nlargest mobile phone operators in the country are Turkcell, Vodafone Turkey,\nAvea and TTNET Mobil.[_citation needed_]\n\nThe telecommunications liberalisation process started in 2004 after the\ncreation of the Telecommunication Authority, and is still ongoing.[_citation\nneeded_] Private sector companies operate in mobile telephony, long-distance\ntelephony and Internet access. Additional digital exchanges are permitting a\nrapid increase in subscribers;[_citation needed_] the construction of a\nnetwork of technologically advanced intercity trunk lines, using both fiber-\noptic cable and digital microwave radio relay, is facilitating communication\nbetween urban centres.\n\nThe remote areas of the country are reached by a domestic satellite system,\nwhile the number of subscribers to mobile-cellular telephone service is\ngrowing rapidly.\n\nThe main line international telephone service is provided by the SEA-ME-WE 3\nsubmarine communications cable and by submarine fiber-optic cables in the\nMediterranean Sea and Black Sea that link Turkey with Italy, Greece, Israel,\nBulgaria, Romania, and Russia. In 2002, there were 12 Intelsat satellite earth\nstations; and 328 mobile satellite terminals in the Inmarsat and Eutelsat\nsystems.\n\nTürksat A.Ş. is the primary communications satellite operator of Turkey,\ncontrolling the Turksat series of satellites. Göktürk-1, Göktürk-2 and\nGöktürk-3 are Turkey's earth observation satellites for reconnaissance,\noperated by the Turkish Ministry of National Defense. BILSAT-1 and RASAT are\nthe scientific observation satellites operated by the TÜBİTAK Space\nTechnologies Research Institute, which (together with Turkish Aerospace\nIndustries and Aselsan) also takes part in the production of Turkey's\nsatellites.[_citation needed_]\n\nAs of 2001, there were 16 AM, 107 FM, and 6 shortwave radio stations in the\ncountry.[_needs update_]\n\nAs of 2015, there were 42,275,017 internet users in Turkey, which ranked 15th\nin the world; while as of 2012, there were 7,093,000 internet hosts in the\ncountry, which ranked 16th in the world."
  },
  {
    "chapter_name": "Economy of Turkey",
    "chapter_id": "1",
    "section_number": "2.3.4",
    "section_name": "Tourism",
    "text": "In 2023, Turkey was the fifth most visited destination in the world, with 55.2\nmillion foreign tourists visiting the country. In 2019, Turkey ranked sixth in\nthe world in terms of the number of international tourist arrivals, with 51.2\nmillion foreign visitors.\n\nOver the years, Turkey has emerged as a popular tourist destination for many\nEuropeans, competing with other Mediterranean countries such as Greece, Italy\nand Spain. Resorts in provinces such as Antalya and Muğla (which are located\non the Turkish Riviera) have become very popular among tourists."
  },
  {
    "chapter_name": "Economy of Turkey",
    "chapter_id": "1",
    "section_number": "2.3.5",
    "section_name": "Medical tourism",
    "text": "Başakşehir Çam and Sakura City Hospital in Istanbul\n\nThere are numerous private hospitals in Turkey, which has benefited from\nmedical tourism in recent years. Health tourism generated revenues worth $1\nbillion in 2019 for Turkey's economy. A total of 662,087 patients were treated\nat Turkish hospitals in 2019 within the scope of health tourism, with around\n60% of the income being obtained from plastic surgeries."
  },
  {
    "chapter_name": "Economy of Turkey",
    "chapter_id": "1",
    "section_number": "3",
    "section_name": "Largest companies",
    "text": "In 2024, ten publicly traded Turkish companies were listed in the Forbes\nGlobal 2000 list – an annual ranking of the top 2000 public companies in the\nworld by Forbes magazine. The banking industry leads with four companies in\nthe list followed by the airline, automotive and retailer with one company\neach. There are also three conglomerates. As of 2024, the listed public\ncompanies were:\n\nWorld Rank | Company | Industry | Revenue\n(billion $) | Profits\n(billion $) | Assets\n(billion $) | Market Value\n(billion $)\n---|---|---|---|---|---|---\n309 | Koç Holding | Conglomerate | 67.36 | 3.03 | 96.8 | 19.27\n525 | İş Bankası | Banking | 17.6 | 3.03 | 100.05 | 11.49\n539 | Turkish Airlines | Airline | 21.17 | 6.84 | 35.55 | 13.81\n666 | Akbank | Banking | 14.7 | 2.57 | 64.06 | 10.15\n759 | VakıfBank | Banking | 16.34 | 1.33 | 96.81 | 6.59\n878 | Sabancı Holding | Conglomerate | 23.13 | 0.64 | 74.23 | 6.64\n893 | Ford Otosan | Automotive Industry | 17.29 | 2.06 | 7.35 | 13.15\n957 | Halkbank | Banking | 15.81 | 0.65 | 77.98 | 3.9\n1384 | Anadolu Grubu | Conglomerate | 15.77 | 0.82 | 13.27 | 2.78\n1446 | BIM | Retailer | 13.79  | 0.64  | 5.02  | 9.02"
  },
  {
    "chapter_name": "Economy of Turkey",
    "chapter_id": "1",
    "section_number": "4",
    "section_name": "Long term GDP forecasts",
    "text": "The following \"OECD Long Term Projections\" table was published in February\n2022 for the 16 largest economies by GDP using PPP exchange rates from 2030 to\n2060.\n\nThe top 16 largest economies in the world (GDP at 2010 constant PPP in billions USD)  Country  | 2021  | Country  | 2030  | Country  | 2040  | Country  | 2050  | Country  | 2060\n---|---|---|---|---|---|---|---|---|---\nChina | 26,656  |  China | 36,977  |  China | 47,306  |  China | 54,765  |  China | 62,140\nUnited States | 22,675  |  United States | 24,302  |  United States | 28,063  |  India | 33,363  |  India | 42,204\nIndia | 10,181  |  India | 16,603  |  India | 25,083  |  United States | 32,119  |  United States | 36,527\nJapan | 5,585  |  Japan | 5,632  |  Indonesia | 7,507  |  Indonesia | 9,846  |  Indonesia | 12,320\nGermany | 4,743  |  Indonesia | 5,309  |  Japan | 5,908  |  Japan | 6,060  |  Turkey | 7,068\nRussia | 4,328  |  Germany | 4,566  |  Germany | 4,914  |  Turkey | 5,934  |  Japan | 6,333\nIndonesia | 3,507  |  Russia | 4,233  |  Turkey | 4,776  |  Germany | 5,362  |  Germany | 5,891\nBrazil | 3,328  |  Brazil | 3,759  |  Russia | 4,624  |  Brazil | 5,168  |  Brazil | 5,746\nFrance | 3,231  |  Turkey | 3,653  |  Brazil | 4,492  |  Russia | 4,882  |  Mexico | 5,407\nUnited Kingdom | 3,174  |  United Kingdom | 3,375  |  Mexico | 3,832  |  Mexico | 4,620  |  Russia | 5,340\nTurkey | 2,749  |  France | 3,267  |  United Kingdom | 3,800  |  United Kingdom | 4,249  |  United Kingdom | 4,768\nMexico | 2,613  |  Mexico | 3,073  |  France | 3,679  |  France | 4,148  |  France | 4,736\nItaly | 2,610  |  South Korea | 2,675  |  South Korea | 2,866  |  Italy | 2,959  |  Italy | 3,366\nSouth Korea | 2,436  |  Italy | 2,499  |  Italy | 2,692  |  South Korea | 2,880  |  Australia | 3,104\nCanada | 2,027  |  Spain | 2,094  |  Canada | 2,370  |  Saudi Arabia | 2,698  |  Saudi Arabia | 3,066\nSpain | 1,959  |  Canada | 2,062  |  Saudi Arabia | 2,362  |  Canada | 2,694  |  Canada | 3,046"
  },
  {
    "chapter_name": "Economy of Turkey",
    "chapter_id": "1",
    "section_number": "5",
    "section_name": "External trade and investment",
    "text": "As of 2016, the main trading partners of Turkey are the European Union,\nRussia, the United Kingdom, the UAE, Iraq, and China, many being top in both\nexport as well as import. Turkey has taken advantage of a customs union with\nthe EU, signed in 1995, to increase industrial production for exports, while\nbenefiting from EU-origin foreign investment into the country. In addition to\nthe European-Turkish Customs Union, the Turkish government has signed free-\ntrade agreements with 22 countries.\n\nA very large aspect of Turkey trade revolves around the automotive industry,\nwhere its top exports are cars, accounting for $13.2 billion. Other top\nexports from the country are gold, delivery trucks, vehicle parts and jewelry,\nwhich are respectively, $6.96 billion, $5.04 billion, $4.64 billion, and $3.39\nbillion. These values are calculated using the 1992 revision of the Harmonized\nSystem classification. Comparatively, it imports many of the same industries,\nsuch as, gold valued at $17.1 billion, refined petroleum at $9.8 billion, cars\nat $8.78 billion, vehicle parts at $6.34 billion and scrap iron at $5.84\nbillion.\n\nThe construction and contracting companies, such as Enka, Rönesans Holding and\nTekfen, have been significant players in the country's economy.\n\nWithout a carbon price exporters to the European Union will have to pay the EU\nCarbon Border Adjustment Mechanism from 2026, and in 2024 they started hedging\nagainst this by buying EU Allowances.\n\nTurkey had many improvements in the ease of doing business index. Its rank\nincreased from 68th in 2017 to 33rd in 2020. As of 2021, it was performing\nbetter than countries like the Netherlands and Belgium.[_vague_]\n\nTrade statistics  Year  | 1975  | 1980  | 1985  | 1990  | 1995  | 2000  | 2005  | 2010  | 2015  | 2020  | 2023\n---|---|---|---|---|---|---|---|---|---|---|---\nGoods exports, billion US$  | 1.5  | 2.9  | 8.3  | 13.0  | 22.0  | 30.9  | 78.5  | 121.0  | 154.9  | 168.4  | 251.0\nGoods imports, billion US$  | 4.5  | 7.5  | 11.2  | 22.5  | 35.1  | 52.9  | 111.4  | 177.3  | 203.9  | 206.3  | 337.3\nNet trade, billion US$  | −3.0  | −4.6  | −2.9  | −9.5  | −13.1  | −22.0  | −32.9  | −56.3  | −49.0  | −37.9  | −86.3"
  },
  {
    "chapter_name": "Economy of Turkey",
    "chapter_id": "1",
    "section_number": "5.1",
    "section_name": "Energy",
    "text": "According to some studies a coal-phase out in favour of renewable energy would\nincrease employment.\n\nTurkey's energy trade deficit was over $US80 billion in 2022, causing a large\nforeign trade deficit. Europe supports energy efficiency and renewable energy\nvia the €1 billion Mid-size Sustainable Energy Financing Facility (MidSEFF) to\nfinance investments in these areas. Energy subsidies amounted to 200 billion\nlira in 2021. Up to 150kWh per month of free electricity is provided to two\nmillion poor families.\n\nFatih Birol, the head of the International Energy Agency said in 2019 that,\nbecause of its falling price, the focus should be on maximizing onshore wind\npower in Turkey. The economics of coal power has been modelled by Carbon\nTracker. They estimate that for _new_ plants both wind and solar is already\ncheaper than coal power. And they forecast that _existing_ coal plants will be\nmore expensive than _new_ solar by 2023 and _new_ wind by 2027.\n\nMost energy deals in 2019 were for renewables, and over half the investment in\nthese was from outside the country. The external costs of fossil fuel\nconsumption in 2018 has been estimated as 1.5% of GDP. The government sets the\nprice of residential gas and electricity, and as of 2018[update], for\nresidential consumers, \"high cost is the most important problem of Turkey's\nenergy system\".\n\nIn 2022, the energy import bill was 97 billion USD. Keeping consumer prices\nlow is a political priority. In 2024 Shura estimated the costs of moving to\nclean energy at about half the benefits, which are mostly due to reduced air\npollution and carbon emissions."
  },
  {
    "chapter_name": "Economy of Turkey",
    "chapter_id": "1",
    "section_number": "5.1.1",
    "section_name": "Renewable energy",
    "text": "Renewables supply a quarter of energy in Turkey, including heat and\nelectricity. Some houses have rooftop solar water heating, and hot water from\nunderground warms many spas and greenhouses. In parts of the west hot rocks\nare shallow enough to generate electricity as well as heat. Wind turbines,\nalso mainly near western cities and industry, generate a tenth of Turkey’s\nelectricity. Hydropower, mostly from dams in the east, is the only modern\nrenewable energy which is fully exploited. Hydropower averages about a fifth\nof the country's electricity, but much less in drought years. Apart from wind\nand hydro, other renewables; such as geothermal, solar and biogas; together\ngenerated almost a tenth of Turkey’s electricity in 2022. Over half the\ninstalled capacity for electricity generation is renewables.\n\nTurkey has a long history of wood burning, windmills, and bathing in hot\nsprings. Many dams were built from the mid-20th to early 21st century, but\nsome say that governments have not allowed civil society enough influence on\nenergy policy, leading to protests against building dams, geothermal power\nplants, and at least one wind farm. Despite Turkey’s sunny climate solar power\nis underdeveloped. As the electricity system is already flexible increasing to\n70% renewables is easily feasible.Solar power could be expanded more quickly\nif the electricity grid was improved faster and energy policy revised,\nespecially by abolishing fossil fuel subsidies.\n\nMany hybrid power plants are planned, and batteries are being integrated.\nCompanies with a lot of renewables include the state electricity generation\ncompany (mainly hydro), Aydem, and Kalyon. If renewables could help phase-out\ncoal by 2030, instead of by the national net zero greenhouse gas emissions\ntarget year of 2053, that would have significant health benefits and reduce\ninflation in Turkey. As of 2022 renewables are not sufficient to meet that\ntarget year. Various electric vehicles are being manufactured, which will use\nsome of the increased renewable generation and help reduce air pollution."
  },
  {
    "chapter_name": "Economy of Turkey",
    "chapter_id": "1",
    "section_number": "5.1.1.1",
    "section_name": "Gas",
    "text": "The _Kanuni_ has drilled in the Black Sea.\n\nNatural gas supplies over a quarter of Turkey's energy. The country consumes\n50 to 60 billion cubic metres of this natural gas each year, nearly all of\nwhich is imported. A large gas field in the Black Sea started production in\n2023.\n\nAfter the 2022 Russian invasion of Ukraine began, several European countries\nstopped buying Russian oil or gas, but Turkey's relations with Russia are good\nenough that it continues to buy both. Turkey receives almost half of its gas\nfrom Russia. As of 2023[update] wholesale gas is expensive and a large part of\nthe import bill.\n\nHouseholds buy the most gas, followed by industry and power stations. Over 80%\nof the population has access to gas, and it supplies half the country's\nheating requirements. As the state owned oil and gas wholesaler BOTAŞ has 80%\nof the gas market, the government can and does subsidize residential and\nindustrial gas consumers. All industrial and commercial customers, and\nhouseholds using more than a certain amount of gas, can switch suppliers."
  },
  {
    "chapter_name": "Economy of Turkey",
    "chapter_id": "1",
    "section_number": "5.1.1.2",
    "section_name": "Oil",
    "text": "Tankers, like this one in the Bosporus, are one way to export oil from Central\nAsia.\n\nOil supplies over a quarter of Turkey's energy. Because the country produces\nvery little oil, it is almost completely dependent on imports of oil and oil\nproducts such as petrol and diesel, over half of which is consumed in the\ncountry's road vehicles. Turkey is the world's largest user of liquefied\npetroleum gas (LPG) for road transport.\n\nBecause Turkey produces only 7% of the oil it consumes, the country's total\nimports are worth more than its exports, which is a problem for its economy.\nAfter the 2022 Russian invasion of Ukraine began, several European countries\nstopped buying Russian oil, petrol and diesel but Turkey's relations with\nRussia are such that it supplies most such imports."
  },
  {
    "chapter_name": "Economy of Turkey",
    "chapter_id": "1",
    "section_number": "5.1.1.3",
    "section_name": "Coal",
    "text": "Government-owned Turkish Coal Operations Authority mine in Yeniköy, Milas\n\nCoal supplies a quarter of Turkey's primary energy, and the country is one of\nthe largest consumers in the world. The heavily subsidised coal industry\ngenerates over a third of the country's electricity and emits a third of\nTurkey's greenhouse gases.\n\nCoal is a major contributor to air pollution, and damages health across the\nnation, being burnt even in homes and cities. Most coal is burnt in power\nstations, and it is estimated that a phase out of coal power in Turkey by 2030\ninstead of by the 2050s would save over 100 thousand lives. Flue gas emission\nlimits are in place, but data from mandatory reporting is not made public.\n\nOver 90% of coal mined in Turkey is lignite (brown coal), which is more\npolluting than other types of coal. Turkey's energy policy encourages mining\nlignite for coal-fired power stations in order to reduce gas imports; and coal\nsupplies over 40% of domestic energy production. Coal burning peaked in 2018,\nand mining in 2022 at about 100 million tonnes. Most coal is imported, as in\ncontrast to local lignite production, Turkey imports most of its bituminous\ncoal from Russia. The largest coalfield in Turkey is Elbistan. Turkey is\nbidding to host the 2026 United Nations Climate Change Conference, in which\ngetting agreement on coal phase-out will be very important."
  },
  {
    "chapter_name": "Economy of Turkey",
    "chapter_id": "1",
    "section_number": "5.2",
    "section_name": "Minerals",
    "text": "Marble quarries in Turkey.\n\nIn 2019, the country was the world's 2nd largest producer of chromium; the\nlargest producer of boron; 6th largest producer of antimony; 9th largest\nproducer of lead; 13th largest producer of iron ore; 11th largest producer of\nmolybdenum; 4th largest producer of gypsum; 15th largest producer of graphite;\nin addition to being the 11th largest producer of salt.\n\nAs a gold producer Turkey is currently ranked 22nd globally. Hosting some of\nthe largest gold deposits in the European continent it is currently Europe's\nlargest gold producer, producing 42 tonnes of gold in 2020. World class\ndeposits include Kisladag Mine 17Moz and Copler 10Moz.[_citation needed_]"
  },
  {
    "chapter_name": "Economy of Turkey",
    "chapter_id": "1",
    "section_number": "6",
    "section_name": "Environment",
    "text": "Almost all post-covid stimulus was detrimental to the environment, with Russia\nbeing the only worse country. In the 21st century, Turkey's fossil fuel\nsubsidies are around 0.2% of GDP, including at least US$14 billion (US$169 per\nperson) between January 2020 and September 2021. Data on finance for fossil\nfuels by state-owned banks and export credit agencies is not public.\n\nAs of 2023 fossil gas is subsidized more than electricity - equalizing the\nsubsidies would benefit the environment."
  },
  {
    "chapter_name": "Economy of Turkey",
    "chapter_id": "1",
    "section_number": "7",
    "section_name": "Employment",
    "text": "| This section **needs expansion**. You can help by adding to it. _( November\n2021)_\n---|---\n\nThe minimum wage in Turkey is ₺ 22,104 (US$ 630.36) as of January 1, 2025.\n\nTurkStat estimated unemployment at 9.4% in 2023. The province with the highest\nunemployment rate was Hakkari at 23.3% and the province with the lowest\nunemployment rate was Sinop at 4.8%.\n\nIn 2021 trade unions complained that according to TurkStat data the\nunemployment rate was falling, whereas the data provided by the government's\nEmployment Agency (İŞKUR) showed that it was rising.[_needs update?_]\nEnvironmentalists argue that some actions to improve the environment would\nalso benefit the economy. For example, investing in wind power in Turkey and\nsolar power in Turkey would create jobs and is competitive with fossil fuels."
  },
  {
    "chapter_name": "Economy of Turkey",
    "chapter_id": "1",
    "section_number": "8",
    "section_name": "Poverty",
    "text": "Turkey made steady progress in reducing poverty from the early 2000s to the\nmid-2010s.[_vague_] In 2022, social security expenditure stood at 12.4% of GDP\naccording to OECD data."
  },
  {
    "chapter_name": "Economy of Turkey",
    "chapter_id": "1",
    "section_number": "9",
    "section_name": "Regional disparities",
    "text": "According to Eurostat data, Turkish GDP per capita adjusted by purchasing\npower standards stood at 64 percent of the EU average in 2018. Istanbul has\nthe largest GDP, while Kocaeli comes first in GDP per capita.\n\nThe country's wealth is mainly concentrated in the northwest and west, while\nthe east and southeast suffer from poverty, lower economic production and\nhigher levels of unemployment. However, in line with the rapid growth of\nTurkey's GDP during the first two decades of the 21st century (with brief\nperiods of stagnation and recession), parts of Anatolia began reaching a\nhigher economic standard. These cities are known as the Anatolian Tigers."
  },
  {
    "chapter_name": "Economy of Turkey",
    "chapter_id": "1",
    "section_number": "9.1",
    "section_name": "Richest and poorest NUTS-2 regions (GDP PPP 2022)",
    "text": "|  | Region  | GDP per capita 2022\n---|---|---\nin euros | As % of EU-28 average\nTurkey | **23,800** | 67%\n**Richest** | Istanbul | _38,700_ | 109%__\n| Kocaeli | _31,500_ | _89%_\n| Ankara | _31,100_ | _88%_\n| Tekirdağ | _29,700_ | _84%_\n| Izmir | _29,500_ | _83%_\n| Bursa | _25,700_ | _73%_\n| Antalya | _23,900_ | _68%_\n| Balıkesir | _21,600_ | _61%_\n| Aydın | _20,900_ | _59%_\n| Manisa | _20,000_ | _56%_\n| Adana | _20,000_ | _56%_\n| Konya | _19,100_ | _54%_\n| Zonguldak | _18,700_ | _53%_\n| Kırıkkale | _17,700_ | _50%_\n| Kayseri | _17,500_ | _49%_\n| Gaziantep | _17,400_ | _49%_\n| Kastamonu | _16,700_ | _47%_\n| Hatay | _15,700_ | _44%_\n| Samsun | _14,000_ | _39%_\n| Erzurum | _13,900_ | _39%_\n| Trabzon | _13,200_ | _37%_\n| Malatya | _12,900_ | _37%_\n| Mardin | _12,200_ | _34%_\n| Ağrı | _9,800_ | _28%_\n| Şanlıurfa | _9,100_ | _26%_\n**Poorest** | Van | _8,600_ | _24%_\n\nSource: Eurostat – ESA"
  },
  {
    "chapter_name": "Economy of Turkey",
    "chapter_id": "1",
    "section_number": "9.2",
    "section_name": "Richest and poorest NUTS-1 regions (GDP PPP 2022)",
    "text": "|  | Region  | GDP per capita 2022\n---|---|---\nin euros | As % of EU-28 average\nTurkey | **23,800** | 67%\n**Richest** | Istanbul | _38,700_ | _109%_\n| East Marmara | _28,600_ | _81%_\n| West Anatolia | _27,400_ | _77%_\n| West Marmara | _25,800_ | _73%_\n| Aegean | _24,200_ | _68%_\n| Mediterranean | _19,900_ | _56%_\n| Central Anatolia | _17,600_ | _50%_\n| West Black Sea | _15,500_ | _44%_\n| East Black Sea | _13,200_ | _37%_\n| Southeast Anatolia | _12,500_ | _35%_\n| Northeast Anatolia | _11,800_ | _33%_\n**Poorest** | Central East Anatolia | _10,500_ | _30%_\n\nSource: Eurostat – ESA"
  }
]