[
  {
    "chapter_name": "Economy of Bolivia",
    "chapter_id": "1",
    "section_number": "1",
    "section_name": "Introduction",
    "text": "The **economy of Bolivia** is the 95th-largest in the world in nominal terms\nand the 87th-largest in purchasing power parity. Bolivia is classified by the\nWorld Bank to be a lower middle income country. With a Human Development Index\nof 0.703, it is ranked 114th (high human development). Driven largely by its\nnatural resources, Bolivia has become a region leader in measures of economic\ngrowth, fiscal stability and foreign reserves, although it remains a\nhistorically poor country. The Bolivian economy has had a historic single-\ncommodity focus. From silver to tin to coca, Bolivia has enjoyed only\noccasional periods of economic diversification. Political instability and\ndifficult topography have constrained efforts to modernize the agricultural\nsector. Similarly, relatively low population growth coupled with low life\nexpectancy has kept the labor supply in flux and prevented industries from\nflourishing. Rampant inflation and corruption previously created development\nchallenges, but in the early twenty-first century the fundamentals of its\neconomy showed unexpected improvement, leading Moody's Investors Service to\nupgrade Bolivia's economic rating in 2010 from B2 to B1. The mining industry,\nespecially the extraction of natural gas and zinc, currently dominates\nBolivia's export economy.\n\nBetween 2006 and 2019 (term of the presidency of the democratic socialist Evo\nMorales), GDP per capita doubled and the extreme poverty rate declined from\n38% to 18%. The poverty rate declined from 22.23% in 2000 to 12.38% in 2010.\nMoreover, the Gini coefficient declined from 0.60 to 0.446. According to the\nBolivian Institute of Foreign Trade, Bolivia had the lowest accumulated\ninflation of Latin America by October 2021. However, by late 2024 it had one\nof the highest rates of inflation in the region, amid a new, large-scale\neconomic crisis."
  },
  {
    "chapter_name": "Economy of Bolivia",
    "chapter_id": "1",
    "section_number": "1",
    "section_name": "History",
    "text": "Historical GDP per capita development\n\nBolivia was a major mineral exporter during the colonial period. The turbulent\nindependence period led to the collapse of the mining industry. By the 1840s,\nsilver production was half that of 1790. In the decades following 1850,\nBolivia experienced economic growth. Bolivia remained a primarily rural\ncountry into the 20th century. Tin production became Bolivia's main industry\nafter 1900.\n\nThe Bolivian economy grew rapidly between 1960 and 1977. According to one\nstudy, \"persistent deficits and a fixed exchange rate policy during the 1970s\nled to a debt crisis that began in 1977. From 1977 to 1986, Bolivia lost\nalmost all the gains in GDP per capita that it had achieved since 1960.\" After\n1986, Bolivian economy began to grow again. Between 1998 and 2002, Bolivia\nexperienced a financial crisis.\n\nInflation has plagued, and at times crippled, the Bolivian economy since the\n1970s. At one time in 1985 Bolivia experienced an annual inflation rate of\nmore than 20,000 percent. Fiscal and monetary reform reduced the inflation\nrate to single digits by the 1990s, and in 2004 Bolivia experienced a\nmanageable 4.9 percent rate of inflation. A major blow to the Bolivian economy\ncame with a drastic fall in the price of tin during the early 1980s, which\nimpacted one of Bolivia's main sources of income and one of its major mining\nindustries.\n\nSince 1985 the government of Bolivia has implemented a far-reaching program of\nmacroeconomic stabilization and structural reform aimed at maintaining price\nstability, creating conditions for sustained growth, and alleviating scarcity.\nA major reform of the customs service has significantly improved transparency\nin this area. Parallel legislative reforms have locked into place market-\nliberal policies, especially in the hydrocarbon and telecommunication sectors,\nthat have encouraged private investment. Foreign investors are accorded\nnational treatment.\n\nIn April 2000 Hugo Banzer, the former president of Bolivia, signed a contract\nwith Aguas del Tunari, a private consortium, to operate and improve the water\nsupply in Bolivia's third-largest city, Cochabamba. Shortly thereafter, the\ncompany tripled the water rates in that city, an action which resulted in\nprotests and rioting among those who could no longer afford clean water.\nAmidst Bolivia's nationwide economic collapse and growing national unrest over\nthe state of the economy, the Bolivian government was forced to withdraw the\nwater contract.\n\nOnce Bolivia's government depended heavily on foreign assistance to finance\ndevelopment projects and to pay the public staff. At the end of 2002, the\ngovernment owed $4.5 billion to its foreign creditors, with $1.6 billion of\nthis amount owed to other governments and most of the balance owed to\nmultilateral development banks. Most payments to other governments have been\nrescheduled on several occasions since 1987 through the Paris Club mechanism.\nExternal creditors have been willing to do this because the Bolivian\ngovernment has generally achieved the monetary and fiscal targets set by IMF\nprograms since 1987, though economic crises have undercut Bolivia's normally\ngood record. However, by 2013 the foreign assistance is just a fraction of the\ngovernment budget thanks to tax collection mainly from the profitable exports\nto Brazil and Argentina of natural gas. Parallel legislative reforms have\nlocked into place market-oriented policies, especially in the hydrocarbon and\ntelecommunication sectors, that have encouraged private investment. Foreign\ninvestors are accorded national treatment, and foreign ownership of companies\nenjoys virtually no restrictions in Bolivia. While the capitalization program\nwas successful in vastly boosting foreign direct investment (FDI) in Bolivia\n(US$7 billion in stock during 1996–2002), FDI later decreased as investors\ncompleted their capitalization contract obligations.\n\nIn 1996 three units of the Bolivian state oil corporation (YPFB) involved in\nhydrocarbon exploration, production, and transportation were capitalized,\nfacilitating the construction of a gas pipeline to Brazil. The government has\na long-term sales agreement to sell 30 million cubic metres a day (MMcmd) of\nnatural gas to Brazil through 2019. The Brazil pipeline carried about 21 MMcmd\nin 2000. Bolivia has the second-largest natural gas reserves in South America,\nand its current domestic use and exports to Brazil account for just a small\nportion of its potential production. Natural gas exports to Argentina resumed\nin 2004 at four MMcmd.\n\nIn April 2000 violent protests over plans to privatize the water utility in\nthe city of Cochabamba led to nationwide disturbances. The government\neventually cancelled the contract without compensation to the investors,\nreturning the utility to public control. The foreign investors in this project\npursued an investment dispute case against Bolivia for its actions. A similar\nsituation occurred in 2005 in the cities of El Alto and La Paz.\n\nProtest and widespread opposition to exporting gas through Chile led to the\nresignation of President Sanchez de Lozada in October 2003. The government\nheld a binding referendum in 2004 on plans to export natural gas and on\nhydrocarbons law reform. By May 2005, the carbons law draft was being\nconsidered by the Senate.\n\nAccording to the data of the International Monetary Fund, the World Bank, as\nwell as several international Institutes such as ECLAC, during the period 2006\nto 2019 (period of the presidency of Evo Morales and Alvaro Garcia Linera) the\neconomy of Bolivia quadrupled from a value of 9,573 billion dollars to 42,401\nbillion dollars, this is due in large part to the policy of nationalization of\nNatural Resources, the stability of the exchange rate, the incentive of the\ndomestic market, strong public investment in infrastructure and\nindustrialization of natural resources such as gas and lithium. Similarly,\naccording to studies by the World Bank and ECLAC, during the period 2006–2019,\nBolivia experienced a marked reduction in poverty and extreme poverty,\nresulting in a reduction of the population living in extreme poverty from\n38.2% to 15.2%. In terms of HDI, according to the UNDP World Human Development\nReport, Bolivia in 2018 for the first time became classified as a \"high human\ndevelopment Country\", reaching an HDI indicator of 0.703 and rising to the\n114th position of 189 countries and territories."
  },
  {
    "chapter_name": "Economy of Bolivia",
    "chapter_id": "1",
    "section_number": "1.1",
    "section_name": "Main indicators",
    "text": "Bolivia's 2016 gross domestic product referred to PPP totaled $78.35 billion\nand in the official exchange $35.69 billion. Its standard of living, as\nmeasured in GDP in PPP per capita was US$7,191. Economic growth was about 5.2%\na year and inflation was 4.5% in 2012. Bolivia experienced a budget surplus of\nabout 1.5% of GDP in 2012. Expenditures were nearly US$12.2 billion while\nrevenues amounted to about US$12.6 billion. The government runs surplus\naccounts since 2005.\n\nThe Bolivian currency is the boliviano (ISO 4217: BOB; symbol: Bs.) One\nboliviano is divided into 100 centavos. The boliviano replaced the Bolivian\npeso at a rate of one million to one in 1987 after many years of rampant\ninflation. At that time, 1 new boliviano was roughly equivalent to 1 U.S.\ndollar. At the end of 2011 the boliviano was only worth around 0.145 U.S.\nDollar. Annual interest rates in 2010 had decreased steadily to 9.9 percent\nfrom more than 50 percent before 1997.\n\nBolivia's human development index was reported at 0.675, comprising a health\nindex of 0.740, an education index of 0.743 and a GNI index of 0.530, ranking\nwithin the group of medium human development. \"Between 1980 and 2012 Bolivia\n(Plurinational State of)'s HDI rose by 1.3% annually from 0.489 to 0.675\ntoday, which gives the country a rank of 108 out of 187 countries with\ncomparable data. The HDI of Latin America and the Caribbean as a region\nincreased from 0.574 in 1980 to 0.741 today, placing Bolivia (Plurinational\nState of) below the regional average.\"\n\nThe following table shows the main economic indicators in 1980–2023 (with IMF\nstaff estimates for 2024–2028). Inflation below 5% is in green.\n\nYear | GDP\n(in bn. US$PPP) | GDP per capita\n(in US$ PPP) | GDP\n(in bn. US$nominal) | GDP per capita\n(in US$ nominal) | GDP growth\n(real) | Inflation rate\n(in Percent) | Unemployment\n(in Percent) | Government debt\n(in % of GDP)\n---|---|---|---|---|---|---|---|---\n1980 | 10.7 | 2,072.1 | 3.6 | 695.5 | 0.6% | 47.1% | n/a | n/a\n1981 | 11.7 | 2,101.4 | 3.4 | 615.7 | 0.3% | 32.1% | n/a | n/a\n1982 | 12.0 | 2,099.5 | 3.8 | 668.6 | -3.9% | 123.6% | n/a | n/a\n1983 | 11.9 | 2,050.7 | 3.6 | 619.9 | -4.0% | 275.6% | n/a | n/a\n1984 | 12.3 | 2,077.1 | 3.8 | 631.2 | -0.2% | 1281.3% | n/a | n/a\n1985 | 12.5 | 2,063.8 | 4.1 | 668.9 | -1.7% | 11749.6% | n/a | n/a\n1986 | 12.4 | 2,009.2 | 4.0 | 640.9 | -2.6% | 273.4% | n/a | n/a\n1987 | 13.1 | 2,066.5 | 4.3 | 683.6 | 2.5% | 14.6% | n/a | n/a\n1988 | 13.9 | 2,156.6 | 4.6 | 712.1 | 2.9% | 16.0% | n/a | n/a\n1989 | 15.0 | 2,278.5 | 4.7 | 715.5 | 3.8% | 15.2% | n/a | n/a\n1990 | 16.3 | 2,422.8 | 4.9 | 723.4 | 4.6% | 17.1% | n/a | n/a\n1991 | 17.7 | 2,582.7 | 5.3 | 777.9 | 5.3% | 21.4% | n/a | n/a\n1992 | 18.4 | 2,630.2 | 5.6 | 804.7 | 1.6% | 13.0% | n/a | n/a\n1993 | 19.7 | 2,729.5 | 5.7 | 795.1 | 4.3% | 8.5% | n/a | n/a\n1994 | 21.0 | 2,836.8 | 6.0 | 804.7 | 4.7% | 7.9% | n/a | n/a\n1995 | 22.5 | 2,972.5 | 6.7 | 885.7 | 4.7% | 10.2% | n/a | n/a\n1996 | 23.9 | 3,097.2 | 7.4 | 955.6 | 4.4% | 12.4% | n/a | n/a\n1997 | 25.5 | 3,242.3 | 7.9 | 1,005.9 | 5.0% | 4.7% | n/a | n/a\n1998 | 27.1 | 3,377.0 | 8.5 | 1,057.7 | 5.0% | 7.7% | n/a | n/a\n1999 | 27.6 | 3,374.6 | 8.3 | 1,010.6 | 0.4% | 2.2% | n/a | n/a\n2000 | 28.9 | 3,470.1 | 8.4 | 1,005.4 | 2.5% | 4.6% | 7.5% | 66.9%\n2001 | 30.1 | 3,539.3 | 8.2 | 959.8 | 1.7% | 1.6% | 8.5% | 60.0%\n2002 | 31.3 | 3,617.8 | 7.9 | 915.0 | 2.5% | 0.9% | 8.7% | 69.1%\n2003 | 32.8 | 3,717.5 | 8.1 | 918.5 | 2.7% | 3.3% | 8.7% | 74.1%\n2004 | 35.0 | 3,907.1 | 8.8 | 979.6 | 4.2% | 4.4% | 8.4% | 89.8%\n2005 | 37.7 | 4,134.2 | 9.6 | 1,049.1 | 4.4% | 5.4% | 8.1% | 82.2%\n2006 | 40.7 | 4,387.7 | 11.5 | 1,240.9 | 4.8% | 4.3% | 8.0% | 54.4%\n2007 | 43.7 | 4,632.3 | 13.2 | 1,399.8 | 4.6% | 6.7% | 7.7% | 40.0%\n2008 | 47.3 | 4,930.1 | 16.8 | 1,749.2 | 6.1% | 14.0% | 4.4% | 36.8%\n2009 | 49.3 | 5,050.8 | 17.5 | 1,789.6 | 3.4% | 3.3% | 4.9% | 39.2%\n2010 | 51.9 | 5,235.0 | 19.8 | 1,994.9 | 4.1% | 2.5% | 4.4% | 37.6%\n2011 | 55.8 | 5,533.2 | 24.1 | 2,394.8 | 5.2% | 9.9% | 3.8% | 35.3%\n2012 | 61.5 | 6,002.0 | 27.3 | 2,664.6 | 5.1% | 4.5% | 3.2% | 35.4%\n2013 | 69.8 | 6,604.7 | 30.9 | 2,920.5 | 6.8% | 5.7% | 4.0% | 36.1%\n2014 | 75.6 | 7,039.8 | 33.2 | 3,096.8 | 5.5% | 5.8% | 4.0% | 37.6%\n2015 | 77.5 | 7,116.5 | 33.2 | 3,050.6 | 4.9% | 4.1% | 4.0% | 40.9%\n2016 | 82.7 | 7,489.9 | 34.2 | 3,095.0 | 4.3% | 3.6% | 4.0% | 46.5%\n2017 | 94.3 | 8,406.7 | 37.8 | 3,368.8 | 4.2% | 2.8% | 4.0% | 51.3%\n2018 | 100.6 | 8,841.1 | 40.6 | 3,565.5 | 4.2% | 2.3% | 4.0% | 53.9%\n2019 | 104.7 | 9,128.6 | 41.2 | 3,591.4 | 2.2% | 1.8% | 4.0% | 59.3%\n2020 | 96.8 | 8,323.6 | 36.9 | 3,172.6 | -8.7% | 0.9% | 8.0% | 78.0%\n2021 | 107.3 | 9,095.6 | 40.7 | 3,449.4 | 6.1% | 1.7% | 6.9% | 81.4%\n2022 | 118.8 | 9,936.5 | 44.3 | 3,705.3 | 3.5% | 3.0% | 4.7% | 80.0%\n2023 | 125.4 | 10,340.3 | 46.8 | 3,857.8 | 1.8% | 4.4% | 4.9% | 80.8%\n_2024_ | _130.5_ | _10,624.8_ | _49.7_ | _4,045.4_ | _1.8%_ | _3.8%_ | _5.0%_ | _81.4%_\n_2025_ | _136.0_ | _10,924.3_ | _52.7_ | _4,232.1_ | _2.1%_ | _3.8%_ | _5.1%_ | _82.0%_\n_2026_ | _141.7_ | _11,214.4_ | _55.9_ | _4,423.8_ | _2.2%_ | _3.8%_ | _5.1%_ | _82.1%_\n_2027_ | _147.6_ | _11,510.7_ | _59.4_ | _4,628.6_ | _2.3%_ | _3.8%_ | _5.2%_ | _81.6%_\n_2028_ | _153.8_ | _11,817.7_ | _63.0_ | _4,842.9_ | _2.3%_ | _3.8%_ | _5.2%_ | _80.9%_"
  },
  {
    "chapter_name": "Economy of Bolivia",
    "chapter_id": "1",
    "section_number": "1.2",
    "section_name": "Primary sector",
    "text": "Quinoa field near Lake Titicaca. Bolivia is the world's second largest\nproducer of quinoa."
  },
  {
    "chapter_name": "Economy of Bolivia",
    "chapter_id": "1",
    "section_number": "1.2.1",
    "section_name": "Agriculture and forestry",
    "text": "Agriculture, forestry, and fishing accounted for 14 percent of Bolivia's gross\ndomestic product (GDP) in 2003, down from 28 percent in 1986. Combined, these\nactivities employ nearly 44 percent of Bolivia's workers. Most agricultural\nworkers are engaged in subsistence farming—the dominant economic activity of\nthe highlands region. Agricultural production in Bolivia is complicated by\nboth the country's topography and climate. High elevations make farming\ndifficult, as do the El Niño weather patterns and seasonal flooding. Bolivia's\nagricultural GDP continues to rise but has attained only a rather modest\naverage growth rate of 2.8 percent annually since 1991.\n\nBolivia's most lucrative agricultural product continues to be coca, of which\nBolivia is currently the world's third largest cultivator after Colombia and\nPeru, with an estimated 29,500 hectares under cultivation in 2007, slightly\nhigher than the previous year.[_citation needed_] Bolivia is the third-largest\nproducer of cocaine, a drug produced from coca, estimated at 120 metric tons\npotential pure cocaine in 2007 and a transit country for Peruvian and\nColombian cocaine destined illegally for the U.S., Europe, Brazil, Argentina,\nChile, and Paraguay.[_citation needed_] The Bolivian government, in response\nto international pressure, worked to restrict coca cultivation. However,\neradication efforts have hampered by the lack of a suitable replacement crop\nfor rural communities that have cultivated coca for generations. The Morales\ngovernment turned back some of the results which was obtained in previous\nyears.[_citation needed_]\n\nSince 2001 Bolivia's leading legal agricultural export has been soybeans.\nAdditionally, cotton, coffee, and sugarcane have been viable exports for\nBolivia. For domestic consumption, corn, wheat, and potatoes are the crops of\nchoice of Bolivian farmers. Despite its vast forests, Bolivia has only a minor\ntimber industry. In 2003 timber accounted for only 3.5 percent of export\nearnings. The Forestry Law of 1996 imposed a tax on sawn lumber and\nconsequently cut Bolivian lumber exports significantly. The tax was used to\nestablish the Forestry Stewardship Council, which has been only minimally\nsuccessful in forest restoration efforts and eliminating illegal logging. With\nincreased efficiency, Bolivia could likely expand the profitability of its\nforest resources, while still protecting them from overexploitation. Bolivia\nhas a small fishing industry that taps the country's freshwater lakes and\nstreams. The annual catch averages about 6,000 tons.\n\nIn 2018, Bolivia produced 9.6 million tons of sugarcane, 2.9 million tons of\nsoy, 1.2 million tons of maize, 1.1 million tons of potato, 1 million tons of\nsorghum, 700 thousand tons of banana, 541 thousand tons of rice, 301 thousand\ntons of wheat, in addition to smaller yields of other agricultural products,\nsuch as tangerine, cassava, orange, beans, sunflower seed, cotton etc.\n\nSatellite view of coca leaf and tropical fruit plantations in the Ivirgazama\nregion of Bolivia. Several tropical areas in the country have experienced\nmajor deforestation.\n\nAgriculture and forestry is also the lifeline for multitudes of small villages\nwhich house a majority of the population. Small village economy stumbled and\ndwindled from the late twentieth century due to aggravating environmental\nproblems including deforestation and consequent soil degradation, water\npollution, loss of biodiversity, and so on. Besides, political and social\nproblems also greatly obstruct the growth of small village development:\npolitical turmoil, post-civil war predicament and burgeoning fiscal deficit\nhave strangled most investment incentives; corruption and manipulation of\nwater supply by foreign companies have greatly undermined the availability and\nefficiency of local market, leaving little profits for village farmers and\nproducers. Furthermore, the global market poses a threat to the stability and\nsustainability of Bolivia's frail economy: \"a drop in export prices, reduction\nof informal trade\" and low-skilled over-homogenized local products have\nfurther worsened the bleak condition of Bolivia's microeconomic activities,\nmaking it almost impossible for village farms and factories to make a living\nfrom trading with the world. Dwindling profits and surging cost of production\nhave made small village economy in Bolivia extremely vulnerable and unstable;\nas a result, unemployment increases and small business is on the verge of\nbankruptcy, which in return made government intervention very inefficient and\ndeferred many governmental initiatives and attempts to improve the condition."
  },
  {
    "chapter_name": "Economy of Bolivia",
    "chapter_id": "1",
    "section_number": "1.2.2",
    "section_name": "Mining",
    "text": "\"Map of Bolivia, Showing Forest and Agriculture Areas, and Mineral Localities\"\nfrom 1912 Cerro Rico in Potosi, still a major silver mine. Bolivia is the\nworld's 8th largest producer of silver.\n\nIn 2019, the country was the 8th largest world producer of silver; 4th largest\nworld producer of boron; 5th largest world producer of antimony; 5th largest\nworld producer of tin; 6th largest world producer of tungsten; 7th largest\nproducer of zinc, and the 8th largest producer of lead.\n\nMining continues to be vital to Bolivia's economy. The collapse of the world\ntin market in the 1980s led to a restructuring of the industry. The state\ndramatically reduced its control and presently operates only a small portion\nof mining activities. Small-scale operations, often with low productivity,\nemploy many former state miners. Natural gas has supplanted tin and silver as\nthe country's most valuable natural commodity. A discovery in 1997 confirmed a\ntenfold gain in Bolivia's known natural gas reserves. Finding markets to\nutilize this resource, both domestically and internationally, has been slowed\nby a lack of infrastructure and conflicts over the state's role in controlling\nnatural resources. Although the world tin market has re-emerged, Bolivia now\nfaces stiff competition from Southeast Asian countries producing lower-cost\nalluvial tin. Gold and silver production has increased dramatically over the\npast decade. Annually, as of 2002 Bolivia extracted and exported more than\n11,000 kilograms of gold and 461 tons of silver. Additionally, Bolivia has\nincreased zinc production, extracting more than 100,000 tons each year. Other\nmetals excavated include antimony, iron, and tungsten.\n\nLithium mine in the Salar de Uyuni\n\nMost of Bolivia's gas comes from megafields located in San Alberto, San\nAntonio, Margarita, and Incahuasi. These areas are in the territory of the\nindigenous Guarani people, and the region is frequently viewed as a remote\nbackwater by non-residents."
  },
  {
    "chapter_name": "Economy of Bolivia",
    "chapter_id": "1",
    "section_number": "1.2.2.1",
    "section_name": "Lithium",
    "text": "According to the United States Geological Survey, Bolivia has 9 million tons\nof lithium, which can be used to make lithium batteries, used in hybrid and\nelectric vehicles in addition to huge numbers of smaller batteries. At 14.5%,\nthis is the second-largest known concentration of lithium in any country;\nArgentina has 14.8 million known tons of lithium, Chile has 8.5 million tons,\nAustralia has 7.7 million tons, and the United States has 6.8 million tons.\nThese large deposits are located in desert regions farmed by indigenous\ngroups, who claim their share of the profits made from their natural\nresources. Bolivian President Evo Morales favored national, rather than\nforeign, ownership of natural resources, and nationalized the country's oil\nand natural gas reserves.\n\nMining the mineral deposits would involve disturbing the country's salt flats\n(called Salar de Uyuni), an important natural feature which boosts tourism in\nthe region. The government does not want to destroy this unique natural\nlandscape to meet the rising world demand for lithium.\n\nIn January 2013 Bolivia opened a lithium production plant in Uyuni, producing\nmainly potassium chloride. Also, the Bolivian government signed intentions to\ndevelop not only lithium extraction but also lithium-ion battery production\nwith numerous countries, especially from the Asia Pacific region.\n\nIn 2019, Bolivia had signed a deal with German firm ACISA to develop a joint\npartnership with the Bolivian state-owned YLB for developing extraction and\nprocessing of lithium at Salar de Uyuni. The deal was later cancelled after\nlong-running protests by locals over the perceived lack of local benefits and\nroyalties of the project. Bolivia's state lithium YLB also created a joint\nventure together with the Chinese Xinjiang TBEA Group to explore extraction of\nlithium and other materials from the Coipasa and Pastos Grandes salt flats. It\nis thought that due to the importance of lithium for batteries for electric\nvehicles and stabilization of electric grids with large proportions of\nintermittent renewables in the electricity mix, Bolivia could be strengthened\ngeopolitically. However, this perspective has also been criticized for\nunderestimating the power of economic incentives for expanded production in\nother parts of the world."
  },
  {
    "chapter_name": "Economy of Bolivia",
    "chapter_id": "1",
    "section_number": "1.3",
    "section_name": "Industry and manufacturing",
    "text": "Annually, manufacturing accounted for in approximately 18% of Bolivia's gross\ndomestic product between 1995 and 2005. The share of industry as a whole\n(including the mining industry) to the GDP increased from 30 percent in 2000\nto 37.3 percent in 2010. Most industry is a small-scale, aimed at regional\nmarkets rather than national operations. Inadequate credit options and\ncompetition from the black market have kept Bolivia's manufacturing sector\nfrom developing fully. Leading manufactured goods in Bolivia include textiles,\nclothing, non-durable consumer goods, processed soya, refined metals, and\nrefined petroleum.[_non-primary source needed_]\n\nProcessing of food, beverages and tobacco is the biggest sector within the\nmanufacturing industry (39% in 2001). This sector occupies a prominent place\nin the manufacturing industry that is continually growing, both in production\nand number of businesses and jobs. In 2010 its share in exports was about 14%.\nEspecially the soybean and its derivatives reached very large export markets\nin recent years. The largest factories producing soybeans, sunflower seeds,\ncotton and sugar from sugar cane, are mainly situated in Santa Cruz, although\na large edible oil refineries operate in Cochabamba. All major cities have at\nleast one brewery, one or more soft drink bottling plants, and one or more\npackaging plants for canned food.[_citation needed_]. There has been some\ngrowth in publicly owned manufacturing during the presidency of Luis Arce,\nwith Bolivia opening an açai berry processing plant in 2021.\n\nThe textiles industry was the second largest manufacturing sector after the\nfood industry in the 1970s and was of decreasing importance afterwards,\nrepresenting progressively diminishing value of total manufacturing. But since\nthe 1990s the textile industry has increased its growth rate. The cotton and\nwool industry declined at the expense of synthetic fibers. The largest\nconcentration of textile mills are to be found in La Paz, but also in Santa\nCruz and Cochabamba and to a lesser extent in Oruro.[_citation needed_]\n\nAnother important industry is the oil refining industry.[_citation needed_]"
  },
  {
    "chapter_name": "Economy of Bolivia",
    "chapter_id": "1",
    "section_number": "1.4",
    "section_name": "Services",
    "text": "The services industry in Bolivia remains undeveloped. Inhabiting one of the\npoorest countries in South America, Bolivians have weak purchasing power. The\nretail sector suffers from weak demand and competition with a large black\nmarket of contraband goods. U.S. companies such as McDonald's and Domino's\nhave pulled out of Bolivia in recent years.\n\nHeadquarters of the Bolivian Stock Exchange in La Paz."
  },
  {
    "chapter_name": "Economy of Bolivia",
    "chapter_id": "1",
    "section_number": "1.4.1",
    "section_name": "Banking and finance",
    "text": "Banking in Bolivia has long suffered from corruption and weak regulation.\nHowever, a series of reforms initiated by the 1993 Banking Law and subsequent\nacts are gradually improving Bolivia's banking sector. Bolivia has a central\nbank and nine private banks. Consolidation occurred following reforms,\nlowering the number of private banks in Bolivia from 14 in 1995 to nine in\n2003. Foreign participation and investment in Bolivian banks are allowed.\nAbout 90 percent of Bolivian bank deposits are held in U.S. dollars. The\nBolivian government is trying to change this situation by taxing dollarized\naccounts while exempting boliviano accounts from the tax. As recently as 2002,\n27 percent of all loans were non-performing, leading most foreign investors to\nfocus their resources in the somewhat-safer venue of corporate lending. Most\nbank lending in 2003 went to manufacturing (24 percent), followed by property\nservices (18 percent) and trade and retail (16 percent). Bad debt remains at a\nhistorically high level. Further reforms are necessary, including the pending\nact to introduce a deposit guarantee system. Bolivia's stock market expanded\nin 1998 to include corporate bonds, along with the money market and government\nbond options that had existed previously. The privatization of Bolivia's\nsocial security program has bolstered the stock market.\n\nThe Salar de Uyuni is a major tourist destination in Bolivia."
  },
  {
    "chapter_name": "Economy of Bolivia",
    "chapter_id": "1",
    "section_number": "1.4.2",
    "section_name": "Tourism",
    "text": "Bolivia's spectacular vistas and natural attractions have not been enough to\ntransform the country into a major tourist destination because of its\npolitical instability and lack of first-class accommodations. Still, Bolivia's\ntourist industry has grown gradually over the past 15 years. In 2000 Bolivia\nattracted 306,000 tourists, compared with 254,000 in 1990. Tourist revenue\npeaked at US$179 million in 1999. Tourism in Bolivia declined following the 11\nSeptember 2001 attack on the United States, as was the case across North and\nSouth America. Since from 2001 the tourism sector, however, is strongly\nincreasing, in fact in 2018 the number of tourists reached 1.142,000 arrivals."
  },
  {
    "chapter_name": "Economy of Bolivia",
    "chapter_id": "1",
    "section_number": "2",
    "section_name": "Infrastructure",
    "text": "Headquarters of YPFB in La Paz, Bolivia's largest energy company."
  },
  {
    "chapter_name": "Economy of Bolivia",
    "chapter_id": "1",
    "section_number": "2.1",
    "section_name": "Energy",
    "text": "Bolivia's energy needs are relatively small but growing consistently. Bolivia\nuses oil for the majority of its power needs, followed by natural gas and\nhydroelectric power.[_citation needed_]"
  },
  {
    "chapter_name": "Economy of Bolivia",
    "chapter_id": "1",
    "section_number": "2.1.1",
    "section_name": "Oil",
    "text": "Bolivia has estimated oil reserves of 441 million barrels (70,100,000 m3), the\nfifth largest in South America. The fields are located in the east and south.\nThe main activities in the refineries is crude oil fractioning, catalytic\nconversion for high octane gasoline, and refining of heavy fractions to\nproduce lubricants. The final products are vehicle gasoline, liquid propane\nand butane, jet fuel, diesel oil and lubricants for use in industrial\nmachinery. As domestic oil production is insufficient to meet domestic demand\nBolivia is a net importer of oil.\n\nUntil recently the country's oil industry was fully controlled by the state\ncompany YPFB, established in 1936 with the mission to develop, refine and\ndistribute oil resources. After privatization efforts in the 1990s the\ntransport of natural gas and oil was in private hands during the 1990s while\nthe production and refining of materials was part of risk-sharing contracts\nbetween the government and private investors. In 1999 the refineries were also\ncompletely privatized. In May 2006 president Evo Morales re-nationalized\nreserves, while its exploitation remained in private hands.\n\nOil refinery plant in Cochabamba belonging to Brazilian state-owned company\nPetrobras."
  },
  {
    "chapter_name": "Economy of Bolivia",
    "chapter_id": "1",
    "section_number": "2.1.2",
    "section_name": "Natural gas",
    "text": "The country's natural gas reserves total 27.6 trillion cubic feet (780 km3)\naccording to Bolivian government figures, ranking Bolivia behind only\nVenezuela in terms of proven natural gas reserves in South America.\nAdditionally, Bolivia is self-sufficient in its energy production. The sector\nchanged significantly when the government allowed privatization in the\nmid-1990s. International companies quickly invested in Bolivian energy\nsources, particularly in natural gas, and made Bolivia into a player in the\nworld energy market. The exportation of Bolivian energy resources, while\npotentially lucrative economically, has been politically hazardous. President\nGonzalo Sánchez de Lozada ultimately resigned over his plan to export natural\ngas to the United States and Mexico in 2003.\n\nOn 6 June 2005, former president Carlos Mesa offered his resignation to the\nBolivian Congress after months of demonstrations by Bolivia's indigenous\npopulation calling for renationalizing the natural gas and oil sectors. Mesa\nhad increased taxation on foreign companies while still encouraging their\ninvestment in Bolivian energy development. On 1 May 2006, his successor,\nformer president Morales, signed a decree stating that all natural gas\nreserves were to be nationalized, recovering ownership, possession and control\nof hydrocarbons. US Exxon Mobil Corporation, Petrobras, Spain's Repsol YPF, UK\ngas and oil producer BG Group Plc, and France's Total are the main gas\ncompanies present in the country.\n\nBolivia's natural gas exports bring in millions of dollars per day, in\nroyalties, rents and taxes. From 2007 to 2017, what is referred to as the\n\"government take\" on gas totaled approximately $22 billion."
  },
  {
    "chapter_name": "Economy of Bolivia",
    "chapter_id": "1",
    "section_number": "2.1.3",
    "section_name": "Electricity",
    "text": "Until 1994 the electricity sector was dominated by the vertically integrated\npublic utility ENDE (_Empresa Nacional de Electricidad_). In 1994 the\nelectricity sector was privatized and was unbundled into generation,\ntransmission and distribution. The law aimed to increase efficiency in the\nsector, promote competition and encourage investment.\n\nThe supply is dominated by thermal generation (60%), while hydropower (40%)\nhas a smaller share in its generation mix compared to other South American\ncountries (Latin America and the Caribbean, or LAC, average hydropower\ncapacity is 51%). The electricity coverage in rural areas is with 30% among\nthe lowest in Latin America and improving it represents a major challenge in\nthe future and requires the joint efforts from both the public and private\nsectors. Like in other countries, Bolivia's electricity sector consists of a\nNational Interconnected System (SIN) and off-grid systems (known as the\n_Aislado_)."
  },
  {
    "chapter_name": "Economy of Bolivia",
    "chapter_id": "1",
    "section_number": "3",
    "section_name": "Labor and welfare",
    "text": "The economic downturn of the late 1990s, coupled with privatization and\nausterity efforts led by President Mesa, resulted in significant unemployment.\nAlthough the Bolivian government does not keep unemployment statistics,\noutside experts estimated unemployment to be between 8 and 10 percent of the\npopulation, as of 2006. Underemployment of Bolivia's workforce of nearly 4\nmillion is also widespread. As a result of the lack of formal employment\nopportunities, nearly 65 percent of the urban workforce was self-employed in\n2002.\n\nLabor unions have a strong history in Bolivia, and many workers in the formal\nsector belong to unions. The larger unions, such as the Bolivian Labor\nFederation and the Trade Union Federation of Bolivian Mine Workers, have been\nsuccessful in rallying workers to countless strikes and work stoppages.\nNevertheless, working conditions for most Bolivian workers are difficult.\n\nThese conditions are even more critical as far as the informal sector is\nconcerned. In fact, Bolivia has been listed in the 2014 U.S. Department of\nLabor's report on child labor and forced labor among the 74 countries where\ninstances of such practices have been observed. According to the _List of\nGoods Produced by Child Labor or Forced Labor_ issued under this report,\nBolivia resorts to these practices in the agricultural sector as well as in\nthe mining industry until this day. The DOL has also reported that \"The\n[Bolivian] Government's National Plan to Eradicate Child Labor expired in 2010\nand has not been updated.\""
  },
  {
    "chapter_name": "Economy of Bolivia",
    "chapter_id": "1",
    "section_number": "3.1",
    "section_name": "Foreign exchange reserves",
    "text": "The amount in reserve currencies and gold held by Bolivia's Central Bank\nadvanced from 1.085 billion US dollars in 2000, under Hugo Banzer Suarez's\ngovernment, to 15.282 billion US dollars in 2014 under Evo Morales'\ngovernment. By 2022, a large part of the currency reserves had been used up,\nat which point they still stood at just under US$3.8 billion. In the course of\n2023, they fell to less than US$500 million, with the country facing a\nliquidity crisis.\n\n**Foreign-exchange reserves 2000–2022 (MM US$)** ****\n---\nFuente: Banco Central de Bolivia, Gráfica elaborada por: Wikipedia."
  },
  {
    "chapter_name": "Economy of Bolivia",
    "chapter_id": "1",
    "section_number": "3.2",
    "section_name": "Trade agreements",
    "text": "Bolivia's trade with neighboring countries is growing, in part because of\nseveral regional preferential trade agreements it has negotiated.[_citation\nneeded_] Bolivia was a founding member of the Andean Group, a South American\norganization designed to promote trade among Bolivia, Colombia, Ecuador, Peru,\nand Venezuela. Subsequently renamed the Andean Community, the organization has\nsucceeded in increasing intra-South American trade. Trade among member\ncountries rose from US$3.6 billion in 1991 to US$10.3 billion in 2003. Bolivia\nalso belongs to the Common Market of the South (Mercado Común del\nSur—Mercosur). Bolivia became an associate member in March 1997 to open\ninvestment opportunities with the founding Mercosur countries (Argentina,\nBrazil, Paraguay, and Uruguay), as well as other Mercosur associate members\n(Chile, Colombia, Ecuador, Peru, and Venezuela). The agreement provides for\nthe gradual creation of a free trade area covering at least 80% of the trade\nbetween the parties over a 10-year period, though economic crises in the\nregion have derailed progress at integration.[_citation needed_] The U.S.\nAndean Trade Preference and Drug Enforcement Act (ATPDEA) allows (allowed?)\nnumerous Bolivian products to enter the United States free of duty on a\nunilateral basis, including alpaca and llama products and, subject to a quota,\ncotton textiles.[_citation needed_] Bolivia conducted more than US$1 billion\nin trade with Mercosur countries in 2003. As a result of negotiations\ninitiated in 1999 on a possible South American Free Trade Area (SAFTA),\nMercosur and the Andean Community of Nations announced in December 2004 that\nthey would merge, creating a Union of South American Nations modeled after the\nEuropean Union."
  },
  {
    "chapter_name": "Economy of Bolivia",
    "chapter_id": "1",
    "section_number": "3.3",
    "section_name": "Imports and exports",
    "text": "Bolivian tariffs are low; however, manufacturers complain that the tax-rebate\nprogram that allows some companies to claim refunds of import taxes on capital\nequipment is inefficient, with many companies now owed millions of dollars by\nthe Bolivian Government, which can take years to recover.\n\nBolivian imports of goods were valued at about US$6.52 billion in 2020, while\nservice imports were valued at about US$2.55 billion in 2019.\n\nBolivia enjoyed an estimated $500 million goods trade surplus in 2020. Leading\nsources of Bolivian imports include China, Brazil, Chile, Peru, and Argentina,\nwith its top imports refined petroleum, cars, pesticides, delivery trucks, and\nraw iron bars.\n\nBolivian exports of goods and services in 2020 stood at US$7.02 billion\ncompared with US$1.9 billion in 2003.\n\nIncreased production of hydrocarbons, especially natural gas, led Bolivia's\ntrade upturn in 2004. A 20-year supply contract with Brazil for natural gas,\nending in 2019, the necessary capital to increase production. In 2004 export\nrevenues for natural gas topped US$619 million. Bolivia also exported\nsignificant quantities of petroleum. Beyond hydrocarbons, other significant\nexports included zinc, soya, iron ore, and tin. In 2001 Brazil overtook the\nUnited States as Bolivia's primary export outlet. Switzerland, Venezuela, and\nColombia are also important export partners. Bolivia has actively sought to\nfoster economic connections in South America after long relying on the United\nStates as its primary trade partner.\n\nThe United States remains one of Bolivia's largest trading partners; however,\nit faded greatly on Brazil benefit in 2012. In 2002, the United States\nexported $283 million of merchandise to Bolivia and imported $162 million.\nBolivia's major exports to the United States are tin, gold, jewelry, and wood\nproducts. Its major imports from the United States are computers, vehicles,\nwheat, and machinery. A Bilateral Investment Treaty between the United States\nand Bolivia came into effect in 2001, however the Treaty was terminated by the\ngovernment of Bolivia in 2012.\n\nBy 2004 Bolivia had become the market leader in the export of brazil nuts,\nwith thousands of local people involved in collecting the pods in Bolivian\nAmazonia."
  },
  {
    "chapter_name": "Economy of Bolivia",
    "chapter_id": "1",
    "section_number": "3.4",
    "section_name": "Balance of trade",
    "text": "Bolivia had an estimated trade surplus of more than US$1.6 billion in\n2011.[_citation needed_] This figure represents a marked change in Bolivia's\neconomic balance sheet. Bolivia reached a peak trade deficit of US$888 million\nin 1998 before increased hydrocarbon exports radically altered the situation.\n\nBolivia had a large negative balance of payments for 2002⎯US$317 million.\nHowever, this situation has been remedied by the vast increase in export\nrevenue. Estimates for the balance of payments for 2004 show a record surplus\nof US$126 million. Bolivia's external debt totaled an estimated US$5.7 billion\nin 2004. The International Monetary Fund has assisted Bolivia in paying down\nthis debt. In 1995 the United States, among other countries, reduced Bolivia's\ndebt by two-thirds."
  },
  {
    "chapter_name": "Economy of Bolivia",
    "chapter_id": "1",
    "section_number": "3.5",
    "section_name": "Foreign investment",
    "text": "Foreign investment in Bolivia was buoyed in 1995 by privatization. Investment\nin mining and natural gas extraction increased, as did investment in the\nbanking sector. However, the economic decline of the late 1990s, along with\npolitical unrest, caused foreign investors to pull out of Bolivia once again.\nIn 2000 foreign investors contributed US$736 million to the Bolivian economy.\nIn 2002 this total fell to US$676 million.\n\nThe Government of Bolivia remains heavily dependent on foreign assistance to\nfinance development projects. At the end of 2002, the government owed $4.5\nbillion to its foreign creditors, with $1.6 billion of this amount owed to\nother governments and most of the balance owed to multilateral development\nbanks. Most payments to other governments have been rescheduled on several\noccasions since 1987 through the Paris Club mechanism. External creditors have\nbeen willing to do this because the Bolivian Government has generally achieved\nthe monetary targets set by International Monetary Fund programs since 1987,\nthough economic problems in recent years have undercut Bolivia's normally good\ntrack record. Rescheduling agreements granted by the Paris Club have allowed\nthe individual creditor countries to apply very soft terms to the rescheduled\ndebt. As a result, some countries have forgiven substantial amounts of\nBolivia's bilateral debt. The U.S. Government reached an agreement at the\nParis Club meeting in December 1995 that reduced by 67% Bolivia's existing\ndebt stock. The Bolivian Government continues to pay its debts to the\nmultilateral development banks on time. Bolivia is a beneficiary of the\nHeavily Indebted Poor Countries (HIPC) and Enhanced HIPC debt relief programs,\nwhich by agreement restricts Bolivia's access to new soft loans. Bolivia was\none of three countries in the Western hemisphere selected for eligibility for\nthe Millennium Challenge Account and is participating as an observer in free\ntrade agreement negotiations. Bolivia enjoys some financial assistance\nprograms run by the World Bank and Microenterprise Development programs\nprovided by Five Talents International."
  },
  {
    "chapter_name": "Economy of Bolivia",
    "chapter_id": "1",
    "section_number": "3.5.1",
    "section_name": "Mutun iron ore project",
    "text": "In 2007, India's third-largest steel manufacturer, Jindal Steel and Power\nLimited, signed a contract with the Bolivian government to exploit the Mutun\niron ore deposit, considered to be one of the largest in the world. According\nto the contract, Jindal would invest US$1.5 billion initially and an\nadditional US$2.5 billion over the next eight years. This is the single\nlargest investment by an Indian firm in Latin America. Jindal Steel will set\nup an integrated 1.7 MTPA steel plant, a 6 MTPA sponge iron plant, a 10 MTPA\niron ore pellet plant and a 450 MW power plant. By September 2011, Jindal had\nobtained clearance for the project from the EIA and had hired an engineering\nconsultant for FEED work. The project is expected to create 6,000 jobs\ndirectly and another 15,000 indirectly.\n\nAs of June 2011, Jindal had invested only US$20 million on the project due to\nconsiderable delay by Bolivian authorities in issuing land for the project and\ndue to inability of the Bolivian government to commit 8 million cubic meters\nof natural gas per day for the power plant and ore smelting process. In 2012\nJindal exited Bolivia, prompting Bolivia to seize the bond. In 2014,\ninternational arbitration awarded Jindal $22.5 Million due to Bolivia's\nseizure of the bond."
  }
]