[
  {
    "chapter_name": "Economy of Andorra",
    "chapter_id": "1",
    "section_number": "1",
    "section_name": "Introduction",
    "text": "The **economy of Andorra** is a developed and free market economy driven by\nfinance, retail, and tourism. The country's gross domestic product (GDP) was\nUS$6.00 billion in 2024. Attractive for shoppers from France and Spain as a\nfree port, Andorra also has developed active summer and winter tourist\nresorts. With some 270 hotels and 400 restaurants, as well as many shops, the\ntourist trade employs a growing portion of the domestic labour force. An\nestimated 10 million tourists visit annually.\n\nThere is a fairly active trade in consumer goods, including imported\nmanufactured items, which, because they are duty-free, are less expensive in\nAndorra than in neighboring countries. Andorra's duty-free status also has had\na significant effect on the controversy concerning its relationship with the\nEuropean Union (EU). Its negotiations on duty-free status and relationship\nwith the EU began in 1987, soon after Spain joined. An agreement that went\ninto effect in July 1991 sets duty-free quotas and places limits on certain\nitems – mainly milk products, tobacco products and alcoholic beverages.\nAndorra is permitted to maintain price differences from other EU countries,\nand visitors enjoy limited duty-free allowances.\n\nThe results of Andorra's elections thus far indicate that many support the\ngovernment's reform initiatives and believe the country must, to some degree,\nintegrate into the European Union in order to continue to enjoy its\nprosperity. Although arable land comprises less than 2% of the country,\nagriculture was the mainstay of the Andorran economy until the upsurge in\ntourism. Sheep raising has been the principal agricultural activity, but\ntobacco growing is lucrative. Most of Andorra's food is imported.\n\nIn addition to handicrafts, manufacturing includes cigars, cigarettes and\nfurniture for domestic and export markets. A hydroelectric plant at Les\nEscaldes, with a capacity of 26.5 megawatts, provides 40% of Andorra's\nelectricity; Spain provides the rest."
  },
  {
    "chapter_name": "Economy of Andorra",
    "chapter_id": "1",
    "section_number": "1",
    "section_name": "Overview",
    "text": "Tourism is the mainstay of Andorra's economy, accounting for roughly 80% of\nGDP. An estimated 9 million tourists visit annually, attracted by Andorra's\nduty-free status and by its summer and winter resorts. Andorra's comparative\nadvantage has recently eroded as the economies of neighboring France and Spain\nhave been opened up, providing broader availability of goods and lower\ntariffs. The banking sector, with its \"tax haven\" status, also contributes\nsubstantially to the economy. Agricultural production is limited by a scarcity\nof arable land, and most food has to be imported. The principal livestock\nactivity is sheep raising. Manufacturing consists mainly of cigarettes, cigars\nand furniture. Andorra is a member of the EU Customs Union and is treated as\nan EU member for trade in manufactured goods (no tariffs)."
  },
  {
    "chapter_name": "Economy of Andorra",
    "chapter_id": "1",
    "section_number": "2",
    "section_name": "Statistics",
    "text": "Sotheby's Andorra office\n\n**GDP:** purchasing power parity - US$3.327 billion (2015)\n_country comparison to the world:_ 190\n\n**GDP - real growth rate:** 8.95% (2015 est.)\n_country comparison to the world:_ 132\n\n**GDP - per capita:** purchasing power parity - US$49,900 (2015)\n_country comparison to the world:_ 29\n\n**GDP - composition by sector:** (2015 est.)\n_agriculture:_ 11.9%\n_industry:_ 33.6%\n_services:_ 54.5%\n\n**Population below poverty line:** N/A\n\n**Household income or consumption by percentage share:**\n_lowest 10%:_ N/A\n_highest 10%:_ N/A\n\n**Inflation rate (consumer prices):** -0.9% (2015 est.)\n_country comparison to the world:_ 225\n\n**Labor force:** 42,230 (2007)\n_country comparison to the world:_ 185\n\n**Labor force - by occupation:** agriculture 0.3%, industry 20.8%, services\n79% (2007)\n\n**Unemployment rate:** 3.7%\n_country comparison to the world:_ 183\n\n**Budget:**\n_revenues:_ US$1.872 billion\n_expenditures:_ US$2.06 billion (2016)\n\n**Industries:** tourism (particularly skiing), banking, timber, furniture\n\n**Industrial production growth rate:** -3.9% (2020 est.)\n_country comparison to the world:_ 184\n\n**Electricity - production:** N/A\n\n**Electricity - production by source:**\n_fossil fuel:_ 0%\n_hydro:_ 40%\n_nuclear:_ 0%\n_other:_ 60% imported from Spain\n\n**Electricity - consumption:** N/A\n\n**Electricity - exports:** N/A\n\n**Electricity - imports:** N/A ; note - imports electricity from Spain and\nFrance; Andorra generates a small amount of hydropower\n\n**Agriculture - products:** small quantities of rye, wheat, barley, oats,\nvegetables, tobacco, sheep, cattle\n\n**Exports:** US$1.842 billion f.o.b. (2020 est.)\n_country comparison to the world:_ 163\n\n**Exports - commodities:** integrated circuits, dental fitting supplies, cars,\ngold, essential oils (2021)\n\n**Exports - partners:** Spain 40%, France 19%, United States 11%, Mauritania\n5% (2019)\n\n**Imports:** US$1.727 billion (2020 est.)\n_country comparison to the world:_ 178\n\n**Imports - commodities:** cars, refined petroleum, perfumes, shaving\nproducts, liquors (2019)\n\n**Imports - partners:** Spain 71%, France 17% (2019)\n\n**Debt - external:** $0 (2016)\n\n**Economic aid - recipient:** none\n\n**Currency:** Euros have replaced the French franc and the Spanish peseta.\n\n**Exchange rates:** euros per US dollar - 0.845 (2021), 0.6827 (2008), 0.7306\n(2007), 0.7964 (2006), 0.8041 (2005), 0.8054 (2004), 0.886 (2003), 1.0626\n(2002), 1.1175 (2001), 0.9867 (January 2000), 0.9386 (1999)\n\n**Fiscal year:** calendar year"
  },
  {
    "chapter_name": "Economy of Andorra",
    "chapter_id": "1",
    "section_number": "2.1",
    "section_name": "Companies",
    "text": "In 2022, the sector with the highest number of companies registered in Andorra\nis Services with 2,515 companies followed by Retail Trade and Wholesale Trade\nwith 1,157 and 1,144 companies respectively."
  }
]