[
  {
    "chapter_name": "Economy of the Dominican Republic",
    "chapter_id": "1",
    "section_number": "1",
    "section_name": "Introduction",
    "text": "| This article's **lead section may be too long**. Please read the length\nguidelines and help move details into the article's body. _( February 2025)_  \n---|---  \n  \nThe **economy of the Dominican Republic** is the seventh largest in Latin\nAmerica, and is the largest in the Caribbean and Central American region. The\nDominican Republic is an upper-middle income developing country with important\nsectors including mining, tourism, manufacturing (medical devices, electrical\nequipment, pharmaceuticals, and chemicals), energy, real estate,\ninfrastructure, telecommunications and agriculture. The Dominican Republic is\non track to achieve its goal of becoming a high-income country by 2030, and is\nexpected to grow 79% in this decade. The country is the site of the single\nlargest gold mine in Latin America, the Pueblo Viejo mine. Although the\nservice sector is currently the leading employer of Dominicans (due\nprincipally to growth in tourism and free-trade zones), agriculture remains an\nimportant sector in terms of the domestic market and is in second place\n(behind mining) in terms of export earnings. Tourism accounts for more than\n$7.4 billion in annual earnings in 2019. Free-trade zone earnings and tourism\nare the fastest-growing export sectors. A leading growth engine in the Free-\ntrade zone sector is the production of medical equipment for export having a\nvalue-added per employee of US$20,000, total revenue of US$1.5 billion, and a\ngrowth rate of 7.7% in 2019. The medical instrument export sector represents\none of the highest-value added sectors of the country's economy, a true growth\nengine for the country's emerging market. Remittances are an important sector\nof the economy, contributing US$8.2 billion in 2020. Most of these funds are\nused to cover household expenses, such as housing, food, clothing, health care\nand education. Secondarily, remittances have financed businesses and\nproductive activities. Thirdly, this combined effect has induced investment by\nthe private sector and helps fund the public sector through its value-added\ntax. The combined import market including the free-trade-zones amounts to a\nmarket of $20 billion a year in 2019. The combined export sector had revenues\ntotaling $11 billion in 2019. The consumer market is equivalent to $61 billion\nin 2019. An important indicator is the average commercial loan interest rate,\nwhich directs short-term investment and stimulates long-term investment in the\neconomy. It is currently 8.30%, as of June 2021.\n\nThe Dominican Republic's most important trading partner is the United States\n(over 40% of total commercial exchange; over $12 billion in trade). Other\nmajor trade partners are China (over $3 billion in trade), Switzerland (over\n$1 billion), Puerto Rico (over $800 million), Mexico (over $700 million),\nHaiti (over $700 million), Spain (over $700 million), the Netherlands (over\n$700 million), Canada (over $600 million), Brazil (over $500 million), and\nGermany (over $500 million), in that quantitative order. The country exports\nfree-trade-zone manufactured products (medical devices, electrical equipment,\npharmaceuticals, and chemicals), gold, nickel, agricultural products, liquor,\ncocoa beans, silver, and sauces and seasonings. It imports petroleum,\nindustrial raw materials, capital goods, and foodstuffs. On 5 September 2005,\nthe Congress of the Dominican Republic ratified a free trade agreement with\nthe U.S. and five Central American countries, the Dominican Republic – Central\nAmerica Free Trade Agreement (CAFTA-DR). CAFTA-DR entered into force for the\nDominican Republic on 1 March 2007. The total stock of U.S. foreign direct\ninvestment (FDI) in Dominican Republic as of 2019 was U.S. $42 billion, much\nof it directed to the energy, tourism, real estate, manufacturing,\ninfrastructure and the telecommunications sectors. In 2019 the foreign direct\ninvestment stock amounted to $42 billion a significant growth in the last\ndecade and a half. In 2020, during the COVID-19 pandemic, foreign direct\ninvestment flows in the Dominican Republic had remained strong at $2.5 billion\nadded to the stock in that year. Having grown to an estimated $44.5 billion,\nand growing more than ten-fold since 2006 when the liberalization efforts\nbegan.\n\nAn important aspect of the Dominican economy is the Free Trade Zone industry\n(FTZ), which made up U.S. $6.2 billion in Dominican exports for 2019. Reports\nshow, however, that the FTZs lost approximately 60,000 between 2005 and 2007\nand suffered a 4% decrease in total exports in 2006. The textiles sector\nexperienced an approximate 17% drop in exports in 2006 due in part to the\nappreciation of the Dominican peso against the dollar, Asian competition\nfollowing expiration of the quotas of the Multi-Fiber Arrangement, and a\ngovernment-mandated increase in salaries, which should have occurred in 2005\nbut was postponed to January 2006. Lost Dominican business was captured by\nfirms in Central America and Asia. The tobacco, jewelry, medical, and\npharmaceutical sectors in the FTZs all reported increases for 2006, which\noffset textile and garment losses. Industry experts from the FTZs expected\nthat entry into force of the CAFTA-DR agreement would promote substantial\ngrowth in the FTZ sector in 2007. By the end of the last decade-and-a-half the\nfree-trade-zone sector has rebounded and surpassed the former amounts of $4.5\nbillion in 2006 to grow to $6.2 billion by 2019."
  },
  {
    "chapter_name": "Economy of the Dominican Republic",
    "chapter_id": "1",
    "section_number": "0.1",
    "section_name": "Agriculture",
    "text": "In 2018, the Dominican Republic produced 644 thousand tons of avocado (it is\nthe 2nd largest producer in the world), 1 million tons of papaya (it is the\n4th largest producer in the world), 5.2 million tons of sugarcane, 2.1 million\ntons of banana, 85 thousand tons of cocoa, 442 thousand tons of palm oil, 407\nthousand tons of pineapple, 403 thousand tons of coconut, 627 thousand tons of\nrice, 160 thousand tons of cassava, 136 thousand tons of orange, in addition\nto from smaller productions of other agricultural products such as potato,\nlemon, melon, onion and yam.\n\nWith almost 80% of the total land area suitable for crop production and about\n17% of the labor force engaged in farming, agriculture remains the primary\noccupation, accounting for 11% of GDP in 2001. Value of agricultural output\ngrew at an average annual rate of 7.1% during 1968–73, but since 1975 the\nsector has been hampered by droughts (1975, 1977, and 1979), hurricanes (in\n1979 and 1980), and slumping world prices and quota allocations for sugar\n(since 1985). In 1999, agricultural production was 0.4% higher than during\n1989–91. The fertile Cibao Valley is the main agricultural center. In 1998,\narable land totaled 1,020,000 hectares (2,500,000 acres); with land under\npermanent crops at 480,000 hectares (1,200,000 acres).\n\nAfter Cuba, the Dominican Republic is the second-largest Caribbean producer of\nsugarcane, the nation's most important crop. The State Sugar Council operates\n12 sugar mills and accounts for about half of total production. Other large\nproducers are the privately owned Vicini, with three mills, and Central Romana\nCorporation, whose mill is the largest in the country. Sugar is grown in the\nsoutheastern plains, around Barahona & on the North Coast Plain. In 1999,\nsugar production was 4.4 million tons, down from an average of 7.1 million\ntons during 1989–1991. Output of sugar has declined annually since 1982, and\nland is gradually being taken out of sugar production and switched to food\ncrops. Production of raw sugar rose from 636,000 tons in 1990 to 813,000 tons\nin 1997 but fell to 374,000 tons in 1999.\n\nPart of the crop was destroyed by hurricanes in 1979 and 1980, and 1979–80\nproduction was only 670,000 bags (40,200 tons). Although production was\nusually about 57,000–59,000 tons annually in the 1980s, the acreage harvested\ndeclined from 157,000 hectares (390,000 acres) in the early 1980s to 139,000\nhectares (340,000 acres) in 1999, indicating a greater yield per acre. Coffee\nproduction in 1999 was estimated at 35,000 tons; exports of coffee in 2001\ngenerated $11 million. Cocoa and tobacco are also grown for export. Dominican\nRepublic is one of the top 10 major producer and exporter of cocoa in the\nworld. Cocoa is also grown in the Cibao Valley around San Francisco de\nMacoris. Tobacco is also grown in the Cibao Valley, but around Santiago. In\n1999, production of cocoa beans was 26,000 tons and of tobacco, 35,000 tons.\nRice is grown around Monte Cristi & San Francisco de Macoris. Banana\nproduction in 1999 was 432,000 tons. Production of other crops in 1999 (in\nthousands of tons) included rice, 563; coconuts, 184; cassava, 127; tomatoes,\n281; pulses, 69; dry beans, 26; eggplants, 7; and peanuts, 2."
  },
  {
    "chapter_name": "Economy of the Dominican Republic",
    "chapter_id": "1",
    "section_number": "0.2",
    "section_name": "Livestock farming",
    "text": "In 2001, Dominican livestock included 187,000 goats and 106,000 sheep. There\nwere also about 2.1 million head of cattle, 60% for beef and 40% for dairy.\nThe hog population was decimated by African swine fever in 1978, decreasing\nfrom 400,000 in 1978 to 20,000 in 1979; by 2001, however, it was 565,000.\nPoultry is the main meat source because it is cheaper than beef or pork.\nPoultry production relies on imports of feed grain from the United States. In\n2001, 203,000 tons of poultry meat were produced, along with 71,000 tons of\nbeef and 420,000 tons of milk."
  },
  {
    "chapter_name": "Economy of the Dominican Republic",
    "chapter_id": "1",
    "section_number": "0.3",
    "section_name": "Fishing",
    "text": "In 2017 the total marine production was 18,000 metric tons. Marlin, barracuda,\nkingfish, mackerel, tuna, sailfish, and tarpon are found in the Monte Cristi\nBank and Samaná Bay, which also supports bonito, snapper, and American\ngrouper."
  },
  {
    "chapter_name": "Economy of the Dominican Republic",
    "chapter_id": "1",
    "section_number": "0.4",
    "section_name": "Forestry",
    "text": "About 28.4% of the total land area consisted of forests and woodlands in 2000.\nRound wood production in 2000 totaled 562,000 cu m (19.8 million cu ft).\nTimber is cut for land clearing for the use of agriculture. There are\nimportant national parks protecting the natural resources and aquifers of the\ncountry."
  },
  {
    "chapter_name": "Economy of the Dominican Republic",
    "chapter_id": "1",
    "section_number": "0.5",
    "section_name": "Mining",
    "text": "In 2019, the country was the 9th largest world producer of nickel. The country\nhad almost zero production of gold until 2011, where it grew exponentially. In\n2016 the country produced almost 38 tons. The country had almost zero\nproduction of silver until 2008, where it grew exponentially. In 2017 the\ncountry produced 147 tons.\n\nFerronickel was the country's leading export commodity and third-leading\nindustry. Nickel is mined at Bonao. In 2000, nickel production was 39,943\ntons, ranking tenth in the world, a decrease from 49,152 in 1997. Currently\nthe most important mineral export is gold.\n\nProduction of gold in the Pueblo Viejo mine is the largest gold producing mine\nin Latin America, and fourth most productive mine in the world producing a\ntotal of 30,100 kg of gold in 2018. The extraction by a foreign company of\ngold at one of the largest mines in the Western Hemisphere has startled and\nconcerned a part of the country who believe that the natural resource should\nbe extracted by local companies and not foreign. Some groups began to protest\nagainst Barrick Gold in 2009 and 2010. In 2019 gold is one of the largest\nexports of the country totaling $1.6 billion and has helped to balance the\ncommodity current account balance.\n\nProduction of bauxite, traditionally the principal mining product, ceased in\n1992. The Aluminum Co. of America (Alcoa) mined bauxite between 1959 and 1983,\nwhen it turned its concession over to the state. Production in 1991 dropped\n92% from the previous year, as a presidential decree suspended mining\noperations at the largest mine, in response to increasing fears of\ndeforestation, although reforestation of mined areas was in progress. Output\naveraged 1 million tons each year.\n\nThe country was one of the few sources of amber in the Western Hemisphere.\nSalt Mountain, a 16 km block of almost solid salt west of Barahona, was the\nworld's largest known salt deposit. There were also large deposits of gypsum\nnear Salt Mountain, making the Dominican Republic one of three sources of\ngypsum in the Caribbean. The country also produced hydraulic cement,\nlimestone, marble, and sand and gravel. Substantial lignite deposits were\nfound in the early 1980s. Deposits of copper and platinum are also found in\nthe country."
  },
  {
    "chapter_name": "Economy of the Dominican Republic",
    "chapter_id": "1",
    "section_number": "1",
    "section_name": "Industry",
    "text": "The industrial sector contributed an estimated 31.1% to the country's GDP in\n2023, led by mining and the manufacture of goods for export to the United\nStates, Europe and Asia. To a lesser extent, there is the manufacture of food\nproducts, consumer non-durables, and building materials for the local market.\nThe sector employed 20.8% of the workforce in 2014.\n\nAbout 500 companies in the Dominican Republic manufacture goods primarily for\nthe North American market. Situated in 50 industrial free zones around the\ncountry, these mostly foreign-owned corporations take advantage of generous\ntax and other financial inducements offered by the government to businesses\nthat operate within the zones. Approximately 200,000 people, or about 8% of\nthe workforce, are employed in this sector. They mostly produce clothing,\nelectronic components, footwear, and leather goods, which are assembled. The\nraw materials or semi-manufactured goods are usually imported duty-free from\nother emerging markets (electronic parts are imported from industrialized\nPuerto Rico) and assembled in the free trade zones. Products include\ncosmetics, pharmaceuticals, textiles, perfumes & foodstuffs. The value of\nfree-trade-zone exports amounted to US$6.2 billion in 2019, while their\nimports of intermediate products amounted to US$4 billion.\n\nOther, more traditional manufacturing is based on sugar refining, cement, iron\nand steel production, and food processing. Rum is a significant export\ncommodity, and beer and cigarettes are manufactured for local consumption.\nMost industry of this sort is located around the working-class perimeter of\nSanto Domingo and other large towns. Metaldom is the main steel manufacturer\nin the country, with production of 1 million tons per year, most of which is\nexported."
  },
  {
    "chapter_name": "Economy of the Dominican Republic",
    "chapter_id": "1",
    "section_number": "2",
    "section_name": "Services",
    "text": "Services were estimated to contribute 56% of the GDP in 2023 and employs 64.7%\nof the population."
  },
  {
    "chapter_name": "Economy of the Dominican Republic",
    "chapter_id": "1",
    "section_number": "2.1",
    "section_name": "Tourism",
    "text": "Since the mid-1980s the tourism sector has become one of the country's most\nimportant sources of foreign exchange, and more popular tourist destinations.\nThe country is famous for its favorable location in the Caribbean, tropical\nclimate, beaches, and the restored Spanish colonial architecture. Many foreign\ninvestors have and continue to be encouraged to invest here to build and\nexpand resorts and airports around the coasts. During this same period,\ntourism displaced sugar as the main source of the country's earnings, and by\n1997 it was generating more than half of the country's total foreign exchange.\nIn 2019 it generated one-third of the total foreign exchange for the country.\n\nTourism is the single biggest revenue earner, growing from humble beginnings\nin 1980 to more than $7.4 billion by 2019. Successive governments have\ninvested heavily in tourism development, creating upgraded airports and other\ninfrastructure. The number of tourist amounted to 6.4 million tourists\narriving in the country in 2019. Most come from Europe, with about 25%\noriginating from the United States or Canada. The country now has almost\n70,000 hotel rooms, more than any other Caribbean country. About 50,000\nDominicans are directly employed in this sector, mostly working in hotels, and\nanother 110,000 are indirectly employed as taxi drivers, tour guides, or\ntourist-shop staff. Most tourists visit the Dominican Republic on account of\nits beaches, but there is an expanding eco-tourism and outdoor activity\nsector, focused on the country's mountains and wildlife.\n\nAlthough tourism generates large revenues, some scholars and activists argue\nthat the development of tourism also has high impacts on many socioeconomic\naspects. For instance, they argue that it involves ecological deterioration,\nprofit leakage, social displacement, disported cultural patterns, rising land\nvalues, drugs and prostitution.\n\nTravel and tourism contribution to GDP [%] | 2001 | 2008\n---|---|---\nDominican Republic | 19.2% | 17.6%\nCaribbean region | 18.2% | 19.5%"
  },
  {
    "chapter_name": "Economy of the Dominican Republic",
    "chapter_id": "1",
    "section_number": "2.2",
    "section_name": "Retail",
    "text": "Retail activity in the Dominican Republic takes many forms, from U.S.-style\nsupermarkets and shopping malls in Santo Domingo to rural markets and tiny\nfamily-run corner stores in villages. A small but affluent middle class can\nafford to shop at the former, while the lower-income rural community resorts\nto buying small amounts of daily essentials from general stores (these small\nstores often double as pubs). In an attempt to regulate the retail sector, the\ngovernment has recently reformed taxation laws, so that small shops pay taxes\non a regular monthly basis. Many transactions, however, go unrecorded."
  },
  {
    "chapter_name": "Economy of the Dominican Republic",
    "chapter_id": "1",
    "section_number": "3",
    "section_name": "Energy",
    "text": "Wind energy in Pedernales province.\n\nThe electricity sector has had big investments in the last decade 2010 to 2020\ndiversifying the sector away from petroleum which decreased from 50% of energy\ngeneration to 7%. The largest generation sources as of 2021 are coal, natural\ngas and renewables representing together 93% of electricity generation. This\nhas transformed a strategic sector of the economy into a stable and lower cost\nsector. The rate of electricity loss improved from 38% in 2005 to 30% in 2019\nshowing improvement in the infrastructure. Low collection rates, illegal\nconnections, infrastructure problems and poor governance are the sources of\nthe high level of electricity loss in the system. The government plans to\ncontinue providing subsidies. Congress passed a law in 2007 that criminalizes\nthe act of illegal electric connections. The state subsidizes the cost of\nelectricity, funding the cost via indirect taxation instead of direct price\nincreases for lower-income households, therefore it is a redistributive policy\nand partly funded by the country as a whole instead of the direct consumers of\nelectricity. The profit from renewables, natural gas, and coal is positive and\nconsidered the current and future of the system, given that petroleum\nderivatives are considered more volatile and expensive in running costs.\n\nAs of 2020 significant investments in the electricity sector have been\nrealized with the construction of the Punta Catalina coal-fired plant.\nSignificantly diversifying the electric sector's away from the traditional mix\nto one with lower cost. The growth of the renewables sector and the natural\ngas power sector has made significant strides in this respect in the last few\nyears, and is expected to continue to grow with foreign and local investment\nin the sector."
  },
  {
    "chapter_name": "Economy of the Dominican Republic",
    "chapter_id": "1",
    "section_number": "4",
    "section_name": "Employment",
    "text": "Labor participation has improved over the last decade from 62.4% to 67.3%.\nDespite this growth, female labor participation rates lag more than 25\npercentage points behind male labor participation rates, 52.7% and 77.9%\nrespectively. This disparity highlights ongoing challenges in achieving gender\nequality in the workforce and indicates potential barriers that women face in\naccessing employment opportunities. Marginal real wage growth since the end of\nthe 1990s suggests low quality jobs and low bargaining power of employees,\nwhich can further exacerbate economic inequality."
  },
  {
    "chapter_name": "Economy of the Dominican Republic",
    "chapter_id": "1",
    "section_number": "4.1",
    "section_name": "Informal Employment",
    "text": "In 2021, 45.5% of Dominicans lived in households where all workers were\nemployed through informal jobs. This situation reflects a significant portion\nof the economy that operates outside formal regulations, leading to a lack of\njob security and access to social safety net resources. In rural areas\ninformal employment was 69.1%, compared to 56.9% in urban areas, underscoring\nregional disparities in formal employment opportunities."
  },
  {
    "chapter_name": "Economy of the Dominican Republic",
    "chapter_id": "1",
    "section_number": "5",
    "section_name": "Data",
    "text": "The following table shows the main economic indicators in 1980–2024 (with IMF\nstaff estimates in 2025–2029). Inflation below 5% is in green.\n\nYear | GDP\n(in Bil. US$ PPP) | GDP per capita\n(in US$ PPP) | GDP\n(in Bil. US$ nominal) | GDP per capita\n(in US$ nominal) | GDP growth\n(real) | Inflation rate\n(%) | Unemployment\n(%) | Government debt\n(in % of GDP)\n---|---|---|---|---|---|---|---|---\n1980 | 13.7 | 2,429.3 | 8.7 | 1,534.3 | 8.0% | 21.7% | n/a | n/a\n1981 | 15.7 | 2,710.8 | 9.7 | 1,677.4 | 4.3% | 7.5% | n/a | n/a\n1982 | 16.9 | 2,860.5 | 9.1 | 1,545.1 | 1.7% | 7.6% | n/a | n/a\n1983 | 18.4 | 3,038.1 | 9.5 | 1,562.1 | 4.6% | 5.6% | n/a | n/a\n1984 | 19.3 | 3,112.3 | 14.9 | 2,397.6 | 1.3% | 20.2% | n/a | n/a\n1985 | 19.5 | 3,068.1 | 6.5 | 1,022.6 | -2.1% | 45.3% | n/a | n/a\n1986 | 20.6 | 3,162.4 | 7.9 | 1,212.4 | 3.5% | 7.6% | n/a | n/a\n1987 | 23.2 | 3,482.7 | 8.3 | 1,245.3 | 10.1% | 13.6% | n/a | n/a\n1988 | 24.6 | 3,597.5 | 7.6 | 1,113.8 | 2.2% | 43.9% | n/a | n/a\n1989 | 26.7 | 3,818.6 | 8.6 | 1,230.7 | 4.4% | 40.7% | n/a | n/a\n1990 | 26.1 | 3,672.4 | 8.0 | 1,123.2 | -5.5% | 50.5% | n/a | n/a\n1991 | 27.3 | 3,766.8 | 9.9 | 1,365.2 | 0.9% | 47.1% | 9.2% | n/a\n1992 | 31.0 | 4,207.8 | 11.6 | 1,573.7 | 11.2% | 4.3% | 9.5% | n/a\n1993 | 34.1 | 4,541.0 | 13.1 | 1,741.7 | 7.4% | 5.3% | 9.3% | n/a\n1994 | 35.7 | 4,677.0 | 14.6 | 1,916.4 | 2.6% | 8.3% | 7.4% | n/a\n1995 | 38.6 | 4,962.8 | 16.6 | 2,141.1 | 5.7% | 12.5% | 7.3% | n/a\n1996 | 41.6 | 5,270.0 | 18.2 | 2,309.9 | 6.0% | 5.4% | 7.5% | n/a\n1997 | 46.1 | 5,745.7 | 20.0 | 2,495.0 | 8.9% | 8.3% | 7.2% | 13.8%\n1998 | 49.7 | 6,102.4 | 21.7 | 2,658.5 | 6.7% | 4.8% | 7.4% | 13.2%\n1999 | 53.4 | 6,457.7 | 22.1 | 2,674.8 | 5.9% | 6.5% | 6.3% | 16.0%\n2000 | 57.2 | 6,811.6 | 24.3 | 2,894.3 | 4.7% | 7.7% | 8.1% | 16.7%\n2001 | 59.9 | 7,039.8 | 25.6 | 3,007.4 | 2.5% | 8.9% | 9.1% | 20.4%\n2002 | 63.6 | 7,371.7 | 27.2 | 3,158.4 | 4.5% | 5.2% | 8.5% | 21.5%\n2003 | 64.0 | 7,316.3 | 21.5 | 2,460.6 | -1.3% | 27.5% | 8.7% | 48.2%\n2004 | 67.4 | 7,607.9 | 22.5 | 2,540.8 | 2.6% | 51.5% | 7.9% | 34.3%\n2005 | 76.1 | 8,480.4 | 35.9 | 4,008.4 | 9.4% | 4.2% | 8.2% | 38.3%\n2006 | 85.6 | 9,435.5 | 38.0 | 4,188.7 | 9.2% | 7.6% | 7.1% | 36.0%\n2007 | 94.4 | 10,292.7 | 44.1 | 4,803.5 | 7.4% | 6.1% | 6.5% | 32.9%\n2008 | 99.3 | 10,703.6 | 48.2 | 5,194.8 | 3.2% | 10.6% | 6.0% | 33.6%\n2009 | 100.9 | 10,757.5 | 48.3 | 5,151.2 | 0.9% | 1.4% | 6.8% | 36.7%\n2010 | 110.6 | 11,672.3 | 53.9 | 5,688.8 | 8.3% | 6.3% | 6.5% | 37.3%\n2011 | 116.5 | 12,157.9 | 58.1 | 6,063.4 | 3.1% | 8.5% | 7.6% | 39.1%\n2012 | 118.2 | 12,207.7 | 60.7 | 6,274.9 | 2.7% | 3.7% | 8.4% | 42.3%\n2013 | 125.4 | 12,818.4 | 62.8 | 6,413.9 | 4.9% | 4.8% | 9.2% | 46.7%\n2014 | 137.0 | 13,859.1 | 67.3 | 6,805.7 | 7.1% | 3.0% | 8.5% | 44.9%\n2015 | 151.6 | 15,186.0 | 71.3 | 7,139.5 | 6.9% | 0.8% | 7.3% | 44.7%\n2016 | 167.5 | 16,625.8 | 75.8 | 7,521.3 | 6.7% | 1.6% | 7.1% | 46.6%\n2017 | 175.9 | 17,301.4 | 80.1 | 7,874.9 | 4.7% | 3.3% | 5.5% | 48.9%\n2018 | 192.7 | 18,772.6 | 85.6 | 8,341.0 | 7.0% | 3.6% | 5.7% | 50.5%\n2019 | 205.7 | 19,854.6 | 89.0 | 8,595.2 | 5.1% | 1.8% | 6.2% | 53.6%\n2020 | 194.4 | 18,602.9 | 78.9 | 7,553.5 | -6.7% | 3.8% | 5.8% | 71.5%\n2021 | 228.2 | 21,655.0 | 94.5 | 8,962.3 | 12.5% | 8.2% | 7.4% | 63.2%\n2022 | 256.2 | 24,096.0 | 113.9 | 10,711.2 | 4.9% | 8.8% | 5.3% | 59.5%\n2023 | 271.9 | 25,355.1 | 120.0 | 11,274.2 | 2.4% | 4.8% | 6.2% | 60.9%\n2024 | 293.4 | 27,120.4 | 127.4 | 11,773.6 | 5.1% | 4.01% | 6.0% | 59.5%\n2025 | 313.3 | 28,715.5 | 136.3 | 12,491.6 | 5.0% | 4.0% | 6.0% | 58.7%\n2026 | 335.3 | 30,466.7 | 145.9 | 13,259.3 | 5.0% | 4.0% | 6.0% | 57.1%\n2027  | 358.9  | 32,325.8  | 156.5  | 14,094.6  | 5.0%  | 4.0%  | 6.0%  | 55.3%\n2028  | 384.1  | 34,298.7  | 167.8  | 14,985.8  | 5.0%  | 4.0%  | 6.0%  | 53.3%\n2029  | 411.2  | 36,399.7  | 179.9  | 15,925.3  | 5.0%  | 4.0%  | 6.0%  | 51.3%"
  },
  {
    "chapter_name": "Economy of the Dominican Republic",
    "chapter_id": "1",
    "section_number": "6",
    "section_name": "Other statistics",
    "text": "**GDP:** purchasing power parity – $293.365 billion (2024 est.)\n\n**GDP – real growth rate:** 5.4% (2024 est.)\n\n**GDP – per capita:** purchasing power parity – $27,120 (2024 est.)\n\n**GDP – composition by sector:** _agriculture:_ 5.5% _industry:_ 33.8%\n_services:_ 60.8% (2017 est.)\n\n**Inflation rate (consumer prices):** 4.2% (2024 est.)\n\n**Labor force:** 5.278 million (2022 est.)\n\n**Labor force – by occupation:** _agriculture:_ 14.4% _industry:_ 20.8%\n_services:_ 64.7% (2014 est.)\n\n**Unemployment rate:** 6.0% (2024 est.)\n\n**Population below poverty line:** 23.9% (2021 est.)\n\n**Budget:** _revenues:_ $14.10 billion\n\n_expenditures:_ $16.60 billion (2021 est.)\n\n**Industries:** tourism, sugar processing, ferronickel and gold mining,\ntextiles, cement, tobacco, electrical components, medical devices\n\n**Electricity – production:** 15.53 billion kWh (2015)\n\n**Electricity – consumption:** 13.25 billion kWh (2015)\n\n**Electricity – exports:** 0 kWh (2005)\n\n**Electricity – imports:** 0 kWh (2005)\n\n**Oil – production:** 0 bbl/d (0 m3/d) (2014)\n\n**Oil – consumption:** 122,300 bbl/d (19,440 m3/d) (2012 est.)\n\n**Oil – exports:** 0 bbl/d (0 m3/d) (2017)\n\n**Oil – imports:** 116,700 bbl/d (18,550 m3/d) (2017)\n\n**Oil – proved reserves:** 0 bbl (0 m3) (1 January 2006 est.)\n\n**Natural gas – production:** 0 cu m (2005 est.)\n\n**Natural gas – consumption:** 1.108 million cu m (2015 est).\n\n**Natural gas – exports:** 0 cu m (2005 est.)\n\n**Natural gas – imports:** 1.108 million cu m (2015)\n\n**Natural gas – proved reserves:** 0 cu m (1 January 2006 est.)\n\n**Agriculture – products:** sugarcane, coffee, cotton, cocoa, tobacco, rice,\nbeans, potatoes, corn, bananas; cattle, pigs, dairy products, beef, eggs\n\n**Exports:** $10.33 billion f.o.b. (2017 est.)\n\n**Exports – commodities:** ferro nickel, sugar, gold, silver, coffee, cocoa,\ntobacco, meats, consumer goods\n\n**Exports – partners:** United States 50.4%, United Kingdom 3.2%, Belgium 2.4%\n(2017)\n\n**Imports:** $19 billion f.o.b. (2017 est.)\n\n**Imports – commodities:** foodstuffs, petroleum, cotton and fabrics,\nchemicals and pharmaceuticals\n\n**Imports – partners:** United States 41.4%, China 13.9%, Mexico 4.5%, Brazil\n4.3% (2017)\n\n**Debt – external:** $29.69 billion (31 December 2017 est.)\n\n**Economic aid – recipient:** $76.99 million (2005)\n\n**Currency:** Dominican peso (DOP)\n\n**Exchange rates:** Dominican pesos per US dollar – 33.113 (2007), 33.406\n(2006), 30.409 (2005), 42.12 (2004), 30.831 (2003)\n\n**Fiscal year:** calendar year"
  }
]