[
  {
    "chapter_name": "Economy of Estonia",
    "chapter_id": "1",
    "section_number": "1",
    "section_name": "Introduction",
    "text": "The **economy of Estonia** is rated advanced by the World Bank, i.e. with high\nquality of life and advanced infrastructure relative to less industrialized\nnations. Estonia is a member of the European Union, the eurozone, and the\nOECD. The economy is heavily influenced by developments in the Finnish and\nSwedish economies.\n\nAfter Estonia restored its independence in 1991 and became a market economy,\nit emerged as a pioneer in the global economy. Estonia styled itself as a\nbridge between East and West, adopting significant economic reforms and\ntechnological innovations. In 1992, the country adopted the Estonian kroon as\nits currency, this stabilised the economy. In 1994, it became the first\ncountry in the world to adopt a flat tax, with a rate of 26% regardless of\npersonal income. Estonia received more foreign investment, per person, in the\nlate 1990s than any other country in Central and Eastern Europe. The country\nhas been catching-up with the EU-15 \\- the richer European countries. Its GDP\nper capita grew from 35% of the EU-15 average in 1996 to 65% in 2007, similar\nto Central European countries. GDP per capita (current US$) was $30,133 in\n2023 according to the World Bank; this was between the Czech Republic and\nBahrain, but below Saudi Arabia.\n\nFor Estonia, the 2008 financial crisis was easier to weather, because its\nbudget has consistently been kept balanced, and this meant public debt\nrelative to GDP remained the lowest in Europe. The economy recovered in 2010.\nIn January 2011, Estonia adopted the euro, joining the eurozone. Estonia has\ndemonstrated resilience, with a strong service sector, particularly in IT due\nto the Tiigrihüpe project, and advanced e-government services. Estonia's\ncommitment to a circular economy, innovation and its success in maintaining a\nbalanced budget, low public debt, and a competitive tax system have positioned\nit as a model of economic reform and growth in post-Soviet Europe."
  },
  {
    "chapter_name": "Economy of Estonia",
    "chapter_id": "1",
    "section_number": "1",
    "section_name": "History",
    "text": "In the decades prior to World War I and independence, during the Czarist rule\na rather large industrial sector developed in Estonia. For example, the\nKreenholm Manufacturing Company was then the world's largest cotton mill."
  },
  {
    "chapter_name": "Economy of Estonia",
    "chapter_id": "1",
    "section_number": "1.1",
    "section_name": "Independence",
    "text": "After declaring independence in 1918, the Estonian War of Independence and the\nsubsequent signing of the Treaty of Tartu in 1920, the new Estonian state\ninherited a ruined post-war economy and an inflated ruble currency. Despite\nconsiderable hardship, dislocation, and unemployment, Estonia spent the first\ndecade of independence entirely transforming its economy. In 1918, The Czarist\nruble was replaced by the Estonian mark, which was in circulation until 1927.\nBy 1929, a stable currency, the kroon, had been established. It was issued by\nthe Bank of Estonia, the country's central bank. Compensating the German\nlandowners for their holdings, the government confiscated the estates and\ndivided them into small farms, which subsequently formed the basis of Estonian\nprosperity. Trade focused on the local market and the West, particularly\nGermany and the United Kingdom. Only 3% of all commerce was with the USSR.\n\nHistorically, Estonia's economy was agricultural, modernising significantly\npost-independence from Russia in 1918. There was a notable knowledge sector in\nTartu and expanding industrial sector, exemplified by the Kreenholm\nManufacturing Company. Western European markets were familiar with Estonian\ndairy, with the main trade partners being Germany and the UK; only 3% of\ncommerce was with the neighbouring USSR. Estonia and Finland had a similar\nstandard of living. USSR's annexation of Estonia in 1940 and destruction\nduring World War II crippled the economy. Post-war Sovietization continued,\nwith the integration of Estonia's economy into the USSR's centrally-planned\nstructure."
  },
  {
    "chapter_name": "Economy of Estonia",
    "chapter_id": "1",
    "section_number": "1.2",
    "section_name": "Soviet occupation",
    "text": "The USSR's forcible annexation of Estonia in 1940 and the ensuing Nazi and\nSoviet destruction during World War II crippled the Estonian economy. Post-war\nSoviet occupation and Sovietisation of life continued with the integration of\nEstonia's economy and industry into the USSR's centrally planned structure.\nMore than 56% of Estonian farms were collectivised in the month of April 1949\nalone after mass deportations to Siberia the previous month. Moscow expanded\non those Estonian industries which had locally available raw materials, such\nas oil shale mining and phosphorites."
  },
  {
    "chapter_name": "Economy of Estonia",
    "chapter_id": "1",
    "section_number": "1.3",
    "section_name": "Restoration of independence, modernisation and liberalisation",
    "text": "Maakri has become the Central business district of Tallinn in the 21st century\nReal GDP per capita development of Estonia, Latvia and Lithuania\n\nAfter Estonia restored its independence in 1991 and became a market economy,\nit emerged as a pioneer in the global economy. Estonia styled itself as a\nbridge between East and West, adopting significant economic reforms and\ntechnological innovations.\n\nIn June 1992, Estonia replaced the ruble with its own freely convertible\ncurrency, the kroon. A currency board was created and the new currency was\npegged to the German Mark at the rate of 8 Estonian kroons per Deutsche Mark.\nWhen Germany introduced the euro the peg was changed to 15.6 kroons per euro.\n\nIn 1994, it became the first country in the world to adopt a flat tax, with a\nrate of 26% regardless of personal income. Between 2005 and 2008, this was\nreduced to 21% over several steps.\n\nIn early 1992, both liquidity problems and structural weakness stemming from\nthe communist era precipitated a banking crisis. As a result, effective\nbankruptcy legislation was enacted and privately owned; well-managed banks\nemerged as market leaders. The fully electronic Tallinn Stock Exchange opened\nin early 1996, and was purchased by Finland's Helsinki Stock Exchange in 2001.\nEstonia joined the World Trade Organization in 1999.\n\nFrom the early 2000s to the latter part of that decade, the economy\nexperienced considerable growth. In 2000, Estonian GDP grew by 6.4%. After\naccession to the European Union in 2004, double-digit growth was soon\nobserved. GDP grew by 8% in 2007 alone. Increases in labor costs, the\nimposition of tax on tobacco, alcohol, electricity, fuel, gas, and other\nexternal pressures (growing prices of oil and food on the global market)\ninflated prices in 2009."
  },
  {
    "chapter_name": "Economy of Estonia",
    "chapter_id": "1",
    "section_number": "1.4",
    "section_name": "2008 financial crisis, response and recovery",
    "text": "Real GDP growth in Estonia, 2002–2012.\n\nThe 2008 financial crisis had a deep effect on the economy, primarily as a\nresult of an investment and consumption slump, that followed the burst of the\nreal estate market bubble that had been building up. In December 2008, Estonia\nbecame a donor country to the IMF-led rescue package for Latvia. In response\nto the crisis, the Ansip government opted for fiscal consolidation and\nretrenchment by maintaining fiscal discipline and a balanced budget in\ncombination with austerity packages: The government increased taxes, and\nreduced public spending by slashing expenditures and public salaries across\nthe board.\n\nAfter a long period of very high growth of GDP, the GDP of Estonia decreased.\nIn the first quarter 2008, GDP grew only 0.1%, and then decreased: negative\ngrowth was −1.4% in the 2nd quarter, a little over −3% (on a year-to-year\nbasis) in the 3rd quarter, and −9.4% in the 4th quarter of that year.\n\nThe government made a supplementary negative budget, which was passed by the\nRiigikogu. The revenue of the budget was decreased for 2008 by EEK 6.1 billion\nand the expenditure by EEK 3.2 billion. A current account-deficit was extant,\nbut began to shrink in late 2008. In 2009, the economy further contracted by\n15% in the first quarter. Low domestic and foreign demand depressed the\neconomy's overall output. The economy's 34% industrial production drop was the\nsharpest decrease in industrial production in the European Union. Estonia was\none of the five worst-performing economies in the world in terms of annual\ngrowth, and had one of the hightest rates of unemployment in the EU, which\nrose from 4% in May 2008 to 16% in May 2009.\n\nIn July 2009, the value-added tax was increased from 18% to 20%. The recorded\nbudget deficit for 2009 was just 1.7% of GDP. The result was, that Estonia was\none of only five EU countries in 2009 that met the Maastricht criteria for\ndebt and deficit, and had the third-lowest deficit after Luxembourg and\nSweden; Estonia did not ask for support from the IMF. Despite the third-\nlargest drop in GDP, the country had the lowest budget deficit and lowest\npublic debt among Central and Eastern European countries. In 2009, the\nEstonian economy began to rebound, and economic growth resumed in the second\nhalf of 2010. The country's unemployment rate dropped significantly to pre-\nrecession levels. To top it off, Estonia was granted permission in 2010 to\njoin the eurozone in 2011."
  },
  {
    "chapter_name": "Economy of Estonia",
    "chapter_id": "1",
    "section_number": "1.5",
    "section_name": "Joining the euro",
    "text": "Before joining the eurozone, the Estonian kroon had been pegged to the euro at\na rate of 15.64664 EEK to one euro; before then, the kroon was pegged to the\nGerman mark at approximately 8 EEK to 1 DEM.\n\nThe design of Estonian euro coins was finalized in late 2004. Estonia's\njourney towards the euro took longer than originally projected, owing to the\ninflation rate continually being above the required 3% before 2010, which\nprevented the country from fulfilling the entry criteria. The country\noriginally planned to adopt the euro on 1 January 2007 and officially changed\nits target date twice: first to 1 January 2008, and later to 1 January 2011.\n\nOn 12 May 2010, the European Commission announced that Estonia had met all\ncriteria to join the eurozone. On 8 June 2010, EU finance ministers. In July\n2010, Estonia received the final approval from ECOFIN to adopt the euro\nonwards from 1 January 2011; on that date Estonia became the 17th eurozone\nmember state and circulated alongside the kroon until 14 January 2011. With\nthat, Estonia became one of the first post-Soviet states to join the eurozone.\n\nIn August 2011, Standard & Poor's raised Estonia's credit rating from A to\nAA-. Among various factors, S&P cited as contributing to its decision was\nconfidence in Estonia's ability to \"sustain strong economic growth.\" Estonia's\nGDP growth rate in 2011 was above 8%, despite having negative population\ngrowth.\n\nThe Estonian economy was hit by the COVID-19 recession before bouncing back\nwith an 8.6% rise in GDP in 2021, this was followed by the economic effect of\nthe Russian invasion of Ukraine in February 2022 resulting in a fall in GDP of\n1.3% in 2022 and high inflation which hit 24% before falling to single digits\nin 2023."
  },
  {
    "chapter_name": "Economy of Estonia",
    "chapter_id": "1",
    "section_number": "2",
    "section_name": "The economy today",
    "text": "\"Since reestablishing independence, Estonia has styled itself as the gateway\nbetween East and West and pursued economic reform and integration with the\nWest.\" Estonia's market reforms put it among the economic leaders in the\nformer COMECON area.[_citation needed_] A balanced budget, almost non-existent\npublic debt, flat-rate income tax, free trade regime, adoption of the euro,\ncompetitive commercial banking sector, hospitable environment for foreign\ninvestment, innovative e-Services and mobile-based services are hallmarks of\nEstonia's free-market-based economy.[_citation needed_]\n\nThe privatisation of state-owned firms is virtually complete, with only the\nport and main power plants remaining in government hands.[_citation needed_]\nThe constitution requires a balanced budget, and the protection afforded by\nEstonia's intellectual property laws is similar to that of the EU. Near-ideal\nconditions for the banking sector exist. Foreigners are not restricted from\nbuying bank shares or acquiring majority holdings.[_citation needed_]\n\nIn 2013, the average monthly gross wage in Estonia was €980 (US$1,330). This\nfigure has grown consistently to €2,065 (US$2,217) as of December 2023.\n\nEstonia offers unique tax conditions for businesses, where the tax on\nundistributed profits is 0%. This allows companies that reinvest their profits\ninto development to avoid tax obligations and allocate more funds for growth\nand expansion. In 2024, Estonia holds the first place in the International Tax\nCompetitiveness Index and on a permanent basis is taking top positions in the\nEconomic Freedom Index (8th place) and in the Ease of Doing Business Index\n(18th place)."
  },
  {
    "chapter_name": "Economy of Estonia",
    "chapter_id": "1",
    "section_number": "3",
    "section_name": "Projections and circular economy",
    "text": "In 2011, according to projections made by CEPII by 2050, Estonia could become\nthe most productive country in the EU, after Luxembourg, and so join the top\nfive most productive nations in the world.\n\nAccording to the Ministry of Environment, Estonia committed to developing a\ncircular economy strategic document and action plan by 2021. In March 2020,\nthe Estonian Circular Economy Industries Association, specified that Estonia\nshould consider the new European Green Deal and principles of circular economy\nwhen making investments to recover the economy after Covid."
  },
  {
    "chapter_name": "Economy of Estonia",
    "chapter_id": "1",
    "section_number": "4",
    "section_name": "Employment participation",
    "text": "Unemployment rate as a percentage of the labor force in Estonia according to\nStatistics Estonia.\n\nEstonia has around 600,000 employees, yet the country has a shortage of\nskilled labor, and since skill shortages are experienced everywhere in Europe,\nthe government has increased working visa quota for non-EEA citizens, although\nit has nevertheless been criticized for being inadequate for addressing the\nshortages.\n\nThe late-2000s recession in the world, the near-concurrent local property bust\nwith changes in Estonian legislation to increase labour market flexibility\n(making it easier for companies to lay off workers) saw Estonia's unemployment\nrate shoot up to 18.8% throughout the duration of the crisis, then stabilise\nto 13.8% by summer 2011, as the economy recovered on the basis of strong\nexports. Internal consumption, and therefore imports, plummeted; and cuts were\nmade in public finances. Some of the reduction in unemployment has been\nattributed to some Estonians' emigrating for employment to Finland, the UK,\nAustralia, and elsewhere.\n\nAfter the recession, the unemployment rate went lower, and throughout 2015 and\n2016, the rate stayed near the levels that preceded the economic downturn,\nstaying at just above 6%. In 2020-2023 the unemployment rate moved around\nbetween 5.2% and 7.7%."
  },
  {
    "chapter_name": "Economy of Estonia",
    "chapter_id": "1",
    "section_number": "5",
    "section_name": "Sectors",
    "text": "Tallinn has emerged as the country's financial center. According to Invest in\nEstonia, advantages of Estonian financial sector are unbureaucratic\ncooperation between companies and authorities, and relative abundance of\neducated people although young educated Estonians tend to emigrate to western\nEurope for greater income. The largest banks are Swedbank, SEB Pank, and\nNordea. Several IPOs have been made recently on the Tallinn Stock Exchange, a\nmember OMX system.\n\nThe Estonian service sector employs over 60% of workforce. Estonia has a\nstrong information technology (IT) sector, partly due to the Tiigrihüpe\nproject undertaken in mid-1990s, and has been mentioned as the most \"wired\"\nand advanced country in Europe in the terms of e-government.\n\nFarming, which had been forcibly collectivized for decades until the\ntransition era of 1990–1992, has become privatized and more efficient, and the\ntotal farming area has increased in the period following Estonia's restoration\nof independence. The share of agriculture in the gross domestic product\ndecreased from 15% to 3.3% during 1991–2000, while employment in agriculture\ndecreased from 15% to 5.2%.\n\nThe mining industry makes up 1% of the GDP. Mined commodities include oil\nshale, peat, and industrial minerals, such as clays, limestone, sand and\ngravel. Soviets created badly polluting industry in the early 1950s,\nconcentrated in the north-east of the country. Socialist economy and military\nareas left the country highly polluted, and mainly because of oil shale\nindustry in Ida-Virumaa, sulfur dioxide emissions per person are almost as\nhigh as in the Czech Republic. The coastal seawater is polluted in certain\nlocations, mainly the east. The government is looking for ways to reduce\npollution further. In 2000, the emissions were 80% smaller than in 1980, and\nthe amount of unpurified wastewater discharged to water bodies was 95% smaller\nthan in 1980.\n\nEstonian productivity is experiencing rapid growth, and consequently wages are\nalso rising quickly, with a rise in private consumption of about 8% in 2005.\nAccording to Estonian Institute of Economic Research, the largest contributors\nto GDP growth in 2005 were processing industry, financial intermediation,\nretailing and wholesale trade, transport and communications."
  },
  {
    "chapter_name": "Economy of Estonia",
    "chapter_id": "1",
    "section_number": "5.1",
    "section_name": "Agriculture",
    "text": "Estonia produced in 2018:\n\n* 450 thousand tons of wheat;\n* 347 thousand tons of barley;\n* 113 thousand tons of rapeseed;\n* 88 thousand tons of potato;\n* 78 thousand tons of oat;\n* 53 thousand tons of pea;\n* 29 thousand tons of rye;\n\nIn addition to smaller productions of other agricultural products."
  },
  {
    "chapter_name": "Economy of Estonia",
    "chapter_id": "1",
    "section_number": "5.2",
    "section_name": "Largest companies by revenue",
    "text": "| Company  | Revenue\n(EUR millions)\n---|---\nEesti Energia | 2218.2\nBolt Technology | 1263.8\nEesti Gaas | 1012.6\nOrlen Eesti | 958.0\nTallinna Kaubamaja | 862.8\nTallink Grupp | 771.4\nTavid | 738.8\nOlerex | 637.7\nAlexela | 620.4\nGraanul Invest | 589.9"
  },
  {
    "chapter_name": "Economy of Estonia",
    "chapter_id": "1",
    "section_number": "5.3",
    "section_name": "Largest companies by profit",
    "text": "| Company  | Profit\n(EUR millions)\n---|---\nEesti Energia | 215.7\nSwedbank | 206.7\nState Forest Management Centre | 138.4\nLuminor Pank | 124.7\nSEB Pank | 115.9\nGraanul Invest | 111.6\nEesti Gaas | 95.2\nBaltic Maritime Logistics Group | 73.3\nLHV Group | 61.4\nTelia Eesti | 54.0\n\nIn 2022, the sector with the highest number of companies registered in Estonia\nis Services with 144,514 companies followed by Finance, Insurance, and Real\nEstate and Retail Trade with 47,001 and 26,635 companies respectively."
  },
  {
    "chapter_name": "Economy of Estonia",
    "chapter_id": "1",
    "section_number": "6",
    "section_name": "Infrastructure",
    "text": "Oil shale supplies around 70% of the country's primary energy. Oil shale\nextraction in VKG Ojamaa mine.\n\nRailway transport dominates the cargo sector, comprising 70% of all carried\ngoods, domestic and international. Road transport is the one that prevails in\nthe passenger sector, accounting for over 90% of all transported passengers. 5\nmajor cargo ports offer easy navigational access, deep waters, and good ice\nconditions. There are 12 airports and 1 heliport in Estonia. Lennart Meri\nTallinn Airport is the largest airport in Estonia, with 1,73 million\npassengers and 22,764 tons of cargo (annual cargo growth 119.7%) in 2007.\nInternational flight companies such as SAS, Finnair, Lufthansa, EasyJet, and\nNordic Aviation Group provide direct flights to 27 destinations.\n\nApproximately 7.5% of the country's workforce is employed in transportation\nand the sector contributes over 10% of GDP. Estonia is getting much business\nfrom traffic between European Union and Russia, especially oil cargo through\nEstonian ports. Transit trade's share of GDP is disputed, but many agree that\nRussia's increased hostility is decreasing the share.\n\nInstead of coal, electricity is generated by burning oil shale, with largest\nstations in Narva. Oil shale supplies around 70% of the country's primary\nenergy. Other energy sources are natural gas imported from Russia, wood, motor\nfuels, and fuel oils.\n\nWind power in Estonia amounts to 58.1 megawatts, whilst roughly 399 megawatts\nworth of projects are currently being developed. Estonian energy\nliberalization is lagging far behind the Nordic energy market. During the\naccession negotiations with the EU, Estonia agreed that at least 35% of the\nmarket are opened before 2009 and all of non-household market, which totals\naround 77% of consumption, before 2013. Estonia is concerned that Russia could\nuse energy markets to bully it. In 2009, the government considered granting\npermits to nuclear power companies, and there were plans for a shared nuclear\nfacility with Latvia and Lithuania. Those plans were shelved after the\nFukushima Daiichi nuclear disaster in March 2011.\n\nEstonia has high Internet penetration, and connections are available\nthroughout most of the country."
  },
  {
    "chapter_name": "Economy of Estonia",
    "chapter_id": "1",
    "section_number": "7",
    "section_name": "Trade",
    "text": "Country | Export  | Import\n---|---|---\nFinland | 17% | 15%\nLatvia | 12% | 11%\nSweden | 9% | 8%\nLithuania | 8% | 10%\nGermany | 7% | 12%\nNetherlands | 4% | 6%\n\nEstonia exports electrical equipment (14% of all exports annually), wood and\nwooden articles (11% of all exports annually), food and agricultural products\n(11% of all exports annually), mineral products (10% of all exports annually),\nand transport equipment (10% of all exports annually). Estonia imports\nelectrical and transport equipment (26% of all imports annually, 13% each),\nmineral products (12% of all imports annually), food and agricultural products\n(11% of all imports annually), machinery and mechanical appliances (10% of all\nimports annually)."
  },
  {
    "chapter_name": "Economy of Estonia",
    "chapter_id": "1",
    "section_number": "8",
    "section_name": "Natural resources",
    "text": "Resource | Location | Reserves\n---|---|---\nOil shale | north-east | 1,137,700,000 mln t\nSea mud (medical) | south | 1,356,400,000 mln t\nConstruction sand | across the country | 166,700,000 mln m3\nConstruction gravel | north | 32,800,000 mln m3\nLake mud (medical) | across the country | 1,133,300 mln t\nLake mud (fertilizer) | east | 170,900 t\nCeramic clay | across the country | 10,600,000 mln m3\nCeramsid clay (for gravel) | across the country | 2,600,000 mln m3\nTechnological dolomite | west | 16,600,000 mln m3\nTechnological limestone | north | 13,800,000 mln m3\nDecoration dolomite | west | 2,900,000 mln m3\nConstruction dolomite | west | 32,900,000 mln m3\nBlue clay | across the country | 2,044,000 mln t\nGranite | across the country | 1,245,100,000 mln m3\nPeat | across the country | 230,300,000 mln t\nConstruction limestone | north | 110,300,000 mln m3\nLimestone cement | north | 9,400,000 mln m3\nClay cement | north | 15,6000,000 mln m3\nGraptolitic argillite | north | 64,000,000,000 mln t\nWood | across the country | 15,6000,000 mln m3\nTechnological sand | north | 3,300,000 mln m3\nLake lime | north and south | 808,000 t\nPhosphorite | north | over 350,000,000 mln t (estimated)\nSubsoil | across the country | 21,1 km3"
  },
  {
    "chapter_name": "Economy of Estonia",
    "chapter_id": "1",
    "section_number": "9",
    "section_name": "Data",
    "text": "The following table shows the main economic indicators in 1993–2018.\n\nYear  | GDP\n(in Bil. US$ PPP) | GDP per capita\n(in US$ PPP) | GDP (in Bil. US$ nominal) | GDP growth\n(real) | Inflation rate\n(in Percent) | Unemployment\n(in Percent) | Government debt\n(in % of GDP)\n---|---|---|---|---|---|---|---\n1993  | 11.2  | 7,338  | 1.8  | n/a  |  | 6.5%  | n/a\n1994  | 11.3  |  | 2.5  |  |  |  | n/a\n1995  | 11.7  | 8,022  | 3.9  | 2.2%  | 29.0%  | 9.6%  | 9%\n1996  | 12.5  |  | 4.8  |  |  |  |\n1997  | 14.4  |  | 5.2  |  |  |  |\n1998  | 15.2  |  | 5.6  |  |  |  |\n1999  | 15.3  |  | 5.7  |  |  |  |\n2000  | 17.3  | 12,113  | 5.7  | 10.6%  | 3.9%  | 14.6%  | 5%\n2001  | 18.8  |  | 6.3  |  |  |  |\n2002  | 20.3  |  | 7.4  |  |  |  |\n2003  | 22.3  |  | 9.9  |  |  |  |\n2004  | 24.5  |  | 12.2  |  |  |  |\n2005  | 27.7  | 19,765  | 14.1  | 9.4%  | 4.1%  | 8.0%  | 5%\n2006  | 31.3  | 22,600  | 17.1  | 10.3%  | 4.4%  | 5.9%  | 4%\n2007  | 34.6  | 25,144  | 22.5  | 7.7%  | 6.7%  | 4.6%  | 4%\n2008  | 33.4  | 24,328  | 24.4  | −5.4%  | 10.6%  | 5.5%  | 4%\n2009  | 28.7  | 20,946  | 19.7  | −14.7%  | 0.2%  | 13.5%  | 7%\n2010  | 29.8  | 21,721  | 19.6  | 2.3%  | 2.7%  | 16.7%  | 7%\n2011  | 32.6  | 23,919  | 23.2  | 7.6%  | 5.1%  | 13.2%  | 6%\n2012  | 34.4  | 25,494  | 23.0  | 4.3%  | 4.2%  | 10.0%  | 10%\n2013  | 36.2  | 26,508  | 25.1  | 1.9%  | 3.2%  | 8.6%  | 10%\n2014  | 38.1  | 27,856  | 26.6  | 2.9%  | 0.5%  | 7.4%  | 11%\n2015  | 38.4  | 28,685  | 22.9  | 1.7%  | 0.1%  | 6.2%  | 10%\n2016  | 41.2  | 29,684  | 24.1  | 2.1%  | 0.9%  | 6.8%  | 9%\n2017  | 44.7  | 31,750  | 26.9  | 4.9%  | 3.7%  | 5.8%  | 9%\n2018  | 47.5  |  | 30.6  |  |  |  |\n2019  | 50.3  |  | 31.3  |  |  |  |\n\nGross domestic product per capita by county.\n\n| GDP per capita, euros\n---|---\nCounty  | 2023\nWhole country  | 27,868.5\nHarju county  | 36,709.5\n..Tallinn  | 41,916.7\nHiiu county  | 18,034.7\nIda-Viru county  | 19,678.1\nJõgeva county  | 16,973.3\nJärva county  | 19,483.0\nLääne county  | 16,022.8\nLääne-Viru county  | 18,277.6\nPõlva county  | 14,623.7\nPärnu county  | 18,889.2\nRapla county  | 15,946.1\nSaare county  | 17,084.9\nTartu county  | 27,021.8\n..Tartu city  | 32,183.3\nValga county  | 14,592.1\nViljandi county  | 19,320.5\nVõru county  | 16,664.2"
  }
]