[
  {
    "chapter_name": "Economy of Niger",
    "chapter_id": "1",
    "section_number": "1",
    "section_name": "Introduction",
    "text": "The **gross domestic product (GDP) of Niger** was $16.617 billion US dollars\nin 2023, according to official data from the World Bank. This data is based\nlargely on internal markets, subsistence agriculture, and the export of raw\ncommodities: foodstuffs to neighbors and raw minerals to world markets. Niger,\na landlocked West African nation that straddles the Sahel, has consistently\nbeen ranked on the bottom of the Human Development Index, at 0.394 as of 2019.\nIt has a very low per capita income, and ranks among the least developed and\nmost heavily indebted countries in the world, despite having large raw\ncommodities and a relatively stable government and society not currently\naffected by civil war or terrorism. Economic activity centers on subsistence\nagriculture, animal husbandry, re-export trade, and export of uranium.\n\nThe 50% devaluation of the West African CFA franc in January 1994 boosted\nexports of livestock, cowpeas, onions, and the products of Niger's small\ncotton industry. Exports of cattle to neighboring Nigeria, as well as\ngroundnuts and oil remain the primary non-mineral exports. The government\nrelies on bilateral and multilateral aid – which was suspended briefly\nfollowing coups in 1996 and 1999 – for operating expenses and public\ninvestment. Short-term prospects depend on continued World Bank and IMF debt\nrelief and extended aid. The post-1999 government has broadly adhered to\nprivatization and market deregulation plans instituted by these funders. Niger\nis a least developed country according to the United Nations."
  },
  {
    "chapter_name": "Economy of Niger",
    "chapter_id": "1",
    "section_number": "1",
    "section_name": "Overall",
    "text": "Economic map of Niger (1969). Peanut cultivation areas in purple, Rice in\ngreen, The remainder of agricultural land in orange. The northern limits of\nseasonal livestock forage is in brown.\n\nNiger's economy is based largely on subsistence crops, livestock, and some of\nthe world's largest uranium deposits. Drought cycles, desertification, a 3.4%\npopulation growth rate and the drop in world demand for uranium have undercut\nan already marginal economy. Traditional subsistence farming, herding, small\ntrading, and informal markets dominate an economy that generates few formal\nsector jobs. Between 1988 and 1995 28% to 30% of the total economy of Niger\nwas in the unregulated informal sector, including small and even large scale\nrural and urban production, transport and services."
  },
  {
    "chapter_name": "Economy of Niger",
    "chapter_id": "1",
    "section_number": "2",
    "section_name": "GDP per capita",
    "text": "The GDP per capita of Niger grew 10% in the 1960s. However, this proved\nunsustainable and it consequently shrank by 27% in the 1980s and a further 48%\nin the 1990s. Much of this GDP is explained through the exploitation of\nuranium at Arlit in the far north of the country. Ore is partially processed\non site by foreign mining corporations and transported by truck to Benin.\nFluctuation of GDP can be mapped to changes in international uranium prices,\nas well as price negotiations with the main mining company, France's Orano\nCycle. Price rises in the mid-1970s were followed by a collapse in the market\nprice through much of the 1980s and 1990s. Thus the country's GDP per capita\nhas little direct impact on the average Nigerien, although uranium funds much\ngovernment operation. The 2006 Human Development Index ranked Niger sixth from\nworst in the world, with a HDI of 0.370: 174 of 179 nations."
  },
  {
    "chapter_name": "Economy of Niger",
    "chapter_id": "1",
    "section_number": "3",
    "section_name": "External trade and investment",
    "text": "Niger's exports in 2006\n\nOf Niger's exports, foreign exchange earnings from livestock, although\nimpossible to quantify, are second only to those from uranium. Actual exports\nfar exceed official statistics, which often fail to detect large herds of\nanimals informally crossing into Nigeria. Some hides and skins are exported\nand some are transformed into handicrafts."
  },
  {
    "chapter_name": "Economy of Niger",
    "chapter_id": "1",
    "section_number": "3.1",
    "section_name": "Mining",
    "text": "The persistent uranium price slump has brought lower revenues for Niger's\nuranium sector. Uranium no longer provides the majority of national export\nproceeds. The nation enjoyed substantial export earnings and rapid economic\ngrowth during the 1960s and 1970s after the opening of two large uranium mines\nnear the northern town of Arlit. When the uranium-led boom ended in the early\n1980s, however, the economy stagnated and new investment since then has been\nlimited. Niger's two uranium mines (SOMAIR's open pit mine and COMINAK's\nunderground mine) are owned by a French-led consortium and operated by French\ninterests.\n\nThe open pit COMINAK uranium mine at Arlit.\n\nExploitable deposits of gold are known to exist in Niger in the region between\nthe Niger River and the border with Burkina Faso. Substantial deposits of\nphosphates, coal, iron, limestone, and gypsum have also been found. Numerous\nforeign companies, including American firms, have taken out exploration\nlicenses for concessions in the gold seam in western Niger, which also\ncontains deposits of other minerals.\n\nSeveral oil companies explored for petroleum since 1992 in the Djado plateau\nin north-eastern Niger and the Agadem basin, north of Lake Chad but made no\ndiscoveries worth developing at the time. In June 2007, however, China\nNational Petroleum Corporation (state-owned by the People's Republic of China)\nsigned a US$5 billion agreement to extract oil in the Agadem block, as well as\nbuild a 20,000 barrels (3,200 m3) per day oil refinery and a 2,000 km oil\npipeline in the country; production is expected to start in 2009.\n\nNiger's known coal reserves, with low energy and high ash content, cannot\ncompete against higher quality coal on the world market. However, the\nparastatal SONICHAR (Société nigérienne de charbon) in Tchirozerine (north of\nAgadez) extracts coal from an open pit and fuels an electricity generating\nplant that supplies energy to the uranium mines.\n\nA test Oil well in the Tenere Desert, January 2008."
  },
  {
    "chapter_name": "Economy of Niger",
    "chapter_id": "1",
    "section_number": "4",
    "section_name": "Economic growth",
    "text": "After the economic competitiveness created by the January 1994 CFA franc\ndevaluation contributed to an annual average economic growth of 3.5%\nthroughout the mid-1990s, the economy stagnated due to the sharp reduction in\nforeign aid in 1999, which gradually resumed in 2000, and poor rains in 2000.\nReflecting the importance of the agricultural sector, the return of good rains\nwas the primary factor underlying a projected growth of 4.5% for 2001."
  },
  {
    "chapter_name": "Economy of Niger",
    "chapter_id": "1",
    "section_number": "5",
    "section_name": "Foreign investment",
    "text": "In recent years, the Government of Niger promulgated revisions to the\ninvestment code (1997 and 2000), petroleum code (1992), and mining code\n(1993), all with attractive terms for investors. The present government\nactively seeks foreign private investment and considers it key to restoring\neconomic growth and development. With the assistance of the United Nations\nDevelopment Programme (UNDP), it has undertaken a concerted effort to\nrevitalize the sector."
  },
  {
    "chapter_name": "Economy of Niger",
    "chapter_id": "1",
    "section_number": "6",
    "section_name": "Currency",
    "text": "Niger shares a common currency, the CFA franc, and a common central bank, the\nCentral Bank of West African States (BCEAO), with six other members of the\nWest African Monetary Union. The Treasury of the Government of France\nsupplements the BCEAO's international reserves in order to maintain a fixed\nrate of 100 CFA (Communauté Financière Africaine) to the French franc (to the\neuro as of January 1, 2002)."
  },
  {
    "chapter_name": "Economy of Niger",
    "chapter_id": "1",
    "section_number": "7",
    "section_name": "Government restructuring",
    "text": "In January 2000, Niger's newly elected government inherited serious financial\nand economic problems including a virtually empty treasury, past-due salaries\n(11 months of arrears) and scholarship payments, increased debt, reduced\nrevenue performance, and lower public investment. In December 2000, Niger\nqualified for enhanced debt relief under the International Monetary Fund\nprogram for Highly Indebted Poor Countries and concluded an agreement with the\nFund on a Poverty Reduction and Growth Facility (PRGF).\n\nIn addition to changes in the budgetary process and public finances, the new\ngovernment has pursued economic restructuring towards the IMF promoted\nprivatization model. This has included the privatization of water distribution\nand telecommunications and the removal of price protections for petroleum\nproducts, allowing prices to be set by world market prices. Further\nprivatizations of public enterprises are in the works. In its effort to comply\nwith the IMF's Poverty Reduction and Growth Facility plan, the government is\nalso taking action to reduce corruption and, as the result of a participatory\nprocess encompassing civil society, has devised a Poverty Reduction Strategy\nPlan that focuses on improving health, primary education, rural\ninfrastructure, and judicial restructuring."
  },
  {
    "chapter_name": "Economy of Niger",
    "chapter_id": "1",
    "section_number": "7.1",
    "section_name": "Foreign aid",
    "text": "| This section needs to be **updated**. Please help update this article to\nreflect recent events or newly available information. _( September 2024)_\n---|---\n\nThe most important donors in Niger are France, the European Union, the World\nBank, the IMF and other United Nations agencies (UNDP, UNICEF, FAO, WFP, NGOs,\nand UNFPA). Other principal donors include the United States, Belgium,\nGermany, Switzerland, Canada, and Saudi Arabia. USAID does not have an office\nin Niger, the United States contributes nearly $10 million each year to\nNiger's development. The US is also a major partner in policy coordination in\nsuch areas as food security and HIV/AIDS. The importance of external support\nfor Niger's development is demonstrated by the fact that some 45% of the\ngovernment's FY 2002 budget, including 80% of its capital budget, derives from\ndonor resources.\n\nIn 2005 the UN drew attention to the increased need for foreign aid given\nsevere problems with drought and locusts resulting in a famine endangering the\nlives of around a million people."
  },
  {
    "chapter_name": "Economy of Niger",
    "chapter_id": "1",
    "section_number": "8",
    "section_name": "Macro-economic trend",
    "text": "Historical development of real GDP per capita in Niger, since 1950\n\nThe following table shows the main economic indicators in 1980–2020 (with IMF\nstaff estimates in 2021–2026). Inflation below 5% is in green. The annual\nunemployment rate is extracted from the World Bank, although the International\nMonetary Fund finds these figures unreliable.\n\n1980-2000\n\nYear  | GDP (in bil. US$PPP) | GDP per capita (in US$ PPP) | GDP (in bil. US$nominal) | GDP per capita (in US$ nominal) | GDP growth (real) | Inflation rate (in percent) | Unemployment (in percent) | Government debt (in % of GDP)\n---|---|---|---|---|---|---|---|---\n1980  | 4.1  | 704.0  | 3.5  | 609.4  | 4.9%  | 7.3%  | n/a  | n/a\n1981  | 4.5  | 743.8  | 3.1  | 510.0  | -0.2%  | 24.3%  | n/a  | n/a\n1982  | 4.8  | 779.9  | 2.8  | 458.1  | 2.2%  | 10.4%  | n/a  | n/a\n1983  | 4.8  | 753.0  | 2.5  | 395.7  | -3.9%  | 1.6%  | n/a  | n/a\n1984  | 4.2  | 627.5  | 2.1  | 310.0  | -16.8%  | 8.4%  | n/a  | n/a\n1985  | 4.6  | 674.9  | 2.0  | 295.8  | 7.7%  | -1.1%  | n/a  | n/a\n1986  | 5.0  | 709.2  | 2.7  | 378.7  | 6.4%  | -3.2%  | n/a  | n/a\n1987  | 5.1  | 704.8  | 3.1  | 430.4  | 0.1%  | -6.6%  | n/a  | n/a\n1988  | 5.7  | 755.9  | 3.2  | 426.0  | 6.9%  | 0.6%  | n/a  | n/a\n1989  | 6.0  | 768.7  | 3.1  | 394.7  | 1.0%  | -0.8%  | n/a  | n/a\n1990  | 6.1  | 762.9  | 3.5  | 435.3  | -1.3%  | -2.0%  | n/a  | n/a\n1991  | 6.3  | 760.2  | 3.3  | 394.9  | -0.4%  | 1.5%  | 1.4%  | n/a\n1992  | 6.6  | 767.0  | 3.4  | 393.7  | 2.0%  | -5.9%  | 1.4%  | n/a\n1993  | 6.7  | 761.3  | 3.0  | 343.2  | 0.3%  | -0.3%  | 1.4%  | n/a\n1994  | 7.0  | 765.2  | 1.9  | 211.0  | 1.9%  | 35.5%  | 1.4%  | n/a\n1995  | 7.3  | 773.5  | 2.3  | 242.0  | 2.5%  | 10.9%  | 1.4%  | 69.4%\n1996  | 7.5  | 761.5  | 2.4  | 244.0  | 0.1%  | 5.3%  | 1.4%  | 63.5%\n1997  | 7.7  | 759.3  | 2.3  | 224.5  | 1.5%  | 2.9%  | 1.4%  | 69.1%\n1998  | 8.6  | 815.0  | 2.6  | 250.2  | 10.0%  | 4.6%  | 1.4%  | 61.3%\n1999  | 8.7  | 795.9  | 2.5  | 231.7  | -0.2%  | -2.1%  | 1.5%  | 63.3%\n2000  | 8.8  | 775.4  | 2.2  | 197.3  | -1.2%  | 2.7%  | 1.5%  | 82.1%\n\n2001 onward\n\nYear  | GDP (in bil. US$PPP) | GDP per capita (in US$ PPP) | GDP (in bil. US$nominal) | GDP per capita (in US$ nominal) | GDP growth (real) | Inflation rate (in percent) | Unemployment (in percent) | Government debt (in % of GDP)\n---|---|---|---|---|---|---|---|---\n2001  | 9.6  | 819.6  | 2.4  | 207.8  | 7.3%  | 3.9%  | 1.5%  | 74.0%\n2002  | 10.3  | 842.1  | 2.8  | 227.4  | 4.9%  | 2.5%  | 1.9%  | 69.0%\n2003  | 10.7  | 844.8  | 3.4  | 267.4  | 2.2%  | -1.5%  | 2.3%  | 60.6%\n2004  | 11.0  | 838.9  | 3.7  | 285.4  | 0.4%  | 0.2%  | 2.7%  | 55.1%\n2005  | 12.2  | 894.5  | 4.4  | 320.9  | 7.3%  | 7.8%  | 3.1%  | 49.5%\n2006  | 13.3  | 940.4  | 4.7  | 335.3  | 5.9%  | 0.0%  | 2.6%  | 18.3%\n2007  | 14.1  | 959.3  | 5.7  | 389.3  | 3.1%  | 0.1%  | 2.2%  | 17.8%\n2008  | 15.5  | 1,014.5  | 7.3  | 477.3  | 7.7%  | 11.3%  | 1.7%  | 14.2%\n2009  | 15.9  | 1,003.4  | 7.3  | 462.3  | 2.0%  | 0.5%  | 1.3%  | 15.9%\n2010  | 17.5  | 1,060.6  | 7.8  | 476.1  | 8.6%  | 0.9%  | 0.8%  | 15.1%\n2011  | 18.2  | 1,066.1  | 8.8  | 511.5  | 2.4%  | 2.9%  | 0.3%  | 14.7%\n2012  | 20.6  | 1,156.1  | 9.4  | 528.9  | 10.5%  | 0.5%  | 2.2%  | 18.1%\n2013  | 20.8  | 1,125.3  | 10.2  | 551.6  | 5.3%  | 2.3%  | 1.4%  | 19.6%\n2014  | 21.9  | 1,138.8  | 10.8  | 562.9  | 6.6%  | -0.9%  | 0.5%  | 22.1%\n2015  | 22.9  | 1,145.2  | 9.7  | 484.2  | 4.4%  | 1.0%  | 0.5%  | 29.9%\n2016  | 23.9  | 1,148.3  | 10.4  | 497.9  | 5.7%  | 0.2%  | 0.5%  | 32.8%\n2017  | 25.1  | 1,163.6  | 11.2  | 517.8  | 5.0%  | 0.2%  | 0.5%  | 36.5%\n2018  | 27.6  | 1,229.6  | 12.9  | 572.6  | 7.2%  | 2.8%  | 0.5%  | 36.9%\n2019  | 29.7  | 1,276.1  | 12.9  | 553.9  | 5.9%  | -2.5%  | 0.6%  | 39.8%\n2020  | 30.5  | 1,258.7  | 13.7  | 565.9  | 1.2%  | 2.8%  | 0.6%  | 44.2%\n2021  | 33.2  | 1,319.6  | 15.9  | 632.6  | 6.9%  | 0.4%  | n/a  | 44.5%\n2022  | 38.3  | 1,466.6  | 18.5  | 710.3  | 12.8%  | 2.0%  | n/a  | 42.0%\n2023  | 43.5  | 1,605.9  | 21.0  | 777.6  | 11.1%  | 2.0%  | n/a  | 39.9%\n2024  | 47.3  | 1,685.4  | 22.9  | 816.6  | 6.6%  | 2.0%  | n/a  | 39.2%\n2025  | 51.3  | 1,760.8  | 24.9  | 853.6  | 6.3%  | 2.0%  | n/a  | 38.8%\n2026  | 55.3  | 1,830.5  | 26.8  | 888.5  | 5.8%  | 2.0%  | n/a  | 38.7%"
  },
  {
    "chapter_name": "Economy of Niger",
    "chapter_id": "1",
    "section_number": "9",
    "section_name": "Statistics",
    "text": "**GDP:** purchasing power parity – $21.86 billion (2017 est.)\n\n**GDP – real growth rate:** 4.9% (2017 est.)\n\n**GDP – per capita:** purchasing power parity – $1,200 (2017 est.)\n\n**GDP – composition by sector:**\n_agriculture:_ 41.6%\n_industry:_ 19.5%\n_services:_ 38.7% (2017)\n\n**Population below poverty line:** 45.4% (2014 est.)\n\n**Household income or consumption by percentage share:**\n_lowest 10%:_ 3%\n_highest 10%:_ 29.3% (1992)\n\n**Inflation rate (consumer prices):** 2.4% (2017 est.)\n\n**Labour force:** 6.5 million (2017 est.)\n\n**Labour force – by occupation:** agriculture 79.2% , industry: 3.3%,\nservices: 17.5% (2012 est.)\n\n**Unemployment rate:** 0.3% (2017 est.)\n\n**Budget:**\n_revenues:_ $1.757 billion (2017 est.)\n_expenditures:_ 2.171 billion (2017 est.)\n\n**Industries:** uranium mining, cement, brick, textiles, food processing,\nchemicals, slaughterhouses\n\n**Industrial production growth rate:** 6% (2017 est.)\n\n**electrification:** total population: 15% (2013)\n\n**electrification:** urban areas: 62% (2013)\n\n**electrification:** rural areas: 4% (2013)\n\n**Electricity – production:** 494.7 million kWh (2016 est.)\n\n**Electricity – production by source:**\n_fossil fuel:_ 95%\n_renewable:_ 5%\n_nuclear:_ 0%\n_other:_ 0% (2017)\n\n**Electricity – consumption:** 1.065 billion kWh (2016 est.)\n\n**Electricity – exports:** 0 kWh (2016 est.)\n\n**Electricity – imports:** 779 million kWh (2016 est.)\n\n**Agriculture – products:** cowpeas, cotton, peanuts, pearl millet, sorghum,\ncassava (tapioca), rice; cattle, sheep, goats, camels, donkeys, horses,\npoultry\n\n**Exports:** $4.143 billion (2017 est.)\n\n**Exports – commodities:** uranium ore, livestock, cowpeas, onions\n\n**Exports – partners:** France 30.2%, Thailand 18.3%, Malaysia 9.9%, Nigeria\n8.3%, Mali 5%, Switzerland 4.9% (2017)\n\n**Imports:** $1.829 billion (2017 est.)\n\n**Imports – commodities:** foodstuffs, machinery, vehicles and parts,\npetroleum, cereals\n\n**Imports – partners:** France 28.8%, China 14.4%, Malaysia 5.7%, Nigeria\n5.4%, Thailand 5.3%, US 5.1%, India 4.9% (2017)\n\n**Debt – external:** $3.728 billion (31 December 2017 est.)\n\n**Economic aid – recipient:** $222 million (1995)\n\n**Currency:** 1 Communauté Financière Africaine franc (CFAF) = 100 centimes\n\n**Exchange rates:** Communauté Financière Africaine francs (CFAF) per US$1 –\n670 (January 2000), 560.01 (January 1999), 589.95 (1998), 583.67 (1997),\n511.55 (1996), 499.15 (1995)\n_note:_ since 1 January 1999, the CFAF is pegged to the euro at a rate of\n655.957 CFA francs per euro\n\n**Fiscal year:** calendar year"
  },
  {
    "chapter_name": "Economy of Niger",
    "chapter_id": "1",
    "section_number": "10",
    "section_name": "Economic sectors",
    "text": "Niamey, Niger's capital and economic hub.\n\nThe economy of Niger centers on subsistence crops, livestock, and some of the\nworld's largest uranium deposits. Drought cycles, desertification, a 2.9%\npopulation growth rate, and the drop in world demand for uranium have undercut\nthe economy.\n\nNiger shares a common currency, the CFA franc, and a common central bank, the\nCentral Bank of West African States (BCEAO), with seven other members of the\nWest African Monetary Union. Niger is also a member of the Organization for\nthe Harmonization of Business Law in Africa (OHADA).\n\nIn December 2000, Niger qualified for enhanced debt relief under the\nInternational Monetary Fund program for Heavily Indebted Poor Countries (HIPC)\nand concluded an agreement with the Fund for Poverty Reduction and Growth\nFacility (PRGF). Debt relief provided under the enhanced HIPC initiative\nsignificantly reduces Niger's annual debt service obligations, freeing funds\nfor expenditures on basic health care, primary education, HIV/AIDS prevention,\nrural infrastructure, and other programs geared at poverty reduction.\n\nIn December 2005, it was announced that Niger had received 100% multilateral\ndebt relief from the IMF, which translates into the forgiveness of\napproximately US$86 million in debts to the IMF, excluding the remaining\nassistance under HIPC. Nearly half of the government's budget is derived from\nforeign donor resources. Future growth may be sustained by exploitation of\noil, gold, coal, and other mineral resources. Uranium prices have recovered\nsomewhat in the last few years. A drought and locust infestation in 2005 led\nto food shortages for as many as 2.5 million Nigeriens."
  },
  {
    "chapter_name": "Economy of Niger",
    "chapter_id": "1",
    "section_number": "10.0.1",
    "section_name": "Agriculture",
    "text": "The fertile south of Niger near the Niger River. Map and growing season for\nthe Nigerien Rice crop. Chart shows Normalized Difference Vegetation Index\nagainst Long Rains Dry Season (July – Feb), measuring normal years crop growth\nin the major Rice producing areas of Niger.\n\nThe agricultural economy is based largely upon internal markets, subsistence\nagriculture, and the export of raw commodities: foodstuffs and cattle to\nneighbors. Foreign exchange earnings from livestock, although difficult to\nquantify, are considered the second source of export revenue behind mining and\noil exports. Actual exports far exceed official statistics, which often fail\nto detect large herds of animals informally crossing into Nigeria. Some hides\nand skins are exported, and some are transformed into handicrafts.\n\nNiger's agricultural and livestock sectors are the mainstay of all but 18% of\nthe population. 14% of Niger's GDP is generated by livestock production\n(camels, goats, sheep and cattle), said to support 29% of the population. Thus\n53% of the population is actively involved in crop production. The 15% of\nNiger's land that is arable is found mainly along its southern border with\nNigeria.\n\nDrought has turned farmland into useless soil. A farmer examines the soil in\ndrought-stricken Niger during the 2005 famine.\n\nIn these areas, Pearl millet, sorghum, and cassava are the principal rain-fed\nsubsistence crops. Irrigated rice for internal consumption is grown in parts\nof the Niger River valley in the west. While expensive, it has, since the\ndevaluation of the CFA franc, sold for below the price of imported rice,\nencouraging additional production. Cowpeas and onions are grown for commercial\nexport, as are small quantities of garlic, peppers, potatoes, and wheat. Oasis\nfarming in small patches of the north of the country produces onions, dates,\nand some market vegetables for export.\n\nBut for the most part, rural residents engaged in crop tending are clustered\nin the south centre and south west of the nation, in those areas (the Sahel)\nwhich can expect to receive between 300 and 600 mm (12 and 24 in) of rainfall\nannually. A small area in the southern tip of the nation, surrounding Gaya can\nexpect to receive 700 to 900 mm (28 to 35 in) or rainfall. Northern areas\nwhich support crops, such as the southern portions of the Aïr Massif and the\nKaouar oasis, rely upon oases and a slight increase in rainfall due to\nmountain effects. Large portions of the northwest and far east of the nation,\nwhile within the Sahara desert, see just enough seasonal rainfall to support\nsemi-nomadic animal husbandry. The populations of these areas, mostly Tuareg,\nWodaabe – Fula, and Toubou, travel south (a process called transhumance) to\npasture and sell animals in the dry season, north into the Sahara in the brief\nrainy season.\n\nRainfall varies and when it is insufficient, Niger has difficulty feeding its\npopulation and must rely on grain purchases and food aid to meet food\nrequirements. Rains, as in much of the Sahel, have been marked by annual\nvariability. This has been especially true in the 20th century, with the most\nsevere drought on record beginning in the late 1960s and lasting, with one\nbreak, well into the 1980s. The long-term effect of this, especially to\npastoralist populations, remains in the 21st century, with those communities\nwhich rely upon cattle, sheep, and camels husbandry losing entire herds more\nthan once during this period. Recent rains remain variable. For instance, the\nrains in 2000 were not good, while those in 2001 were plentiful and well\ndistributed.\n\nSoils that have become degraded, for example by intensive cereal production,\ncover 50 per cent of Niger's land. Laterite soils have a high clay content,\nwhich means they have higher Cation Exchange Capacity and water-holding\ncapacity than sandy soils. If laterite soils become degraded, a hard crust can\nform on the surface, which hinders water infiltration and the emergence of\nseedlings. It is possible to rehabilitate such soils, using a system called\nthe Bioreclamation of Degraded Lands.\n\nThis involves using indigenous water-harvesting methods (such as planting pits\nand trenches), applying animal and plant residues, and planting high-value\nfruit trees and indigenous vegetable crops that are tolerant of drought\nconditions. The International Crops Research Institute for the Semi-Arid\nTropics (ICRISAT) has employed this system to rehabilitate degraded laterite\nsoils in Niger and increase smallholder farmers' incomes. Trials have\ndemonstrated that a 200 m2 (2,153 sq ft) plot can yield an income of around\nUS$100, which is what men traditionally earn from millet production per\nhectare (10000m2). As women are often given degraded soils, using this\npractice has helped to improve livelihoods for women in Niger.\n\nThe Kandadji Dam on the Niger River, whose construction started in August\n2008, is expected to improve agricultural production in the Tillaberi\nDepartment by providing water for the irrigation of 6,000 hectares initially\nand of 45,000 hectares by 2034."
  },
  {
    "chapter_name": "Economy of Niger",
    "chapter_id": "1",
    "section_number": "10.0.2",
    "section_name": "Drought and food crisis",
    "text": "As one of the Sahelian nations in West Africa, Niger has faced several\ndroughts which led to food shortages and, in some cases, famines since its\nindependence in 1963. This includes a series of droughts in the 1970s and\n1980s and more recently in 2005–2006 and again in 2010. The existence of\nwidespread famine in 2005–2006 was debated by the government of Niger as well\nsome local NGOs."
  },
  {
    "chapter_name": "Economy of Niger",
    "chapter_id": "1",
    "section_number": "10.0.3",
    "section_name": "Mining",
    "text": "The Niger mining industry is the main source of national exports, of which\nuranium is the largest export. Niger has been a uranium exporter since the\n1960s and has had substantial export earnings and rapid economic growth during\nthe 1960s and 1970s. The persistent uranium price slump has brought lower\nrevenues for Niger's uranium sector, although it still provides 72% of\nnational export proceeds. When the uranium-led boom ended in the early 1980s\nthe economy stagnated, and new investment since then has been limited. Niger's\ntwo uranium mines—SOMAIR's open pit mine and COMINAK's underground mine—are\nowned by a French-led consortium and operated by French company Orano.\n\nAs of 2007[update], many licences have been sold to other companies from\ncountries such as India, China, Canada and Australia in order to exploit new\ndeposits. In 2013, the government of Niger sought to increase its uranium\nrevenue by subjecting the two mining companies to a 2006 Mining Law. The\ngovernment argued that the application of the new law will balance an\notherwise unfavorable partnership between the government and Areva. The\ncompany resisted the application of the new law that it feared would\njeopardize the financial health of the companies, citing declining market\nuranium prices and unfavorable market conditions. In 2014, following nearly a\nyear long negotiation with the government of Niger, Areva agreed to the\napplication of 2006 Mining Law of Niger, which would increase the government's\nuranium revenues from 5 to 12%.[_needs update_]\n\nA farmer collecting millet in Koremairwa village in the Dosso department.\n\nIn addition to uranium, exploitable deposits of gold are known to exist in\nNiger in the region between the Niger River and the border with Burkina Faso.\nIn 2004, the first Nigerien gold ingot was produced from the Samira Hill Gold\nMine, in Tera Department. The Samira Hill Gold Mine thus became the first\ncommercial gold production in the country. The reserves at the location were\nestimated at 10,073,626 tons at an average grade of 2.21 grams (0.078 oz) per\nton from which 19,200 kilograms (42,300 lb) will be recovered over a six-year\nmine life. Other gold deposits are believed to be in nearby areas known as the\n\"Samira Horizon\", which is located between Gotheye and Ouallam.\n\nSONICHAR (Société Nigerienne de Charbon) in Tchirozerine (north of Agadez)\nextracts coal from an open pit and fuels an electricity generating plant that\nsupplies energy to the uranium mines. Based on 2012 reports by the government\nof Niger, 246016 tons of coal were extracted by SONICHAR in 2011. There are\nadditional coal deposits to the south and west that are of a higher quality\nand may be exploitable. Substantial deposits of phosphates, coal, iron,\nlimestone, and gypsum have also been found in Niger."
  },
  {
    "chapter_name": "Economy of Niger",
    "chapter_id": "1",
    "section_number": "10.0.4",
    "section_name": "Oil",
    "text": "A test oil well in the Tenere Desert, January 2008\n\nThe history of oil prospecting and discovery goes back to the independence era\nwith the first discovery of the Tintouma oil field in Madama in 1975. The\nAgadem basin in particular has attracted much attention since 1970 with Texaco\nand then Esso prospecting in the basin until 1980. Exploration permits on the\nsame basin were held successively by Elf Aquitaine (1980–1985), Esso-Elf\n(1985–1998), Esso (1998–2002), and Esso-Petronas (2002–2006). While the\nreserves were estimated at 324 million barrels for oil and 10 billion m3 for\ngas, Esso-Petronas relinquished the permit because it deemed the quantities\ntoo small for production.\n\nWith the sudden increase in oil price by 2008, this assessment was no longer\ntrue; consequently, the government transferred the Agadem block rights to\nCNPC. Niger announced that in exchange for the US$5 billion investment, the\nChinese company would build wells, 11 of which would open by 2012, a\n20,000-barrel-per-day (3,200 m3/d) SORAZ refinery near Zinder, and a pipeline\nout of the nation. The government estimates the area has reserves of 324\nmillion barrels (51,500,000 m3), and is seeking further oil in the Tenere\nDesert and near Bilma. Niger began producing its first barrels of oil in 2011.\nGovernment revenue from this is over $100 million per year, about 5% of\nNiger's GDP, and slightly higher than from the uranium extraction industry."
  },
  {
    "chapter_name": "Economy of Niger",
    "chapter_id": "1",
    "section_number": "10.1",
    "section_name": "Growth rates",
    "text": "The economic competitiveness created by the January 1994 devaluation of the\nCommunauté Financière Africaine (CFA) franc contributed to an annual average\neconomic growth of 3.5% throughout the mid-1990s. But the economy stagnated\ndue to the sharp reduction in foreign aid in 1999 (which gradually resumed in\n2000) and poor rains in 2000. Reflecting the importance of the agricultural\nsector, the return of good rains was the primary factor underlying economic\ngrowth of 5.1% in 2000, 3.1% in 2001, 6.0% in 2002, and 3.0% in 2003.\n\nIn recent years, the Government of Niger drafted revisions to the investment\ncode (1997 and 2000), petroleum code (1992), and mining code (1993), all with\nattractive terms for investors. The present government actively seeks foreign\nprivate investment and considers it key to restoring economic growth and\ndevelopment. With the assistance of the United Nations Development Programme\n(UNDP), it has undertaken a concerted effort to revitalize the private sector.\n\nA market in Maradi."
  },
  {
    "chapter_name": "Economy of Niger",
    "chapter_id": "1",
    "section_number": "10.2",
    "section_name": "Economic reforms",
    "text": "In January 2000, Niger's newly elected government inherited serious financial\nand economic problems including a virtually empty treasury, past-due salaries\n(11 months of unpaid salaries) and scholarship payments, increased debt,\nreduced revenue performance, and lower public investment. In December 2000,\nNiger qualified for enhanced debt relief under the International Monetary Fund\nprogram for Highly Indebted Poor Countries and concluded an agreement with the\nFund on a Poverty Reduction and Growth Facility (PRGF).\n\nIn addition to changes in the budgetary process and public finances, the new\ngovernment has pursued economic restructuring towards the IMF promoted\nprivatization model. This has included the privatization of water distribution\nand telecommunications and the removal of price protections for petroleum\nproducts, allowing prices to be set by world market prices. Further\nprivatizations of public enterprises are in the works.\n\nIn its effort to comply with the IMF's Poverty Reduction and Growth Facility\nplan, the government is also taking action to reduce corruption and, as the\nresult of a participatory process encompassing civil society, has devised a\nPoverty Reduction Strategy Plan that focuses on improving health, primary\neducation, rural infrastructure, and judicial restructuring.\n\nA long planned privatization of the Nigerien power company, NIGELEC, failed in\n2001 and again in 2003 due to a lack of buyers. SONITEL, the nation's\ntelephone operator which was separated from the post office and privatised in\n2001, was renationalised in 2009. Critics have argued that the obligations to\ncreditor institutions and governments have locked Niger into a process of\ntrade liberalization that is harmful for small farmers and in particular,\nrural women."
  },
  {
    "chapter_name": "Economy of Niger",
    "chapter_id": "1",
    "section_number": "10.3",
    "section_name": "Infrastructure",
    "text": "A rural mother tends to her malnourished infant at the Maradi MSF aid centre,\nduring the 2005–2006 Niger food crisis. While the Maradi Region is the\nbreadbasket of Niger, the 20th century saw three severe Sahel droughts which\nbrought dramatic food insecurity to even the most fertile regions of Niger."
  },
  {
    "chapter_name": "Economy of Niger",
    "chapter_id": "1",
    "section_number": "10.3.1",
    "section_name": "Transportation infrastructure",
    "text": "One of the roads leading to Tahoua, central Niger View of Diori Hamani\nInternational Airport at Niamey\n\nTransport is crucial to the economy and culture of this vast landlocked\nnation, with cities separated by huge uninhabited deserts, mountain ranges,\nand other natural features. Niger's transport system was little developed\nduring the colonial period (1899–1960), relying upon animal transport, human\ntransport, and limited river transport in the far south west and south east.\nNo railways were constructed in the colonial period. Construction of a network\nof paved roads linking major cities began after the independence reaching its\nheights during the uranium boom in the 1970s and 1980s. Primary or paved road\nsystems are limited to bigger cities or connection between major cities. Road\nconnections or networks in rural areas are mostly unpaved, all-weather\nlaterite surfaces to grated dirt or sand plowed roads with various degrees of\nmaintenance. In 2012, there was 19,675 kilometres (12,225 mi) of road network\nthroughout Niger, of which 4,225 kilometres (2,625 mi) were paved.\n\nThe Niger River, which crosses the southwestern part of the country, is\nunsuitable for river transport of any large scale, as it lacks depth for most\nof the year, and is broken by rapids at many spots. Camel caravan transport\nwas historically important in the Sahara desert and Sahel regions which cover\nmost of the north.\n\nAir transport is mainly concentrated in Niamey. Niger's only international\nairport is Diori Hamani International Airport, is located in the capital,\nNiamey. Other airports in Niger include the Mano Dayak International Airport\nin Agadez city and Zinder Airport in Zinder city but as of January 2015, they\nwere not regularly serviced by any carriers.\n\nIn 2014, construction for the railway extension connecting Niamey (Niger) to\nCotonou via Parakou (Benin) began and was expected to be completed by 2016.\nHowever, the project was still ongoing in 2018, and no recent reports have\nbeen made as of 2022. It includes the construction of 574 kilometres (357 mi)\nnew railway from Niamey to connect to the existing line in Parakou (Benin).\nBesides Niamey, the railway line will go through Dosso city and Gaya."
  },
  {
    "chapter_name": "Economy of Niger",
    "chapter_id": "1",
    "section_number": "10.3.1.1",
    "section_name": "Accessibility to energy",
    "text": "Niger has insufficient access to the energy it needs. The country's energy\nconsumption is considered one of the lowest in the world. Niger's existing\nsystems of energy consumption are also very underdeveloped to sustain energy\nefficiency within the state. Electricity access between urban areas such as\nNiamey enable 50 percent electricity service, and rural areas with 20 to 40\npercent electricity service, with the lowest region at 10 percent. Other\ndemands for electricity are met by NIGELEC, providing diesel generators and\nthermal coal plants to create fuel for rent."
  },
  {
    "chapter_name": "Economy of Niger",
    "chapter_id": "1",
    "section_number": "10.3.1.2",
    "section_name": "Primary energy outlets",
    "text": "Niger has three major energy consumption outlets; oil products, biofuel and\nwaste, and electricity. As of 2016, Niger's energy consumption includes 486\nktoe via oil products, 2,217 ktoe via biofuel and waste, and 84 ktoe via\nelectricity. Niger's predominant sources of energy are wood and charcoal, also\nknown as biomass. Out of the 2,747 ktoe of energy supply in the country, 70%\nis from biomass. Households use up to 90% biomass due to the unavailability of\nalternative sources, and the increased rates of imported energy that some\ncannot afford. The most used oil products are liquefied petroleum gas, motor\ngasoline, gas and diesel, other kerosene, and fuel oil.\n\nA chart representing the total final consumption of Niger's energy sources."
  },
  {
    "chapter_name": "Economy of Niger",
    "chapter_id": "1",
    "section_number": "10.3.1.3",
    "section_name": "Sustainable and renewable energy",
    "text": "Niger also gets partial access to hydroelectric power from dams created\nalongside the Niger River.[_unreliable source?_] Hydroelectric power\ncontributes about 280 megawatts (MW) to Niger's energy collectively from\nseveral hydropower sources, including 130 MW from the Kandadji, 122.5 from\nRiver Niger in Gambou, and 26 MW from Dyondyonga in Mekrou. Getting renewable\nenergy via hydropower has proven controversial, due to the importance of\nrainfall in acquiring energy. Again, these hydroelectric power dams are\ncreating energy for Niger via Nigeria.\n\nSolar energy has also been used to provide energy access. From 2004 to 2010\nsolar power generation was implemented, but there was a significant drop from\n2010 to 2012. However, since 2016 approximately 5 Gwh of solar power have been\nused.\n\nNiger has the potential to provide sustainable and renewable energy access\nwithin the country, which would help increase its energy intake and cope with\nthe growing demands of the population. Several projects have been discussed to\nmake use of clean energy sources such as solar power, hydropower, grid power,\nand wind power.\n\nMany NGOs are working on funding projects to provide sustainable and renewable\nenergy in parts of Africa. Affording the resources to create sustainable\nenergy is one of the biggest barrier Niger faces, but agencies such as\nInternational Renewable Energy Agency (IRENA) and AbuDhabi Fund for\nDevelopment (ADFD) are funding low developing countries, including Niger, to\nhelp develop local renewable projects. Theses agencies will support projects\nincluding a hybrid micro-grid project employing solar PV and advanced lithium-\nion batteries, a hydropower project, integrated wind and solar, and a\ncombination project consisting of micro-grid and solar home kits. In addition,\nLighting Africa, an NGO primarily working in Niger, is assisting in\nsustainable energy development through two World Bank-sponsored Energy Access\nProjects: the Niger Solar Electricity Project (NESAP), and the Regional Off-\nGrid Electrification Project (ROGEP). These projects will work with grid\nsystems in two piloting countries, and this includes Niger. They will aim to\nincrease electricity access in households, businesses, and communities through\nmodern off-grid electrification."
  }
]