[
  {
    "chapter_name": "Economy of Iran",
    "chapter_id": "1",
    "section_number": "1",
    "section_name": "Introduction",
    "text": "| This article needs to be **updated**. Please help update this article to\nreflect recent events or newly available information. _( April 2023)_  \n---|---  \n  \nIran has a mixed, centrally planned economy with a large public sector.[_needs\nupdate_] It consists of hydrocarbon, agricultural and service sectors, in\naddition to manufacturing and financial services, with over 40 industries\ntraded on the Tehran Stock Exchange. With 10% of the world's proven oil\nreserves and 15% of its gas reserves, Iran is considered an \"energy\nsuperpower\". Nevertheless, since 2024 Iran is suffering from an energy crisis.\n\nA unique feature of Iran's economy is the reliance on large religious\nfoundations called bonyads, whose combined budgets represent more than 30\npercent of central government spending.\n\nIn 2007, the Iranian subsidy reform plan introduced price controls and\nsubsidies particularly on food and energy. Contraband, administrative\ncontrols, widespread corruption, and other restrictive factors undermine\nprivate sector-led growth. The government's 20-year vision involved market-\nbased reforms reflected in a five-year development plan, 2016 to 2021,\nfocusing on \"a resilient economy\" and \"progress in science and technology\".\nMost of Iran's exports are oil and gas, accounting for a majority of\ngovernment revenue in 2010. In March 2022, the Iranian parliament under the\nthen new president Ebrahim Raisi decided to eliminate a major subsidy for\nimporting food, medicines and animal feed, valued at $15 billion in 2021. Also\nin March 2022, 20 billion tons of basic goods exports from Russia including\nvegetable oil, wheat, barley and corn were agreed.\n\nIran's educated population, high human development, constrained economy and\ninsufficient foreign and domestic investment prompted an increasing number of\nIranians to seek overseas employment, resulting in a significant \"brain\ndrain\". However, in 2015, Iran and the P5+1 reached a deal on the nuclear\nprogram which removed most international sanctions. Consequently, for a short\nperiod, the tourism industry significantly improved and the inflation of the\ncountry was decreased,[_citation needed_] though US withdrawal from the JCPOA\nin 2018 hindered the growth of the economy again and increased\ninflation.[_citation needed_]\n\nGDP contracted in 2018 and 2019, but a modest rebound was expected in 2020.\nChallenges include a COVID-19 outbreak starting in February 2020, US sanctions\nreimposed in mid-2018, increased unemployment due to the sanctions, inflation,\nfood inflation, a \"chronically weak and undercapitalized\" banking system, and\nan \"anemic\" private sector, and corruption.Fact Check: Are Ali Khamenei's\nLiving Standards 'Below Average'? Iran's currency, the Iranian rial, has\nfallen, and Iran has a relatively low rating in \"Economic Freedom\", and \"ease\nof doing business\"."
  },
  {
    "chapter_name": "Economy of Iran",
    "chapter_id": "1",
    "section_number": "1",
    "section_name": "History",
    "text": "Persian Achaemenid gold coin, circa 490 BC\n\nIn 546 BC, Croesus of Lydia was defeated and captured by the Persians, who\nthen adopted gold as the main metal for their coins. There are accounts in the\nbiblical Book of Esther of dispatches being sent from Susa to provinces as far\nout as India and the Kingdom of Kush during the reign of Xerxes the Great\n(485–465 BC). By the time of Herodotus (c. 475 BC), the Royal Road of the\nPersian Empire ran some 2,857 km from the city of Susa on the Karun (250 km\neast of the Tigris) to the port of Smyrna (modern İzmir in Turkey) on the\nAegean Sea.\n\nModern agriculture in Iran dates back to the 1850s when Amir Kabir undertook a\nnumber of changes to the traditional agricultural system. Such changes\nincluded importing modified seeds and signing collaboration contracts with\nother countries. Polyakov's _Bank Esteqrazi_ was bought in 1898 by the Tsarist\ngovernment of Russia, and later passed into the hands of the Iranian\ngovernment by a contract in 1920. The bank continued its activities under the\nname of _Bank Iran_ until 1933 when incorporating the newly founded Keshavarzi\nBank.\n\nThe Imperial Bank of Persia was established in 1885, with offices in all major\ncities of Persia. Reza Shah Pahlavi (r. 1925–41) improved the country's\noverall infrastructure, implemented educational reform, campaigned against\nforeign influence, reformed the legal system, and introduced modern\nindustries. During this time, Iran experienced a period of social change,\neconomic development, and relative political stability.\n\nReza Shah Pahlavi, who abdicated in 1941, was succeeded by his son, Mohammad\nReza Shah Pahlavi (r. 1941–79). No fundamental change occurred in the economy\nof Iran during World War II and the years immediately following. Between 1954\nand 1960 a rapid increase in oil revenues and sustained foreign aid led to\ngreater investment and fast-paced economic growth, primarily in the government\nsector. Subsequently, inflation increased, the value of the national currency,\nthe rial, depreciated, and a foreign-trade deficit developed. Economic\npolicies implemented to combat these problems led to declines in the rates of\nnominal economic growth and per capita income by 1961.\n\nPrior to 1979, Iran developed rapidly. Traditionally agricultural, by the\n1970s, the country had undergone significant industrialization and\nmodernization. The pace slowed by 1978 as capital flight reached $30 to $40\nbillion 1980-US dollars just before the revolution.\n\nFollowing the nationalizations in 1979 and the outbreak of the Iran–Iraq War,\nover 80% of the economy came under government control. The eight-year war with\nIraq claimed at least 300,000 Iranian lives and injured more than 500,000. The\ncost of the war to Iran's economy was some $500 billion.\n\nAfter hostilities ceased in 1988, the government tried to develop the\ncountry's communication, transportation, manufacturing, health care, education\nand energy sectors, including its prospective nuclear power facilities, and\nbegan integrating its communication and transportation systems with those of\nneighboring states.\n\nThe government's long-term objectives since the revolution were stated as\neconomic independence, full employment, and a comfortable standard of living\nbut Iran's population more than doubled between 1980 and 2000 and its median\nage declined. Although many Iranians are farmers, agricultural production has\nconsistently fallen since the 1960s. By the late 1990s, Iran imported much of\nits food. At that time, economic hardship in the countryside resulted in many\npeople moving to cities.\n\n* The Provinces of Iran by their contribution to national GDP, 2014\n\n* Socioeconomic expenditures, 2004\n\n* Historical GDP per capita development in Iran, 1820–2018\n\n* Economic sectors, 2002\n\n* Inflation rate, 1980–2010\n\n* Market liquidity, 2012\n\n* CPI, broad money and foreign exchange reserves, 2000–2011\n\n* US dollar/Iranian rial exchange rate, 2003–2014 est.\n\n* Debt service, 1980–2000\n\n* Balance of payment, 2003–2007\n\n* TEPIX vs DJIA and oil prices, 2000–2009\n\n* Oil production and consumption, 1977–2010\n\n* Oil and gas production, 1970–2030 est."
  },
  {
    "chapter_name": "Economy of Iran",
    "chapter_id": "1",
    "section_number": "2",
    "section_name": "Macroeconomic trends",
    "text": "Iran's national science budget in 2005 was about $900 million, roughly\nequivalent to the 1990 figure. By early 2000, Iran allocated around 0.4% of\nits GDP to research and development, ranking the country behind the world\naverage of 1.4%. In 2009 the ratio of research to GDP was 0.87% against the\ngovernment's medium-term target of 2.5%. Iran ranked first in scientific\ngrowth in the world in 2011 and 17th in science production in 2012.[_citation\nneeded_]\n\nIran has a broad and diversified industrial base. According to _The Economist_\n, Iran ranked 39th in a list of industrialized nations, producing $23 billion\nof industrial products in 2008. Between 2008 and 2009 Iran moved to 28th from\n69th place in annual industrial production growth because of its relative\nisolation from the 2008 financial crisis.\n\nIn the early 21st century, the service sector was Iran's largest, followed by\nindustry (mining and manufacturing) and agriculture. In 2008, Iran's GDP was\nestimated at $382.3 billion ($842 billion PPP), or $5,470 per capita ($12,800\nPPP).\n\nIn 2010, the nominal GDP was projected to double in the next five years. Real\nGDP growth was expected to average 2.2% a year in 2012–16, insufficient to\nreduce the unemployment rate. Furthermore, international sanctions have\ndamaged the economy by reducing oil exports by half, before recovering in\n2016. The Iranian rial lost more than half of its value in 2012, directing\nIran to import substitution industrialization and a resistive economy.\nAccording to the International Monetary Fund, Iran is a \"transition economy\",\ni.e., changing from a planned to a market economy.\n\nIn 2008, the United Nations classified Iran's economy as semi-developed. In\n2014, Iran ranked 83rd in the World Economic Forum's analysis of the global\ncompetitiveness of 144 countries. Political, policy and currency stability are\nregarded as the most problematic factors in doing business in Iran. Difficulty\nin accessing financing is also a major concern, especially for small and\nmedium enterprises. Most of Iran's financial resources are directed at\ntrading, smuggling and speculation instead of production and\nmanufacturing.[_citation needed_]\n\nIn 2008, according to Goldman Sachs, Iran has the potential to become one of\nthe world's largest economies in the 21st century. In 2014, Iranian President\nHassan Rouhani stated that Iran has the potential to become one of the ten\nlargest economies within the next 30 years.\n\nOne major problem often cited by Iranian industrialists is that the government\nis not supporting them by authorizing imports of similar parts or products\ninto the country, undermining their activity and domestic market. This is\npartly due to corrupt interests inside the government and\nmismanagement.[_citation needed_]\n\n---\nScientific growth in Iran\n\n250\n\n500\n\n750\n\n1,000\n\n1,250\n\n1,500\n\n5,000\n\n10,000\n\n15,000\n\n20,000\n\n2000\n\n2004\n\n2008\n\n2012\n\n2015\n\n* GDP, PPP, million (current international $)\n* GDP per capita, PPP (current international $)\n\nChanges in population of Iran Year\n(Source: IMF) | GDP, current prices\n(billions IRR) | Implied PPP\nconversion rate\n(USD/IRR) | GDP per capita, PPP\n(current international dollar) | Inflation index\n(average CPI)\n(2011/2012=100) | Current account balance\n(billions US dollars) | Population\n(million persons)\n---|---|---|---|---|---|---\n1980 | 6,622 | 40 | 4,267 | 0.5 | -3.6 | 38\n1985 | 16,556 | 53 | 6,469 | 0.9 | -0.9 | 48\n1990 | 35,315 | 101 | 6,410 | 2.5 | -2.7 | 55\n1995 | 185,928 | 399 | 7,265 | 9 | 3.4 | 64\n2000 | 580,473 | 940 | 9,666 | 21 | 12.5 | 64\n2005 | 1,831,739 | 2,025 | 13,036 | 40 | 15.4 | 69\n2010 | 4,333,088 | 3,498 | 16,664 | 82 | 27.3 | 74\n2015 (est.) | 13,077,142 | 9,788 | 16,918 | 253 | 6.9 | 79"
  },
  {
    "chapter_name": "Economy of Iran",
    "chapter_id": "1",
    "section_number": "2.1",
    "section_name": "Reform plan",
    "text": "Expansion of public healthcare and international relations are the other main\nobjectives of the fifth plan, an ambitious series of measures that include\nsubsidy reform, banking recapitalization, currency, taxation, customs,\nconstruction, employment, nationwide goods and services distribution, social\njustice and productivity. The intent is to make the country self-sufficient by\n2015 and replace the payment of $100 billion in subsidies annually with\ntargeted social assistance. These reforms target Iran's major sources of\ninefficiency and price distortion and are likely to lead to major\nrestructuring of almost all economic sectors.\n\nBy removing energy subsidies, Iran intends to make its industries more\nefficient and competitive. By 2016, one third of Iran's economic growth is\nexpected to originate from productivity improvement. Energy subsidies left the\neconomy as one of the world's least energy-efficient, with energy intensity\nthree times the global average and 2.5 times higher than the Middle Eastern\naverage. Notwithstanding its own issues, the banking sector is seen as a\npotential hedge against the removal of subsidies, as the plan is not expected\nto directly impact banks."
  },
  {
    "chapter_name": "Economy of Iran",
    "chapter_id": "1",
    "section_number": "3",
    "section_name": "National planning",
    "text": "Iran's budget is established by the Management and Planning Organization of\nIran and proposed by the government to the parliament before the year's end.\nFollowing approval of the budget by Majlis, the central bank presents a\ndetailed monetary and credit policy to the Money and Credit Council (MCC) for\napproval. Thereafter, major elements of these policies are incorporated into\nthe five-year economic development plan. The plan is part of \"Vision 2025\", a\nstrategy for long-term sustainable growth.\n\nFifth Economic Development Plan (2010–15)  Item | 2010 (achieved) | 2010–15 (target)\n---|---|---\nGDP world ranking | 18th largest economy by PPP | 12th in 2015[_citation needed_]\nAnnual growth rate | 2.6% | 8% on average (based on $1.1 trillion domestic and FDI); BMI Archived January 31, 2011, at the Wayback Machine forecast: 3.6% on average (2009–14)\nUnemployment | 11.8% according to government; unofficially: 12–22%; 30% according to opposition | 7% by 2015, by creating 1 million new jobs each year\nInflation rate | 15% (as of January 2010) | 12% on average\nValue Added Tax | 3% | 8%\nPrivatization | — | 20% of state-owned firms to be privatized each year\nShare of cooperative sector (% GDP) | < 5% | 25%\nR&D (% GDP) | 0.87% | 2.5%\nShare of non-oil exports | 20% | 30% ($83 billion) by 2016\nOil price & revenues in budget | $60 per barrel | $65 per barrel on average / $250 billion in oil and gas revenues in 2015 once the current projects come on stream; International Monetary Fund projections: ~$60 billion only\nNational Development Fund | — | 30% of oil revenues to be allocated to the National Development Fund by 2015\nOil production | 4.1 million bpd | 5.2 million bpd (with some 2,500 oil and gas wells to be drilled and commissioned)\nNatural gas production | — | 900 million cubic meter/day[_citation needed_]\nR&D projects in oil industry | — | Implementation of 380 research projects by 2015 covering the enhancement of the recovery rate, gas conversion and hydro conversion\nInvestment in oil and gas industry | — | $20 billion a year in private and foreign investment, in part to boost oil refining capacity\nPetrochemical output | ~50 million tpy | 100 million tpy\nBunkering | 25% market share in Persian Gulf | 50% market share or 7.5 million tpy of liquid fuel\nOil products storage capacity | 11.5 billion liters | 16.7 billion liters[_citation needed_]\nNatural gas storage capacity | — | 14 billion cubic meters[_citation needed_]\nElectricity generation capacity | 61,000 MW | 86,000 MW\nEfficiency of power plants | 38% | 45%\nInvestment in mining and industry | — | $70 billion / 700,000 billion rials\nCrude steel production | ~10 million tpy | 42 million tpy by 2015\nIron ore production | ~27 million tpy | 66 million tpy by 2015\nCement | ~71 million tpy | 110 million tpy\nLimestone | — | 166 million tpy\nIndustrial parks | — | 50 new industrial parks to be built by 2015\nPorts capacity | 150 million tons | 200 million tons\nRailways | 10,000 kilometers | 15,000 kilometers by 2015 at a cost of $8 billion per annum\nTransit | 7 million tons | 40 million tons of goods\nElectronic trade | — | 20% of domestic trade, 30% of foreign trade and 80% of government transactions to be made electronically\n\nSixth development plan (2016–2021)\n\nThe sixth five-year development plan for the 2016–2021 period places emphasis\non \"guidelines\" rather than \"hard targets\". It defines only three priorities:\n\n* the development of a resilient economy;\n* progress in science and technology;\n* and the promotion of cultural excellence."
  },
  {
    "chapter_name": "Economy of Iran",
    "chapter_id": "1",
    "section_number": "4",
    "section_name": "Fiscal and monetary policy",
    "text": "Since the 1979 revolution, government spending has averaged 59% on social\npolicies, 17% on economic matters, 15% on national defense, and 13% on general\naffairs. Payments averaged 39% on education, health and social security, 20%\non other social programs, 3% on agriculture, 16% on water, power and gas, 5%\non manufacturing and mining, 12% on roads and transportation and 5% on other\neconomic affairs. Iran's investment reached 27.7% of GDP in 2009. Between 2002\nand 2006, inflation fluctuated around 14%.\n\nIn 2008, around 55% of government revenue came from oil and natural gas\nrevenue, with 31% from taxes and fees. There are virtually millions of people\nwho do not pay taxes in Iran and hence operate outside the formal economy. The\nbudget for year 2012 was $462 billion, 9% less than 2011. The budget is based\non an oil price of $85 per barrel. The value of the US dollar is estimated at\nIRR 12,260 for the same period.\n\nAccording to the head of the Department of Statistics of Iran, if the rules of\nbudgeting were observed the government could save at least 30 to 35% on its\nexpenses. The central bank's interest rate is 21%, and the inflation rate has\nclimbed to 22% in 2012, 10% higher than in 2011. There is little alignment\nbetween fiscal and monetary policy. According to the Central Bank of Iran, the\ngap between the rich and the poor narrowed because of monthly subsidies but\nthe trend could reverse if high inflation persists.\n\nIran had an estimated $110 billion in foreign reserves in 2011 and balances\nits external payments by pricing oil at approximately $75 per barrel. As of\n2013, only $30 to $50 billion of those reserves are accessible because of\ncurrent sanctions. Iranian media has questioned the reason behind Iran's\ngovernment non-repatriation of its foreign reserves before the imposition of\nthe latest round of sanctions and its failure to convert into gold. As a\nconsequence, the Iranian rial lost more than 40% of its value between December\n2011 and April 2012.\n\nIran's external and fiscal accounts reflect falling oil prices in FY 2012, but\nremain in surplus. The current account was expected to reach a surplus of 2.1%\nof GDP in FY 2012, and the net fiscal balance (after payments to Iran's\nNational Development Fund) will register a surplus of 0.3% of GDP. In 2013 the\nexternal debts stood at $7.2 billion down from $17.3 billion in 2012. Overall\nfiscal deficit is expected to deteriorate to 2.7% of GDP in FY 2016 from 1.7%\nin 2015.\n\nMoney in circulation reached $700 billion in March 2020 (based on the 2017\npre-devaluation exchange rate), thus furthering the decline of the Iranian\nrial and rise in inflation."
  },
  {
    "chapter_name": "Economy of Iran",
    "chapter_id": "1",
    "section_number": "4.1",
    "section_name": "Defense related burden",
    "text": "According to official data, as of 2023 Iran spends 10.3 billion USD or 2.1% of\nits GDP on national defense. This percentage is similar to that in other\ncountries such as UK, France and Finland.\n\nIran Ministry of Defense New Weapons Ceremony and Young Soldier Festival\n\nIn 2025, the Iranian budget bill granted 51% of the total oil and gas export\nrevenues, estimated at 12 billion euros, to the Islamic Revolutionary Guard\nCorps (IRGC) and the Law Enforcement Command (LEF).\n\nIran also finances Hezbollah, the Yemeni Houthis, Iraqi militia, and Hamas.\nThe average annual budget reserved for the funding of Iran's proxies is\nestimated at US$1.6 billion. According to Syrian opposition sources, starting\nfrom the beginning of 2011, Iran allocated a total of US$50 billion to\nmaintain the Assad regime in Syria. However, this investment proved to be a\nfailure following the eventual collapse of the regime.\n\nThe most costly of Iran's defense expenditures is its nuclear program. The\nestimated total cost of Iran's nuclear program until 2025 approaches US$500\nbillion. As a result of its nuclear program Iran is subject to international\nsanctions, causing a long-term economic stagnation which cost Iran an\nadditional US$1.2 trillion over 12 years. Furthermore, the sanctions led to a\nsignificant decline in foreign direct investments (FDI), with Iran\nexperiencing a reduction of approximately 80% in FDI between 2011 and 2021."
  },
  {
    "chapter_name": "Economy of Iran",
    "chapter_id": "1",
    "section_number": "5",
    "section_name": "Work time",
    "text": "In 2024, Iran passed a law to make a two-day weekend. Saturday was added to\nFriday weekends and Thursdays were removed. The work week was reduced from 44\nhours to 40/42 hours."
  },
  {
    "chapter_name": "Economy of Iran",
    "chapter_id": "1",
    "section_number": "6",
    "section_name": "Challenges",
    "text": "The GDP of Iran contracted in FY 2018 and FY 2019 and modest rebound is\nexpected in 2020/2021 according to an April 2020 World Economic Outlook by the\nIMF. Challenges to the economy include the COVID-19 outbreak starting in\nFebruary 2020, which on top of US sanctions reimposed in mid-2018 and other\nfactors, led a fall in oil production and are projected to lead to a slow\nrecovery in oil exports. Labor-force participation has risen but unemployment\nis above 10% as of 2020 and projected to rise in 2021 and 2022.\n\nInflation reached 41.1% in 2019, and is expected to continue \"in the coming\nyears\" according to the World Bank, but decline into the 34-33% range. In July\n2022, the average inflation rate rose 40.5% while the inflation rate for food\nand beverages alone rose 87%. Iran's banking system is \"chronically weak and\nundercapitalised\" according to Nordea Bank Abp, holding billions of dollars of\nnon-performing loans, and the private sector remains \"anemic\".\n\nThe unofficial Iranian rial to US dollar exchange rate, which had plateaued at\n40,000 to one in 2017, has fallen 120,000 to one as of November 2019. Iran's\neconomy has a relatively low rating in the Heritage Foundation's \"Index of\nEconomic Freedom\" (164 out of 180); and ease of doing business ranking (127\namong 190) according to the World Bank. Critics have complained that\nprivatization has led not to state owned businesses being taken over by\n\"skilled businesspeople\" but by the powerful Islamic Revolutionary Guard Corps\n\"and its associates\".\n\nIn 2020, an Iranian businessperson complained to a foreign journalist (Dexter\nFilkins) that the uncertainty of \"chronic shortages of material and unruly\ninspectors pushing for bribes\" made operating his business very difficult --\n\"Plan for the next quarter? I can't plan for tomorrow morning.\"\n\nIn 2021, according to the NIOC, daily consumption of gasoline in Iran has\nsurpassed 85 million liters, i.e., 10 times more than Turkey with almost the\nsame population."
  },
  {
    "chapter_name": "Economy of Iran",
    "chapter_id": "1",
    "section_number": "7",
    "section_name": "Ownership",
    "text": "Following the hostilities with Iraq, the Government declared its intention to\nprivatize most industries and to liberalize and decentralize the economy. Sale\nof state-owned companies proceeded slowly, mainly due to opposition by a\nnationalist majority in the parliament. In 2006, most industries, some 70% of\nthe economy, remained state-owned. The majority of heavy industries including\nsteel, petrochemicals, copper, automobiles, and machine tools remained in the\npublic sector, with most light industry privately owned.\n\nArticle 44 of the Iranian Constitution declares that the country's economy\nshould consist of state, cooperative, and private based sectors. The state\nsector includes all large-scale industries, foreign trade, major minerals,\nbanking, insurance, power generation, dams and large-scale irrigation\nnetworks, radio and television, post, telegraph and telephone services,\naviation, shipping, roads, railroads and the like. These are publicly owned\nand administered by the State. Cooperative companies and enterprises concerned\nwith production and distribution in urban and rural areas form the basis of\nthe cooperative sector and operated in accordance with Shariah law. As of\n2012, 5,923 consumer cooperatives, employed 128,396. Consumer cooperatives\nhave over six million members. Private sector operate in construction,\nagriculture, animal husbandry, industry, trade, and services that supplement\nthe economic activities of the state and cooperative sectors.\n\nSince Article 44 has never been strictly enforced, the private sector has\nplayed a much larger role than that outlined in the constitution. In recent\nyears, the role of this sector has increased. A 2004 constitutional amendment\nallows 80% of state assets to be privatized. Forty percent of such sales are\nto be conducted through the \"Justice Shares\" scheme and the rest through the\nTehran Stock Exchange. The government would retain the remaining 20%.\n\nIn 2005, government assets were estimated at $120 billion. Some $63 billion of\nsuch assets were privatized from 2005 to 2010, reducing the government's\ndirect share of GDP from 80% to 40%.[_citation needed_] Many companies in Iran\nremain uncompetitive because of mismanagement over the years, thus making\nprivatization less attractive for potential investors. According to then-\nPresident Mahmoud Ahmadinejad, 60% of Iran's wealth is controlled by just 300\npeople."
  },
  {
    "chapter_name": "Economy of Iran",
    "chapter_id": "1",
    "section_number": "7.1",
    "section_name": "Islamic Revolutionary Guard Corps",
    "text": "The Islamic Revolutionary Guard Corps (IRGC) are thought to control about one\nthird of Iran's economy through subsidiaries and trusts. 2007 estimates by the\n_Los Angeles Times_ suggest the IRGC has ties to over one hundred companies\nand annual revenue in excess of $12 billion, particularly in construction. The\nMinistry of Petroleum awarded the IRGC billions of dollars in no-bid contracts\nas well as major infrastructure projects.\n\nTasked with border control, the IRGC maintains a monopoly on smuggling,\ncosting Iranian companies billions of dollars each year. Smuggling is\nencouraged in part by the generous subsidization of domestic goods, including\nfuel. The IRGC also runs the telecommunication company, laser eye-surgery\nclinics, makes cars, builds bridges and roads and develops oil and gas fields."
  },
  {
    "chapter_name": "Economy of Iran",
    "chapter_id": "1",
    "section_number": "7.2",
    "section_name": "Religious foundations",
    "text": "Welfare programs for the needy are managed by more than 30 public agencies\nalongside semi-state organizations known as _bonyads_ , together with several\nprivate non-governmental organizations. _Bonyads_ are a consortium of over 120\ntax-exempt organizations that receive subsidies and religious donations. They\nanswer directly to the Supreme Leader of Iran and control over 20% of GDP.\nOperating everything from vast soybean and cotton farms to hotels, soft drink,\nautomobile manufacturing, and shipping lines, they are seen as overstaffed,\ncorrupt and generally unprofitable.\n\n_Bonyad_ companies compete with Iran's unprotected private sector, whose firms\ncomplain of the difficulty of competing with the subsidized _bonyads_.\n_Bonyads_ are not subject to audit or Iran's accounting laws. _Setad_ is a\nmulti-sector business organization, with holdings of 37 companies, and an\nestimated value of $95 billion. It is under the control of the Supreme Leader,\nAli Khamenei, and created from thousands of properties confiscated from\nIranians."
  },
  {
    "chapter_name": "Economy of Iran",
    "chapter_id": "1",
    "section_number": "8",
    "section_name": "Labor force",
    "text": "Employment by sectors (2003)\n---\nsector |  |  | persons\nAgriculture |  | 4,009,155\nSocial, personal and household services & Public service |  | 3,934,317\nMining & Manufacturing |  | 3,019,576\nTrade, restaurant & hotel |  | 2,820,927\nConstruction & Real estate services |  | 2,395,144\nTransportation, warehousing & Telecommunications |  | 1,541,401\nFinancial & monetary institutions services |  | 366,352\nOil & gas |  | 136,803\nElectricity |  | 77,026\nWater |  | 63,510\nLabor force: 18,364,211 (total)\n_note:_ Lack of skilled labor\n\nAfter the revolution, the government established a national education system\nthat improved adult literacy rates. In 2008, 85% of the adult population was\nliterate, well ahead of the regional average of 62%. The Human Development\nIndex was 0.749 in 2013, placing Iran in the \"high human development\" bracket.\n\nIn 2008, annual economic growth of above 5% was necessary to absorb the\n750,000 new labor force entrants each year. In 2020, agriculture was 10% of\nGDP and employed 16% of the labor force. In 2017, the industrial sector, which\nincludes mining, manufacturing, and construction, was 35% of GDP and employed\n35% of the labor force. In 2009, mineral products, notably petroleum,\naccounted for 80% of Iran's export revenues, even though mining employs less\nthan 1% of the labor force.\n\nIn 2004, the service sector ranked as the largest contributor to GDP, at 48%\nof the economy, and employed 44% of workers. Women made up 33% of the labor\nforce in 2005. Youth unemployment, aged 15–24, was 29.1% in 2012, resulting in\nsignificant brain drain. In 2016, according to the government, some 40% of the\nworkforce in the public sector are either in excess or incompetent."
  },
  {
    "chapter_name": "Economy of Iran",
    "chapter_id": "1",
    "section_number": "8.1",
    "section_name": "Labor force and the public sector",
    "text": "The Islamic Republic of Iran employs around 8 million individuals, of whom\nroughly 3 million hold formal positions within the three branches of\ngovernment, the armed forces, and leadership institutions. These roles\nencompass bureaucratic staff, civil servants, and uniformed military\npersonnel.\n\nBeyond the formal government structure, approximately 2.3 million individuals\nare employed in quasi-governmental organizations, including state-owned\nenterprises, national banks, municipalities, and the Islamic Azad University.\nAdditionally, about 2.5 million pensioners receive state stipends, often\ndistributed through the Relief Committee, a government-controlled charitable\norganization. As a result, nearly one in ten Iranian citizens maintain a\nregular financial connection to the state."
  },
  {
    "chapter_name": "Economy of Iran",
    "chapter_id": "1",
    "section_number": "8.2",
    "section_name": "Personal income and poverty",
    "text": "Unemployment rate, per-capita income growth and minimum wage, 2000–2009 GNI\nper capita:\n\nIran in 2010: $4,520 nominal. 2012: $13,000 PPP.\n\nHigher GNI per capita compared to Iran\n\nLower GNI per capita compared to Iran\n\nIran is classed as a middle income country and has made significant progress\nin provision of health and education services in the period covered by the\nMillennium Development Goals (MDGs). In 2010, Iran's average monthly income\nwas about $500. The GNI per capita in 2012 was $13,000, by PPP. A minimum\nnational wage applies to each sector of activity as defined by the Supreme\nLabor Council. In 2009 this was about $263 per month ($3,156 per year).\n\nIn 2001, approximately 20% of household consumption was spent on food, 32% on\nfuel, 12% on health care and 8% on education. In 2015, Iranians had little\npersonal debt. In 2007, seventy percent of Iranians owned their homes.\n\nIn 2018–2019, the median household income of Iran was 434,905,000 rials (a bit\nabove $3,300), an 18.6% rise from 2017 to 2018, when median household income\nwas about 366,700,000 rials.[_citation needed_] Adjusted for purchasing power\nparity, Iran's 2017–2018 median income was equivalent to about $28,647 (2017\nconversion factor, private consumption, LCU).\n\nAs the average Iranian household size is 3.5, this puts median personal income\nat around $8,185. While Iran rates relatively well on income, median wealth is\nvery low for its income level, on par with Vietnam or Djibouti, indicating a\nhigh level of spending. According to SCI, median household spending in 2018\nwas 393,227,000 rials, or 90.5% of the median household income of 434,905,000\nrials.[_citation needed_]\n\nAfter the Revolution, the composition of the middle class in Iran did not\nchange significantly, but its size doubled from about 15% of the population in\n1979 to more than 32% in 2000. In 2008, the official poverty line in Tehran\nfor 2008 was $9,612. The national average poverty line was $4,932. In 2010,\nIran's Department of Statistics announced that 10 million Iranians live under\nthe absolute poverty line and 30 million live under the relative poverty line."
  },
  {
    "chapter_name": "Economy of Iran",
    "chapter_id": "1",
    "section_number": "8.3",
    "section_name": "State of income inequality",
    "text": "According the inequality dataset of the world bank, in 2002 the Gini index in\nIran was 34.8, a level that is considered to be quite modest. However, closer\ndata analysis reveals significant wealth concentration, with the top 10% of\nearners holding 52.7% of the national income - a larger share than in the\nUnited States or European countries.\n\nEconomic disparity is also evident within the public sector**.** Many Iranian\nstate employees face significant financial hardship, with salaries as low as\n$200 per month, however, some Majlis representatives receive monthly salaries\nranging from 200 to 250 million tomans (or more than $59,172 according to the\nexchange rate of January 2024). Additionally, they receive extra bonuses\nduring religious holidays and on \"Parliament Day\" and \"Employee Day,\" along\nwith perquisites like Nowruz and Yalda Night snacks.\n\nInequality is also evident in access to essential services such as water\nsupply. In Tehran impoverished districts struggle with inadequate water\nprovision and hazardous water quality, while affluent areas, housing many of\nthe nation's economic elite, including high-ranking government and Islamic\nRevolutionary Guard Corps (IRGC) officials, are largely unaffected by these\nshortages."
  },
  {
    "chapter_name": "Economy of Iran",
    "chapter_id": "1",
    "section_number": "8.4",
    "section_name": "Social security",
    "text": "Although Iran does not offer universal social protection, in 1996, the Iranian\nCenter for Statistics estimated that more than 73% of the Iranian population\nwas covered by social security. Membership of the social security system for\nall employees is compulsory.\n\nSocial security ensures employee protection against unemployment, disease, old\nage and occupational accidents. In 2003, the government began to consolidate\nits welfare organizations to eliminate redundancy and inefficiency. In 2003\nthe minimum standard pension was 50% of the worker's earnings but no less than\nthe minimum wage. Iran spent 22.5% of its 2003 national budget on social\nwelfare programs of which more than 50% covered pension costs. Out of the\n15,000 homeless in Iran in 2015, 5,000 were women.\n\nEmployees between the age of 18 and 65 years are covered by the social\nsecurity system with financing shared between the employee (7% of salary), the\nemployer (20–23%) and the state, which in turn supplements the employer\ncontribution up to 3%. Social security applies to self-employed workers, who\nvoluntarily contribute between 12% and 18% of income depending on the\nprotection sought. Civil servants, the regular military, law enforcement\nagencies, and IRGC have their own pension systems."
  },
  {
    "chapter_name": "Economy of Iran",
    "chapter_id": "1",
    "section_number": "8.5",
    "section_name": "Trade unions",
    "text": "Although Iranian workers have a theoretical right to form labor unions, there\nis no union system in the country. Ostensible worker representation is\nprovided by the Workers' House, a state-sponsored institution that attempts to\nchallenge some state policies. Guild unions operate locally in most areas, but\nare limited largely to issuing credentials and licenses. The right to strike\nis generally not respected by the state. Since 1979 strikes have often been\nmet by police action.\n\nA comprehensive law covers labor relations, including hiring of foreign\nworkers. This provides a broad and inclusive definition of the individuals it\ncovers, recognizing written, oral, temporary and indefinite employment\ncontracts. Considered employee-friendly, the labor law makes it difficult to\nlay off staff. Employing personnel on consecutive six-month contracts (to\navoid paying benefits) is illegal, as is dismissing staff without proof of a\nserious offense. Labor disputes are settled by a special labor council, which\nusually rules in favor of the employee."
  },
  {
    "chapter_name": "Economy of Iran",
    "chapter_id": "1",
    "section_number": "8.6",
    "section_name": "Agriculture and foodstuffs",
    "text": "Wheat, the most important crop, is grown mainly in the west and northwest\nwhilst rice is the major crop in the Caspian region.\n\nAgriculture contributes 9.5% to the gross domestic product and employs 17% of\nthe labor force. About 9% of Iran's land is arable, with the main food-\nproducing areas located in the Caspian region and in northwestern valleys.\nSome northern and western areas support rain-fed agriculture, while others\nrequire irrigation. Primitive farming methods, overworked and under-fertilized\nsoil, poor seed and water scarcity are the principal obstacles to increased\nproduction. About one third of total cultivated land is irrigated.\nConstruction of multipurpose dams and reservoirs along rivers in the Zagros\nand Alborz mountains have increased the amount of water available for\nirrigation. Agricultural production is increasing as a result of\nmodernization, mechanization, improvements to crops and livestock as well as\nland redistribution programs.\n\nWheat, the most important crop, is grown mainly in the west and northwest.\nRice is the major crop in the Caspian region. Other crops include barley,\ncorn, cotton, sugar beets, tea, hemp, tobacco, fruits, potatoes, legumes\n(beans and lentils), vegetables, fodder plants (alfalfa and clover), almonds,\nwalnuts and spices including cumin and sumac. Iran is the world's largest\nproducer of saffron, pistachios, honey, berberis and berries and the second\nlargest date producer. Meat and dairy products include lamb, goat meat, beef,\npoultry, milk, eggs, butter, and cheese.\n\nNon-food products include wool, leather, and silk. Forestry products from the\nnorthern slopes of the Alborz Mountains are economically important. Tree-\ncutting is strictly controlled by the government, which also runs a\nreforestation program. Rivers drain into the Caspian Sea and are fished for\nsalmon, carp, trout, pike, and sturgeon that produce caviar, of which Iran is\nthe largest producer.\n\nSince the 1979 revolution, commercial farming has replaced subsistence farming\nas the dominant mode of agricultural production. By 1997, the gross value\nreached $25 billion. Iran is 90% self-sufficient in essential agricultural\nproducts, although limited rice production leads to substantial imports. In\n2007 Iran reached self-sufficiency in wheat production and for the first time\nbecame a net wheat exporter. By 2003, a quarter of Iran's non-oil exports were\nof agricultural products, including fresh and dried fruits, nuts, animal\nhides, processed foods, and spices. Iran exported $736 million worth of\nfoodstuffs in 2007 and $1 billion (~600,000 tonnes) in 2010. A total of 12,198\nentities are engaged in the Iranian food industry, or 12% of all entities in\nthe industry sector. The sector also employs approximately 328,000 people or\n16.1% of the entire industry sector's workforce."
  },
  {
    "chapter_name": "Economy of Iran",
    "chapter_id": "1",
    "section_number": "8.7",
    "section_name": "Manufacturing",
    "text": "Iran has a diversified and broad industrial base. In 1998, the United Nations\nclassified Iran's economy as \"semi-developed\".\n\nLarge-scale factory manufacturing began in the 1920s. During the Iran–Iraq\nWar, Iraq bombed many of Iran's petrochemical plants, damaging the large oil\nrefinery at Abadan bringing production to a halt. Reconstruction began in 1988\nand production resumed in 1993. In spite of the war, many small factories\nsprang up to produce import-substitution goods and materials needed by the\nmilitary.\n\nIran's major manufactured products are petrochemicals, steel and copper\nproducts. Other important manufactures include automobiles, home and electric\nappliances, telecommunications equipment, cement and industrial machinery.\nIran operates the largest operational population of industrial robots in West\nAsia. Other products include paper, rubber products, processed foods, leather\nproducts and pharmaceuticals. In 2000, textile mills, using domestic cotton\nand wool such as _Tehran Patou_ and _Iran Termeh_ employed around 400,000\npeople around Tehran, Isfahan and along the Caspian coast.\n\nGiant Fractionating column manufactured by Machine Sazi Arak (MSA)\n\nA 2003 report by the United Nations Industrial Development Organization\nregarding small and medium-sized enterprises (SMEs) identified the following\nimpediments to industrial development:\n\n* Lack of monitoring institutions;\n* Inefficient banking system;\n* Insufficient research & development;\n* Shortage of managerial skills;\n* Corruption;\n* Inefficient taxation;\n* Socio-cultural apprehensions;\n* Absence of social learning loops;\n* Shortcomings in international market awareness necessary for global competition;\n* Cumbersome bureaucratic procedures;\n* Shortage of skilled labor;\n* Lack of intellectual property protection;\n* Inadequate social capital, social responsibility and socio-cultural values.\n\nDespite these problems, Iran has progressed in various scientific and\ntechnological fields, including petrochemical, pharmaceutical, aerospace,\ndefense, and heavy industry. Even in the face of economic sanctions, Iran is\nemerging as an industrialized country."
  },
  {
    "chapter_name": "Economy of Iran",
    "chapter_id": "1",
    "section_number": "8.7.1",
    "section_name": "Handicrafts",
    "text": "Persian carpet\n\nIran has a long tradition of producing artisanal goods including Persian\ncarpets, ceramics, copperware, brassware, glass, leather goods, textiles and\nwooden artifacts. The country's carpet-weaving tradition dates from pre-\nIslamic times and remains an important industry contributing substantial\namounts to rural incomes. An estimated 1.2 million weavers in Iran produce\ncarpets for domestic and international export markets.[_citation needed_] More\nthan $500 million worth of hand-woven carpets are exported each year,\naccounting for 30% of the 2008 world market. Around 5.2 million people work in\nsome 250 handicraft fields and contribute 3% of GDP.[_citation needed_]"
  },
  {
    "chapter_name": "Economy of Iran",
    "chapter_id": "1",
    "section_number": "8.7.2",
    "section_name": "Automobile manufacturing",
    "text": "Iran Khodro is the largest car manufacturer in the Middle-East. It has\nestablished joint-ventures with foreign partners on 4 continents.\n\nAs of 2001, 13 public and privately owned automakers within Iran, led by Iran\nKhodro and Saipa that accounted for 94% of domestic production. Iran Khodro's\nPaykan, replaced by the Samand in 2005, is the predominant brand. With 61% of\nthe 2001 market, Khodro was the largest player, whilst Saipa contributed 33%\nthat year. Other car manufacturers, such as the Bahman Group, Kerman Motors,\nKish Khodro, Raniran, Traktorsazi, Shahab Khodro and others accounted for the\nremaining 6%.\n\nThese automakers produce a wide range of vehicles including motorbikes,\npassenger cars such as Saipa's Tiba, vans, mini trucks, medium-sized trucks,\nheavy trucks, minibuses, large buses and other heavy automobiles used for\ncommercial and private activities in the country. In 2009 Iran ranked fifth in\ncar production growth after China, Taiwan, Romania and India. Iran was the\nworld's 12th biggest automaker in 2010 and operates a fleet of 11.5 million\ncars. Iran produced 1,395,421 cars in 2010, including 35,901 commercial\nvehicles.[_citation needed_]"
  },
  {
    "chapter_name": "Economy of Iran",
    "chapter_id": "1",
    "section_number": "8.7.3",
    "section_name": "Defense industry",
    "text": "In 2007 the International Institute for Strategic Studies estimated Iran's\ndefense budget at $7.31 billion, equivalent to 2.6% of GDP or $102 per capita,\nranking it 25th internationally. The country's defense industry manufactures\nmany types of arms and equipment. Since 1992, Iran's Defense Industries\nOrganization (DIO) has produced its own tanks, armored personnel carriers,\nguided missiles, radar systems, guided missile destroyers, military vessels,\nsubmarines and fighter planes. In 2006 Iran exported weapons to 57 countries,\nincluding NATO members, and exports reached $100 million. It has also\ndeveloped a sophisticated mobile air defense system dubbed as Bavar 373."
  },
  {
    "chapter_name": "Economy of Iran",
    "chapter_id": "1",
    "section_number": "8.7.4",
    "section_name": "Construction and real estate",
    "text": "HEPCO motor grader (HG180D1) is working on road construction\n\nUntil the early 1950s construction remained in the hands of small domestic\ncompanies. Increased income from oil and gas and easy credit triggered a\nbuilding boom that attracted international construction firms to the country.\nThis growth continued until the mid-1970s when a sharp rise in inflation and a\ncredit squeeze collapsed the boom. The construction industry had revived\nsomewhat by the mid-1980s, although housing shortages and speculation remained\nserious problems, especially in large urban centers. As of January 2011, the\nbanking sector, particularly Bank Maskan, had loaned up to 102 trillion rials\n($10.2 billion) to applicants of Mehr housing scheme. Construction is one of\nthe most important sectors accounting for 20–50% of total private investment\nin urban areas and was one of the prime investment targets of well-off\nIranians.\n\nAnnual turnover amounted to $38.4 billion in 2005 and $32.8 billion in 2011.\nBecause of poor construction quality, many buildings need seismic\nreinforcement or renovation. Iran has a large dam building industry."
  },
  {
    "chapter_name": "Economy of Iran",
    "chapter_id": "1",
    "section_number": "8.7.5",
    "section_name": "Mines and metals",
    "text": "Mobarakeh in Isfahan is Iran's largest steel mill listed on the Tehran Stock\nExchange.\n\nMineral production contributed 0.6% of the country's GDP in 2011,[_citation\nneeded_] a figure that increases to 4% when mining-related industries are\nincluded. Gating factors include poor infrastructure, legal barriers,\nexploration difficulties, and government control over all resources. Iran is\nranked among the world's 15 major mineral-rich countries.\n\nAlthough the petroleum industry provides the majority of revenue, about 75% of\nall mining sector employees work in mines producing minerals other than oil\nand natural gas. These include coal, iron ore, copper, lead, zinc, chromium,\nbarite, salt, gypsum, molybdenum, strontium, silica, uranium, and gold, the\nlatter of which is mainly a by-product of the Sar Cheshmeh copper complex\noperation. The mine at Sar Cheshmeh in Kerman Province is home to the world's\nsecond largest store of copper. Large iron ore deposits exist in central Iran,\nnear Bafq, Yazd and Kerman. The government owns 90% of all mines and related\nindustries and is seeking foreign investment. The sector accounts for 3% of\nexports.\n\nIn 2019, the country was the 2nd largest world producer of gypsum; the 8th\nlargest world producer of molybdenum; the world's 8th largest producer of\nantimony; the 11th largest world producer of iron ore; the 18th largest world\nproducer of sulfur, in addition to being the 21st largest worldwide producer\nof salt. It was the 13th largest producer in the world of uranium in 2018.\n\nIran has recoverable coal reserves of nearly 1.9 billion short tonnes. By\nmid-2008, the country produced about 1.3 million short tonnes of coal annually\nand consumed about 1.5 million short tonnes, making it a net importer. The\ncountry plans to increase hard-coal production to 5 million tons in 2012 from\n2 million tons in November 2008.\n\nThe main steel mills are located in Isfahan and Khuzestan. Iran became self-\nsufficient in steel in 2009. Aluminum and copper production are projected to\nhit 245,000 and 383,000 tons respectively by March 2009. Cement production\nreached 65 million tons in 2009, exporting to 40 countries."
  },
  {
    "chapter_name": "Economy of Iran",
    "chapter_id": "1",
    "section_number": "8.7.6",
    "section_name": "Petrochemicals",
    "text": "Iran's refining capacity (2007–2013 est.)\n\nIran manufactures 60–70% of its equipment domestically, including refineries,\noil tankers, drilling rigs, offshore platforms, and exploration instruments.\n\nBased on a fertilizer plant in Shiraz, the world's largest ethylene unit, in\nAsalouyeh, and the completion of other special economic zone projects, Iran's\nexports in petrochemicals reached $5.5 billion in 2007, $9 billion in 2008 and\n$7.6 billion during the first ten months of the Iranian calendar year 2010\\.\nNational Petrochemical Company's output capacity will increase to over 100\nmillion tpa by 2015 from an estimated 50 million tpa in 2010 thus becoming the\nworld' second largest chemical producer globally after Dow Chemical with Iran\nhousing some of the world's largest chemical complexes.\n\nGiant gas reactor of Yadavaran gas refinery designed and manufactured by\nAzarAb Industries Corporation\n\nMajor refineries located at Abadan (site of its first refinery), Kermanshah\nand Tehran failed to meet domestic demand for gasoline in 2009. Iran's\nrefining industry requires $15 billion in investment over the period 2007–2012\nto become self-sufficient and end gasoline imports. Iran has the fifth\ncheapest gasoline prices in the world leading to fuel smuggling with\nneighboring countries.\n\nIn November 2019, Iran raised the gasoline prices by 50% and imposed a strict\nrationing system again, as in 2007. The prices per liter gasoline rose to\n15,000 rials, where only 60 liters were permitted to private cars for a month.\nBesides, oil purchase beyond the limit would cost 30,000 rials per liter.\nThose prices are still well below target prices set in the subsidy reform\nplan, however. The policy changes came in effect to the US sanctions, and\ncaused protests across the country. The result of the rationing, a year later,\nwas reduced pollution and wasteful domestic consumption and increase in\nexports."
  },
  {
    "chapter_name": "Economy of Iran",
    "chapter_id": "1",
    "section_number": "8.8",
    "section_name": "Services",
    "text": "Despite 1990s efforts towards economic liberalization, government spending,\nincluding expenditure by quasi-governmental foundations, remains high.\nEstimates of service sector spending in Iran are regularly more than two-\nfifths of GDP, much government-related, including military expenditures,\ngovernment salaries, and social security disbursements. Urbanization\ncontributed to service sector growth. Important service industries include\npublic services (including education), commerce, personal services,\nprofessional services and tourism.\n\nThe total value of transport and communications is expected to rise to $46\nbillion in nominal terms by 2013, representing 6.8% of Iran's GDP. Projections\nbased on 1996 employment figures compiled for the International Labour\nOrganization suggest that Iran's transport and communications sector employed\n3.4 million people, or 20.5% of the labor force in 2008."
  },
  {
    "chapter_name": "Economy of Iran",
    "chapter_id": "1",
    "section_number": "8.8.1",
    "section_name": "Energy, gas, and petroleum",
    "text": "**Energy**\n**Electricity:**\n\n* _production:_ 258 billion kWh (2014)\n* _consumption:_ 218 billion kWh (2014)\n* _exports:_ 9.7 billion kWh (2014)\n* _imports:_ 3.8 billion kWh (2014)\n\n**Electricity – production by source:**\n\nIran plans to generate 23,000 MW of electricity through nuclear technology by\n2025 to meet its increasing demand for energy.{{subst:needs update}}\n\n* _fossil fuels:_ 85.6% (2012)\n* _hydro:_ 12.4% (2012)\n* _other:_ 0.8% (2012)\n* _nuclear:_ 1.2% (2012)\n\n**Oil:**\n\n* _production:_ 3,300,000 bbl/d (520,000 m3/d) (2015)\n* _exports:_ 1,042,000 bbl/d (165,700 m3/d) (2013)\n* _imports:_ 87,440 bbl/d (13,902 m3/d) (2013)\n* _proved reserves:_ 157.8 Gbbl (25.09×10~~^~~ 9 m3) (2016)\n\n**Natural gas:**\n\n* _production:_ 174.5 km3 (2014)\n* _consumption:_ 170.2 km3 (2014)\n* _exports:_ 9.86 km3 (2014)\n* _imports:_ 6.886 km3 (2014)\n* _proved reserves:_ 34,020 km3 (2016)\n\nCountries by natural gas proven reserves, 2014, based on data from The World\nFactbook. Iran has the world's second largest reserves after Russia\n\nIran possesses 10% of the world's proven oil reserves and 15% of its gas\nreserves. Domestic oil and gas along with hydroelectric power facilities\nprovide power. Energy wastage in Iran amounts to six or seven billion dollars\nper year, much higher than the international norm. Iran recycles 28% of its\nused oil and gas, whereas some other countries reprocess up to 60%. In 2008\nIran paid $84 billion in subsidies for oil, gas and electricity. It is the\nworld's third largest consumer of natural gas after United States and Russia.\nIn 2010 Iran completed its first nuclear power plant at Bushehr with Russian\nassistance.\n\nIran has been a major oil exporter since 1913. The country's major oil fields\nlie in the central and southwestern parts of the western Zagros mountains. Oil\nis also found in northern Iran and in the Persian Gulf. In 1978, Iran was the\nfourth largest oil producer, OPEC's second largest oil producer and second\nlargest exporter. Following the 1979 revolution the new government reduced\nproduction. A further decline in production occurred as result of damage to\noil facilities during the Iraq-Iran war.\n\nOil production rose in the late 1980s as pipelines were repaired and new Gulf\nfields exploited. By 2004, annual oil production reached 1.4 billion barrels\nproducing a net profit of $50 billion. Iranian Central Bank data show a\ndeclining trend in the share of Iranian exports from oil-products (FY 2006:\n84.9%, 2007/2008: 86.5%, 2008/2009: 85.5%, 2009/2010: 79.8%, FY 2010 (first\nthree quarters): 78.9%). Iranian officials estimate that Iran's annual oil and\ngas revenues could reach $250 billion by 2015 once current projects come on\nstream.\n\nPipelines move oil from the fields to the refineries and to such exporting\nports as Abadan, Bandar-e Mashur and Kharg Island. Since 1997, Iran's state-\nowned oil and gas industry has entered into major exploration and production\nagreements with foreign consortia. In 2008 the Iranian Oil Bourse (IOB) was\ninaugurated in Kish Island. The IOB trades petroleum, petrochemicals and gas\nin various currencies. Trading is primarily in the euro and rial along with\nother major currencies, not including the US dollar.[_citation needed_]\nAccording to the Petroleum Ministry, Iran plans to invest $500 billion in its\noil sector by 2025."
  },
  {
    "chapter_name": "Economy of Iran",
    "chapter_id": "1",
    "section_number": "8.8.2",
    "section_name": "Retail and distribution",
    "text": "Iran's retail industry consists largely of cooperatives (many of them\ngovernment-sponsored), and independent retailers operating in bazaars. The\nbulk of food sales occur at street markets with prices set by the Chief\nStatistics Bureau. Iran has 438,478 small grocery retailers. These are\nespecially popular in cities other than Tehran where the number of\nhypermarkets and supermarkets is still very limited. More mini-markets and\nsupermarkets are emerging, mostly independent operations. The biggest\nchainstores are state-owned Etka, Refah, Shahrvand and Hyperstar Market.\nElectronic commerce in Iran passed the $1 billion mark in 2009.\n\nIn 2012, Iranians spent $77 billion on food, $22 billion on clothes and $18.5\nbillion on outward tourism. In 2015, overall consumer spending and disposable\nincome are projected at $176.4 billion and $287 billion respectively."
  },
  {
    "chapter_name": "Economy of Iran",
    "chapter_id": "1",
    "section_number": "8.8.3",
    "section_name": "Healthcare and pharma",
    "text": "IRAN: Healthcare (Source: EIU)  | 2005  | 2006  | 2007  | 2008  | 2009  | 2010\n---|---|---|---|---|---|---\nLife expectancy, average (years)  | 70.0  | 70.3  | 70.6  | 70.9  | 71.1  | 71.4\nHealthcare spending (% of GDP)  | 4.2  | 4.2  | 4.2  | 4.2  | 4.2  | 4.2\nHealthcare spending ($ per head)  | 113  | 132  | 150  | 191  | 223  | 261\n\nThe constitution entitles Iranians to basic health care. By 2008, 73% of\nIranians were covered by the voluntary national health insurance system.\nAlthough over 85% of the population use an insurance system to cover their\ndrug expenses, the government heavily subsidizes pharmaceutical\nproduction/importation. The total market value of Iran's health and medical\nsector was $24 billion in 2002 and was forecast to rise to $50 billion by\n2013. In 2006, 55 pharmaceutical companies in Iran produced 96%\n(quantitatively) of the medicines for a market worth $1.2 billion. This figure\nis projected to increase to $3.65 billion by 2013."
  },
  {
    "chapter_name": "Economy of Iran",
    "chapter_id": "1",
    "section_number": "8.8.4",
    "section_name": "Tourism and travel",
    "text": "Cyrus' tomb lies in Pasargadae. Iran is home to 19 historic sites which have\nbeen inscribed on UNESCO World Heritage List.\n\nAlthough tourism declined significantly during the war with Iraq, it has\nsubsequently recovered. About 1,659,000 foreign tourists visited Iran in 2004\nand 2.3 million in 2009 mostly from Asian countries, including the republics\nof Central Asia, while about 10% came from the European Union and North\nAmerica.\n\nThe most popular tourist destinations are Mazandaran, Isfahan, Mashhad and\nShiraz. In the early 2000s the industry faced serious limitations in\ninfrastructure, communications, industry standards and personnel training.\nSeveral organized tours from Germany, France and other European countries come\nto Iran annually to visit archaeological sites and monuments. In 2003 Iran\nranked 68th in tourism revenues worldwide. According to UNESCO and the deputy\nhead of research for Iran Travel and Tourism Organization (ITTO), Iran is\nrated among the \"10 most touristic countries in the world\". Domestic tourism\nin Iran is one of the largest in the world."
  },
  {
    "chapter_name": "Economy of Iran",
    "chapter_id": "1",
    "section_number": "8.8.5",
    "section_name": "Banking, finance and insurance",
    "text": "Government loans and credits are available to industrial and agricultural\nprojects, primarily through banks. Iran's unit of currency is the rial which\nhad an average official exchange rate of 9,326 rials to the U.S. dollar in\n2007. Rials are exchanged on the unofficial market at a higher rate. In 1979,\nthe government nationalized private banks. The restructured banking system\nreplaced interest on loans with handling fees, in accordance with Islamic law.\nThis system took effect in the mid-1980s.\n\nThe Tehran Stock Exchange was one of the world's best performing stock\nexchanges between 1999 and 2011.\n\nThe banking system consists of a central bank, the Bank Markazi, which issues\ncurrency and oversees all state and private banks, as well as the Organization\nof Islamic Economics which acts as a sort of central bank for issuing Qard al-\nHasan, as a parallel system in the banking sector, operating outside the\npurview of the Central Bank. It supervises 1200, out of 2500 Islamic loan\nfunds, on behalf of Iran's Central Bank. Several commercial banks have\nbranches throughout the country. Two development banks exist and a housing\nbank specializes in home mortgages. The government began to privatize the\nbanking sector in 2001 when licenses were issued to two new privately owned\nbanks.\n\nState-owned commercial banks predominantly make loans to the state, _bonyad_\nenterprises, large-scale private firms and four thousand wealthy/connected\nindividuals. While most Iranians have difficulty obtaining small home loans,\n90 individuals secured facilities totaling $8 billion.[_citation needed_] In\n2009, Iran's General Inspection Office announced that Iranian banks held some\n$38 billion of delinquent loans, with capital of only $20 billion.[_citation\nneeded_]\n\nForeign transactions with Iran amounted to $150 billion of major contracts\nbetween 2000 and 2007, including private and government lines of credit. In\n2007, Iran had $62 billion in assets abroad. In 2010, Iran attracted almost\n$11.9 billion from abroad, of which $3.6 billion was FDI, $7.4 billion was\nfrom international commercial bank loans, and around $900 million consisted of\nloans and projects from international development banks.\n\nAs of 2010, the Tehran Stock Exchange traded the shares of more than 330\nregistered companies. Listed companies were valued at $100 billion in 2011.\n\nInsurance premiums accounted for just under 1% of GDP in 2008, a figure partly\nattributable to low average income per head. Five state-owned insurance firms\ndominate the market, four of which are active in commercial insurance. The\nleading player is the Iran Insurance Company, followed by Asia, Alborz and\nDana insurances. In 2001/02 third-party liability insurance accounted for 46%\nof premiums, followed by health insurance (13%), fire insurance (10%) and life\ninsurance (9.9%)."
  },
  {
    "chapter_name": "Economy of Iran",
    "chapter_id": "1",
    "section_number": "8.8.6",
    "section_name": "Communications, electronics and IT",
    "text": "Broadcast media, including five national radio stations and five national\ntelevision networks as well as dozens of local radio and television stations\nare run by the government. In 2008, there were 345 telephone lines and 106\npersonal computers for every 1,000 residents. Personal computers for home use\nbecame more affordable in the mid-1990s, since when demand for Internet access\nhas increased rapidly. As of 2010, Iran also had the world's third largest\nnumber of bloggers (2010).\n\nIn 1998, the Ministry of Post, Telegraph & Telephone, later renamed the\nMinistry of Information & Communication Technology, began selling Internet\naccounts to the general public. In 2006, revenues from the Iranian telecom\nindustry were estimated at $1.2 billion. In 2006, Iran had 1,223 Internet\nService Providers (ISPs), all private sector operated. As of 2014, Iran has\nthe largest mobile market in the Middle East, with 83.2 million mobile\nsubscriptions and 8 million smart-phones in 2012.\n\nAccording to the World Bank, Iran's information and communications technology\nsector had a 1.4% share of GDP in 2008. Around 150,000 people work in this\nsector, including 20,000 in the software industry. 1,200 IT companies were\nregistered in 2002, 200 in software development. In 2014 software exports\nstood at $400 million.[_citation needed_] By the end of 2009, Iran's telecom\nmarket was the fourth-largest in the Middle East at $9.2 billion and was\nexpected to reach $12.9 billion by 2014 at a compound annual growth rate of\n6.9%."
  },
  {
    "chapter_name": "Economy of Iran",
    "chapter_id": "1",
    "section_number": "8.8.7",
    "section_name": "Transport",
    "text": "Locomotive production line of Wagon Pars company\n\nIran has an extensive paved road system linking most towns and all cities. In\n2011, the country had 173,000 kilometres (107,000 mi) of roads, of which 73%\nwere paved. In 2007 there were approximately 100 passenger cars for every\n1,000 inhabitants. Trains operated on 11,106 kilometres (6,901 mi) of track.\n\nIran's major port of entry is Bandar-Abbas on the Strait of Hormuz. After\narriving in Iran, imported goods are distributed by trucks and freight trains.\nThe Tehran–Bandar-Abbas railroad, opened in 1995, connects Bandar-Abbas to\nCentral Asia via Tehran and Mashhad. Other major ports include Bandar Anzali\nand Bandar Torkaman on the Caspian Sea and Khoramshahr and Bandar Imam\nKhomeini on the Persian Gulf.\n\nDozens of cities have passenger and cargo airports. Iran Air, the national\nairline, was founded in 1962 and operates domestic and international flights.\nAll large cities have bus transit systems and private companies provide\nintercity bus services. Tehran, Mashhad, Shiraz, Tabriz, Ahvaz and Isfahan are\nconstructing underground railways. More than one million people work in the\ntransportation sector, accounting for 9% of 2008 GDP.\n\nIn August 2022, President Ebrahim Raisi's cabinet approved a law to import\nfully assembled foreign cars. His predecessor President Hassan Rouhani, had\noutlawed such imports in July 2018 due to sanctions imposed on Iran. Regular\nIranian citizens were unable to buy safe cars at affordable prices."
  },
  {
    "chapter_name": "Economy of Iran",
    "chapter_id": "1",
    "section_number": "9",
    "section_name": "International trade",
    "text": "Iran is a founding member of OPEC and the Organization of Gas Exporting\nCountries. Petroleum constitutes 56% of Iran's exports with a value of $60.2\nbillion in 2018. For the first time, the value of Iran's non-oil exports is\nexpected to reach the value of imports at $43 billion in 2011. Pistachios,\nliquefied propane, methanol (methyl alcohol), hand-woven carpets and\nautomobiles are the major non-oil exports. Copper, cement, leather, textiles,\nfruits, saffron and caviar are also export items of Iran.\n\nTechnical and engineering service exports in FY 2007 were $2.7 billion of\nwhich 40% of technical services went to Central Asia and the Caucasus, 30%\n($350 million) to Iraq, and close to 20% ($205 million) to Africa. Iranian\nfirms have developed energy, pipelines, irrigation, dams and power generation\nin different countries. The country has made non-oil exports a priority by\nexpanding its broad industrial base, educated and motivated workforce and\nfavorable location, which gives it proximity to an estimated market of some\n300 million people in Caspian, Persian Gulf and some ECO countries further\neast.\n\nTotal import volume rose by 189% from $13.7 billion in 2000 to $39.7 billion\nin 2005 and $55.189 billion in 2009. Iran's major commercial partners are\nChina, France, Germany, India, Italy, Japan, Russia, and South Korea. From\n1950 until 1978, the United States was Iran's foremost economic and military\npartner, playing a major role in infrastructure and industry modernization. It\nis reported that around 80% of machinery and equipment in Iran is of German\norigin. In March 2018, Iran had banned Dollar in trade. In July 2018, France,\nGermany and the UK agreed to continue trade with Iran without using Dollar as\na medium of exchange.\n\nTop Trading Partners for Iran for 2016\n---\n| Imports into Iran 2016\n---\nRanking | Country | Value (MM USD) | %\n| World | 57,955 | 100.0\n1 | UAE | 15,958 | 27.6\n2 | EU 28 | 7,755 | 13.4\n3 | China | 7,604 | 13.1\n4 | Turkey | 4,462 | 7.7\n5 | South Korea | 2,510 | 4.3\n6 | Russia | 2,298 | 4.0\n7 | Switzerland | 2,110 | 3.6\n8 | India | 1,307 | 2.3\n9 | Singapore | 689 | 1.2\n10 | Brazil | 664 | 1.1\n| Exports from Iran for 2016\n---\nRanking | Country | Value (MM USD) | %\n| World | 42,685 | 100.0\n1 | China | 12,715 | 29.8\n2 | India | 7,061 | 16.5\n3 | EU 28 | 5,181 | 12.1\n4 | South Korea | 4,074 | 9.5\n5 | Turkey | 4,006 | 9.4\n6 | Japan | 2,864 | 6.7\n7 | Afghanistan | 1,737 | 4.1\n8 | UAE | 829 | 1.9\n9 | Taiwan | 631 | 1.5\n10 | Oman | 541 | 1.3\n\nSince the mid-1990s, Iran has increased its economic cooperation with other\ndeveloping countries in \"South–South integration\" including Syria, India,\nChina, South Africa, Cuba, and Venezuela. Iran's trade with India passed $13\nbillion in 2007, an 80% increase within a year.[_citation needed_] Iran is\nexpanding its trade ties with Turkey and Pakistan and shares with its partners\nthe common objective to create a common market in West and Central Asia\nthrough ECO.[_citation needed_]\n\nSince 2003, Iran has increased investment in neighboring countries such as\nIraq and Afghanistan. In Dubai, UAE, it is estimated that Iranian expatriates\nhandle over 20% of its domestic economy and account for an equal proportion of\nits population. Migrant Iranian workers abroad remitted less than $2 billion\nhome in 2006. Between 2005 and 2009, trade between Dubai and Iran tripled to\n$12 billion; money invested in the local real estate market and import-export\nbusinesses, collectively known as the _Bazaar_ , and geared towards providing\nIran and other countries with required consumer goods. It is estimated that\none third of Iran's imported goods and exports are delivered through the black\nmarket, underground economy, and illegal jetties, thus damaging the economy."
  },
  {
    "chapter_name": "Economy of Iran",
    "chapter_id": "1",
    "section_number": "9.1",
    "section_name": "Foreign direct investment",
    "text": "FDI stock in Iran (1980–2010)\n\nIn the 1990s and early 2000s, indirect oilfield development agreements were\nmade with foreign firms, including buyback contracts in the oil sector whereby\nthe contractor provided project finance in return for an allocated production\nshare. Operation transferred to National Iranian Oil Company (NIOC) after a\nset number of years, completing the contract.\n\nUnfavorable or complex operating requirements and international sanctions have\nhindered foreign investment in the country, despite liberalization of relevant\nregulations in the early 2000s. Iran absorbed $24.3 billion of foreign\ninvestment between the Iranian calendar years 1993 and 2007. The EIU estimates\nthat Iran's net FDI will rise by 100% between 2010 and 2014.\n\nForeign investors concentrated their activities in the energy, vehicle\nmanufacture, copper mining, construction, utilities, petrochemicals, clothing,\nfood and beverages, telecom and pharmaceuticals sectors. Iran is a member of\nthe World Bank's Multilateral Investment Guarantee Agency. In 2006, the\ncombined net worth of Iranian citizens abroad was about 1.3 trillion dollars.\n\nAccording to the head of the Organization for Investment, Economic and\nTechnical Assistance of Iran (OIETAI), in 2008 Iran ranked 142 among 181\ncountries in working conditions. Iran stands at number 96 in terms of business\nstart-ups, 165 in obtaining permits, 147 in employment, 147 in asset\nregistration, 84 in obtaining credit, 164 in legal support for investments,\n104 in tax payments, 142 in overseas trade, 56 in contract feasibility and 107\nin bankruptcy. Firms from over 50 countries invested in Iran between 1992 and\n2008, with Asia and Europe the largest participants as shown below:\n\nContinent of origin | Leading countries investing in Iran (1992–2008) | Number of projects | Total amount invested\n---|---|---|---\nAsia | India, United Arab Emirates (UAE), Singapore, Indonesia and Oman | 190 | $11.6 billion\nEurope | Germany, the Netherlands, Spain, UK, Turkey, Italy and France (20 countries in total) | 253 | $10.9 billion\nAmericas | Canada, Panama, the US and Jamaica | 7 | $1.4 billion\nAfrica | Mauritius, Liberia and South Africa | — | $8 billion\nAustralia | Australia | 1 | $682 million\n\nThe economic impact of a partial lifting of sanctions extends beyond the\nenergy sector; _The New York Times_ reported that \"consumer-oriented\ncompanies, in particular, could find opportunity in this country with 81\nmillion consumers, many of whom are young and prefer Western products\". The\nconsumer-goods market is expected to grow by $100 billion by 2020.\n\nIn 2015, Iran was considered \"a strong emerging market play\" by investment and\ntrading firms. Opening Iran's market place to foreign investment could also be\na boon to competitive multinational firms operating in a variety of\nmanufacturing and service sectors, worth $600 billion to $800 billion in new\ninvestment opportunities over the next decade."
  },
  {
    "chapter_name": "Economy of Iran",
    "chapter_id": "1",
    "section_number": "9.2",
    "section_name": "World Trade Organization",
    "text": "A map of the Economic Cooperation Organization (ECO) member states\n\nIran has held observer status at the World Trade Organization (WTO) since\n2005. Although the United States has consistently blocked its bid to join the\norganization, observer status came in a goodwill gesture to ease nuclear\nnegotiations between Iran and the international community. With exports of 60\nproducts with revealed comparative advantage, Iran is the 65th \"most complex\ncountry\".\n\nShould Iran eventually gain membership status in the WTO, among other\nprerequisites, copyrights will have to be enforced in the country. This will\nrequire a major overhaul. The country is hoping to attract billions of\ndollars' worth of foreign investment by creating a more favorable investment\nclimate through freer trade. Free trade zones such as Qeshm, Chabahar, and\nKish Island are expected to assist in this process. Iran allocated $20 billion\nin 2010 to loans for the launch of twenty trade centers in other countries."
  },
  {
    "chapter_name": "Economy of Iran",
    "chapter_id": "1",
    "section_number": "9.3",
    "section_name": "International sanctions",
    "text": "See also Economic Recession in Iran\n\nAfter the Iranian Revolution in 1979, the United States ended its economic and\ndiplomatic ties with Iran, banned Iranian oil imports and froze approximately\n$11 billion of its assets. In 1996, the U.S. Government passed the Iran and\nLibya Sanctions Act (ILSA) which prohibits U.S. (and non-U.S.) companies from\ninvesting and trading with Iran in amounts of more than $20 million annually.\nSince 2000 exceptions to this restriction have been made for items including\npharmaceuticals and medical equipment.\n\nIran's nuclear program has been the subject of contention with the West since\n2006 over suspicions of its intentions. The UN Security Council imposed\nsanctions against select companies linked to the nuclear program, thus\nfurthering the country's economic isolation. Sanctions notably bar nuclear,\nmissile and many military exports to Iran and target investments in oil, gas\nand petrochemicals, exports of refined petroleum products, as well as the\nIslamic Revolutionary Guard Corps, banks, insurance, financial transactions\nand shipping.\n\nIn 2012, the European Union tightened its own sanctions by joining the three\ndecade-old US oil embargo against Iran. In 2015, Iran and the P5+1 reached a\ndeal on the nuclear program that will remove the main sanctions by early 2016.\nEven though Iran can trade in its own currency some problems subsist mainly\ndue to the fact that it cannot transact in US dollars freely. Given its large\nreserves of oil and gas, the Iranian rial could become a world reserve\ncurrency if parity is established with oil and gas.[_citation needed_]\n\nIn 2018, the United States government unilaterally withdrew from the JCPOA\nagreement and re-imposed its sanctions on Iran's oil sales, petrochemicals,\nshipping, metals trading and banking transactions."
  },
  {
    "chapter_name": "Economy of Iran",
    "chapter_id": "1",
    "section_number": "9.3.1",
    "section_name": "Effects",
    "text": "The Joint Comprehensive Plan of Action allows Iran to purchase new planes.\n\nAccording to U.S. Undersecretary of State William J. Burns, Iran may be losing\nas much as $60 billion annually in energy investment. Sanctions are making\nimports 24% more costly on average. In addition, the latest round of sanctions\ncould cost Iran annually $50 billion in lost oil revenues. Iran is\nincreasingly using barter trade because its access to the international dollar\npayment system has been denied. According to Iranian officials, large-scale\nwithdrawal by international companies represents an \"opportunity\" for domestic\ncompanies to replace them.\n\nThe IEA estimated that Iranian exports fell to a record of 860,000 bpd in\nSeptember 2012 from 2.2 million bpd at the end of 2011. This fall led to a\ndrop in revenues and clashes on the streets of Tehran when the local currency,\nthe rial, collapsed. September 2012 output was Iran's lowest since 1988.\n\nThe economic impacts of sanctions have been severe. Based on research, the\nsanctions resulted in welfare losses across all income groups in Iran, with\nwealthier groups suffering greater losses compared to poorer groups.\nAdditionally, income concentration and share within top income groups declined\npost-sanctions.\n\nAccording to the U.S. Iran could reduce the world price of crude petroleum by\n10%, saving the United States annually $76 billion (at the proximate 2008\nworld oil price of $100/bbl).\n\nAccording to NIAC, sanctions cost the United States over $175 billion in lost\ntrade and 279,000 lost job opportunities. Between 2010 and 2012, sanctions\ncost the E.U. states more than twice as much as the United States in terms of\nlost trade revenue. Germany was hit the hardest, losing between $23.1 and\n$73.0 billion between 2010 and 2012, with Italy and France following at\n$13.6-$42.8 billion and $10.9-$34.2 billion respectively.\n\nGDP growth turned negative in 2013 (−5%). The unofficial unemployment rate was\n20% by mid-2012. Oil exports dropped to 1.4 million bpd in 2014 from 2.5\nmillion bpd in 2011. By 2013, Iran had $80 billion in foreign exchange\nreserves frozen overseas. Automobile production declined 40% between 2011 and\n2013. According to the U.S. government in 2015, Iran's economy has reached a\npoint where it is \"fundamentally incapable of recovery\" without a nuclear\naccommodation with the West.\n\n> The tentative rapprochement between Iran and the US, which began in the\n> second half of 2013, has the potential to become a world-changing\n> development, and unleash tremendous geopolitical and economic opportunities,\n> if it is sustained […] if Iran and the US were to achieve a diplomatic\n> breakthrough, geopolitical tensions in the Middle East could decline\n> sharply, and Iran could come to be perceived as a promising emerging market\n> in its own right.\n\nIn January 2019, President Hassan Rouhani blamed the US for Iran's declining\neconomy. Following the US pullout from an international nuclear deal with Iran\nand re-imposed sanctions, Iran faced the toughest economic situation in 40\nyears. According to Majlis, this has caused damages estimated between 150 and\n200 billion dollars to the Iranian economy.\n\nIn August 2024, an Iranian group called IRLeaks attacked Iranian banks.\nPolitico described the attack as the \"worst cyberattack\" in Iranian history.\nAccording to Politico, the Iranian government was forced to pay millions of\ndollars to IRLeaks in ransom. Politico reported that 20 out of about 29\nIranian credit institutions fell in the attack. The Iranian supreme leader\nblamed Israel and the United States without mentioning the cyberattack on the\nbanking system. Politico remarked it was plausible Israel or the US were\ninvolved because of tensions with Israel as well as the Americans having\naccused Iran of intervening in the American 2024 elections. Politico also\nremarked that the group was made of freelance hackers and the attack was\nlikely carried out for monetary gain. TechCentral said the attack was probably\ncarried out by freelance hackers. An Iranian firm paid the hackers no less\nthan $3 million to IRLeaks to stop the attack and retrieve data."
  }
]