[
  {
    "chapter_name": "Economy of Zimbabwe",
    "chapter_id": "1",
    "section_number": "1",
    "section_name": "Introduction",
    "text": "Zimbabwean exports in 2006\n\nThe **economy of Zimbabwe** is a gold standard based economy. Zimbabwe has a\n$44 billion dollar informal economy in PPP terms which translates to 64.1% of\nthe total economy. Agriculture and mining largely contribute to exports. The\neconomy is estimated to be at $73 billion at the end of 2023.\n\nThe country has reserves of metallurgical-grade chromite. Other commercial\nmineral deposits include coal, diamonds, lithium, asbestos, copper, nickel,\ngold, platinum and iron ore.\n\nDuring Zimbabwe's colonial period, food insecurity was a significant issue,\nexacerbated by forced relocation to \"native reserves\" and the destruction of\nstored food by colonial forces. These actions created dependence on the\ncolonial authorities and hampered food production. Natural disasters like\ndrought, locust invasions, and animal diseases further compounded the problem.\nAfter tumultuous&controversial Land Reform in 2000s Zimbabwe Agriculture has\nseen a comeback being self sufficient again with wheat and record high tobacco\nproduction and export."
  },
  {
    "chapter_name": "Economy of Zimbabwe",
    "chapter_id": "1",
    "section_number": "1",
    "section_name": "The sweeping impact of land reform",
    "text": "In 2000, Zimbabwe launched a controversial land reform that, over the next\ndecade, would seize about 6,000 large, white-owned farms and convert them into\nover 168,000 black-owned farms. Many of the new occupants, mainly consisting\nof landless black citizens and several prominent members of the ruling ZANU-PF\nadministration, were inexperienced or uninterested in farming, thereby failing\nto retain the labour-intensive, highly efficient management of previous\nlandowners, triggering severe export losses.\n\nThis policy of widespread seizure of private land and property spooked\ninternational investors and negatively affected market confidence. The US and\nother nations slapped sanctions on government officials due to the human\nrights abuses attributable to the land reform. Many sanctions continue to this\nday.\n\nIn this time, between 1999–2008, Zimbabwe's GDP shrunk by nearly half — the\nmost severe downturn in a country not at war in recorded history."
  },
  {
    "chapter_name": "Economy of Zimbabwe",
    "chapter_id": "1",
    "section_number": "2",
    "section_name": "Hyperinflation and currency changes",
    "text": "Between 2003–2006, the Reserve Bank of Zimbabwe began printing money at an\nextreme rate, causing inflation to spike by a factor of 1,000. By the middle\nof 2008, Zimbabwe hit a breaking point. Inflation hit 89.7 sextillion percent\n— a $100 trillion bill didn't even cover a bus fare.\n\nShortly afterwards, the government introduced a multi-currency system, making\nU.S. dollars, and other currencies legal tender. The Zimbabwe dollar, now\nnearly worthless, disappeared from circulation.\n\nAfter a period of relative economic stability, the government reintroduced\nlocal currency again in 2019, and quickly faced challenges in maintaining its\nvalue. At the time of its reintroduction, one loaf of bread cost between 2 and\n3 Zimbabwean dollars. By 2024, the price had risen to 24,000 Zimbabwean\ndollars, roughly equivalent to 1 United States dollar. Although the U.S.\ndollar remains officially tolerated, many vendors are reluctant to accept\npayments in local currency due to its instability.\n\nIn April 2024, the government launched a new currency, Zimbabwe Gold (ZiG), to\nreplace the Zimbabwean dollar. Backed by the country's reserves of foreign\ncurrency and precious metals, primarily gold, the new currency aimed to curb\ninflation by preventing excessive money printing and to restore price\nstability."
  },
  {
    "chapter_name": "Economy of Zimbabwe",
    "chapter_id": "1",
    "section_number": "3",
    "section_name": "Current economic conditions",
    "text": "Government spending is 29.7% of GDP. State enterprises are strongly\nsubsidized. Taxes and tariffs are high, and state regulation is costly to\ncompanies. Starting or closing a business is slow and costly. Due to the\nregulations of the labour market, hiring and terminating workers is a lengthy\nprocess. By 2008, an unofficial estimate of unemployment had risen to 94%.\n\nAs of 2023, Zimbabwe's official unemployment rate stood at 9.3%, though the\nvast majority of workers are in the informal sector, made up of low-paying,\ntemporary and precarious jobs.\n\nA 2014 report by the Africa Progress Panel found that, of all the African\ncountries examined when determining how many years it would take to double per\ncapita GDP, Zimbabwe fared the worst, and that at its current rate of\ndevelopment it would take 190 years for the country to double its per capita\nGDP. Uncertainty around the indigenisation programme (compulsory acquisition),\nthe perceived lack of a free press, the possibility of abandoning the US\ndollar as official currency, and political uncertainty following the end of\nthe government of national unity with the MDC as well as power struggles\nwithin ZANU-PF have increased concerns that the country's economic situation\ncould further deteriorate.\n\nIn September 2016 the finance minister identified \"low levels of production\nand the attendant trade gap, insignificant foreign direct investment and lack\nof access to international finance due to huge arrears\" as significant causes\nfor the poor performance of the economy.\n\nZimbabwe came 140 out of 190 ease of doing business report released by the\nWorld Bank Group. They were ranked high for ability to get credit (ranked 85)\nand protecting minority investors (ranked 95)."
  },
  {
    "chapter_name": "Economy of Zimbabwe",
    "chapter_id": "1",
    "section_number": "3.1",
    "section_name": "Transportation",
    "text": "Zimbabwe's internal transportation and electrical power networks are adequate;\nnevertheless, maintenance has been ignored for several years. Zimbabwe is\ncrossed by two trans-African automobile routes: the Cairo-Cape Town Highway\nand the Beira-Lobito Highway. Poorly paved highways connect the major urban\nand industrial areas, while rail lines controlled by the National Railways of\nZimbabwe connect Zimbabwe to a vast central African railroad network that\nconnects it to all of its neighbors."
  },
  {
    "chapter_name": "Economy of Zimbabwe",
    "chapter_id": "1",
    "section_number": "3.2",
    "section_name": "Energy",
    "text": "The Zimbabwe Electricity Supply Authority is responsible for providing the\ncountry with electrical energy. Zimbabwe has two larger facilities for the\ngeneration of electrical power, the Kariba Dam (owned together with Zambia)\nand since 1983 by large Hwange Thermal Power Station adjacent to the Hwange\ncoal field. However, total generation capacity does not meet the demand,\nleading to rolling blackouts. The Hwange station is not capable of using its\nfull capacity due to old age and maintenance neglect. In 2006, crumbling\ninfrastructure and lack of spare parts for generators and coal mining lead to\nZimbabwe importing 40% of its power, including 100 megawatts from the\nDemocratic Republic of Congo, 200 megawatts from Mozambique, up to 450 from\nSouth Africa, and 300 megawatts from Zambia. In May 2010 the country's\ngeneration power was an estimated 940MW against a peak demand of 2500MW. Use\nof local small scale generators is widespread."
  },
  {
    "chapter_name": "Economy of Zimbabwe",
    "chapter_id": "1",
    "section_number": "3.3",
    "section_name": "Telephone",
    "text": "New telephone lines used to be difficult to obtain. With TelOne, however,\nZimbabwe has only one fixed line service provider. Cellular phone networks are\nan alternative. Principal mobile phone operators are Telecel, Net*One, and\nEconet."
  },
  {
    "chapter_name": "Economy of Zimbabwe",
    "chapter_id": "1",
    "section_number": "3.4",
    "section_name": "Agriculture",
    "text": "Agriculture in Zimbabwe can be divided into two parts: commercial farming of\ncrops such as cotton, tobacco, coffee, peanuts and various fruits, and\nsubsistence farming with staple crops, such as maize or wheat.\n\nCommercial farming was almost exclusively in the hands of the white minority\nuntil the controversial land redistribution program began in 2000. Land in\nZimbabwe was forcibly seized from white farmers and redistributed to black\nsettlers, justified by Mugabe on the grounds that it was meant to rectify\ninequalities left over from colonialism. The new owners did not have land\ntitles, and as such did not have the collateral necessary to access bank\nloans. The small-scale farmers also did not have experience with commercial-\nscale agriculture.\n\nAfter land redistribution, much of Zimbabwe's land went fallow, and\nagricultural production decreased steeply. The University of Zimbabwe\nestimated in 2008 that between 2000 and 2007 agricultural production decreased\nby 51%. Production of tobacco, Zimbabwe's main export crop, decreased by 79%\nfrom 2000 to 2008.\n\nTobacco production recovered after 2008 thanks to the contract system of\nagriculture and growing Chinese demand. International tobacco companies, such\nas British American Tobacco and China Tobacco, supplied farmers with\nagricultural inputs, equipment, and loans, and supervised them in growing\ntobacco. By 2018, tobacco production had recovered to 258 million kg, the\nsecond largest crop on record. Instead of large white-owned farms selling\nmostly to European and American companies, Zimbabwe's tobacco sector now\nconsists of small black-owned farms exporting over half of the crop to China.\nTobacco farming accounted for 11% of Zimbabwe's GDP in 2017, and 3 million of\nits 16 million people depended on tobacco for their livelihood.\n\nLand reform has found considerable support in Africa and a few supporters\namong African-American activists, but Jesse Jackson commented during a visit\nto South Africa in June 2006, \"Land redistribution has long been a noble goal\nto achieve but it has to be done in a way that minimises trauma. The process\nhas to attract investors rather than scare them away. What is required in\nZimbabwe is democratic rule, democracy is lacking in the country and that is\nthe major cause of this economic meltdown.\"\n\nZimbabwe produced, in 2018:\n\n* 3,3 million tons of sugarcane;\n* 730 thousand tons of maize;\n* 256 thousand tons of cassava;\n* 191 thousand tons of vegetable;\n* 132 thousand tons of tobacco (6th largest producer in the world);\n* 106 thousand tons of banana;\n* 96 thousand tons of orange;\n* 90 thousand tons of soy;\n* 80 thousand tons of sorghum;\n* 60 thousand tons of potato;\n* 55 thousand tons of barley;\n* 42 thousand tons of peanut;\n* 38 thousand tons of cotton;\n\nIn addition to smaller productions of other agricultural products."
  },
  {
    "chapter_name": "Economy of Zimbabwe",
    "chapter_id": "1",
    "section_number": "3.5",
    "section_name": "Mining sector",
    "text": "As other southern African countries, Zimbabwean soil is rich in raw materials,\nnamely platinum, coal, iron ore, and gold. Recently, diamonds have also been\nfound in considerable deposits. Copper, chromite and nickel deposits also\nexist, though in lesser amounts. The Marange diamond fields, discovered in\n2006 are thought to be among the richest in the world.\n\nIn March 2011, the government of Zimbabwe implemented laws which required\nlocal ownership of mining companies; following this news, there were falls in\nthe share prices of companies with mines in Zimbabwe.\n\nGold production year  | kg\n---|---\n1998  | 27,114\n2007  | 7,017\n2015  | 18,400\n\nVarious NGOs reported that the diamond sector in Zimbabwe is rife with\ncorruption; a November 2012 report by NGO Reap What You Sow revealed a huge\nlack of transparency of diamond revenues and asserted that Zimbabwe's elite\nare benefiting from the country's diamonds. This followed former South African\nPresident Thabo Mbeki’s warning days earlier that Zimbabwe needed to stop its\n\"predatory elite\" from colluding with mining companies for their own benefit.\nAlso in that month, the Associated Press reported that at least $2 billion\nworth of diamonds had been stolen from Zimbabwe's eastern diamond fields and\nhad enriched Mugabe's ruling circle and various connected gem dealers and\ncriminals.\n\nIn January 2013, Zimbabwe's mineral exports totalled $1.8 billion.\n\nAs of October 2014, Metallon Corporation was Zimbabwe's largest gold miner.\nThe group is controlled by its Chairman Mzi Khumalo.\n\nIn 2019, the country was the world's 3rd largest producer of platinum and the\n6th largest world producer of lithium. In the production of gold, in 2017 the\ncountry produced 23.9 tons."
  },
  {
    "chapter_name": "Economy of Zimbabwe",
    "chapter_id": "1",
    "section_number": "3.6",
    "section_name": "Education",
    "text": "The state of education in Zimbabwe affects the development of the economy\nwhile the state of the economy can affect access and quality of teachers and\neducation. Zimbabwe has one of Africa's highest literacy rates at over 90%.\nThe crisis since 2000 has, however, diminished these achievements because of a\nlack of resources and the exodus of teachers and specialists (e.g. doctors,\nscientists, engineers) to other countries. Also, the start of the new\ncurriculum in primary and secondary sections has affected the state of the\nonce strong education sector."
  },
  {
    "chapter_name": "Economy of Zimbabwe",
    "chapter_id": "1",
    "section_number": "4",
    "section_name": "Macroeconomic data",
    "text": "The following table shows the main economic indicators in 1990–2023. Inflation\nunder 10% is in green.\n\nYear  | GDP\n(in bn. US$PPP) | GDP per capita\n(in US$ PPP) | GDP\n(in bn. US$nominal) | GDP per capita\n(in US$ nominal) | GDP growth\n(real) | Inflation rate\n(in Percent) | Government debt\n(in % of GDP)\n---|---|---|---|---|---|---|---\n1990  | n/a  | n/a  | 10.1  | 1,037  | n/a  | n/a  | n/a\n1991  | n/a  | n/a  | 9.5  | 936  | n/a  | n/a  | n/a\n1992  | n/a  | n/a  | 7.8  | 749  | n/a  | n/a  | n/a\n1993  | n/a  | n/a  | 7.6  | 702  | n/a  | n/a  | n/a\n1994  | n/a  | n/a  | 8.0  | 714  | n/a  | n/a  | n/a\n1995  | n/a  | n/a  | 8.3  | 717  | n/a  | n/a  | n/a\n1996  | n/a  | n/a  | 10.1  | 850  | n/a  | n/a  | n/a\n1997  | n/a  | n/a  | 10.4  | 881  | n/a  | n/a  | n/a\n1998  | 33.1  | 2,813  | 12.1  | 1,029  | n/a  | n/a  | n/a\n1999  | 33.2  | 2,829  | 11.8  | 1,004  | −1.1%  | n/a  | n/a\n2000  | 32.5  | 2,778  | 11.3  | 970  | −4.2%  | n/a  | n/a\n2001  | 33.1  | 2,835  | 11.2  | 964  | −0.5%  | n/a  | n/a\n2002  | 31.0  | 2,664  | 10.7  | 923  | −7.7%  | n/a  | n/a\n2003  | 26.5  | 2,274  | 9.6  | 822  | −16.2%  | n/a  | n/a\n2004  | 25.5  | 2,172  | 9.5  | 807  | −6.3%  | n/a  | n/a\n2005  | 24.3  | 2,057  | 9.0  | 765  | −7.4%  | n/a  | 33.1%\n2006  | 24.2  | 2,014  | 8.1  | 678  | −3.6%  | n/a  | 39.4%\n2007  | 24.0  | 1,993  | 7.8  | 647  | −3.4%  | n/a  | 44.7%\n2008  | 20.5  | 1,689  | 6.7  | 553  | −16.3%  | n/a  | 61.1%\n2009  | 22.1  | 1,809  | 9.7  | 790  | 7.4%  | n/a  | 58.7%\n2010  | 26.9  | 2,176  | 12.0  | 976  | 20.0%  | n/a  | 47.6%\n2011  | 31.3  | 2,512  | 14.1  | 1,132  | 14.2%  | 3.5%  | 42.9%\n2012  | 37.2  | 2,848  | 17.1  | 1,310  | 16.7%  | 3.7%  | 38.4%\n2013  | 38.6  | 2,875  | 19.1  | 1,422  | 2.1%  | 1.6%  | 37.0%\n2014  | 40.2  | 2,919  | 19.5  | 1,415  | 2.4%  | −0.2%  | 42.3%\n2015  | 41.3  | 2,937  | 20.0  | 1,418  | 1.8%  | −2.4%  | 48.0%\n2016  | 42.1  | 2,926  | 20.5  | 1,430  | 0.8%  | −1.6%  | 49.9%\n2017  | 45.0  | 3,070  | 22.0  | 1,503  | 5.2%  | 0.9%  | 68.9%\n2018  | 42.5  | 2,839  | 36.9  | 2,467  | 5.0%  | 10.6%  | 48.1%\n2019  | 49.6  | 3,252  | 26.0  | 1,705  | −6.3%  | 255.3%  | 82.3%\n2020  | 54.5  | 3,500  | 26.9  | 1,725  | −7.8%  | 557.2%  | 84.5%\n2021  | 66.5  | 4,183  | 36.0  | 2,265  | 8.5%  | 98.5%  | 58.2%\n2022  | 75.6  | 4,661  | 32.5  | 2,004  | 6.1%  | 193.4%  | 102.1%\n2023  | 82.5  | 4,965  | 35.2  | 2,119  | 5.3%  | 667.4%  | 96.7%\n2024  | 86.2  | 5,071  | 35.9  | 2,114  | 2.0%  | 635.3%  | 70.3%"
  },
  {
    "chapter_name": "Economy of Zimbabwe",
    "chapter_id": "1",
    "section_number": "5",
    "section_name": "Science and technology",
    "text": "Zimbabwe's _Second Science and Technology Policy_ (2012) cites sectorial\npolicies with a focus on biotechnology, information and communication\ntechnologies (ICTs), space sciences, nanotechnology, indigenous knowledge\nsystems, technologies yet to emerge and scientific solutions to emergent\nenvironmental challenges. The policy makes provisions for establishing a\nNational Nanotechnology Programme.\n\nZimbabwe has a _National Biotechnology Policy_ which dates from 2005. Despite\npoor infrastructure and a lack of both human and financial resources,\nbiotechnology research is better established in Zimbabwe than in most sub-\nSaharan countries, even if it tends to use primarily traditional techniques.\n\nThe _Second Science and Technology Policy_ asserts the government commitment\nto allocating at least 1% of GDP to research and development, focusing at\nleast 60% of university education on developing skills in science and\ntechnology and ensuring that school pupils devote at least 30% of their time\nto studying science subjects."
  },
  {
    "chapter_name": "Economy of Zimbabwe",
    "chapter_id": "1",
    "section_number": "6",
    "section_name": "History",
    "text": "Zimbabwe's GDP annual percentage growth rate from 1980 to 2010.\n\nIn 1997, Zimbabwe's economic decline began to visibly take place. It began\nwith the crash of the stock market on November 14, 1997. Civil society groups\nbegan to agitate for their rights as these had been eroded under ESAP. In 1997\nalone, 232 strikes were recorded, the largest number in any year since\nindependence (Kanyenze 2004). During the first half of 1997, the war veterans\norganized themselves and demonstrations that were initially ignored by the\ngovernment. As the intensity of the strikes grew, the government was forced to\npay the war veterans a once-off gratuity of ZWD $50,000 by December 31, 1997,\nand a monthly pension of US$2,000 beginning January 1998 (Kanyenze 2004). To\nraise money for this unbudgeted expense, the government tried to introduce a\n‘war veterans’ levy,’ but they faced much opposition from the labor force and\nhad to effectively borrow money to meet these obligations. Following the\nmassive depreciation of the Zimbabwean dollar in 1997, the cost of\nagricultural inputs soared, undermining the viability of the producers who in\nturn demanded that the producer price of maize (corn) be raised. Millers then\nhiked prices by 24 percent in January 1998 by 24 percent and the consequent\nincrease in the price of maize meal triggered nation-wide riots during the\nlast month. The government intervened by introducing price controls on all\nbasic commodities (Kanyenze 2004). Multiple interventionist moves were\nundertaken to try to reverse some of the negative effects of the Structural\nAdjustment Programs and to try to strengthen the private sector that was\nsuffering from decreasing output and increasing competition from cheap\nimported products. Some of the most detrimental policies that followed\ninclude:"
  },
  {
    "chapter_name": "Economy of Zimbabwe",
    "chapter_id": "1",
    "section_number": "6.1",
    "section_name": "1980–2000",
    "text": "At the time of independence, annual inflation was 5.4 percent and month-to-\nmonth inflation was 0.5 percent. Currency of Z$2, Z$5, Z$10 and Z$20\ndenominations were released. Roughly 95 percent of transactions used the\nZimbabwean dollar. Following the Lancaster House Agreement in December 1979,\nthe transition to majority rule in early 1980, and the lifting of sanctions,\nZimbabwe enjoyed a brisk economic recovery. Real growth for 1980–1981 exceeded\n20%. However, depressed foreign demand for the country's mineral exports and\nthe onset of a drought cut sharply into the growth rate in 1982, 1983, and\n1984. In 1985, the economy rebounded strongly due to a 30% jump in\nagricultural production. However, it slumped in 1986 to a zero growth rate and\nregistered a negative of about 3% in 1987, primarily because of drought and\nthe foreign exchange crisis faced by the country.[_citation needed_]\nZimbabwe's GDP grew on average by about 4.5% between 1980 and 1990.\n\nIn 1992, a World Bank study indicated that more than 500 health centres had\nbeen built since 1980. The percentage of children vaccinated increased from\n25% in 1980 to 67% in 1988, and life expectancy increased from 55 to 59 years.\nEnrolment increased by 232 percent one year after primary education was made\nfree, and secondary school enrolment increased by 33 percent in two years.\nThese social policies lead to an increase in the debt ratio. Several laws were\npassed in the 1980s in an attempt to reduce wage gaps. However, the gaps\nremained considerable. In 1988, the law gave women, at least in theory, the\nsame rights as men. Previously, they could only take a few personal\ninitiatives without the consent of their father or husband.\n\nThe government started crumbling when a bonus to independence war veterans was\nannounced in 1997 (which was equal to 3 percent of GDP) followed by unexpected\nspending due to Zimbabwe's involvement in the Second Congo War in 1998. In\n1999, the country also witnessed a drought which further weakened the economy,\nultimately leading to the country's bankruptcy in the next decade. In the same\nyear, 1999, Zimbabwe experienced its first defaults on its IMF, World Bank,\nand African Development Bank debts in addition to debts taken out with Western\nlenders."
  },
  {
    "chapter_name": "Economy of Zimbabwe",
    "chapter_id": "1",
    "section_number": "6.2",
    "section_name": "2000–2009",
    "text": "In recent years, there has been economic hardship in Zimbabwe. Multiple\nwestern countries argue that the Government of Zimbabwe's land reform program,\nrecurrent interference with, and intimidation of the judiciary, as well as\nmaintenance of unrealistic price controls and exchange rates has led to a\nsharp drop in investor confidence.\n\nBetween 2000 and December 2007, the national economy contracted by as much as\n40%; inflation vaulted to over 66,000%, and there were persistent shortages of\nhard currency, fuel, medicine, and food. GDP per capita dropped by 40%,\nagricultural output dropped by 51% and industrial production dropped by 47%.\n[_citation needed_]\n\nThe Mugabe Government attribute Zimbabwe's economic difficulties to sanctions\nimposed by the Western powers. It has been argued[_by whom?_] that the\nsanctions imposed by Britain, the US, and the EU have been designed to cripple\nthe economy and the conditions of the Zimbabwean people in an attempt to\noverthrow President Mugabe's government. These countries on their side argue\nthat the sanctions are targeted against Mugabe and his inner circle and some\nof the companies they own. Critics[_who?_] point to the so-called \"Zimbabwe\nDemocracy and Economic Recovery Act of 2001\", signed by Bush, as an effort to\nundermine Zimbabwe's economy. Soon after the bill was signed, IMF cut off its\nresources to Zimbabwe. Financial institutions began withdrawing support for\nZimbabwe. Terms of the sanctions made it such that all economic assistance\nwould be structured in support of \"democratisation, respect for human rights\nand the rule of law.\" The EU terminated its support for all projects in\nZimbabwe. Because of the sanctions and US and EU foreign policy, none of\nZimbabwe's debts have been cancelled as in other countries.\n\nOther observers also point out how the asset freezes by the EU on people or\ncompanies associated with Zimbabwe's Government have had significant economic\nand social costs to Zimbabwe.\n\nAs of February 2004, Zimbabwe's foreign debt repayments ceased, resulting in\ncompulsory suspension from the International Monetary Fund (IMF). This, and\nthe United Nations World Food Programme stopping its food aid due to\ninsufficient donations from the world community, has forced the government\ninto borrowing from local sources."
  },
  {
    "chapter_name": "Economy of Zimbabwe",
    "chapter_id": "1",
    "section_number": "6.2.1",
    "section_name": "Hyperinflation (2004–2009)",
    "text": "Official, black market, and OMIR exchange rates Jan 1, 2001 to Feb 2, 2009.\nNote the logarithmic scale.\n\nZimbabwe began experiencing severe foreign exchange shortages, exacerbated by\nthe difference between the official rate and the black market rate in 2000. In\n2004 a system of auctioning scarce foreign currency for importers was\nintroduced, which temporarily led to a slight reduction in the foreign\ncurrency crisis, but by mid-2005 foreign currency shortages were once again\nsevere. The currency was devalued by the central bank twice, first to 9,000 to\nthe US$, and then to 17,500 to the US$ on 20 July 2005, but at that date it\nwas reported that that was only half the rate available on the black market.\n\nIn July 2005 Zimbabwe was reported to be appealing to the South African\ngovernment for US$1 billion of emergency loans, but despite regular rumours\nthat the idea was being discussed no substantial financial support has been\npublicly reported.\n\nIn December 2005 Zimbabwe made a mystery loan repayment of US$120 million to\nthe International Monetary Fund due to expulsion threat from IMF.\n\nThe official Zimbabwean dollar exchange rate had been frozen at Z$101,196 per\nU.S. dollar since early 2006, but as of 27 July 2006 the parallel (black\nmarket) rate has reached Z$550,000 per U.S. dollar. By comparison, 10 years\nearlier, the rate of exchange was only Z$9.13 per USD.\n\nIn August 2006 the RBZ revalued the Zimbabwean Dollar by 1000 ZWD to 1\n(revalued) dollar. At the same time Zimbabwe devalued the Zim Dollar by 60%\nagainst the USD. New official exchange rate revalued ZWD 250 per USD. The\nparallel market rate was about revalued ZWD 1,200 to 1,500 per USD (28\nSeptember 2006).\n\nIn November 2006, it was announced that sometime around 1 December there would\nbe a further devaluation and that the official exchange rate would change to\nrevalued ZWD 750 per USD. This never materialized. However, the parallel\nmarket immediately reacted to this news with the parallel rate falling to ZWD\n2,000 per USD (18 November 2006) and by year end it had fallen to ZWD 3,000\nper USD.\n\nOn 1 April 2007, the parallel market was asking ZWD 30,000 for US$1. By year\nend, it was down to about ZWD 2,000,000. On 18 January 2008, the Reserve Bank\nof Zimbabwe began to issue higher denomination ZWD bearer cheques (a banknote\nwith an expiry date), including $10 million bearer cheques – each of which was\nworth less than US$1.35 (70p Sterling; 0.90 Euro) on the parallel market at\nthe time of first issue. On 4 April 2008 the Reserve Bank of Zimbabwe\nintroduced new $25 million and $50 million bearer cheques. At the time of\nfirst issue they were worth US$0.70 and US$1.40 on the parallel market\nrespectively.\n\nOn 1 May 2008, the RBZ announced that the dollar would be allowed to float in\nvalue subject to some conditions.\n\nOn 6 May 2008, the RBZ issued new $100 million and $250 million bearer\ncheques. At the date of first issue the $250 million bearer cheque was worth\napproximately US$1.30 on the parallel market. On 15 May 2008, a new $500\nmillion bearer cheque was issued by the RBZ. At the time of the first issue it\nwas worth US$1.93. In a widely unreported parallel move, on 15 May 2008, the\nRBZ issued three \"special agro-cheques\" with face values $5 billion (at time\nof first issue – $19.30), $25 billion ($96.50) and $50 billion ($193). It is\nfurther reported that the new agro-cheques can be used to buy any goods and\nservices like the bearer cheques.\n\nOn 30 July 2008, the Governor of the RBZ, Gideon Gono announced that the\nZimbabwe dollar would be redenominated by removing 10 zeroes, with effect from\n1 August 2008. ZWD10billion became 1 dollar after the redenomination.\n\nMore banknotes were issued since Gono vowed to continue printing money:\n$10,000 and $20,000 (29 September); $50,000 (13 October); $100,000, $500,000\nand $1 million (3 November); $10 million (2 December); $50 million and $100\nmillion (4 December); $200 million (9 December); $500 million (11 December);\n$10 billion (19 December); $1 trillion (17 January 2009).\n\nOn February 2, 2009, a final denomination was implemented, cutting 12 zeroes,\nbefore the Zimbabwe dollar was officially abandoned on April 12, 2009. Pending\neconomic recovery, Zimbabwe relied on foreign currency rather than introducing\na new currency."
  },
  {
    "chapter_name": "Economy of Zimbabwe",
    "chapter_id": "1",
    "section_number": "6.3",
    "section_name": "Dollarization: 2009–present",
    "text": "In February 2009, the newly installed national unity government (which\nincluded the opposition to Mugabe) allowed foreign currency transactions\nthroughout the economy as a measure to stimulate the economy and end\ninflation. The Zimbabwean dollar quickly lost all credibility, and by April\n2009, the Zimbabwean dollar was suspended entirely, to be replaced by the US\ndollar in government transactions. In 2014 there were eight legal currencies –\nUS dollar, South African rand, Botswana pula, British pound sterling,\nAustralian dollar, Chinese yuan, Indian rupee and Japanese yen.\n\nDollarization reversed inflation, permitting the banking system to stabilize\nand the economy to resume slow growth after 2009. Dollarization also had other\nconsequences, including:\n\n* Reduced taxation and financial transparency, as people continued to keep their money out of the formal banking system.\n* Extremely high real interest rates due to lack of capital.\n* Government forced into a \"pay as you go\" system, unable to spend more than it takes in.\n* Deficits of coinage for everyday transactions, leading to the adoption of South African rand coins, sweets, airtime for mobile phones or even condoms for small change.\n* Counterfeiting currencies with which Zimbabweans are not familiar.\n* 10% growth of the economy a year up to 2012\n\nIn January, 2013 Finance Minister Tendai Biti announced that Zimbabwe's\nnational public account held just $217. The election budget for the July 2013\npresidential election was $104 million and government budget for 2013 was\n$3.09 billion at a projected economic growth of 5 per cent. The Economist\ndescribed the 2013 election as \"rigged\" and how, after regaining full control\nof the government, the Mugabe government doubled the civil service and\nembarked on \"...misrule and dazzling corruption.\"\n\nIn August 2014, Zimbabwe began selling treasury bills and bonds to pay public\nsector salaries that have been delayed as GDP growth weakens while the economy\nexperiences deflation. US$2 million was sold in July through private\nplacements of Six-month Treasury bills at an interest rate of 9.5%. According\nto IMF data, GDP growth was forecast to be 3.1% by the end of 2014, a major\ndecline from an average rate of 10% between 2009 and 2012, while government\ndata showed that consumer prices declined for five consecutive months by the\nend of June. The Reserve Bank continued to issue large values of treasury\nbills to support the government's over-budget spending. This added to the\nmoney supply and in effect devalued all bank balances, despite them being US\nDollar denominated.\n\nIn November 2016 a pseudo-currency was issued in the form of Bond Notes\ndespite widespread protests against them. In February 2019, John Mangudya,\nthrough a monetary policy presentation formally introduced a new currency, the\nRTGS dollar which consists of electronic balances in banks and mobile wallets,\nbond notes and bond coins. This completed the conversion of all US Dollar\ndenominated bank balances to a devalued Zimbabwean currency at a rate of 1:1.\n\nIn June 2019 the use of foreign currencies in local transactions was\nprohibited as part of the prospective plan for a new national currency and\nthus ended the dollarization period. There was still low volume trade in US\nDollars, particularly in the informal sector and using in-shop bureau de\nchange. In March 2020, blaming the challenges of dealing with COVID-19, the\ngovernment allowed formal transactions in US Dollars once more. Zimbabwe once\nmore extended its multi-currency system from 2025 until 31 December 2030 in\nOctober 2023 as a result of declining trust in the Zimbabwean dollar, which\nalso declined by more than 80% in 2023."
  },
  {
    "chapter_name": "Economy of Zimbabwe",
    "chapter_id": "1",
    "section_number": "6.4",
    "section_name": "Government of National Unity: 2009–2013",
    "text": "In response to the negative long-term economic situation the three\nparliamentary parties agreed on a Government of National Unity. Despite\nserious internal differences this government made some important decisions\nthat improved the general economic situation, first of all the suspension of\nthe national currency, the Zimbabwean Dollar, in April 2009. That stopped\nhyperinflation and made normal forms of business possible again, by using\nforeign currency such as the US American Dollar, the South African Rand, the\nEUs Euro or the Botswana Pula. The former finance minister Tendai Biti (MDC-T)\ntried to hold a disciplined budget. In 2009 Zimbabwe recorded a period of\neconomic growth for the first time in a decade."
  },
  {
    "chapter_name": "Economy of Zimbabwe",
    "chapter_id": "1",
    "section_number": "6.5",
    "section_name": "Post-Government of National Unity: 2013–2020",
    "text": "Following ZANU-PF's landslide electoral victory in the 2013 general elections,\nPatrick Chinamasa was appointed finance minister. Policies encouraging the\nindigenisation of the economy were fast tracked and laws requiring that 51% or\nmore of non-black Zimbabwean owned companies had to be handed over to black\nZimbabweans were implemented. This has been credited with creating further\nuncertainty in the economy and negatively impacting investment climate in the\ncountry. Although legislation dealing with the indigenisation of the\nZimbabwean economy has been in development since 2007 and actively initiated\nby ZANU-PF in 2010 the policy has continued to be accused of being unclear and\na form of \"racketeering by regulation.\" The government doubled the civil\nservice and embarked on what the Economist described as \"...misrule and\ndazzling corruption.\"\n\nIn April 2014, Chinamasa admitted that the country was heavily in debt and\nthat the country needed to better attract foreign direct investment.\nOfficially Zimbabwe's debt is $7 billion, or over 200% of the country's GDP.\nHowever, this figure is disputed, with figures as high as $11 billion being\nquoted, once debts to other African countries and China are included. As of\nMay 2014, it has been reported that Zimbabwe's economy was in decline\nfollowing the period of relative economic stability during the Government of\nNational Unity. It is estimated that Zimbabwe's manufacturing sector requires\nan investment of roughly US$8 billion for working capital and equipment\nupgrades.\n\nIn 2016 Tendai Biti, an opposition politician estimated the government was\nrunning a deficit of up to 12% of GDP and Zimbabwe began experiencing a\nsignificant shortage of US dollars partly due to a consistent trade deficit.\nThis prompted the Zimbabwean government to limit cash withdrawals from banks\nand change exchange-control regulations in order to try to promote exports and\nreduce the currency shortage. In June and July 2016, after Government\nemployees had not been paid for weeks, police had set up road blocks to coerce\nmoney out of tourists and there were protests throughout Zimbabwe, Patrick\nChinamasa, the finance minister, toured Europe in an effort to raise\ninvestment capital and loans, admitting \"Right now we have nothing.\" In August\n2016 the government announced that it would be laying off 25,000 civil\nservants (8% of the country's 298,000 civil servants), cut the number of\nembassies and diplomatic expenses and cut ministerial expenses in an attempt\nto save $4 billion in annual wages and secure help from the World Bank and the\nIMF.\n\nAt the same time, the government sought to improve women's access to\nmicrofinance via the Zimbabwe Women Microfinance Bank Limited, which began\noperations 29 May 2018. The Bank operates under the supervision of the\nMinistry of Women's Affairs, Gender and Community Development."
  },
  {
    "chapter_name": "Economy of Zimbabwe",
    "chapter_id": "1",
    "section_number": "6.5.1",
    "section_name": "Re-adoption of the Zimbabwe Dollar",
    "text": "In mid-July 2019 inflation had increased to 175% following the adoption of a\nnew Zimbabwe dollar and banning the use of foreign currency thereby sparking\nfresh concerns that the country was entering a new period of hyperinflation.\nThe Zimbabwean government stopped releasing inflation data in August 2019. The\nyear-on-year inflation rate was 521% in December 2019, but Zimbabwe central\nbank officials said in February 2020 that they hoped to reduce the figure to\n50% by the end of December 2020."
  }
]