[
  {
    "chapter_name": "Economy of Mexico",
    "chapter_id": "1",
    "section_number": "1",
    "section_name": "Introduction",
    "text": "The **economy of Mexico** is a developing mixed-market economy. It is the 13th\nlargest in the world in nominal GDP terms and by purchasing power parity as of\n2024. Since the 1994 crisis, administrations have improved the country's\nmacroeconomic fundamentals. Mexico was not significantly influenced by the\n2002 South American crisis and maintained positive, although low, rates of\ngrowth after a brief period of stagnation in 2001. However, Mexico was one of\nthe Latin American nations most affected by the 2008 recession, with its gross\ndomestic product contracting by more than 6% that year. Among OECD nations,\nMexico has a fairly strong social security system; social expenditure stood at\nroughly 7.5% of GDP.\n\nThe Mexican economy has maintained high macroeconomic stability, reducing\ninflation and interest rates to record lows. Despite this, significant gaps\npersist between the urban and the rural population, the northern and southern\nstates, and the rich and the poor. Some of the unresolved issues include the\nupgrade of infrastructure, the modernization of the tax system and labor laws,\nand the reduction of income inequality. Tax revenues, 19.6 percent of GDP in\n2013, were the lowest among the 34 OECD countries. The main problems Mexico\nfaces are poverty rates and regional inequalities remaining high. The lack of\nformality, financial exclusion, and corruption has limited productivity\ngrowth. The medium-term growth prospects were also affected by a lower\nproportion of women in the workforce, and investment has not been strong since\n2015.\n\nThe economy contains rapidly developing modern industrial and service sectors,\nwith increasing private ownership. Recent administrations have expanded\ncompetition in ports, railroads, telecommunications, electricity generation,\nnatural gas distribution, and airports, to upgrade infrastructure. As an\nexport-oriented economy, more than 90% of Mexican trade is under free trade\nagreements (FTAs) with more than 40 countries, including the European Union,\nJapan, Israel, and much of Central and South America. The most influential FTA\nis the United States–Mexico–Canada Agreement (USMCA), which came into effect\nin 2020 and was signed in 2018 by the governments of the United States,\nCanada, and Mexico. In 2006, trade with Mexico's two northern partners\naccounted for almost 90% of its exports and 55% of its imports. Recently,\nCongress approved important tax, pension, and judicial reforms.[_clarification\nneeded_] In 2023, Mexico had 13 companies in the Forbes Global 2000 list of\nthe world's largest companies.\n\nMexico's labor force consisted of 52.8 million people as of 2015. The OECD and\nWTO both rank Mexican workers as the hardest-working in the world in terms of\nthe number of hours worked yearly. Pay per hour worked remains low.\n\nMexico is a highly unequal country: 0.2% of the population owns 60% of the\ncountry's wealth, while 46.8 million people live in poverty (2024)."
  },
  {
    "chapter_name": "Economy of Mexico",
    "chapter_id": "1",
    "section_number": "1",
    "section_name": "History",
    "text": "Porfirio Díaz, (1876–1911) in whose presidency rapid industrialization took\nplace in foreign capital.\n\nThe Porfiriato brought unprecedented economic growth during the last quarter\nof the nineteenth century. This growth was accompanied by foreign investment\nand European immigration, the development of railroad networks and the\nexploitation of the country's natural resources. Annual economic growth\nbetween 1876 and 1910 averaged 3.3%. Large-scale ownership made considerable\nprogress while foreign land companies accumulated millions of hectares. At the\nend of Porfirio Díaz's dictatorship, 97% of arable land belonged to 1% of the\npopulation and 95% of peasants were landless, becoming farmworkers in huge\nhaciendas or forming an impoverished urban proletariat whose revolts were\ncrushed one by one.\n\nPolitical repression and fraud, as well as huge income inequalities\nexacerbated by the land distribution system based on _latifundios_ , in which\nlarge haciendas were owned by a few but worked by millions of impoverished\npeasants living in precarious conditions, led to the Mexican Revolution\n(1910–1920), an armed conflict that drastically transformed Mexico's\npolitical, social, cultural, and economic structure during the twentieth\ncentury. The war left a harsh toll on the economy and population, which\ndecreased over the 11-year years between 1910 and 1921. The reconstruction of\nthe country was to take place in the following decades.\n\nThe period from 1940 to 1970 has been dubbed by economic historians as the\nMexican Miracle, a period of economic growth that followed the end of the\nMexican Revolution and the resumption of capital accumulation during\npeacetime. During this period, Mexico adopted an import substitution\nindustrialization (ISI) model, which protected and promoted the development of\nnational industries. Mexico experienced an economic boom through which\nindustries rapidly expanded their production. Important changes in the\neconomic structure included free land distribution to peasants under the\nconcept of _ejido_ , the nationalization of the oil and railroad companies,\nthe introduction of social rights into the 1917 Constitution, the birth of\nlarge and influential labor unions, and the upgrading of infrastructure. While\nthe population doubled from 1940 to 1970, GDP increased sixfold during the\nsame period.\n\nPresident José López Portillo 1976–1982, during whose administration the\neconomy soared with the discovery of oil and then crashed when the price\ndropped.\n\nGrowth, while under the ISI model, had reached its peak in the late 1960s.\nDuring the 1970s, the presidential administrations of Luis Echeverría\n(1970–76) and José López Portillo (1976–82) tried to include social\ndevelopment in their policies, an effort that entailed increased public\nspending. With the discovery of vast oil fields during a period of oil price\nincreases and low international interest rates, the government borrowed from\ninternational capital markets to invest in the state-owned oil company Pemex,\nwhich in turn seemed to provide a long-run income source to promote social\nwelfare. This produced a remarkable growth in public expenditure, and\npresident López Portillo announced that the time had come to \"manage\nprosperity\" as Mexico multiplied its oil production to become the world's\nfourth-largest exporter.\n\nAverage annual GDP growth by period  1900–1929  | 3.4%\n---|---\n1929–1945  | 4.2%\n1945–1972  | 6.5%\n1972–1981  | 5.5%\n1981–1995  | 1.5%\n1983 Debt Crisis  | -4.2%\n1995 Peso Crisis  | -6.2%\n1995–2000  | 5.1%\n2001 US Recession  | -0.2%\n2009 Great Recession  | -6.5%\n\nFrom 1981 to 1982 the international panorama changed abruptly: oil prices\nplunged and interest rates rose. In 1982, López Portillo, just before ending\nhis administration, suspended payments of foreign debt, devalued the peso, and\nnationalized the banking system, along with many other industries that were\nseverely affected by the crisis, among them the steel industry. While import\nsubstitution had contributed to Mexican industrialization, by the 1980, thes\nprotracted protection of Mexican companies had led to an uncompetitive\nindustrial sector with low productivity gains.\n\nPresident Miguel de la Madrid (1982–88) was the first of a series of\npresidents who implemented neoliberal policies. After the crisis of 1982,\nlenders were unwilling to return to Mexico, and in order to keep the current\naccount in balance, the government resorted to currency devaluations, which\nsparked unprecedented inflation, reaching an annual record of 139.7% in 1987.\n\nOne of the first steps toward trade liberalization was Mexico's signature of\nthe General Agreement on Tariffs and Trade (GATT) in 1986 under President de\nla Madrid. During the administration of Carlos Salinas de Gortari (1988–94),\nmany state-owned companies were privatized. The telephone company Telmex, a\ngovernment monopoly, became a private monopoly, sold to Carlos Slim. Also not\nopened to private investors were the government oil company Pemex or the\nenergy sector. Furthermore, the banking system that had been nationalized in\nthe waning hours of the López Portillo administration in 1982 was privatized,\nbut with the exclusion of foreign banks. Salinas pushed for Mexico's inclusion\nin the North American Free Trade Agreement, expanding it from a U.S.-Canada\nagreement. The expanded NAFTA was signed in 1992, after the signature of two\nadditional supplements on environments and labor standards. It came into\neffect on January 1, 1994.\n\nSalinas also introduced strict price controls and negotiated smaller minimum\nwage increments with the labor union movement under the aging Fidel Velázquez\nto curb inflation. While his strategy successfully reduced inflation, growth\naveraged only 2.8 percent a year. By fixing the exchange rate, the peso became\nrapidly overvalued while consumer spending increased, causing the current\naccount deficit to reach 7% of GDP in 1994. The deficit was financed through\n_tesobonos,_ a public debt instrument that reassured payment in dollars.\n\nThe January 1994 Chiapas uprising, and the assassinations of the ruling\nparty's presidential candidate in March 1994, Luis Donaldo Colosio and the\nSecretary-General of the party and brother of the Assistant-Attorney General\nJosé Francisco Ruiz Massieu in 1994, reduced investor confidence. Public debt\nholders rapidly sold their _tesobonos_ , depleting the Central Bank's\nreserves, while portfolio investments, which had made up 90% of total\ninvestment flows, left the country as fast as they had come in.\n\nThis unsustainable situation eventually forced the entrant Zedillo\nadministration to adopt a floating exchange rate. The peso sharply devalued,\nand the country entered into an economic crisis in December 1994. The boom in\nexports, as well as an international rescue package crafted by U.S. president\nBill Clinton (1993-2001), helped cushion the crisis. The economy was growing\nagain in less than 18 months, and annual rate growth averaged 5.1 percent\nbetween 1995 and 2000. More critical interpretations argue that the crisis and\nsubsequent public bailout \"preserved, renewed, and intensified the\nstructurally unequal social relations of power and class characteristic of\nfinance-led neoliberal capitalism\" in forms institutionally specific to\nMexican society with GDP growth spurred by one-time privatizations. Per capita\neconomic growth in the 2000s was low.\n\nPresident Ernesto Zedillo (1994–2000), and President Vicente Fox (2000–06), of\nthe National Action Party (Mexico), the first opposition party candidate to\nwin a presidential election since the founding of the precursor of the\nInstitutional Revolutionary Party in 1929, continued with trade\nliberalization. During Fox's administrations, several FTAs were signed with\nLatin American and European countries, Japan and Israel, and both strove to\nmaintain macroeconomic stability. Thus, Mexico became one of the most open\ncountries in the world to trade, and the economic base shifted accordingly.\nTotal trade with the United States and Canada tripled, and total exports and\nimports almost quadrupled between 1991 and 2003. The nature of foreign\ninvestment also changed with a greater share of foreign direct investment\n(FDI) over portfolio investment. The wealth of Mexico's leading billionaires\nstems from the privatizations of the 1990s, when the country sold off its\nstate-owned companies at low prices: telecoms (Telmex) to Carlos Slim, trains\n(Ferromex) to German Larrea, and television (TV Azteca) to Ricardo Salinas."
  },
  {
    "chapter_name": "Economy of Mexico",
    "chapter_id": "1",
    "section_number": "2",
    "section_name": "Macroeconomic, financial and welfare indicators",
    "text": "Mexico inflation rate 1970-2022 Mexico bonds\n\n30 year\n\n10 year\n\n1 year\n\n3 month"
  },
  {
    "chapter_name": "Economy of Mexico",
    "chapter_id": "1",
    "section_number": "2.1",
    "section_name": "Main indicators",
    "text": "A portion of the port of Veracruz GDP per capita PPP | US $16,900 (2012–15)\n---|---\nGNI per capita PPP | US $16,500 (2012–15)\nInflation (CPI)  | 3.7% (February 2021)\nGini index | 43.4 (World Bank 2016)\nUnemployment  | 4.5% (January 2021)\nHDI |  0.779 (2020)\nLabor force  | 78.4 million (2011)\nPop. in poverty  | 13.8%\n\nMexico's Gross Domestic Product (GDP) in purchasing power parity (PPP) was\nestimated at US$2,143.499 billion in 2014, and $1,261.642 billion in nominal\nexchange rates. It is the leader of the MINT group. Its standard of living, as\nGDP in PPP per capita, was US$16,900. The World Bank reported in 2009 that\nMexico's Gross National Income in market exchange rates was the second highest\nin Latin America, after Brazil at US$1,830.392 billion, which lead to the\nhighest income per capita in the region at $14,400. As such, Mexico\nestablished itself as an upper middle-income country. After the slowdown of\n2001, the country recovered and grown 4.2, 3.0, and 4.8 percent in 2004, 2005,\nand 2006, even though it is considered to be well below Mexico's potential\ngrowth.\n\nThe Mexican peso is the currency (ISO 4217: MXN; symbol: $). One peso is\ndivided into 100 _centavos_ (cents). MXN replaced MXP in 1993 at a rate of\n1000 MXP per 1 MXN. The exchange rate remained stable between 1998 and 2006,\noscillating between 10.20 and 11=3.50 MXN per US$. The Mexican peso parity\ndecreased under president Enrique Peña Nieto, lost in a single year 19.87% of\nits value Archived March 29, 2017, at the Wayback Machine reaching an exchange\nrate of $20.37 per dollar in 2017. Interest rates in 2007 were situated at\naround 7 percent, having reached a historic low in 2002 below 5 percent.\nInflation rates are also at historic lows; the inflation rate in Mexico in\n2006 was 4.1 percent and 3 percent by the end of 2007. Compared against the US\nDollar, Mexican Peso has devalued over %7,500 since 1910.[_citation needed_]\n\nUnemployment rates are the lowest of all OECD member countries at 3.2 percent.\nHowever, underemployment is estimated at 25 percent. Mexico's Human\nDevelopment Index was reported at 0.829 in 2008, (comprising a life expectancy\nindex of 0.84, an education index of 0.86 and a GDP index of 0.77), ranking 52\nin the world within the group of high-development.\n\n**Development**\n\nThe following table shows the main economic indicators in 1980–2023 (with IMF\nstaff estimates in 2024–2028). Inflation below 5% is in green.\n\nYear  | GDP (in billion US$PPP) | GDP per capita (in US$ PPP) | GDP (in billion US$nominal) | GDP per capita (in US$ nominal) | GDP growth (real) | Inflation rate (in Percent) | Unemployment (in Percent) | Government debt (in % of GDP)\n---|---|---|---|---|---|---|---|---\n1980  | 404.3  | 5,984.8  | 228.6  | 3,383.7  | 9.5%  | 26.5%  | 1.2%  | n/a\n1981  | 480.3  | 6,934.4  | 293.6  | 4,238.8  | 8.5%  | 28.0%  | 0.9%  | n/a\n1982  | 507.4  | 7,148.6  | 213.1  | 3,002.2  | -0.5%  | 59.1%  | 4.2%  | n/a\n1983  | 508.8  | 7,001.9  | 173.7  | 2,390.4  | -3.5%  | 101.8%  | 6.1%  | n/a\n1984  | 545.2  | 7,331.8  | 204.9  | 2,755.0  | 3.4%  | 65.4%  | 5.6%  | n/a\n1985  | 574.7  | 7,559.2  | 217.4  | 2,859.2  | 2.2%  | 57.8%  | 4.4%  | n/a\n1986  | 568.3  | 7,314.4  | 150.5  | 1,937.4  | -3.1%  | 86.4%  | 4.3%  | n/a\n1987  | 592.3  | 7,465.9  | 165.1  | 2,080.4  | 1.7%  | 132.0%  | 3.9%  | n/a\n1988  | 621.1  | 7,670.6  | 201.9  | 2,493.8  | 1.3%  | 113.5%  | 3.5%  | n/a\n1989  | 671.9  | 8,137.0  | 246.1  | 2,979.9  | 4.1%  | 19.9%  | 2.9%  | n/a\n1990  | 733.2  | 8,710.7  | 290.4  | 3,450.2  | 5.2%  | 26.7%  | 2.7%  | n/a\n1991  | 789.9  | 9,212.0  | 348.1  | 4,060.0  | 4.2%  | 22.6%  | 2.7%  | n/a\n1992  | 836.5  | 9,580.9  | 403.7  | 4,624.0  | 3.5%  | 15.5%  | 2.8%  | n/a\n1993  | 879.8  | 9,902.0  | 500.8  | 5,636.4  | 2.7%  | 9.8%  | 3.4%  | n/a\n1994  | 943.0  | 10,435.6  | 527.8  | 5,841.0  | 4.9%  | 7.0%  | 3.7%  | n/a\n1995  | 902.2  | 9,823.1  | 360.1  | 3,920.7  | -6.3%  | 35.1%  | 6.2%  | n/a\n1996  | 980.9  | 10,514.4  | 411.0  | 4,405.1  | 6.8%  | 34.4%  | 5.5%  | 44.7%\n1997  | 1,066.2  | 11,256.0  | 500.4  | 5,283.1  | 6.8%  | 20.6%  | 3.7%  | 40.9%\n1998  | 1,133.9  | 11,796.6  | 526.5  | 5,477.9  | 5.2%  | 15.9%  | 3.2%  | 42.0%\n1999  | 1,181.5  | 12,120.0  | 600.2  | 6,157.2  | 2.8%  | 16.6%  | 2.5%  | 43.8%\n2000  | 1,268.0  | 12,835.7  | 707.9  | 7,166.1  | 4.9%  | 9.5%  | 2.2%  | 40.3%\n2001  | 1,291.3  | 12,899.4  | 756.7  | 7,559.0  | -0.4%  | 6.4%  | 2.8%  | 39.3%\n2002  | 1,310.9  | 12,916.1  | 772.1  | 7,607.4  | 0.0%  | 5.0%  | 3.0%  | 41.9%\n2003  | 1,356.1  | 13,180.1  | 729.3  | 7,088.5  | 1.4%  | 4.6%  | 3.4%  | 44.2%\n2004  | 1,447.1  | 13,878.1  | 782.2  | 7,501.9  | 3.9%  | 4.7%  | 3.9%  | 40.8%\n2005  | 1,526.9  | 14,450.1  | 877.5  | 8,304.0  | 2.3%  | 4.0%  | 3.5%  | 38.5%\n2006  | 1,644.8  | 15,349.7  | 975.4  | 9,102.5  | 4.5%  | 3.6%  | 3.5%  | 37.4%\n2007  | 1,728.0  | 15,890.1  | 1,052.7  | 9,680.4  | 2.3%  | 4.0%  | 3.6%  | 37.2%\n2008  | 1,781.2  | 16,133.6  | 1,110.0  | 10,053.7  | 1.1%  | 5.1%  | 3.9%  | 42.5%\n2009  | 1,697.9  | 15,146.9  | 900.0  | 8,029.3  | -5.3%  | 5.3%  | 5.3%  | 43.7%\n2010  | 1,806.3  | 15,879.3  | 1,057.8  | 9,299.5  | 5.1%  | 4.2%  | 5.3%  | 42.0%\n2011  | 1,911.3  | 16,567.2  | 1,180.5  | 10,232.4  | 3.7%  | 3.4%  | 5.2%  | 42.9%\n2012  | 2,012.8  | 17,212.6  | 1,201.1  | 10,271.4  | 3.6%  | 4.1%  | 4.9%  | 42.7%\n2013  | 2,064.5  | 17,428.6  | 1,274.4  | 10,759.0  | 1.4%  | 3.8%  | 4.9%  | 45.9%\n2014  | 2,173.2  | 18,119.8  | 1,315.4  | 10,967.1  | 2.9%  | 4.0%  | 4.8%  | 48.9%\n2015  | 2,230.6  | 18,382.2  | 1,171.9  | 9,657.1  | 3.3%  | 2.7%  | 4.3%  | 52.8%\n2016  | 2,383.4  | 19,422.1  | 1,078.5  | 8,788.6  | 2.6%  | 2.8%  | 3.9%  | 56.7%\n2017  | 2,472.6  | 19,933.5  | 1,158.9  | 9,342.9  | 2.1%  | 6.0%  | 3.4%  | 54.0%\n2018  | 2,587.2  | 20,643.6  | 1,222.4  | 9,753.7  | 2.2%  | 4.9%  | 3.3%  | 53.6%\n2019  | 2,628.3  | 20,764.0  | 1,269.0  | 10,025.5  | -0.2%  | 3.6%  | 3.5%  | 53.3%\n2020  | 2,445.6  | 19,137.4  | 1,089.8  | 8,528.1  | -8.1%  | 3.4%  | 4.4%  | 60.1%\n2021  | 2,755.9  | 21,368.8  | 1,312.6  | 10,177.0  | 5.8%  | 5.7%  | 4.1%  | 56.9%\n2022  | 3,064.0  | 23,547.8  | 1,465.9  | 11,265.5  | 3.9%  | 8.0%  | 3.3%  | 54.0%\n2023  | 3,277.6  | 24,976.0  | 1,811.5  | 13,803.7  | 3.2%  | 5.5%  | 2.9%  | 52.7%\n2024  | _3,423.6_ | _25,875.8_ | _1,994.1_ | _15,072.0_ | _2.1%_ | _3.8%_ | _3.0%_ | _54.8%_\n2025  | _3,543.7_ | _26,573.6_ | _2,081.2_ | _15,606.6_ | _1.5%_ | _3.1%_ | _3.4%_ | _55.1%_\n2026  | _3,676.8_ | _27,364.8_ | _2,171.3_ | _16,159.9_ | _1.8%_ | _3.0%_ | _3.6%_ | _55.5%_\n2027  | _3,818.1_ | _28,211.2_ | _2,260.1_ | _16,699.1_ | _2.0%_ | _3.0%_ | _3.7%_ | _55.9%_\n2028  | _3,968.9_ | _29,113.8_ | _2,356.8_ | _17,287.9_ | _2.1%_ | _3.0%_ | _3.7%_ | _56.3%_"
  },
  {
    "chapter_name": "Economy of Mexico",
    "chapter_id": "1",
    "section_number": "2.2",
    "section_name": "Poverty",
    "text": "Poverty headcount ratio at $5.50 a day (2011 PPP) (% of population). Based on\nWorld Bank data ranging from 1998 to 2018.\n\nPoverty in Mexico is measured under parameters such as nutrition, clean water,\nshelter, education, health care, social security, quality and basic services\nin the household, income and social cohesion as defined by social development\nlaws in the country. It is divided into two categories: Moderate poverty and\nExtreme poverty.\n\nWhile less than 2% of Mexico's population lives below the international\npoverty line set by the World Bank, as of 2013, Mexico's government estimates\nthat 33% of Mexico's population lives in moderate poverty and 9% lives in\nextreme poverty, which leads to 42% of Mexico's total population living below\nthe national poverty line. The gap might be explained by the government's\nadopting the multidimensional poverty method as a way to measure poverty, so a\nperson who has an income higher than the \"international poverty line\" or \"well\nbeing income line\" set by the Mexican government might fall in the \"moderate\npoverty\" category if he or she has one or more deficiencies related to social\nrights such as education (did not complete studies), nutrition (malnutrition\nor obesity), or living standards (including elemental, such as water or\nelectricity, and secondary domestic assets, such as refrigerators). Extreme\npoverty is defined by the Mexican government as persons who have deficiencies\nin both social rights and an income lower than the \"well being income line\".\nAdditional figures from SEDESOL (Mexico's social development agency) estimates\nthat 6% (7.4 million people) live in extreme poverty and suffer from food\ninsecurity.\n\nRecently, extensive changes in government economic policy and attempts at\nreducing government interference through privatization of several sectors, for\nbetter or worse, allowed Mexico to remain the biggest economy in Latin\nAmerica,[_dubious – discuss_] until 2005 when it became the second-largest;\nand a so-called \"trillion dollar club\" member. Despite these changes, Mexico\ncontinues to suffer great social inequality and lack of opportunities. The\nPeña Nieto's administration made an attempt at reducing poverty in the\ncountry, to provide more opportunities to its citizens such as jobs,\neducation, and the installation of universal healthcare."
  },
  {
    "chapter_name": "Economy of Mexico",
    "chapter_id": "1",
    "section_number": "2.2.1",
    "section_name": "Income inequality",
    "text": "The GDP per capita of Mexican States in USD, 2012.\n\nA single person in Mexico, Carlos Slim, has a net worth equal to six percent\nof GDP. Additionally, only ten percent of Mexicans represent 25% of Mexican\nGDP. A smaller group, 3.5%, represent 12.5% of Mexican GDP.\n\nAccording to the OECD, Mexico is the country with the second highest degree of\neconomic disparity between the extremely poor and extremely rich, after Chile\n– although this gap has been diminishing over the last decade. The bottom ten\npercent of the income rung disposes 1.36% of the country's resources, whereas\nthe upper 10% dispose of almost 36%. OECD also notes that Mexico's budgeted\nexpenses for poverty alleviation and social development are only about a third\nof the OECD average – in absolute and relative numbers. According to the World\nBank 2004, 17.6% of Mexico's population lived in extreme poverty, while 21%\nlived in moderate poverty."
  },
  {
    "chapter_name": "Economy of Mexico",
    "chapter_id": "1",
    "section_number": "2.3",
    "section_name": "Remittances",
    "text": "Mexico was the fourth-largest receiver of remittances in the world in 2017.\nRemittances, or contributions sent by Mexicans living abroad, mostly in the\nUnited States, to their families at home in Mexico comprised $28.5 billion in\n2017. In 2015, remittances overtook oil to become the single largest foreign\nsource of income for Mexico, larger than any other sector.\n\nThe growth of remittances has more than doubled since 1997. Recorded\nremittance transactions exceeded 41 million in 2003, of which 86 percent were\nmade by electronic transfer.\n\nThe Mexican government, cognizant of the needs of migrant workers, began\nissuing an upgraded version of the _Matrícula Consular de Alta Seguridad_\n(MACS, High Security Consular Identification), an identity document issued at\nMexican consulates abroad. This document is now accepted as a valid identity\ncard in 32 US states, as well as thousands of police agencies, hundreds of\ncities and counties, and banking institutions.\n\nThe main states receiving remittances in 2014 were Michoacán, Guanajuato,\nJalisco, the State of Mexico and Puebla, which jointly captured 45% of total\nremittances in that year. Several state governments, with the support of the\nfederal government, have implemented programs to use part of the remittances\nto finance public works. This program, called _Dos por Uno_ (Two for\neveryone), is designed so that for each peso contributed by migrants from\ntheir remittances, the state, and the federal governments will invest two\npesos in building infrastructure at their home communities."
  },
  {
    "chapter_name": "Economy of Mexico",
    "chapter_id": "1",
    "section_number": "2.4",
    "section_name": "Regional economies",
    "text": "Mexican States by Human Development Index, 2015.\n\nRegional disparities and income inequality are a feature of the Mexican\neconomy. While all constituent states of the federation have a Human\nDevelopment Index (HDI) higher than 0.70 (medium to high development), the\nnorthern and central states have higher levels of HDI than the southern\nstates. Nuevo León, Jalisco and the Federal District have HDI levels similar\nto European countries, whereas that of Oaxaca and Chiapas is similar to that\nof China or Vietnam.\n\nAt the municipal level, economic disparities are even greater: Benito Juárez\nborough in Mexico City has an HDI similar to that of Germany or New Zealand,\nwhereas Metlatónoc in Guerrero, would have an HDI identical to that of Malawi.\nThe majority of the federal entities in the north have a high development\n(higher than 0.80), as well as the entities Colima, Jalisco, Aguascalientes,\nthe Federal District, Querétaro and the southeastern states of Quintana Roo\nand Campeche). The less developed states (with medium development in terms of\nHDI higher than 0.70) are located along the southern Pacific coast.\n\nIn terms of share of the GDP by economic sector (in 2004), the largest\ncontributors in agriculture are Jalisco (9.7%), Sinaloa (7.7%), and Veracruz\n(7.6%); the greatest contributors in industrial production are the Federal\nDistrict (15.8%), State of México (11.8%) and Nuevo León (7.9%); the greatest\ncontributors in the service sector are also the Federal District (25.3%),\nState of México (8.9%) and Nuevo León (7.5%).\n\nSince the 1980s, the economy has slowly become less centralized; the Federal\nDistrict's annual rate of GDP growth from 2003 to 2004 was the smallest of all\nfederal entities at 0.2%, with drastic drops in the agriculture and industrial\nsectors. Nonetheless, it still accounts for 21.8% of the nation's GDP. The\nstates with the highest GDP growth rates are Quintana Roo (9.0%), Baja\nCalifornia (8.9%), and San Luis Potosí (8.2%). In 2000, the federal entities\nwith the highest GDP per capita in Mexico were the Federal District\n(US$26,320), Campeche (US$18,900) and Nuevo León (US$30,250); the states with\nthe lowest GDP per capita were Chiapas (US$3,302), Oaxaca (US$4,100) and\nGuerrero (US$6,800)."
  },
  {
    "chapter_name": "Economy of Mexico",
    "chapter_id": "1",
    "section_number": "2.5",
    "section_name": "Companies",
    "text": "Of the world's 2000 largest companies, ranked in the Forbes Global 2000, 13\nare headquartered in Mexico. Three are also among the 500 largest, measured by\nthe Fortune Global 500.\n\nAmérica Móvil headquarters in Mexico City\n\nThe list includes the largest Mexican companies in 2023:\n\nRank  | Forbes\n2000 rank  | Name  | Headquarters  | Revenue\n(billions\nUS$)  | Industry\n---|---|---|---|---|---\n1  | 177  | América Móvil | Mexico City  | 43.57  | Telecommunications\n2  | 312  | Fomento Económico Mexicano | Monterrey  | 35.86  | Beverages\n3  | 375  | Banorte | Monterrey  | 16.82  | Finance\n4  | 496  | Grupo México | Mexico City  | 13.93  | Mining\n5  | 610  | Grupo Bimbo | Mexico City  | 20.74  | Food processing\n6  | 1048  | Inbursa | Mexico City  | 4  | Financial services\n7  | 1071  | Cemex | Monterrey  | 15.93  | Building material\n8  | 1130  | Arca Continental | Monterrey  | 10..8  | Beverages\n9  | 1188  | Grupo Carso | Mexico City | 10.18  | Conglomerate\n10  | 1384  |  ALFA | Monterrey  | 18.27  | Conglomerate\n11  | 1558  | El Puerto de Liverpool | Mexico City | 8.75  | Retail\n12  | 1606  | Grupo Elektra | Mexico City | 8.19  | Finance\n13  | 1743  | Fibra Uno | Mexico City  | 1.17  | Real Estate"
  },
  {
    "chapter_name": "Economy of Mexico",
    "chapter_id": "1",
    "section_number": "3",
    "section_name": "Economic sectors",
    "text": "Hacienda of San Antonio Coapa by José María Velasco Gómez.\n\nGross Domestic Product (GDP) in purchasing power parity (PPP) in 2024 was\nestimated at US$3,43 trillion, and GDP per capita in PPP at US$25,963. The\nservice sector is the largest component of GDP at 70.5%, followed by the\nindustrial sector at 25.7% (2006 est.). Agriculture represents only 3.9% of\nGDP (2006 est.). The Mexican labor force is estimated at 38 million, of which\n18% is occupied in agriculture, 24% in the industry sector, and 58% in the\nservice sector (2003 est.). Mexico's largest source of foreign income is\nremittances."
  },
  {
    "chapter_name": "Economy of Mexico",
    "chapter_id": "1",
    "section_number": "3.1",
    "section_name": "Agriculture",
    "text": "Agriculture as a percentage of total GDP has been steadily declining and now\nresembles that of developed nations in that it plays a smaller role in the\neconomy. In 2006, agriculture accounted for 3.9% of GDP, down from 7% in 1990,\nand 25% in 1970. Given the historic structure of _ejidos_ , it employs a\nconsiderably high percentage of the workforce: 18% in 2003, mostly of which\ngrows basic crops for subsistence, compared to 2–5% in developed nations in\nwhich production is highly mechanized."
  },
  {
    "chapter_name": "Economy of Mexico",
    "chapter_id": "1",
    "section_number": "3.1.1",
    "section_name": "History",
    "text": "Farmers in Puebla Food and agriculture  **Product** | **Quantity (Tm)** | World Rank1\n---|---|---\nAvocados  | 1,040,390  | 1\nOnions and chayote  | 1,130,660  | 1\nLimes and lemons  | 1,824,890  | 1\nSunflower seed  | 212,765  | 1\nDry fruits  | 95,150  | 2\nPapaya  | 955,694  | 2\nChillies and peppers  | 1,853,610  | 2\nWhole beans  | 93 000  | 3\nOranges  | 3,969,810  | 3\nAnise, badian, fennel  | 32 500  | 3\nChicken meat  | 2,245,000  | 3\nAsparagus  | 67,247  | 4\nMangoes  | 1.503.010  | 4\nCorn  | 20,000,000  | 4\n1Source:FAO\n\nAfter the Mexican Revolution, Mexico began an agrarian reform, based on the\n27th article of the Mexican Constitution than included transfer of land and/or\nfree land distribution to peasants and small farmers under the concept of the\n_ejido_. This program was further extended during President Cárdenas'\nadministration during the 1930s and continued into the 1960s at varying rates.\nThe cooperative agrarian reform, which guaranteed small farmers a means of\nsubsistence livelihood, also caused land fragmentation and lack of capital\ninvestment, since commonly held land could not be used as collateral. To raise\nrural productivity and living standards, this constitutional article was\namended in 1992 to allow for the transfer of property rights of communal lands\nto farmers cultivating it. With the ability to rent or sell it, a way was open\nfor the creation of larger farms and the advantages of economies of scale.\nLarge mechanized farms are now operating in some northwestern states (mainly\nin Sinaloa). However, privatization of _ejidos_ continues to be very slow in\nthe central and southern states where the great majority of peasants produce\nonly for subsistence.[_citation needed_]\n\nUntil the 1980s, the government encouraged the production of basic crops\n(mainly corn and beans) by maintaining support prices and controlling imports\nthrough the National Company for Popular Subsistence (CONASUPO). With trade\nliberalization, however, CONASUPO was gradually dismantled, and two new\nmechanisms were implemented: Alianza and Procampo. Alianza provides income\npayments and incentives for mechanization and advanced irrigation systems.\nProcampo is an income transfer subsidy to farmers. This support program offers\n3.5 million farmers who produce basic commodities (mostly corn), representing\n64% of all farmers, with a fixed income transfer payment per unit of cropland\narea. This subsidy increased substantially during President Fox's\nadministration, mainly to white corn producers, to reduce imports from the\nUnited States. This program has been successful, and in 2004, roughly only 15%\nof corn imports were white corn –the one used for human consumption and the\ntype that is mostly grown in Mexico– as opposed to 85% of yellow and crashed\ncorn –the one used for feeding livestock, and which is barely produced in\nMexico."
  },
  {
    "chapter_name": "Economy of Mexico",
    "chapter_id": "1",
    "section_number": "3.1.2",
    "section_name": "Crops",
    "text": "In spite of corn being a staple in the Mexican diet, Mexico's comparative\nadvantage in agriculture is not in corn, but in horticulture, tropical fruits,\nand vegetables. Negotiators of NAFTA expected that through liberalization and\nmechanization of agriculture, two-thirds of Mexican corn producers would\nnaturally shift from corn production to horticultural and other labor-\nintensive crops such as fruits, nuts, vegetables, coffee, and sugar cane.\nWhile horticultural trade has drastically increased due to NAFTA, it has not\nabsorbed displaced workers from corn production (estimated at 600,000). Corn\nproduction has remained stable (at 20 million metric tons), arguably as a\nresult of income support to farmers or a reluctance to abandon a millenarian\ntradition in Mexico: not only have peasants grown corn for millennia; corn\noriginated in Mexico. Mexico is the seventh largest corn producer in the\nworld."
  },
  {
    "chapter_name": "Economy of Mexico",
    "chapter_id": "1",
    "section_number": "3.1.2.1",
    "section_name": "Potatoes",
    "text": "The area dedicated to potatoes has changed little since 1980 and average\nyields have almost tripled since 1961. Production reached a record 1.7 million\ntonnes in 2003. Per capita consumption of potato in Mexico stands at 17 kg a\nyear, very low compared to its maize intake of 400 kg. On average, potato\nfarms in Mexico are larger than those devoted to more basic food crops. Potato\nproduction in Mexico is mostly for commercial purposes; the production for\nhousehold consumption is very small."
  },
  {
    "chapter_name": "Economy of Mexico",
    "chapter_id": "1",
    "section_number": "3.1.2.2",
    "section_name": "Avocado",
    "text": "Mexico is the world's leading producer of avocados as of 2020, supplying\nnearly 30% of the global harvest in that year.\n\nMexico is the world's largest avocado growing country, producing several times\nmore than the second largest producer. In 2013, the total area dedicated to\navocado production was 188,723 hectares (466,340 acres), and the harvest was\n2.03 million tonnes in 2017. The state that produces the most is Michoacán,\nwhich produces nearly 75% of all Mexican avocados."
  },
  {
    "chapter_name": "Economy of Mexico",
    "chapter_id": "1",
    "section_number": "3.1.2.3",
    "section_name": "Sugar cane",
    "text": "Approximately 160,000 medium-sized farmers grow sugar cane in 15 Mexican\nstates; currently there are 54 sugar mills around the country that produced\n4.96 million tons of sugar in the 2010 crop, compared to 5.8 million tons in\n2001. Mexico's sugar industry is characterized by high production costs and\nlack of investment. Mexico produces more sugar than it consumes. Sugar cane is\ngrown on 700,000 farms in Mexico with a yield of 72 metric tons per farm."
  },
  {
    "chapter_name": "Economy of Mexico",
    "chapter_id": "1",
    "section_number": "3.2",
    "section_name": "Mining",
    "text": "Mexico is the world's leading producer of silver. The former Acosta mine, now\na museum in Hidalgo\n\nIn 2019, the country was the world's largest producer of silver 9th largest\nproducer of gold, the 8th largest producer of copper, the world's 5th largest\nproducer of lead, the world's 6th largest producer of zinc, the world's 5th\nlargest producer of molybdenum, the world's 3rd largest producer of mercury,\nthe world's 5th largest producer of bismuth, the world's 13th largest producer\nof manganese and the 23rd largest world producer of phosphate. It is also the\n8th largest world producer of salt.\n\nIn April 2022, the Senate passed a law that nationalizes the lithium mining\nindustry in the country. The federal government will monopolize all new\nlithium mines in the country, but existing operations will be allowed to\ncontinue in private hands. Critics of the move argue that the constitution\nalready does this and that the government lacks the technical capacity to mine\nthe major reserves, which are mostly in clay deposits that are difficult to\nmine. The government made a similar failed attempt to nationalize uranium\nmining in the 1980s."
  },
  {
    "chapter_name": "Economy of Mexico",
    "chapter_id": "1",
    "section_number": "4",
    "section_name": "Industry",
    "text": "Industrial production  Main industries  | Aircraft, automobile industry, petrochemicals, cement and construction, textiles, food and beverages, mining, consumer durables, tourism\n---|---\nIndustrial growth rate  | 3.6% (2006)\nLabor force  | 29% of total labor force\nGDP of sector  | 25.7% of total GDP\nOsito Bimbo, the corporate mascot of Grupo Bimbo\n\nThe industrial sector has benefited from trade liberalization; in 2000, it\naccounted for almost 50% of all export earnings.\n\nA Cemex plant on the outskirts of Monterrey.\n\nAmong Mexico's most important industrial manufacturers is the automotive\nindustry, whose standards of quality are internationally recognized. The\nautomobile sector in Mexico differs from that in other Latin American\ncountries and developing nations in that it does not function as a mere\nassembly manufacturer. The industry produces technologically complex\ncomponents and engages in some research and development activities, an example\nof that is the new Volkswagen Jetta model with up to 70% of parts designed in\nMexico.\n\nThe \"Big Three\" (General Motors, Ford and Chrysler) have been operating in\nMexico since the 1930s, while Volkswagen and Nissan built their plants in the\n1960s. Later, Toyota, Honda, BMW, and Mercedes-Benz have also participated.\nGiven the high requirements of North American components in the industry, many\nEuropean and Asian parts suppliers have also moved to Mexico: in Puebla alone,\n70 industrial part-makers cluster around Volkswagen.\n\nThe relatively small domestic car industry is represented by DINA Camiones, a\nmanufacturer of trucks, busses and military vehicles, which through domestic\nproduction and purchases of foreign bus manufacturers has become the largest\nbus manufacturer in the world; Vehizero that builds hybrid trucks and the new\ncar companies Mastretta design that builds the Mastretta MXT sports car and\nAutobuses King that plans to build 10000 microbuses by 2015, nevertheless new\ncar companies are emerging among them CIMEX that has developed a sport utility\ntruck, the Conin, and it is to be released in September 2010 in Mexico's\nnational auto show, And the new electric car maker Grupo Electrico Motorizado.\nSome large industries of Mexico include Cemex, the world's largest\nconstruction company and the third largest cement producer the alcohol\nbeverage industries, including world-renowned players like Grupo Modelo;\nconglomerates like FEMSA, which apart from being the largest single producer\nof alcoholic beverages and owning multiple commercial interests such OXXO\nconvenience store chain, is also the second-largest Coca-Cola bottler in the\nworld; Gruma, the largest producer of corn flour and tortillas in the world;\nand Grupo Bimbo, Telmex, Televisa, among many others. In 2005, according to\nthe World Bank, high-tech industrial production represented 19.6% of total\nexports.\n\nThe original Cuauhtémoc Moctezuma Brewery in Monterrey, founded in 1889.\nToday, it still operates as a brewery and houses two museums.\n\nMaquiladoras (manufacturing plants that take in imported raw materials and\nproduce goods for domestic consumption and export on behalf of foreign\ncompanies) have become the landmark of trade in Mexico. This sector has\nbenefited from NAFTA, in that real income in the maquiladora sector has\nincreased 15.5% since 1994, though the non-maquiladora industry has grown much\nfaster. Contrary to popular belief, this should be no surprise since\nmaquiladora's products could enter the US duty-free since a 1960s industry\nagreement. Other sectors now benefit from the free trade agreement, and the\nshare of exports from non-border states has increased in the last 5 years\nwhile the share of exports from maquiladora-border states has decreased.\n\nCurrently, Mexico is focusing on developing an aerospace industry, and the\nassembly of helicopter and regional jet aircraft fuselages is taking place.\nForeign firms such as MD Helicopters, Bell, Cessna and Bombardier build\nhelicopter, aircraft and regional jets fuselages in Mexico. Although the\nMexican aircraft industry is mostly foreign, as is its car industry, Mexican\nfirms have been founded such as Aeromarmi, which builds light propeller\nairplanes, and Hydra Technologies, which creates Unmanned Aerial Vehicles such\nas the S4 Ehécatl, other important companies are Frisa Aerospace that\nmanufactures jet engine parts for the new Mitsubishi Regional jet and supplies\nPrat&whittney and Rolls-Royce jet engine manufacturers of casings for jet\nengines and Kuo Aerospace that builds parts for aircraft landing gear and\nSupplies bombardier plant in Querétaro.\n\nAs compared with the United States or countries in Western Europe, a larger\nsector of Mexico's industrial economy is food manufacturing, which includes\nseveral world-class companies, but the regional industry is undeveloped. Some\nnational brands have become international and local Mom and Pop producers but\nlittle manufacturing in between."
  },
  {
    "chapter_name": "Economy of Mexico",
    "chapter_id": "1",
    "section_number": "4.1",
    "section_name": "Electronics",
    "text": "A tablet PC and touch screen computer / television made by Mexican Meebox\n\nMexico's electronics industry has grown enormously within the last decade.\nMexico has the sixth largest electronics industry in the world after China,\nUnited States, Japan, South Korea, and Taiwan. Mexico is the second largest\nexporter of electronics to the United States, and it exported $71.4 billion\nworth of electronics in 2011. The Mexican electronics industry is dominated by\nthe manufacture and OEM design of televisions, displays, computers, mobile\nphones, circuit boards, semiconductors, electronic appliances, communications\nequipment and LCD modules. The Mexican electronics industry grew 20% between\n2010 and 2011, up from its constant growth rate of 17% between 2003 and 2009.\nElectronics represent 30% of Mexico's exports."
  },
  {
    "chapter_name": "Economy of Mexico",
    "chapter_id": "1",
    "section_number": "4.1.1",
    "section_name": "Televisions",
    "text": "The design and manufacture of flat panel plasma, LCD, and LED televisions is\nthe single largest sector of the Mexican electronics industry, representing\n25% of Mexico's electronics export revenue. In 2009 Mexico surpassed South\nKorea and China as the largest manufacturer of televisions, with Sony,\nToshiba, Samsung, Sharp (through Semex), Zenith LG, Lanix, TCL, RCA, Phillips,\nElcoteq, Tatung, Panasonic, and Vizio manufacturing CRT, LCD, LED and Plasma\ntelevisions in Mexico. Due to Mexico's position as the largest manufacturer of\ntelevisions, it is known as the television capital of the world in the\nelectronics industry."
  },
  {
    "chapter_name": "Economy of Mexico",
    "chapter_id": "1",
    "section_number": "4.1.2",
    "section_name": "Computers",
    "text": "Mexico is the third largest manufacturers of computers in the world with both\ndomestic companies such as Lanix, Texa, Meebox, Spaceit, Kyoto and foreign\ncompanies such as Dell, Sony, HP, Acer Compaq, Samsung and Lenovo\nmanufacturing various types of computers across the country. Most of the\ncomputers manufactured in Mexico are from foreign companies. Mexico is Latin\nAmerica's largest producer of electronics and appliances made by domestic\ncompanies."
  },
  {
    "chapter_name": "Economy of Mexico",
    "chapter_id": "1",
    "section_number": "4.1.3",
    "section_name": "OEM and ODM manufacturing",
    "text": "A Lanix LT10.1 high definition LCD assembled under OEM contract by Lanix for\nuse in a Sharp LCD television.\n\nMexico is also home to many OEM and ODM manufacturers, both foreign and\ndomestic. Among them include Foxconn, Celestica, Sanmina-SCI, Jabil, Elcoteq,\nFalco, Kimball International, Compal, Benchmark Electronics, Plexus, Lanix and\nFlextronics. These companies assemble finished electronics or design and\nmanufacture electronic components on behalf of larger companies such as Sony\nor Microsoft using locally sourced components, for example the ODM,\nFlextronics manufactures Xbox video games systems in Guadalajara, Mexico for\nMicrosoft using components such as power systems and printed circuit boards\nfrom a local company, Falco Electronics which acts as the OEM."
  },
  {
    "chapter_name": "Economy of Mexico",
    "chapter_id": "1",
    "section_number": "4.1.4",
    "section_name": "Engineering and design",
    "text": "The success and rapid growth of the Mexican electronics sector are driven\nprimarily by the relatively low cost of manufacturing and design in Mexico,\nits strategic position as a major consumer electronics market coupled with its\nproximity to both the large North American and South American markets, whom\nMexico shares free trade agreements with; government support in the form of\nlow business taxes, simplified access to loans and capital for both foreign\nmultinational and domestic startup tech-based firms; and a very large pool of\nhighly skilled, educated labor across all sectors of the tech industry. For\nexample, German multinational engineering and electronics conglomerate Siemens\nhas a significant Mexican base, which also serves as its business and strategy\nhub for Central American countries and the Caribbean region.\n\nThe Monterrey Institute of Technology and Higher Education is one of Mexico's\nmost prestigious technology and engineering universities and is ranked one of\nthe leading engineering institutions in Latin America.\n\nThere are almost half a million (451,000) students enrolled in electronics\nengineering programs with an additional 114,000 electronics engineers entering\nthe Mexican workforce each year and Mexico had over half a million (580,000)\ncertified electronic engineering professionals employed in 2007. From the late\n1990s, the Mexican electronics industry began to shift away from simple line\nassembly to more advanced work such as research, design, and the manufacture\nof advanced electronics systems such as LCD panels, semiconductors, printed\ncircuit boards, microelectronics, microprocessors, chipsets and heavy\nelectronic industrial equipment and in 2006 the number of certified engineers\nbeing graduated annually in Mexico surpassed that of the United States. Many\nKorean, Japanese and American appliances sold in the US are actually of\nMexican design and origin but sold under the OEM's client names. In 2008 one\nout of every four consumer appliances sold in the United States was of Mexican\ndesign."
  },
  {
    "chapter_name": "Economy of Mexico",
    "chapter_id": "1",
    "section_number": "4.1.5",
    "section_name": "Joint production",
    "text": "While many foreign companies like Phillips, Vizio and LG simply install wholly\nowned factories in Mexico; a number of foreign companies have set up semi-\nindependent joint venture companies with Mexican businesses to manufacture and\ndesign components in Mexico. These companies are independently operated from\ntheir foreign parent companies and are registered in Mexico. These local\ncompanies function under Mexican law and retain a sizable portion of the\nrevenue. These companies typically function dually as in-company OEM\ndevelopment and design facilities and manufacturing centers and usually\nproduce most components needed to manufacture the finished products. An\nexample would by Sharp which has formed Semex.\n\nSemex was founded as a joint venture between Sharp and Mexican investors which\nacts as an autonomous independent company which Sharp only maintains partial\ncontrol over. The company manufactures whole products such televisions and\ndesigns individual components on behalf of Sharp such as LCD modules and in\nreturn Semex is granted access to Sharp capital, technology, research capacity\nand branding. Notable foreign companies which have set up joint venture\nentities in Mexico include Samsung which formed Semex, a local designer and\nmanufacturer of finished televisions, white goods and individual electronic\ncomponents like printed circuit boards, LCD panels and semiconductors,\nToshiba, who formed Toshiba de México, S.A. de C.V., an administratively\nautonomous subsidiary which produces electronics parts, televisions and heavy\nindustrial equipment.\n\nSome of these subsidiaries have grown to expand into multiple branches\neffectively becoming autonomous conglomerates within their own parent\ncompanies. Sony for example started operations in Mexico in 1976 with a group\nof Mexican investors, and founded the joint venture, Sony de Mexico which\nproduces LED panels, LCD modules, automotive electronics, appliances and\nprinted circuit boards amongst other products for its Japanese parent company,\nSony KG. Sony de Mexico has research facilities in Monterrey and Mexico City,\ndesigns many of the Sony products manufactured in Mexico and has now expanded\nto create its own finance, music and entertainment subsidiaries which are\nMexican registered and independent of their Japanese parent corporation."
  },
  {
    "chapter_name": "Economy of Mexico",
    "chapter_id": "1",
    "section_number": "4.1.6",
    "section_name": "Domestic industry",
    "text": "Lanix W10 Ilium tablet PC.\n\nAlthough much of Mexico's electronics industry is driven by foreign companies,\nMexico also has a sizeable domestic electronics industry and a number of\nelectronics companies including Mabe, a major appliance manufacturer and OEM\nwhich has been functioning since the nineteen fifties and has expanded into\nthe global market, Meebox, a designer and manufacturer desktop and tablet\ncomputers, solar power panels and electronics components, Texa, which\nmanufactures computers laptops and servers, Falco, a major international\nmanufacturer of electronic components such as printed circuitboards, power\nsystems, semiconductors, gate drives and which has production facilities in\nMexico, India and China, and Lanix, Mexico's largest electronics company which\nmanufactures products such as computers, laptops, smartphones, LED and LCDs,\nflash memory, tablets, servers, hard drives, RAM, optical disk drives, and\nprinted circuitboards and employs over 11,000 people in Mexico and Chile and\ndistributes its products throughout Latin America. Another area being\ncurrently developed in Mexico is Robotics, Mexico's new Mexone robot has been\ndesigned with the idea that in future years develop a commercial application\nfor such advanced robots"
  },
  {
    "chapter_name": "Economy of Mexico",
    "chapter_id": "1",
    "section_number": "4.2",
    "section_name": "Oil",
    "text": "A Pemex offshore oil platform just off the coast of Ciudad del Carmen.\n\nMineral resources are public property by constitution. As such, the energy\nsector is administered by the government with varying degrees of private\ninvestment. Mexico is the fourteenth-largest oil producer in the world, with\n1,710,303 barrels per day (271,916.4 m3/d). Pemex, the state-owned company in\ncharge of administering research, exploration and sales of oil, is the largest\ncompany in Mexico, and the second largest in Latin America after Brazil's\nPetrobras. Pemex is heavily taxed of almost 62 per cent of the company's\nsales, a significant source of revenue for the government.\n\nWithout enough money to continue investing in finding new sources or upgrading\ninfrastructure, and being protected constitutionally from private and foreign\ninvestment, some have predicted the company may face institutional collapse.\nWhile the oil industry is still relevant for the government's budget, its\nimportance in GDP and exports has steadily fallen since the 1980s. In 1980 oil\nexports accounted for 61.6% of total exports; by 2000 it was only 7.3%."
  },
  {
    "chapter_name": "Economy of Mexico",
    "chapter_id": "1",
    "section_number": "4.3",
    "section_name": "Energy",
    "text": "Mexico's installed electricity capacity in 2008 was 58 GW. Of the installed\ncapacity, 75% is thermal, 19% hydro, 2% nuclear and 3% renewable other than\nhydro. The general trend in thermal generation is a decline in petroleum-based\nfuels and a growth in natural gas and coal. Since Mexico is a net importer of\nnatural gas, higher levels of natural gas consumption (i.e. for power\ngeneration) will likely depend upon higher imports from either the United\nStates or via liquefied natural gas (LNG)."
  },
  {
    "chapter_name": "Economy of Mexico",
    "chapter_id": "1",
    "section_number": "4.4",
    "section_name": "Manufacturing",
    "text": "A maquiladora assembly plant in Mexico.\n\nManufacturing in Mexico grew rapidly in the late 1960s with the end of the US\nfarm labor agreement known as the bracero program. This sent many farm\nlaborers back into the Northern border region with no source of income. As a\nresult, the US and Mexican governments agreed to The Border Industrialization\nProgram, which permitted US companies to assemble products in Mexico using raw\nmaterials and components from the US with reduced duties. The Border\nIndustrialization Program became known popularly as The Maquiladora Program or\nshortened to The Maquila Program.\n\nOver the years, simple assembly operations in Mexico have evolved into complex\nmanufacturing operations including televisions, automobiles, industrial and\npersonal products. While inexpensive commodity manufacturing has flown to\nChina, Mexico attracts U.S. manufacturers that need low-cost solutions near-by\nfor higher value end products and just-in-time components."
  },
  {
    "chapter_name": "Economy of Mexico",
    "chapter_id": "1",
    "section_number": "4.4.1",
    "section_name": "Automobiles",
    "text": "Mastretta-MXT-lg a lightweight and agile two-seat sports car, notable for its\nsleek design and performance capabilities.\n\nThe automotive sector accounts for 17.6% of Mexico's manufacturing sector.\nGeneral Motors, Chrysler, Ford Motor Company, Nissan, Fiat, Renault, Honda,\nToyota, and Volkswagen produce 2.8 million vehicles annually at 20 plants\nacross the country, mostly in Puebla. Mexico manufactures more automobiles of\nany North American nation. The industry produces technologically complex\ncomponents and engages in research and development.\n\nThe \"Big Three\" (General Motors, Ford and Chrysler) have been operating in\nMexico since the 1930s, while Volkswagen and Nissan built their plants in the\n1960s. In Puebla 70 industrial part-makers cluster around Volkswagen. In the\n2010s expansion of the sector was surging. In 2014 more than $10 billion in\ninvestment was committed in the first few months of the year. Kia Motors in\nAugust 2014 announced plans for a $1 billion factory in Nuevo León. At the\ntime Mercedes-Benz and Nissan were already building a $1.4 billion plant near\nAguascalientes, while BMW was planning a $1-billion assembly plant in San Luis\nPotosí. Additionally, Audi began building a $1.3 billion factory at San José\nChiapa near Puebla in 2013."
  },
  {
    "chapter_name": "Economy of Mexico",
    "chapter_id": "1",
    "section_number": "5",
    "section_name": "Retailing",
    "text": "OXXO store in Cancún, Quintana Roo Grupo Sanborns is a large chains of stores\nthat began in the early 20th century\n\nMexico has a MXN 4.027 trillion retail sector (2013, about US$300 billion at\nthe 2013 exchange rate) including an estimated US$12 billion (2015) in\ne-commerce. The largest retailer is Walmart, while the largest Mexico-based\nretailers are Soriana super/hypermarkets, FEMSA incl. its OXXO convenience\nstores, Coppel (department store), Liverpool department stores, Chedraui\nsuper/hypermarkets, and Comercial Mexicana super/hypermarkets. While urban\nareas like Mexico City, Monterrey, and Guadalajara dominate in terms of retail\ninfrastructure and consumer spending power, rural areas and smaller towns\nstill present opportunities for retailers, especially those catering to local\nneeds and preferences. Seasonal shopping patterns in Mexico can significantly\nimpact retail sales. For instance, major holidays like Christmas, Día de los\nMuertos (Day of the Dead), and Easter prompt increased spending on gifts,\nfood, and decorations. International luxury brands have expanded their\npresence in Mexico, opening flagship stores in prestigious shopping districts\nsuch as Polanco in Mexico City, Santa Fe, and upscale malls like Antara\nPolanco and Centro Santa Fe."
  },
  {
    "chapter_name": "Economy of Mexico",
    "chapter_id": "1",
    "section_number": "6",
    "section_name": "Services",
    "text": "Camino Real Hotels\n\nIn 2013 the tertiary sector was estimated to account for 59.8% of Mexico's\nGDP. In 2011 services employed 61.9% of the working population. This section\nincludes transportation, commerce, warehousing, restaurant and hotels, arts\nand entertainment, health, education, financial and banking services,\ntelecommunications as well as public administration and defense. Mexico's\nservice sector is strong, and in 2001 replaced Brazil's as the largest service\nsector in Latin America in dollar terms."
  },
  {
    "chapter_name": "Economy of Mexico",
    "chapter_id": "1",
    "section_number": "6.1",
    "section_name": "Tourism",
    "text": "The beach in Cancún, México.\n\nTourism is one of the most important industries in Mexico. It is the fourth\nlargest source of foreign exchange for the country. Mexico is the eighth most\nvisited country in the world (with over 20 million tourists a year)."
  },
  {
    "chapter_name": "Economy of Mexico",
    "chapter_id": "1",
    "section_number": "6.1.1",
    "section_name": "Banking system",
    "text": "BBVA Bancómer Tower\n\nAccording to the IMF the Mexican banking system is strong, in which private\nbanks are profitable and well-capitalized. The financial and banking sector is\nincreasingly dominated by foreign companies or mergers of foreign and Mexican\ncompanies with the notable exception of Banorte. The acquisition of Banamex,\none of the oldest surviving financial institutions in Mexico, by Citigroup was\nthe largest US-Mexico corporate merger, at US$12.5 billion. The largest\nfinancial institution in Mexico is Bancomer associated to the Spanish BBVA.\n\nThe process of institution building in the financial sector in Mexico has\nevolved hand in hand with the efforts of financial liberalization and of\ninserting the economy more fully into world markets. Over the recent years,\nthere has been a wave of acquisitions by foreign institutions such as US-based\nCitigroup, Spain's BBVA and the UK's HSBC. Their presence, along with a better\nregulatory framework, has allowed Mexico's banking system to recover from the\n1994–95 peso crisis. Lending to the public and private sector is increasing\nand so is activity in the areas of insurance, leasing and mortgages. However,\nbank credit accounts for only 22% of GDP, which is significantly low compared\nto 70% in Chile. Credit to the Agricultural sector has fallen 45.5% in six\nyears (2001 to 2007), and now represents about 1% of total bank loans. Other\nimportant institutions include savings and loans, credit unions (known as\n\"cajas populares\"), government development banks, “non-bank banks”, bonded\nwarehouses, bonding companies and foreign-exchange firms.\n\nA wave of acquisitions has left Mexico's financial sector in foreign hands.\nTheir foreign-run affiliates compete with independent financial firms\noperating as commercial banks, brokerage and securities houses, insurance\ncompanies, retirement-fund administrators, mutual funds, and leasing\ncompanies."
  },
  {
    "chapter_name": "Economy of Mexico",
    "chapter_id": "1",
    "section_number": "6.1.2",
    "section_name": "Securities market",
    "text": "The Mexican Stock Exchange\n\nMexico has a single securities market, the Mexican Stock Exchange (**Bolsa\nMexicana de Valores** , known as the Bolsa). The market has grown steadily,\nwith its main indices increasing by more than 600% in the last decade. It is\nLatin America's second largest exchange, after Brazil's. The total value of\nthe domestic market capitalization of the BMV was calculated at US$409 billion\nat the end of 2011, and raised to US$451 billion by the end of February this\nyear.\n\nPacific Alliance-Logo Since 2014 it is part of the Mercado Integrado\nLatinoamericano, as part of a unified bag of The Pacific Alliance.\n\nThe Indice de Precios y Cotizaciones (IPC, the general equities index) is the\nbenchmark stock index on the Bolsa. In 2005 the IPC surged 37.8%, to 17,802.71\nfrom 12,917.88, backed by a stronger Mexican economy and lower interest rates.\nIt continued its steep rise through the beginning of 2006, reaching 19,272.63\npoints at end-March 2006. The stockmarket also posted a record low vacancy\nrate, according to the central bank. Local stockmarket capitalisation totalled\nUS$236bn at end-2005, up from US$170 bn at end-2004. As of March 2006 there\nwere 135 listed companies, down from 153 a year earlier. Only a handful of the\nlisted companies are foreign. Most are from Mexico City or Monterrey;\ncompanies from these two cities compose 67% of the total listed companies.\n\nThe IPC consists of a sample of 35 shares weighted according to their market\ncapitalisation. The largest companies include America Telecom, the holding\ncompany that manages Latin America's largest mobile company, América Móvil;\nTelmex, Mexico's largest telephone company; Grupo Bimbo, world's biggest\nbaker; and Wal-Mart de México, a subsidiary of the US retail company. The\nmakeup of the IPC is adjusted every six months, with selection aimed at\nincluding the most liquid shares in terms of value, volume and number of\ntrades.\n\nMexico's stock market is closely linked to developments in the US. Thus,\nvolatility in the New York and Nasdaq stock exchanges, as well as interest-\nrate changes and economic expectations in the US, can steer the performance of\nMexican equities. This is both because of Mexico's economic dependence on the\nUS and the high volume of trading in Mexican equities through American\nDepositary Receipts (ADRs). Currently, the decline in the value of the dollar\nis making non-US markets, including Mexico's, more attractive.\n\nDespite the recent gains, investors remain wary of making placements in\nsecond-tier initial public offerings (IPOs). Purchasers of new issues were\ndisappointed after prices fell in numerous medium-sized companies that made\nofferings in 1996 and 1997. IPO activity in Mexico remains tepid and the\nmarket for second-tier IPOs is barely visible. There were three IPOs in 2005."
  },
  {
    "chapter_name": "Economy of Mexico",
    "chapter_id": "1",
    "section_number": "6.1.3",
    "section_name": "Banco de México",
    "text": "Banco de México headquarters Financial indicators  Currency exchange rate  | 17.08 MXN per US$1 (February 27, 2024)\n---|---\nReserves  | US $214.413 billion (2023)\nGovernment budget  | US $196.5 billion (revenues)\nPublic debt  | 20.7% of GDP (2006)\nExternal debt  | US $178.3 billion (2006)\nBank funding rate  | 5.25% (May 15, 2009)\n\nBanco de México is Mexico's central bank, an internally autonomous public\ninstitution whose governor is appointed by the president and approved by the\nlegislature to which it is fully responsible. Banco de México's functions are\noutlined in the 28th article of the constitution and further expanded in the\nMonetary Law of the United Mexican States. Banco de México's main objective is\nto achieve stability in the purchasing power of the national currency. It is\nalso the lender of last resort."
  },
  {
    "chapter_name": "Economy of Mexico",
    "chapter_id": "1",
    "section_number": "6.1.4",
    "section_name": "Currency policy",
    "text": "Mexico has a floating exchange rate regime.\n\nThe floating exchange originated with reforms initiated after the December\n1994 peso crash which had followed an unsustainable adherence to a short band.\nUnder the new system, Banco de México now makes no commitment to the level of\nthe peso exchange rate, although it does employ an automatic mechanism to\naccumulate foreign reserves. It also possesses tools aimed at smoothing out\nvolatility. The Exchange Rate Commission sets policy; it is made up of six\nmembers—three each from the Ministry of Finance and Public Credit (Secretaría\nde Hacienda y Crédito Publico—SHCP) and the central bank, with the SHCP\nholding the deciding vote.\n\nIn August 1996, Banco de México initiated a mechanism to acquire foreign\nreserves when the peso is strong, without giving the market signals about a\ntarget range for the exchange rate. The resulting high levels of reserves,\nmostly from petroleum revenues, have helped to improve the terms and\nconditions on debt Mexico places on foreign markets. However, there is concern\nthat the government relies too heavily on oil income in order to build a\nhealthy base of reserves. According to the central bank, international\nreserves stood at US$75.8 billion in 2007. In May 2003, Banco de México\nlaunched a program that sells U.S. dollars via a monthly auction, with the\ngoal of maintaining a stable, but moderate, level of reserves.\n\nFrom April 1, 1998, through April 1, 2008, the Peso traded around a range\nvarying from $8.46 MXN per US$1.00 on April 21, 1998, to $11.69 MXN per\nUS$1.00 on May 11, 2004, a 10-year peak depreciation of 38.18% between the two\nreference date extremes before recovering.\n\nAfter the onset of the US credit crisis that accelerated in October 2008, the\nPeso had an exchange rate during October 1, 2008, through April 1, 2009,\nfluctuating from lowest to highest between $10.96 MXN per US$1.00 on October\n1, 2008, to $15.42 MXN per US$1.00 on March 9, 2009, a peak depreciation ytd\nof 28.92% during those six months between the two reference date extremes\nbefore recovering.\n\nFrom the $11.69 rate during 2004's low to the $15.42 rate during 2009's low,\nthe peso depreciated 31.91% in that span covering the US recession coinciding\nIraq War of 2003 and 2004 to the US & Global Credit Crisis of 2008.\n\nSome experts including analysts at Goldman Sachs who coined the term BRIC in\nreference to the growing economies of Brazil, Russia, India, and China for\nmarketing purposes believe that Mexico is going to be the 5th or 6th biggest\neconomy in the world by the year 2050, behind China, United States, India,\nBrazil, and possibly Russia."
  },
  {
    "chapter_name": "Economy of Mexico",
    "chapter_id": "1",
    "section_number": "6.1.5",
    "section_name": "Monetary system",
    "text": "Old hall of the Treasury at the National Palace.\n\nMexico's monetary policy was revised following the 1994–95 financial crisis,\nwhen officials decided that maintaining general price stability was the best\nway to contribute to the sustained growth of employment and economic activity.\nAs a result, Banco de México has as its primary objective maintaining\nstability in the purchasing power of the peso. It sets an inflation target,\nwhich requires it to establish corresponding quantitative targets for the\ngrowth of the monetary base and for the expansion of net domestic credit.\n\nThe central bank also monitors the evolution of several economic indicators,\nsuch as the exchange rate, differences between observed and projected\ninflation, the results of surveys on the public and specialists’ inflation\nexpectations, revisions on collective employment contracts, producer prices,\nand the balances of the current and capital accounts.\n\nA debate continues over whether Mexico should switch to a US-style interest\nrate-targeting system. Government officials in favor of a change say that the\nnew system would give them more control over interest rates, which are\nbecoming more important as consumer credit levels rise.[_citation needed_]\n\nUntil 2008[_citation needed_], Mexico used a unique system, amongst the OECD\ncountries, to control inflation in a mechanism known as the _corto_ (lit.\n\"shortage\") a mechanism that allowed the central bank to influence market\ninterest rates by leaving the banking system short of its daily demand for\nmoney by a predetermined amount. If the central bank wanted to push interest\nrates higher, it increased the _corto_. If it wished to lower interest rates,\nit decreased the _corto_. In April 2004, the Central Bank began setting a\nreferential overnight interest rate as its monetary policy.[_citation needed_]"
  },
  {
    "chapter_name": "Economy of Mexico",
    "chapter_id": "1",
    "section_number": "6.1.6",
    "section_name": "Corruption",
    "text": "Facade of the former convent and current Interactive Museum of Economics on\nTacuba Street\n\nPetty corruption based on exercise of administrative discretion in matters of\nzoning and business permits is endemic in Mexico adding about 10% to the cost\nof consumer goods and services. An April 2012 article in _The New York Times_\nreporting payment of bribes to officials throughout Mexico in order to obtain\nconstruction permits, information, and other favors resulted in investigations\nin both the United States and Mexico.\n\nUsing relatively recent night light data and electricity consumption in\ncomparison with Gross County Product, the informal sector of the local economy\nin Veracruz state is shown to have grown during the period of the Fox\nAdministration though the regional government remained PRI. The assumption\nthat the informal economy of Mexico is a constant 30% of total economic\nactivity is not supported at the local level. The small amount of local\nspatial autocorrelation that was found suggests a few clusters of high and low\nliteracy rates amongst municipios in Veracruz but not enough to warrant\nincluding an I-statistic as a regressor. Global spatial autocorrelation is\nfound especially literacy at the macro-regional level which is an area for\nfurther research beyond this study.\n\nImproved literacy bolsters both the informal and formal economies in Veracruz\nindicating policies designed to further literacy are vital for growing the\nregional economy. While indigenous people are relatively poor, little evidence\nwas found that the informal economy is a higher percentage of total economic\nactivity in a municipio with a high share of indigenous people. While the\nformal economy might have been expanding relative to the informal economy in\n2000, by 2006 this process had been reversed with growing informality. While\nrural municipios have smaller economies, they are not different than urban\nmunicipios in the share of the economy that is informal. Programs in the past\nthat might move economic activity from the informal to the formal sector have\nnot succeeded, suggesting public finance issues such as tax evasion will\ncontinue to plague the state with low government revenues."
  },
  {
    "chapter_name": "Economy of Mexico",
    "chapter_id": "1",
    "section_number": "7",
    "section_name": "Trade",
    "text": "World Trade Center in Mexico City International trade  Exports  | US $248.8 billion f.o.b. (2006)\n---|---\nImports  | US $253.1 billion f.o.b. (2006)\nCurrent account  |  US $400.1 million (2006)\nExport partners  | US 90.9%, Canada 2.2%, Spain 1.4%, Germany 1.3%, Colombia 0.9% (2006)\nImport partners  | US 53.4%, China 8%, Japan 5.9% (2005)\n\nMexico is a trade-oriented economy, with imports and exports totaling a 78%\nshare of the GDP in 2019. It is an important trade power as measured by the\nvalue of merchandise traded, and the country with the greatest number of free\ntrade agreements. In 2020, Mexico was the world's eleventh largest merchandise\nexporter and thirteenth largest merchandise importer, representing 2.4% and\n2.2% of world trade, respectively (and those rankings increased to 7th and 9th\nif the EU is considered a single trading entity). From 1991 to 2005, Mexican\ntrade increased fivefold. Mexico is the biggest exporter and importer in Latin\nAmerica; in 2020, Mexico alone exported US$417.7 billion, roughly equivalent\nto the sum of the exports of the next 5 largest exporters (Brazil, Chile,\nArgentina, Peru, and Colombia).\n\nMexican trade is fully integrated with that of its North American partners: as\nof 2019[update], approximately 80% of Mexican exports and 50% of its imports\nwere traded with the United States and Canada. Nonetheless, NAFTA has not\nproduced trade diversion. While trade with the United States increased 183%\nfrom 1993 to 2002, and that with Canada 165%, other trade agreements have\nshown even more impressive results: trade with Chile increased 285%, with\nCosta Rica 528% and Honduras 420%. Trade with the European Union increased\n105% over the same time period."
  },
  {
    "chapter_name": "Economy of Mexico",
    "chapter_id": "1",
    "section_number": "7.1",
    "section_name": "Free trade agreements",
    "text": "Mexico joined the General Agreement on Tariffs and Trade (GATT) in 1986, and\ntoday is an active and constructive participant of the World Trade\nOrganization. Fox's administration promoted the establishment of a Free Trade\nArea of the Americas; Puebla served as temporary headquarters for the\nnegotiations, and several other cities are now candidates for its permanent\nheadquarters if the agreement is reached and implemented.\n\nMexico has signed 12 free trade agreements with 44 countries:\n\n* The North American Free Trade Agreement (NAFTA) (1992) later United States–Mexico–Canada Agreement (USMCA) (2019) with the United States and Canada;\n* Grupo de los tres, _Group of the three [countries]_ , or G-3 (1994) with Colombia and Venezuela; the latter decided to terminate the agreement in 2006;\n* Free Trade Agreement with Costa Rica (1994); superseded by the 2011 integrated Free Trade Agreement with the Central American countries;\n* Free Trade Agreement with Bolivia (1994); terminated in 2010;\n* Free Trade Agreement with Nicaragua (1997); superseded by the 2011 integrated Free Trade Agreement with the Central American countries;\n\nCountries with which Mexico has signed an FTA\n\n* Free Trade Agreement with Chile (1998);\n* Free Trade Agreement with the European Union (2000);\n* Free Trade Agreement with Israel (2000);\n* Northern Triangle Free Trade Agreement (2000), with Guatemala, El Salvador and Honduras; superseded by the 2011 integrated Free Trade Agreement with the Central American countries;\n* Free Trade Agreement with the European Free Trade Association (EFTA), integrated by Iceland, Norway, Liechtenstein and Switzerland (2001);\n* Free Trade Agreement with Uruguay (2003);\n* Free Trade Agreement with Japan (2004);\n* Free Trade Agreement with Peru (2011);\n* The integrated Free Trade Agreement with Costa Rica, El Salvador, Guatemala, Honduras and Nicaragua (2011);\n* Free Trade Agreement with Panama (2014); and\n* The Comprehensive and Progressive Agreement for Trans-Pacific Partnership (CPTPP) (2018).\n\nMexico has shown interest in becoming an associate member of Mercosur. The\nMexican government has also started negotiations with South Korea, Singapore\nand Peru, and also wishes to start negotiations with Australia for a trade\nagreement between the two countries."
  },
  {
    "chapter_name": "Economy of Mexico",
    "chapter_id": "1",
    "section_number": "7.1.1",
    "section_name": "North American Trade Agreement and the USMCA Agreement",
    "text": "The NAFTA emblem Dual carriageway highways in Mexico, in red. To facilitate\ntrade and exports, especially to the United States, Mexico has improved its\nhighways.\n\nThe 1994 North American Trade Agreement (NAFTA) is by far the most important\nTrade Agreement Mexico has signed both in the magnitude of reciprocal trade\nwith its partners as well as in its scope. Unlike the rest of the Free Trade\nAgreements that Mexico has signed, NAFTA is more comprehensive in its scope\nand was complemented by the North American Agreement for Environmental\nCooperation (NAAEC) and the North American Agreement on Labor Cooperation\n(NAALC). An updating of the 1994 NAFTA, the U.S., Mexico, Canada (USMCA) is\npending in early 2020, awaiting the ratification by Canada; the U.S. and\nMexico have ratified it.\n\nThe NAAEC agreement was a response to environmentalists' concerns that\ncompanies would relocate to Mexico or the United States would lower its\nstandards if the three countries did not achieve a unanimous regulation on the\nenvironment. The NAAEC, in an aim to be more than a set of environmental\nregulations, established the North American Commission for Environmental\nCooperation (NACEC), a mechanism for addressing trade and environmental\nissues, the North American Development Bank (NADBank) for assisting and\nfinancing investments in pollution reduction and the Border Environmental\nCooperation Commission (BECC). The NADBank and the BECC have provided economic\nbenefits to Mexico by financing 36 projects, mostly in the water sector. By\ncomplementing NAFTA with the NAAEC, it has been labeled the \"greenest\" trade\nagreement.\n\nThe NAALC supplement to NAFTA aimed to create a foundation for cooperation\namong the three members for the resolution of labor problems, as well as to\npromote greater cooperation among trade unions and social organizations in all\nthree countries, in order to fight for the improvement of labor conditions.\nThough most economists agree that it is difficult to assess the direct impact\nof the NAALC, it is agreed that there has been a convergence of labor\nstandards in North America. Given its limitations, however, NAALC has not\nproduced (and in fact was not intended to achieve) convergence in employment,\nproductivity and salary trend in North America.\n\nThe agreement fell short in liberalizing movement of people across the three\ncountries. In a limited way, however, immigration of skilled Mexican and\nCanadian workers to the United States was permitted under the TN status. NAFTA\nallows for a wide list of professions, most of which require at least a\nbachelor's degree, for which a Mexican or a Canadian citizen can request TN\nstatus and temporarily immigrate to the United States. Unlike the visas\navailable to other countries, TN status requires no sponsorship, but simply a\njob offer letter.\n\nOutgoing Mexican President Enrique Peña Nieto, U.S. President Donald Trump,\nand Canadian Prime Minister Justin Trudeau sign the agreement during the G20\nsummit in Buenos Aires, Argentina, on November 30, 2018.\n\nThe overall benefits of NAFTA have been quantified by several economists,\nwhose findings have been reported in several publications like the World\nBank's Lessons from NAFTA for Latin America and the Caribbean, NAFTA's Impact\non North America, and NAFTA revisited by the Institute for International\nEconomics. They assess that NAFTA has been positive for Mexico, whose poverty\nrates have fallen, and real income salaries have risen even after accounting\nfor the 1994–1995 economic crisis. Nonetheless, they also state that it has\nnot been enough, or fast enough, to produce an economic convergence nor to\nreduce the poverty rates substantially or to promote higher rates of growth.\nBeside this the textile industry gain hype with this agreement and the textile\nindustry in Mexico gained open access to the American market, promoting\nexports to the United States. The value of Mexican cotton and apparel exports\nto the U.S. grew from $3 billion in 1995 to $8.4 billion in 2002, a record\nhigh of $9.4 billion in 2000. At the same time, the share of Mexico's cotton\ntextile market the U.S. has increased from 8 percent in 1995 to 13 percent in\n2002.[_citation needed_] Some have suggested that in order to fully benefit\nfrom the agreement Mexico should invest in education and promote innovation as\nwell as in infrastructure and agriculture.\n\nContrary to popular belief, the maquiladora program existed far before NAFTA,\ndating to 1965. A maquiladora manufacturer operates by importing raw materials\ninto Mexico either tariff free (NAFTA) or at a reduced rate on a temporary\nbasis (18 months) and then using Mexico's relatively less expensive labor\ncosts to produce finished goods for export. Prior to NAFTA maquiladora\ncompanies importing raw materials from anywhere in the world were given\npreferential tariff rates by the Mexican government so long as the finished\ngood was for export. The US, prior to NAFTA, allowed Maquiladora manufactured\ngoods to be imported into the US with the tariff rate only being applied to\nthe value of non US raw materials used to produce the good, thus reducing the\ntariff relative to other countries. NAFTA has eliminated all tariffs on goods\nbetween the two countries, but for the maquiladora industry significantly\nincreased the tariff rates for goods sourced outside of NAFTA.[_citation\nneeded_]\n\nGiven the overall size of trade between Mexico and the United States, there\nare remarkably few trade disputes, involving relatively small dollar amounts.\nThese disputes are generally settled in WTO or NAFTA panels or through\nnegotiations between the two countries. The most significant areas of friction\ninvolve trucking, sugar, high-fructose corn syrup, and a number of other\nagricultural products."
  },
  {
    "chapter_name": "Economy of Mexico",
    "chapter_id": "1",
    "section_number": "7.2",
    "section_name": "Mexican trade facilitation and competitiveness",
    "text": "Polanco has one of the most expensive streets in the Americas Avenida\nPresidente Masaryk. The buildings to the left of the Scotiabank tower are not\nin Polanco, they are in Lomas de Chapultepec.\n\nA 2008 research brief published by the World Bank as part of its Trade Costs\nand Facilitation Project suggested that Mexico had the potential to\nsubstantially increase trade flows and economic growth through trade\nfacilitation reform. The study examined the potential impacts of trade\nfacilitation reforms in four areas: port efficiency, customs administration,\ninformation technology, and regulatory environment (including standards).\n\nThe study projected overall increments from domestic reforms to be on the\norder of $31.8 billion, equivalent to 22.4 percent of total Mexican\nmanufacturing exports for 2000–03. On the imports side, the corresponding\nfigures are $17.1 billion and 11.2 percent, respectively. Increases in\nexports, including textiles, would result primarily from improvements in port\nefficiency and the regulatory environment. Exports of transport equipment\nwould be expected to increase by the greatest increment from improvements in\nport efficiency, whereas exports of food and machinery would largely be the\nresult of improvements in the regulatory environment. On the imports side,\nMexican improvements in port efficiency would appear to be the most important\nfactor, although for imports of transport equipment, improvements in service\nsector infrastructure would also be of relative importance."
  },
  {
    "chapter_name": "Economy of Mexico",
    "chapter_id": "1",
    "section_number": "7.3",
    "section_name": "Major trade partners",
    "text": "The following table shows the largest trading partners for Mexico in 2021 by\ntotal trade value in billions of USD.\n\nCountry  | Trade Value  | Import Value  | Export Value  | Balance\n---|---|---|---|---\nUnited States | 609.67  | 221.31  | 388.36  | 167.05\nChina | 120.16  | 101.02  | 19.14  | -81.88\nCanada | 37.93  | 11.22  | 26.71  | 15.49\nSouth Korea | 26.85  | 18.96  | 7.89  | -11.08\nGermany | 26.50  | 17.21  | 9.29  | -7.93\nJapan | 22.85  | 17.08  | 5.78  | -11.30\nBrazil | 13.49  | 8.72  | 4.77  | -3.95\nMalaysia | 12.95  | 12.39  | 0.556  | -11.83\nSpain | 10.10  | 4.58  | 5.52  | 0.935\nIndia | 10.06  | 5.92  | 4.14  | -1.78"
  }
]