[
  {
    "chapter_name": "Economy of Chile",
    "chapter_id": "1",
    "section_number": "1",
    "section_name": "Introduction",
    "text": "The **economy of Chile** operates as a market economy and is classified as a\nhigh-income economy by the World Bank. It is recognized as one of the most\nprosperous countries in South America, leading the region in areas such as\ncompetitiveness, income per capita, globalization, economic freedom, and low\nlevels of perceived corruption. Despite its prosperity, Chile experiences\nsignificant economic inequality, as reflected by its Gini index, though this\nis close to the regional average. Among Organisation for Economic Co-operation\nand Development (OECD) countries, Chile has a robust social security system,\nwith social welfare expenditures amounting to approximately 19.6% of GDP.\n\nIn 2006, Chile achieved the highest nominal GDP per capita in Latin America.\nIn May 2010, it became the first South American nation to join the OECD.\nHowever, tax revenues, which were 20.2% of GDP in 2013, remained the second\nlowest among the 34 OECD countries, having been the lowest in 2010. Chile's\ninequality-adjusted Human Development Index (HDI) was 0.704, compared to 0.747\nfor Argentina, 0.720 for Uruguay, and 0.577 for Brazil. As of 2017, only 0.7%\nof Chile's population lived on less than $1.90 per day. According to\nstatistics of the Chilean government, 20.9% of the population continues to be\naffected by multidimensional poverty.\n\nThe Global Competitiveness Report for 2009–2010 ranked Chile as the 30th most\ncompetitive country in the world and the highest-ranked in Latin America,\nsignificantly outperforming Brazil (56th), Mexico (60th), and Argentina\n(85th); however, Chile has since fallen out of the top 30. According to the\nWorld Bank's Ease of Doing Business Index, Chile was ranked 34th globally in\n2014, 41st in 2015, and 48th in 2016. Chile's privatized national pension\nsystem, known as the Administradoras de Fondos de Pensiones (AFP), contributed\nto a domestic savings rate of about 21% of GDP. In 2023, in response to an\neconomic slowdown, Chile introduced a temporary basic income program aimed at\nsupporting families through transfer payments as part of an expansionary\nfiscal policy."
  },
  {
    "chapter_name": "Economy of Chile",
    "chapter_id": "1",
    "section_number": "1",
    "section_name": "History",
    "text": "Change in per capita GDP of Chile, 1820–2018. Figures are inflation-adjusted\nto 2011 international dollars.\n\nAfter Spanish arrival in the 15th century Chilean economy came to revolve\naround autarchy estates called fundos and around the army that was engaged in\nthe Arauco War. During early colonial times there were gold exports to Peru\nfrom placer deposits which soon depleted. Trade restrictions and monopolies\nestablished by the Spanish crown are credited for having held back economic\ndevelopment for much of the colonial times. As effect of these restrictions\nthe country incorporated very few new crops and animal breeds after initial\nconquest. Other sectors that were held back by restrictions were the wine and\nmining industries. The Bourbon reforms in the 18th century eased many\nmonopolies and trade restrictions.\n\nIn the 1830s Chile consolidated under the ideas of Diego Portales as a stable\nstate open to foreign trade. Foreign investment in Chile grew over the 19th\ncentury. After the War of the Pacific the Chilean treasury grew by 900%. The\nLeague of Nations labeled Chile the country hardest hit by the Great\nDepression because 80% of government revenue came from exports of copper and\nnitrates, which were in low demand. After the Great Depression Chilean\neconomic policies changed toward import substitution industrialization and the\nProduction Development Corporation was established.\n\nUnder the influence of the Chicago Boys the Pinochet regime made of Chile a\nleading country in establishing neoliberal policies. These policies allowed\nlarge corporations to consolidate their power over the Chilean economy,\nleading to long-term economic growth. The crisis of 1982 caused the\nappointment of Hernán Büchi as minister of finance and a sharp revision of\neconomic policy. Despite a general selling of state property and contrary to\nneoliberal prescriptions, the regime retained the lucrative state owned mining\ncompany Codelco which stands for about 30% of government income.\n\nAccording to the CIA World Factbook, during the early 1990s, Chile's\nreputation as a role model for economic reform was strengthened when the\ndemocratic government of Patricio Aylwin, who took over from the military in\n1990, deepened the economic reform initiated by the military government. The\nAylwin government departed significantly from the neoliberal doctrine of the\nChicago boys, as evidenced by higher government expenditure on social programs\nto tackle poverty and poor quality housing. Growth in real GDP averaged 8%\nfrom 1991 to 1997,[_citation needed_] but fell to half that level in 1998\nbecause of tight monetary policies (implemented to keep the current account\ndeficit in check) and lower exports due to the 1997 Asian financial crisis.\nChile's economy has since recovered and has seen growth rates of 5–7% over the\npast several years.[_citation needed_]\n\nAfter a decade of impressive growth rates, Chile began to experience a\nmoderate economic downturn in 1999, brought on by unfavorable global economic\nconditions related to the 1997 Asian financial crisis. The economy remained\nsluggish until 2003, when it began to show clear signs of recovery, achieving\n4.0% real GDP growth. The Chilean economy finished 2004 with growth of 6.0%.\nReal GDP growth reached 5.7% in 2005 before falling back to 4.0% in 2006. GDP\nexpanded by 5.1% in 2007."
  },
  {
    "chapter_name": "Economy of Chile",
    "chapter_id": "1",
    "section_number": "2",
    "section_name": "Sectors",
    "text": "During 2012, the largest sectors by GDP were mining (mainly copper), business\nservices, personal services, manufacturing and wholesale and retail trade.\nMining also represented 59.5% of exports in the period, while the\nmanufacturing sector accounted for 34% of exports, concentrated mainly in food\nproducts, chemicals and pulp, paper and others."
  },
  {
    "chapter_name": "Economy of Chile",
    "chapter_id": "1",
    "section_number": "2.1",
    "section_name": "Agriculture",
    "text": "Chile is one of the 5 largest world producers of cherry and cranberry, and one\nof the 10 largest world producers of grape, apple, kiwi, peach, plum and\nhazelnut, focusing on exporting high-value fruits.\n\nIn 2018, Chile was the 9th largest producer of grapes in the world, with 2\nmillion tons produced; the 10th largest producer of apples in the world, with\n1.7 million tons produced; and the 6th largest producer of kiwi in the world,\nwith 230 thousand tons produced, in addition to producing 1.4 million tons of\nwheat, 1.1 million tons of maize, 1.1 million tons of potatoes, 951 thousand\ntons of tomatoes, 571 thousand tons of oats, 368 thousand tons of onions, 319\nthousand tons of peaches, 280 thousand tons of pears, 192 thousand tons of\nrice, 170 thousand tons of barley, 155 thousand tons of cherries, 151 thousand\ntons of lemons, 118 thousand tons of tangerines, 113 thousand tons of oranges,\n110 thousand tons of olives, 106 thousand tons of cranberries, in addition to\nsmaller productions of other agricultural products.\n\nAgriculture and allied sectors like forestry, logging and fishing accounts\nonly for 4.9% of the GDP as of 2007 and employed 13.6% of the country's labor\nforce. Some major agriculture products of Chile includes grapes, apples,\npears, onions, wheat, corn, oats, peaches, garlic, asparagus, beans, beef,\npoultry, wool, fish and timber.\n\nChile's position in the Southern Hemisphere leads to an agricultural season\ncycle opposite to those of the principal consumer markets, primarily located\nin the Northern Hemisphere. Chile's extreme north–south orientation produces\nseven different macro-regions distinguished by climate and geographical\nfeatures, which allows the country itself to stagger harvests and results in\nextended harvesting seasons. However, the mountainous landscape of Chile\nlimits the extent and intensity of agriculture so that arable land corresponds\nonly to 2.62% of the total territory. Through Chile's trade agreements, its\nagricultural products have gained access to a market controlling 77% of the\nworld's GDP and by approximately 2012, 74% of Chilean agribusiness exports\nwill be duty-free.\n\nChile's principal growing region and agricultural heartland is the Central\nValley delimited by the Chilean Coast Range in the west, the Andes in the east\nAconcagua River by the north and Bío-Bío River by the south. In the northern\nhalf of Chile cultivation is highly dependent on irrigation. South of the\nCentral Valley cultivation is gradually replaced by aquaculture, silviculture,\nsheep and cattle farming."
  },
  {
    "chapter_name": "Economy of Chile",
    "chapter_id": "1",
    "section_number": "2.1.1",
    "section_name": "Salmon",
    "text": "Chile is the second largest producer of salmon in the world. As of August\n2007, Chile's share of worldwide salmon industry sales was 38.2%, rising from\njust 10% in 1990. The average growth rate of the industry for the 20 years\nbetween 1984 and 2004 was 42% per year. The presence of large foreign firms in\nthe salmon industry has brought what probably most contributes to Chile's\nburgeoning salmon production, technology. Technology transfer has allowed\nChile to build its global competitiveness and innovation and has led to the\nexpansion of production as well as to an increase in average firm size in the\nindustry. In November 2018, the Chinese company Joyvio Group (Legend Holdings)\nbought the Chilean salmon producer Australis Seafoods for $880 million, thus\ngaining control over 30% of all Chilean salmon exports."
  },
  {
    "chapter_name": "Economy of Chile",
    "chapter_id": "1",
    "section_number": "2.1.2",
    "section_name": "Forestry",
    "text": "The Chilean forestry industry grew to comprise 13% of the country's total\nexports in 2005, making it one of the largest export sectors for Chile.\nRadiata Pine and Eucalyptus comprise the vast majority of Chile's forestry\nexports. Within the forestry sector, the largest contributor to total\nproduction is pulp, followed by wood-based panels and lumber. Due to popular\nand increasing demands for Chile's forestry products, the government is\ncurrently focusing on increasing the already vast acreage of Chile's Pine and\nEucalyptus plantations as well as opening new industrial plants."
  },
  {
    "chapter_name": "Economy of Chile",
    "chapter_id": "1",
    "section_number": "2.1.3",
    "section_name": "Wine",
    "text": "Wines of Chile\n\nChile's unique geography and climate make it ideal for winegrowing and the\ncountry has made the top ten list of wine producers many times in the last few\ndecades.\n\nThe popularity of Chilean wine has been attributed not just to the quantity\nproduced but also to increasing levels of quality. The combination of quantity\nand quality allows Chile to export excellent wines at reasonable prices to the\ninternational market."
  },
  {
    "chapter_name": "Economy of Chile",
    "chapter_id": "1",
    "section_number": "2.2",
    "section_name": "Mining",
    "text": "Chile produces more than a third of the world's copper.\n\nThe mining sector in Chile is one of the pillars of Chilean economy. The\nChilean government strongly supports foreign investment in the sector and has\nmodified its mining industry laws and regulations to create a favorable\ninvesting environment for foreigners. Thanks to a large amount of copper\nresources, complaisant legislation and an unregulated investment environment,\nChile has become one of the main copper producers, with almost 30% of the\nglobal annual copper output.\n\nIn addition to copper, Chile was, in 2019, the world's largest producer of\niodine and rhenium, the second largest producer of lithium and molybdenum, the\nsixth largest producer of silver, the seventh largest producer of salt, the\neighth largest producer of potash, the thirteenth producer of sulfur and the\nthirteenth producer of iron ore in the world. The country also has\nconsiderable gold production: between 2006 and 2017, the country produced\nannual amounts ranging from 35.9 tonnes in 2017 to 51.3 tonnes in 2013."
  },
  {
    "chapter_name": "Economy of Chile",
    "chapter_id": "1",
    "section_number": "2.3",
    "section_name": "Services",
    "text": "The service sector in Chile has grown fast and consistently in recent decades,\nreinforced by the rapid development of communication and information\ntechnology, access to education and an increase in specialist skills and\nknowledge among the workforce. Chilean foreign policy has recognized the\nimportance of the tertiary sector or service sector to the economy, boosting\nits international liberalization and leading to the signing of several free\ntrade area agreements. Chilean service exportation consists mainly of maritime\nand aeronautical services, tourism, retail (department stores, supermarkets,\nand shopping centers), engineering and construction services, informatics,\nhealth and education.\n\nChile ranked first among Latin American countries (and No. 32 worldwide) in\nAdecco's 2019 Global Talent Competitiveness Index (GTCI)."
  },
  {
    "chapter_name": "Economy of Chile",
    "chapter_id": "1",
    "section_number": "2.3.1",
    "section_name": "Finance",
    "text": "Chile's financial sector has grown quickly in recent years, with a banking\nreform law approved in 1997 that broadened the scope of permissible foreign\nactivity for Chilean banks. The Chilean Government implemented a further\nliberalization of capital markets in 2001, and there is further pending\nlegislation proposing further liberalization. Over the last ten years, people\nwho live in Chile have enjoyed the introduction of new financial tools such as\nhome equity loans, currency futures and options, factoring, leasing, and debit\ncards. The introduction of these new products has also been accompanied by an\nincreased use of traditional instruments such as loans and credit cards.\nChile's private pension system, with assets worth roughly $70 billion at the\nend of 2006, has been an important source of investment capital for the\ncapital market. However, by 2009, it was reported that $21 billion had been\nlost from the pension system to the 2008 financial crisis."
  },
  {
    "chapter_name": "Economy of Chile",
    "chapter_id": "1",
    "section_number": "2.3.2",
    "section_name": "Tourism",
    "text": "Elqui Valley, wine and pisco region\n\nTourism in Chile has experienced sustained growth over the last decades. Chile\nreceived about 2.25 million foreign visitors in 2006, up to 2.50 million in\n2007 The percentages of foreign tourists arrivals by land, air and sea were,\nrespectively, 55.3%, 40.5% and 4.2% for that year. The two main gateways for\ninternational tourists visiting Chile are Arturo Merino Benítez International\nAirport and Paso Los Libertadores.\n\nChile has a great diversity of natural landscapes, from the Mars-like\nlandscapes of the hyperarid Atacama Desert to the glacier-fed fjords of the\nChilean Patagonia, passing by the winelands backdropped by the Andes of the\nCentral Valley and the old-growth forests of the Lakes District. Easter Island\nand Juan Fernández Archipelago, including Robinson Crusoe Island, are also\nmajor attractions.\n\nMany of the most visited attractions in Chile are protected areas. The\nextensive Chilean protected areas system includes 32 protected parks, 48\nnatural reserves and 15 natural monuments."
  },
  {
    "chapter_name": "Economy of Chile",
    "chapter_id": "1",
    "section_number": "3",
    "section_name": "Economic policies",
    "text": "Chilean (blue) and average Latin American (orange) GDP per capita (1980–2017).\n\nAccording to the CIA World Factbook, Chile's \"sound economic policies\",\nmaintained consistently since the 1980s, \"have contributed to steady economic\ngrowth in Chile and have more than halved poverty rates.\" The 1973–90 military\ngovernment sold many state-owned companies, and the three democratic\ngovernments since 1990 have implemented export promotion policies and\ncontinued privatization, though at a slower pace. The government's role in the\neconomy is mostly limited to regulation, although the state continues to\noperate copper giant Codelco and a few other enterprises such as BancoEstado.\n\nUnder the compulsory private pension system, most formal sector employees pay\n10% of their salaries into privately managed funds.\n\nAs of 2006, Chile invested 0.6% of its annual GDP in research and development\n(R&D). Even then, two-thirds of that was government spending. Beyond its\ngeneral economic and political stability, the government has also encouraged\nthe use of Chile as an \"investment platform\" for multinational corporations\nplanning to operate in the region.[_specify_] Chile's approach to foreign\ndirect investment is codified in the country's Foreign Investment Law, which\ngives foreign investors the same treatment as Chileans. Registration is\nreported to be simple and transparent, and foreign investors are guaranteed\naccess to the official foreign exchange market to repatriate their profits and\ncapital.\n\nFaced with the 2008 financial crisis, the government announced a $4 billion\neconomic stimulus plan to spur employment and growth, and despite the 2008\nfinancial crisis, aimed for an expansion of between 2% and 3% of GDP for 2009.\nNonetheless, economic analysts disagreed with government estimates and\npredicted economic growth at a median of 1.5 percent. According to the CIA\nWorld FactBook, the GDP contracted an estimated −1.7% in 2009.\n\nThe Chilean Government has formed a Council on Innovation and Competition,\nwhich is tasked with identifying new sectors and industries to promote. It is\nhoped that this, combined with some tax reforms to encourage domestic and\nforeign investment in research and development, will bring in additional FDI\nto new parts of the economy.\n\nAccording to The Heritage Foundation's _Index of Economic Freedom_ in 2012,\nChile has the strongest private property rights in Latin America, scoring 90\non a scale of 100.\n\nChile's AA− S&P credit rating is the highest in Latin America, while Fitch\nRatings places the country one step below, in A+.\n\nThere are three main ways for Chilean firms to raise funds abroad: bank loans,\nissuance of bonds, and the selling of stocks on U.S. markets through American\nDepository Receipts (ADRs). Nearly all of the funds raised through these means\ngo to finance domestic Chilean investment. In 2006, the Government of Chile\nran a surplus of $11.3 billion, equal to almost 8% of GDP. The Government of\nChile continues to pay down its foreign debt, with public debt only 3.9% of\nGDP at the end of 2006."
  },
  {
    "chapter_name": "Economy of Chile",
    "chapter_id": "1",
    "section_number": "3.1",
    "section_name": "Fiscal policy",
    "text": "One of Chile's fiscal policy central features has been its counter-cyclical\nnature. This has been facilitated by the voluntary application since 2001 of a\nstructural balance policy based on the commitment to an announced goal of a\nmedium-term structural balance as a percentage of GDP. The structural balance\nnets out the effect of the economic cycle (including copper price volatility)\non fiscal revenues and constrains expenditures to a correspondingly consistent\nlevel. In practice, this means that expenditures rise when activity is low and\ndecrease in booms The target was of 1% of GDP between 2001 and 2007, it was\nreduced to 0.5% in 2008 and then to 0% in 2009 in the wake of the 2008\nfinancial crisis. In 2005, key elements of this voluntary policy were\nincorporated into legislation through the Fiscal Responsibility Law (Law\n20,128).\n\nThe Fiscal Responsibility Law also allowed for the creation of two sovereign\nwealth funds: the Pension Reserve Fund (PRF), to face increased expected old-\nage benefits liabilities, and the Economic and Social Stabilization Fund\n(ESSF), to stabilize fiscal spending by providing funds to finance fiscal\ndeficits and debt amortization. By the end of 2012, they had respective market\nvalues of US$5.883 million and US$14.998 million.\n\nThe main taxes in Chile in terms of revenue collection are the value added tax\n(45.8% of total revenues in 2012) and the income tax (41.8% of total revenues\nin 2012). The value added tax is levied on sales of goods and services\n(including imports) at a rate of 19%, with a few exemptions. The income tax\nrevenue comprises different taxes. While there is a corporate income tax of\n20% over profits from companies (called First Category Tax), the system is\nultimately designed to tax individuals. Therefore, corporate income taxes paid\nconstitute a credit towards two personal income taxes: the Global\nComplementary Tax (in the case of residents) or the Additional Tax (in the\ncase of non-residents). The Global Complementary Tax is payable by those that\nhave different sources of income, while those receiving income solely from\ndependent work are subject to the Second Category Tax. Both taxes are equally\nprogressive in statutory terms, with a top marginal rate of 40%. Income\narising from corporate activity under the Global Complementary Tax only\nbecomes payable when effectively distributed to the individual. There are also\nspecial sales taxes on alcohol and luxury goods, as well as specific taxes on\ntobacco and fuel. Other taxes include the inheritance tax and custom duties.\n\nIn 2012, general government expenditure reached 21.5% of GDP, while revenues\nwere equivalent to 22% of GDP. Gross financial debt amounted to 12.2% of GDP,\nwhile in net terms it was −6.9% of GDP, both well below OECD averages."
  },
  {
    "chapter_name": "Economy of Chile",
    "chapter_id": "1",
    "section_number": "3.2",
    "section_name": "Monetary policy",
    "text": "Chile's monetary authority is the Central Bank of Chile (CBoC). The CBoC\npursues an inflation target of 3%, with a tolerance range of 1% (below or\nabove). Inflation has followed a relatively stable trajectory since the year\n2000, remaining under 10%, despite the temporary surge of some inflationary\npressures in the year 2008. The Chilean peso's rapid appreciation against the\nU.S. dollar in recent years has helped dampen inflation. Most wage settlements\nand loans are indexed, reducing inflation's volatility.\n\nThe CBoC is granted autonomous status by Chile's National Constitution,\nproviding credibility and stability beyond the political cycle. According to\nthe Basic Constitutional Act of the Central Bank of Chile (Law 18,840), its\nmain objectives are to safeguard \"the stability of the currency and the normal\nfunctioning of internal and external payments\". To meet these objectives, the\nCBoC is enabled to use monetary and foreign exchange policy instruments, along\nwith some discretion on financial regulation. In practice, the CBoC monetary\npolicy is guided by an inflation targeting regime, while the foreign exchange\npolicy is led by a floating exchange rate and, although unusual, the bank\nreserves the right to intervene in the foreign exchange markets."
  },
  {
    "chapter_name": "Economy of Chile",
    "chapter_id": "1",
    "section_number": "3.3",
    "section_name": "Trade policy",
    "text": "Chile is strongly committed to free trade and has welcomed large amounts of\nforeign investment. Chile has signed free trade agreements (FTAs) with a\nnetwork of countries, including an FTA with the United States that was signed\nin 2003 and implemented in January 2004.\n\nChile unilaterally lowered its across-the-board import tariff for all\ncountries with which it does not have a trade agreement to 6% in 2003. Higher\neffective tariffs are charged only on imports of wheat, wheat flour, and sugar\nas a result of a system of import price bands. The price bands were ruled\ninconsistent with Chile's World Trade Organization (WTO) obligations in 2002,\nand the government has introduced legislation to modify them. Under the terms\nof the U.S.–Chile FTA, the price bands will be completely phased out for U.S.\nimports of wheat, wheat flour, and sugar within 12 years.\n\nChile is a strong proponent of pressing ahead on negotiations for a Free Trade\nArea of the Americas (FTAA) and is active in the WTO's Doha round of\nnegotiations, principally through its membership in the G-20 and Cairns Group.\n\nMost imports are not subject to the full statutory tariff, due to the\nextensive preferences negotiated outside the multilateral system through\nRegional Trade Agreements (RTAs). By the last version of the World Trade\nOrganization's Trade Policy Review (October 2009), Chile had signed 21 RTAs\nwith 57 countries and the number has continued to rise in recent years\n\nMore recently, Chile has also been an active participant of deeper\nplurilateral trade agreement negotiations. Notably, Chile is currently in\ntalks with eleven other economies in the Trans-Pacific Partnership (TPP), a\nproposed agreement that would stem from the existing P-4 Agreement between\nBrunei, Chile, New Zealand and Singapore. Chile has signed some form of\nbilateral or plurilateral agreement with each of the parties at TPP, although\nwith different degrees of integration.\n\nChile is also a party in conversations to establish the Pacific Alliance along\nwith Peru, Mexico and Colombia."
  },
  {
    "chapter_name": "Economy of Chile",
    "chapter_id": "1",
    "section_number": "3.3.1",
    "section_name": "Foreign trade",
    "text": "Chile is the world's fifth largest exporter of wine and the eighth largest\nproducer.\n\n2006 was a record year for Chilean trade. Total trade registered a 31%\nincrease over 2005. During 2006, exports of goods and services totaled US$58\nbillion, an increase of 41%. This figure was somewhat distorted by the\nskyrocketing price of copper. In 2006, copper exports reached a historical\nhigh of US$33.3 billion. Imports totaled US$35 billion, an increase of 17%\ncompared to the previous year. Chile thus recorded a positive trade balance of\nUS$2.3 billion in 2006.\n\nThe main destinations for Chilean exports were the Americas (US$39 billion),\nAsia (US$27.8 billion) and Europe (US$22.2 billion). Seen as shares of Chile's\nexport markets, 42% of exports went to the Americas, 30% to Asia and 24% to\nEurope. Within Chile's diversified network of trade relationships, its most\nimportant partner remained the United States. Total trade with the U.S. was\nUS$14.8 billion in 2006. Since the U.S.–Chile Free Trade Agreement went into\neffect on 1 January 2004, U.S.–Chilean trade has increased by 154%. Internal\nGovernment of Chile figures show that even when factoring out inflation and\nthe recent high price of copper, bilateral trade between the U.S. and Chile\nhas grown over 60% since then.\n\nTotal trade with Europe also grew in 2006, expanding by 42%. The Netherlands\nand Italy were Chile's main European trading partners. Total trade with Asia\nalso grew significantly at nearly 31%. Trade with Korea and Japan grew\nsignificantly, but China remained Chile's most important trading partner in\nAsia. Chile's total trade with China reached U.S. $8.8 billion in 2006,\nrepresenting nearly 66% of the value of its trade relationship with Asia.=\n\nThe growth of exports in 2006 was mainly caused by a strong increase in sales\nto the United States, the Netherlands, and Japan. These three markets alone\naccounted for an additional US$5.5 billion worth of Chilean exports. Chilean\nexports to the United States totaled US$9.3 billion, representing a 37.7%\nincrease compared to 2005 (US$6.7 billion). Exports to the European Union were\nUS$15.4 billion, a 63.7% increase compared to 2005 (US$9.4 billion). Exports\nto Asia increased from US$15.2 billion in 2005 to US$19.7 billion in 2006, a\n29.9% increase.\n\nDuring 2006, Chile imported US$26 billion from the Americas, representing 54%\nof total imports, followed by Asia at 22%, and Europe at 16%. Mercosur members\nwere the main suppliers of imports to Chile at US$9.1 billion, followed by the\nUnited States with US$5.5 billion and the European Union with US$5.2 billion.\nFrom Asia, China was the most important exporter to Chile, with goods valued\nat US$3.6 billion. Year-on-year growth in imports was especially strong from a\nnumber of countries – Ecuador (123.9%), Thailand (72.1%), Korea (52.6%), and\nChina (36.9%).\n\nChile's overall trade profile has traditionally been dependent upon copper\nexports. The state-owned firm CODELCO is the world's largest copper-producing\ncompany, with recorded copper reserves of 200 years. Chile has made an effort\nto expand nontraditional exports. The most important non-mineral exports are\nforestry and wood products, fresh fruit and processed food, fishmeal and\nseafood, and wine."
  },
  {
    "chapter_name": "Economy of Chile",
    "chapter_id": "1",
    "section_number": "3.3.2",
    "section_name": "Trade agreements",
    "text": "Nations that have an FTA with Chile appear in dark blue, those that have not\nratified a negotiated FTA in light blue, and those in FTA negotiations in\npurple. Chile is in red.\n\nOver the last several years, Chile has signed FTAs with the European Union,\nSouth Korea, New Zealand, Singapore, Brunei, China, and Japan. It reached a\npartial trade agreement with India in 2005 and began negotiations for a full-\nfledged FTA with India in 2006. Chile conducted trade negotiations in 2007\nwith Australia, Malaysia, and Thailand, as well as with China to expand an\nexisting agreement beyond just trade in goods. Chile concluded FTA\nnegotiations with Australia and an expanded agreement with China in 2008. The\nmembers of the P4 (Chile, Singapore, New Zealand, and Brunei) also plan to\nconclude a chapter on finance and investment in 2008.\n\nSuccessive Chilean governments have actively pursued trade-liberalizing\nagreements. During the 1990s, Chile signed free trade agreements (FTA) with\nCanada, Mexico, and Central America. Chile also concluded preferential trade\nagreements with Venezuela, Colombia, and Ecuador. An association agreement\nwith Mercosur-Argentina, Brazil, Paraguay, and Uruguay-went into effect in\nOctober 1996. Continuing its export-oriented development strategy, Chile\ncompleted landmark free trade agreements in 2002 with the European Union and\nSouth Korea. Chile, as a member of the Asia-Pacific Economic Cooperation\n(APEC) organization, is seeking to boost commercial ties to Asian markets. To\nthat end, it has signed trade agreements in recent years with New Zealand,\nSingapore, Brunei, India, China, and most recently Japan. In 2007, Chile held\ntrade negotiations with Australia, Thailand, Malaysia, and China. In 2008,\nChile hopes to conclude an FTA with Australia, and finalize an expanded\nagreement (covering trade in services and investment) with China. The P4\n(Chile, Singapore, New Zealand, and Brunei) also plan to expand ties through\nadding a finance and investment chapter to the existing P4 agreement. Chile's\ntrade talks with Malaysia and Thailand are also scheduled to continue in 2008.\n\nAfter two years of negotiations, the United States and Chile signed an\nagreement in June 2003 that will lead to completely duty-free bilateral trade\nwithin 12 years. The U.S.-Chile FTA entered into force 1 January 2004,\nfollowing approval by the U.S. and Chilean congresses. The FTA has greatly\nexpanded U.S.-Chilean trade ties, with total bilateral trade jumping by 154%\nduring the FTA's first three years. On 1 January 2014, Chile-Vietnam Free\nTrade Agreement officially took effect."
  },
  {
    "chapter_name": "Economy of Chile",
    "chapter_id": "1",
    "section_number": "4",
    "section_name": "Issues",
    "text": "Unemployment hovered at 8–10% after the start of the economic slowdown in\n1999, above the 7% average for the 1990s. Unemployment finally dipped to 7.8%\nin 2006, and continued to fall in 2007, averaging 6.8% monthly (up to August).\nWages have risen faster than inflation as a result of higher productivity,\nboosting national living standards. The percentage of Chileans with household\nincomes below the poverty line – defined as twice the cost of satisfying a\nperson's minimal nutritional needs – fell from 45.1% in 1987 to 11.7% in 2015,\naccording to government polls. Critics in Chile, however, argue that poverty\nfigures are considerably higher than those officially published; until 2016,\nthe government defined the poverty line based on an outdated 1987 household\nconsumption poll, instead of more recent polls from 1997 or 2007. According to\ncritics who use data from the 1997 poll, the poverty rate goes up to 29%; a\nstudy published in 2017 claims that it reaches 26%. Using the relative\nyardstick favoured in many European countries, 27% of Chileans would be poor,\naccording to Juan Carlos Feres of the ECLAC. Starting in 2016, a new\nMultidimensional Poverty Index is also used, which reached 20.9% using 2015\ndata.\n\nThe percent of total income earned by the richest 20% of the Chilean\npopulation in 2000 was 61.0% of GDP, while the percent of total income earned\nby the poorest 20% of the Chilean population was 3.3% of GDP. Chile's Gini\nCoefficient in 2003 (53.8) has slightly changed in comparison with the value\nin 1995 (56.4). In 2005 the 10% poorest among the Chileans received 1.2% of\nGNP (2000 = 1.4%), while the 10% richest received 47% of GNP (2000 = 46%).\n\nRegarding the census, assessments have exhibited mixed results. An initial\nevaluation by a domestic independent experts panel released in August 2013\nplaced the omission rate in 9.3%, three times as much as other census in the\nregion, and recommended annulling the census to hold a new version in 2015.\nThe government sought an assessment by international experts before making a\nfinal decision. The team, which included three experts that represented the\nWorld Bank and the E.U. Statistics Commission, found \"no basis for doubting\nthe usability of the census data for most, if perhaps not all, of the\ncustomary uses\" and recommended its release subject to the elimination of the\nimputation of housing units not observed on thBy 2021, the combined wealth of\nChile's billionaires represented 16.1% of the country's gross domestic product\n(GDP\n\nHistorians generally explain the origin of the social gap by tracing it back\nto colonial times, when most land was divided between Spaniards and their\ndescendants. This gave rise to the hacienda, in which society was divided\nbetween owners, employees, tenants and workers. Since this agrarian\ninequality, the concentration of wealth has spread to other economic sectors\nthat exploit natural resources, such as mining. In more recent history, social\ninequality deepened in the 1970s and 1980s under Augusto Pinochet's regime,\nwith the privatization of public enterprises in favor of large family\nfortunes, the repression of trade unions and the rejection of the welfare\nstate. As social mobility is very low in Chile, social status is passed down\nfrom generation to generation.e ground during the enumeration and the\nconcurrent publication of a methodological and administrative report."
  },
  {
    "chapter_name": "Economy of Chile",
    "chapter_id": "1",
    "section_number": "5",
    "section_name": "Social inequalities",
    "text": "By 2021, the combined wealth of Chile's billionaires represented 16.1% of the\ncountry's gross domestic product (GDP).\n\nHistorians generally explain the origin of the social gap by tracing it back\nto colonial times, when most land was divided between Spaniards and their\ndescendants. This gave rise to the hacienda, in which society was divided\nbetween owners, employees, tenants and workers. Since this agrarian\ninequality, the concentration of wealth has spread to other economic sectors\nthat exploit natural resources, such as mining. In more recent history, social\ninequality deepened in the 1970s and 1980s under Augusto Pinochet's regime,\nwith the privatization of public enterprises in favor of large family\nfortunes, the repression of trade unions and the rejection of the welfare\nstate. As social mobility is very low in Chile, social status is often passed\ndown from generation to generation."
  },
  {
    "chapter_name": "Economy of Chile",
    "chapter_id": "1",
    "section_number": "5.1",
    "section_name": "Main economic indicators",
    "text": "The following table shows the main economic indicators in 1980–2021 (with IMF\nstaff estimates in 2024–2029). Inflation below 5% is in green.\n\nYear  | GDP\n(in bn. US$ PPP) | GDP per capita\n(in US$ PPP) | GDP\n(in bn. US$ nominal) | GDP per capita\n(in US$ nominal) | GDP growth\n(real) | Inflation rate\n(in Percent) | Unemployment\n(in Percent) | Government debt\n(in % of GDP)\n---|---|---|---|---|---|---|---|---\n1980  | 38.1  | 3,411.9  | 29.0  | 2,597.5  | 7.9%  | 35.1%  | 11.5%  | n/a\n1981  | 44.3  | 3,901.8  | 34.4  | 3,025.3  | 6.2%  | 19.7%  | 10.3%  | n/a\n1982  | 40.7  | 3,522.4  | 25.6  | 2,219.4  | -13.6%  | 9.9%  | 19.8%  | n/a\n1983  | 41.1  | 3,501.5  | 20.8  | 1,774.3  | -2.8%  | 27.3%  | 21.0%  | n/a\n1984  | 45.1  | 3,781.6  | 20.2  | 1,698.6  | 5.9%  | 19.9%  | 17.5%  | n/a\n1985  | 47.4  | 3,917.0  | 17.4  | 1,434.1  | 2.0%  | 30.7%  | 15.0%  | n/a\n1986  | 51.1  | 4,145.7  | 18.7  | 1,514.7  | 5.6%  | 19.5%  | 12.3%  | n/a\n1987  | 55.8  | 4,450.0  | 22.0  | 1,755.8  | 6.6%  | 19.9%  | 11.0%  | n/a\n1988  | 61.9  | 4,859.2  | 25.9  | 2,034.9  | 7.3%  | 14.7%  | 9.9%  | n/a\n1989  | 71.2  | 5,492.5  | 29.9  | 2,305.1  | 10.6%  | 17.0%  | 8.0%  | n/a\n1990  | 76.6  | 5,810.7  | 33.2  | 2,521.0  | 3.7%  | 26.0%  | 7.8%  | n/a\n1991  | 85.3  | 6,356.6  | 38.2  | 2,849.1  | 7.8%  | 21.8%  | 8.2%  | 37.1%\n1992  | 97.0  | 7,059.6  | 46.6  | 3,391.3  | 11.1%  | 15.5%  | 6.7%  | 30.5%\n1993  | 105.9  | 7,589.3  | 49.8  | 3,571.3  | 6.7%  | 12.7%  | 6.5%  | 28.1%\n1994  | 113.7  | 8,020.5  | 57.5  | 4,057.6  | 5.1%  | 11.5%  | 7.8%  | 22.6%\n1995  | 126.3  | 8,785.7  | 74.1  | 5,152.7  | 8.9%  | 8.2%  | 7.4%  | 17.3%\n1996  | 137.0  | 9,396.4  | 78.6  | 5,386.1  | 6.5%  | 7.4%  | 6.5%  | 14.6%\n1997  | 149.7  | 10,126.4  | 85.7  | 5,796.3  | 7.4%  | 6.1%  | 6.1%  | 12.8%\n1998  | 157.8  | 10,534.9  | 82.0  | 5,474.1  | 4.2%  | 5.1%  | 6.2%  | 12.1%\n1999  | 159.5  | 10,516.9  | 75.5  | 4,980.1  | -0.3%  | 3.3%  | 10.0%  | 13.3%\n2000  | 171.2  | 11,158.9  | 78.2  | 5,096.3  | 5.0%  | 3.8%  | 9.7%  | 13.2%\n2001  | 180.6  | 11,635.4  | 71.5  | 4,606.8  | 3.1%  | 3.6%  | 9.9%  | 14.4%\n2002  | 189.3  | 12,060.7  | 70.3  | 4,478.9  | 3.2%  | 2.5%  | 9.8%  | 15.0%\n2003  | 202.1  | 12,744.8  | 76.5  | 4,824.7  | 4.7%  | 2.8%  | 9.5%  | 12.6%\n2004  | 221.3  | 13,814.3  | 99.1  | 6,184.4  | 6.7%  | 1.1%  | 10.0%  | 10.3%\n2005  | 241.7  | 14,932.2  | 122.3  | 7,559.8  | 5.9%  | 3.1%  | 9.3%  | 7.0%\n2006  | 264.2  | 16,161.0  | 153.9  | 9,414.7  | 6.1%  | 3.4%  | 8.0%  | 5.0%\n2007  | 285.4  | 17,277.4  | 172.5  | 10,445.4  | 5.2%  | 4.4%  | 7.0%  | 3.9%\n2008  | 301.9  | 18,082.8  | 179.5  | 10,751.5  | 3.8%  | 8.7%  | 7.8%  | 4.9%\n2009  | 300.4  | 17,795.9  | 171.6  | 10,162.9  | -1.1%  | 1.5%  | 11.1%  | 5.9%\n2010  | 321.8  | 18,857.6  | 216.9  | 12,711.0  | 5.8%  | 1.4%  | 8.3%  | 8.6%\n2011  | 349.0  | 20,330.5  | 251.1  | 14,552.1  | 6.2%  | 3.3%  | 7.3%  | 11.1%\n2012  | 374.3  | 21,584.7  | 267.1  | 15,313.6  | 6.2%  | 3.0%  | 6.6%  | 11.9%\n2013  | 392.7  | 22,425.6  | 277.3  | 15,743.3  | 3.3%  | 1.8%  | 6.1%  | 12.8%\n2014  | 402.9  | 22,779.4  | 259.4  | 14,583.0  | 1.8%  | 4.7%  | 6.5%  | 15.0%\n2015  | 405.5  | 22,691.5  | 242.5  | 13,494.1  | 2.2%  | 4.3%  | 6.3%  | 17.4%\n2016  | 424.8  | 23,492.3  | 249.2  | 13,717.6  | 1.7%  | 3.8%  | 6.7%  | 21.1%\n2017  | 450.8  | 24,546.9  | 276.2  | 14,994.3  | 1.3%  | 2.2%  | 7.0%  | 23.7%\n2018  | 478.0  | 25,564.5  | 295.1  | 15,739.9  | 3.9%  | 2.3%  | 7.4%  | 25.8%\n2019  | 492.2  | 25,853.8  | 278.3  | 14,567.6  | 0.9%  | 2.3%  | 7.2%  | 28.3%\n2020  | 491.4  | 25,468.2  | 252.3  | 12,968.5  | -6.1%  | 3.0%  | 10.8%  | 32.6%\n2021  | 566.2  | 29,050.1  | 316.8  | 16,065.0  | 11.7%  | 4.5%  | 8.9%  | 36.3%\n2022  | 619.2  | 31,586.1  | 310.9  | 15,603.6  | 2.0%  | 11.6%  | 7.9%  | 36.2%\n2023  | 653.3  | 33,285.5  | 335.6  | 16,816.4  | 0.2%  | 8.7%  | 8.3%  | 36.9%\n2024  | 679.6  | 34,579.9  | 333.8  | 16,616.1  | 2.0%  | 4.1%  | 8.2%  | 37.8%\n2025  | 706.6  | 35,977.6  | 374.7  | 18,546.7  | 2.3%  | 3.0%  | 7.8%  | 38.4%\n2026  | 734.4  | 37,237.9  | 391.8  | 19,258.7  | 2.4%  | 3.0%  | 7.4%  | 38.8%\n2027  | 763.6  | 38,791.8  | 408.8  | 20,010.3  | 2.5%  | 3.0%  | 7.2%  | 38.5%\n2028  | 793.9  | 40,104.8  | 426.9  | 20,787.3  | 2.5%  | 3.0%  | 7.2%  | 38.5%\n2029  | 825.3  | 41,787.2  | 445.1  | 21,567.2  | 2.5%  | 3.0%  | 7.2%  | 38.5%"
  },
  {
    "chapter_name": "Economy of Chile",
    "chapter_id": "1",
    "section_number": "5.2",
    "section_name": "GDP composition",
    "text": "Main macroeconomic aggregates of GDP.\n\nAggregate | 2015\n(millions of CLP$) | % | Change\nyear-on-year (%)\n---|---|---|---\nPrivate consumption | 101,141,482 | 64.4 | 1.5\nGovernment consumption | 21,103,758 | 13.4 | 5.8\nChanges in inventories | −391,923 | −0.2 | —\nGross fixed capital formation | 35,707,922 | 22.7 | −1.5\n(Exports) | (47,221,915) | (30.1) | −1.9\n(Imports) | (47,652,270) | (30.3) | −2.8\nExports _minus_ Imports | −430,355 | −0.3 | —\nGDP | 157,130,884 | 100.0 | 2.1\n\nNote: Data are preliminary. Source: Cuentas Nacionales de Chile – Evolución de\nla actividad económica en el año 2015 (p. 29), Central Bank of Chile, accessed\non 23 March 2016."
  },
  {
    "chapter_name": "Economy of Chile",
    "chapter_id": "1",
    "section_number": "5.3",
    "section_name": "GDP by sector",
    "text": "Gross domestic product by sector of the economy.\n\nSector | 2011\n(millions of CLP$) | %\n---|---|---\nAgriculture and forestry | **3,328,749** | **2.8**\nFishing | **424,545** | **0.4**\nMining\n\nCopper\nOther\n| **18,262,657**\n16,190,770\n2,071,888  | **15.2**\n13.5\n1.7\nManufacturing industry\n\nFoodstuff\nBeverage and tobacco\nTextile, clothing and leather\nWood and furniture\nCellulose, paper and printing\nOil refinement\nChemical, rubber and plastic\nNon-metallic mineral products and basic metals\nMetallic products, machinery, equipment and others\n| **13,129,927**\n3,123,930\n1,898,666\n315,070\n419,276\n1,593,821\n964,591\n1,963,145\n858,837\n1,992,590  | **10.9**\n2.6\n1.6\n0.3\n0.3\n1.3\n0.8\n1.6\n0.7\n1.7\nElectricity, gas and water | **2,829,820** | **2.4**\nConstruction | **8,916,291** | **7.4**\nRetail | **9,467,766** | **7.9**\nRestaurants and hotels | **1,917,615** | **1.6**\nTransportation | **4,906,137** | **4.1**\nCommunications | **2,319,387** | **1.9**\nFinancial services | **5,049,548** | **4.2**\nBusiness services | **15,655,893** | **13.0**\nReal estate services | **6,021,032** | **5.0**\nPersonal services (health, education, and other services) | **12,793,180** | **10.6**\nPublic administration | **5,207,342** | **4.3**\nGDP at factor cost | 110,229,891 | 91.7\nVAT taxes | **9,347,632** | **7.8**\nImport duties | **655,081** | **0.5**\nGDP at market prices | 120,232,603 | 100.0\n\nNote: 2011 data are preliminary. Source: Cuentas Nacionales – Evolución de la\nactividad económica en el año 2011 (p. 34). Central Bank of Chile. accessed on\n22 March 2012."
  },
  {
    "chapter_name": "Economy of Chile",
    "chapter_id": "1",
    "section_number": "5.4",
    "section_name": "Imports and exports",
    "text": "Year  | Goods exports\n(billion US$) | Goods imports\n(in billion US$) | Net trade\n(in billion US$)\n---|---|---|---\n2023  | $94.6  | $79.2  | $15.3\n2020  | $74.0  | $55.1  | $18.9\n2015  | $62.1  | $58.5  | $3.6\n2010  | $71.4  | $55.1  | $16.3\n2000  | $19.2  | $17.0  | $2.2\n1990  | $8.4  | $7.1  | $1.3\n1980  | $4.7  | $5.5  | −$0.8"
  },
  {
    "chapter_name": "Economy of Chile",
    "chapter_id": "1",
    "section_number": "5.5",
    "section_name": "Top exports",
    "text": "Chile's exports in 1950–2007.\n\nChile's top exports in 2013.\n\nExport | Millions of\nUS dollars FOB | %\n---|---|---\nMining | 43,937 | 49.11\nCopper | 40,158 | 44.88\nCathodes | 18,804 | 21.02\nConcentrates | 16,883 | 18.87\nGold | 1,384 | 1.55\nIron | 1,379 | 1.54\nSilver | 379 | 0.42\nLithium carbonate | 226 | 0.25\nMolybdenum concentrate | 178 | 0.20\nSea salt and table salt | 120 | 0.13\nAgriculture, silviculture and fishing | 5,749 | 6.43\nFruit sector | 4,738 | 5.30\nGrape | 1,605 | 1.79\nApple | 843 | 0.94\nVaccinium | 461 | 0.52\nCherry | 391 | 0.44\nKiwifruit | 245 | 0.27\nAvocado | 185 | 0.21\nPear | 168 | 0.19\nPlum | 152 | 0.17\nOther agriculture | 830 | 0.93\nCorn kernel | 361 | 0.40\nVegetable seed | 158 | 0.18\nExtractive fishing | 149 | 0.17\nSilviculture sector | 33 | 0.04\nIndustrial | 26,997 | 30.17\nFoodstuff | 8,298 | 9.28\nSalmon | 2,772 | 3.10\nTrout | 766 | 0.86\nMollusks and crustaceans | 498 | 0.56\nPork | 454 | 0.51\nFish meal | 418 | 0.47\nDried fruit | 383 | 0.43\nFrozen fruit | 337 | 0.38\nPoultry meat | 276 | 0.31\nFruit juice | 240 | 0.27\nCanned fruit | 156 | 0.17\nFish oil | 109 | 0.12\nHake | 107 | 0.12\nCanned fish | 53 | 0.06\nChemical products | 5,447 | 6.09\nFertilizers | 860 | 0.96\nIodine | 839 | 0.94\nMolybdenum oxide | 761 | 0.85\nTires | 393 | 0.44\nPotassium nitrate | 296 | 0.33\nMethanol | 56 | 0.06\nCellulose, paper and other | 3,607 | 4.03\nBleached and semi-bleached eucalyptus pulp | 1,262 | 1.41\nBleached and semi-bleached coniferous pulp | 1,261 | 1.41\nCardboard | 329 | 0.37\nRaw coniferous pulp | 281 | 0.31\nMetallic products, machinery and equipment | 2,796 | 3.12\nMachinery and equipment | 1,416 | 1.58\nTransport material | 879 | 0.98\nMetallic manufactures | 500 | 0.56\nBeverage and tobacco | 2,407 | 2.69\nBottled wine | 1,560 | 1.74\nBulk wine and others | 417 | 0.47\nNon-alcoholic beverages | 297 | 0.33\nForestry and wood furniture | 2,272 | 2.54\nLumber | 814 | 0.91\nWood fibreboards | 350 | 0.39\nWoodchips | 315 | 0.35\nProfiled timber | 273 | 0.31\nPlywood | 254 | 0.28\nBasic metals industry | 1,106 | 1.24\nCopper wire | 457 | 0.51\nFerromolybdenum | 223 | 0.25\nOther industrial products | 1,064 | 1.19\nGoods total | 76,684 | 85.71\nTransport | 6,357 | 7.11\nTravel | 2,219 | 2.48\nOthers | 4,211 | 4.71\nServices total | 12,787 | 14.29\nTotal exports | 89,471 | 100.00\n\nSource: Central Bank of Chile's statistics database."
  }
]