[
  {
    "chapter_name": "Economy of Solomon Islands",
    "chapter_id": "1",
    "section_number": "1",
    "section_name": "Introduction",
    "text": "| This article **needs additional citations forverification**. Please help\nimprove this article by adding citations to reliable sources. Unsourced\nmaterial may be challenged and removed.  \n_Find sources:_ \"Economy of Solomon Islands\" – news **·** newspapers **·**\nbooks **·** scholar **·** JSTOR _( October 2013)__(Learn how and when to\nremove this message)_  \n---|---  \n| This article's **use ofexternal links may not follow Wikipedia's policies or\nguidelines**. Please improve this article by removing excessive or\ninappropriate external links, and converting useful links where appropriate\ninto footnote references. _( December 2023)__(Learn how and when to remove\nthis message)_  \n---|---  \n  \nA per capita GDP of $3,200 ranks Solomon Islands as a lesser developed nation.\nOver 75% of its labour force is engaged in subsistence farming and fishing."
  },
  {
    "chapter_name": "Economy of Solomon Islands",
    "chapter_id": "1",
    "section_number": "1",
    "section_name": "Economic history",
    "text": "A man sells fish at the central market in Honiara, 2013.\n\nUntil 1998, when world prices for tropical timber fell steeply, timber was\nSolomon Islands main export product. In recent years, Solomon Islands forests\nwere dangerously overexploited.\n\nSolomon Islands was particularly hard hit by the Asian financial crisis even\nbefore the ethnic violence of June 2000. The Asian Development Bank estimates\nthat the crash of the market for tropical timber reduced Solomon Island's GDP\nby between 15%-25%. About one-half of all jobs in the timber industry were\nlost. The government has said it will reform timber harvesting policies with\nthe aim of resuming logging on a more sustainable basis.\n\nIn the wake of the ethnic violence in June 2000, exports of palm oil and gold\nceased while exports of timber fell."
  },
  {
    "chapter_name": "Economy of Solomon Islands",
    "chapter_id": "1",
    "section_number": "1.1",
    "section_name": "Cash crops",
    "text": "Important cash crops and exports include copra and palm oil."
  },
  {
    "chapter_name": "Economy of Solomon Islands",
    "chapter_id": "1",
    "section_number": "1.2",
    "section_name": "Gold",
    "text": "In 1998 gold production began at Gold Ridge on Guadalcanal."
  },
  {
    "chapter_name": "Economy of Solomon Islands",
    "chapter_id": "1",
    "section_number": "1.3",
    "section_name": "Fishing",
    "text": "Exploitation of Solomon Islands' rich fisheries offers the best prospect for\nfurther export and domestic economic expansion. A Japanese joint venture,\nSolomon Taiyo Ltd., which operated the only fish cannery in the country,\nclosed in mid-2000 as a result of the ethnic disturbances. Though the plant\nhas reopened under local management, the export of tuna has resume now but\nunder Soltuna and NFD."
  },
  {
    "chapter_name": "Economy of Solomon Islands",
    "chapter_id": "1",
    "section_number": "1.4",
    "section_name": "Tourism",
    "text": "In 2017, Solomon Islands was one of the least frequently visited countries in\nthe world, with only 26,000 tourists. Tourism income in 2016 and 2017 was\nabout Int'l$ 1.6 million (international dollars). Tourism is a potentially\nsignificant service industry but growth is hampered by the lack of\ninfrastructure, transportation limitations and security concerns. Scuba diving\nand World War II history are two major tourist attractions.[1] Archived\n2020-06-10 at the Wayback Machine[2]."
  },
  {
    "chapter_name": "Economy of Solomon Islands",
    "chapter_id": "1",
    "section_number": "1.5",
    "section_name": "Foreign aid",
    "text": "Since 2000 the Solomon Islands government has become increasingly insolvent.\nIt has exhausted its borrowing capacity; in 2001 the deficit reached 8% of\nGDP. It is unable to meet bi-weekly payrolls and has become extraordinarily\ndependent on funds from foreign aid accounts, which provided an estimated 50%\nof government expenditure in 2001. Principal aid donors are Australia $247\nMillion per year (2006), New Zealand $14 Million per year (2004), the European\nUnion, Japan $40 Million per year (2005), and the Republic of China (Taiwan)\nat least $20 Million per year .\n\nSolomon Islands is a member of the WTO."
  },
  {
    "chapter_name": "Economy of Solomon Islands",
    "chapter_id": "1",
    "section_number": "1.6",
    "section_name": "Energy",
    "text": "**Electricity - production:** 78 GWh (2008 est.)\n\n**Electricity - consumption:** 72.54 GWh (2008 est.)\n\n**Electricity - exports:** 0 kWh (2009)\n\n**Electricity - imports:** 0 kWh (2009)\n\nA team of renewable energy developers working for the Pacific Islands Applied\nGeoscience Commission (SOPAC) and funded by the Renewable Energy and Energy\nEfficiency Partnership (REEEP), have hatched a scheme that enables these\ncommunities to access renewable energy, such as solar, without raising\nsubstantial sums of ready cash. If the islanders were not able to pay for\nsolar lanterns with cash, reasoned the project developers, they can pay with\ncrops"
  },
  {
    "chapter_name": "Economy of Solomon Islands",
    "chapter_id": "1",
    "section_number": "2",
    "section_name": "Statistics",
    "text": "The following table shows the main economic indicators in 1980–2017.\n\nYear  | GDP (in bil. US$ PPP)  | GDP per capita (in US$ PPP)  | GDP (in bil. US$ nominal)  | GDP growth\n(real)  | Inflation\n(in Percent)  | Government debt\n(Percentage of GDP)\n---|---|---|---|---|---|---\n1980  | 0.19  | 803  | 0.18  | −2.7 %  | 8.3 %  | ...\n1985  | 0.23  | 858  | 0.17  | −3.1 %  | 9.4 %  | ...\n1990  | 0.32  | 1,015  | 0.22  | 2.2 %  | 8.7 %  | ...\n1995  | 0.53  | 1,469  | 0.47  | 10.1 %  | 9.6 %  | ...\n2000  | 0.50  | 1,211  | 0.42  | −14.3 %  | 6.9 %  | ...\n2005  | 0.65  | 1,389  | 0.48  | 12.9 %  | 7.5 %  | 53 %\n2006  | 0.70  | 1,454  | 0.54  | 4.0 %  | 11.2 %  | 48 %\n2007  | 0.76  | 1,551  | 0.62  | 6.4 %  | 7.7 %  | 44 %\n2008  | 0.83  | 1,656  | 0.70  | 7.1 %  | 17.3 %  | 35 %\n2009  | 0.80  | 1,553  | 0.74  | −4.7 %  | 7.1 %  | 34 %\n2010  | 0.87  | 1,643  | 0.85  | 6.8 %  | 1.0 %  | 29 %\n2011  | 1.00  | 1,858  | 1.05  | 13.2 %  | 7.4 %  | 21 %\n2012  | 1.06  | 1,937  | 1.19  | 4.6 %  | 5.9 %  | 17 %\n2013  | 1.11  | 1,982  | 1.29  | 3.0 %  | 5.4 %  | 15 %\n2014  | 1.16  | 2,017  | 1.34  | 2.3 %  | 5.2 %  | 13 %\n2015  | 1.20  | 2,046  | 1.31  | 2.5 %  | −0.6 %  | 10 %\n2016  | 1.26  | 2,097  | 1.38  | 3.5 %  | 0.5 %  | 8 %\n2017  | 1.32  | 2,157  | 1.47  | 3.2 %  | −0.4 %  | 10 %\n\n**Foreign Government Aid as a % of GDP:** 40.125% (2006 est.)\n\n**GDP - per capita:** purchasing power parity - $3,200 (2011 est.)\n\n**GDP - composition by sector:**\n_agriculture:_ 37.7%\n_industry:_ 6.4%\n_services:_ 55.9% (2011 est.)\n\n**Population belowpoverty line:** NA%\n\n**Household income or consumption by percentage share:**\n_lowest 10%:_ NA%\n_highest 10%:_ NA%\n\n**Inflation rate (consumer prices):** 10% (1999 est.)\n\n**Labor force:** 202,500 (2007)\n\n**Labor force - by occupation:** agriculture 75%, industry 5%, services 20%\n(2000 est.)\n\n**Unemployment rate:** NA%\n\n**Budget:**\n_revenues:_ $313.1 million\n_expenditures:_ $261.7 million, including capital expenditures of $0 (2011\nest.)\n\n**Industries:** fish (tuna), mining, timber\n\n**Industrial production growth rate:** NA%\n\n**Agriculture - products:** cocoa, coconuts, palm kernels, rice, potatoes,\nvegetables, fruit; cattle, pigs; fish; timber\n\n**Exports:** $216.5 million (2010 est.)\n\n**Exports - commodities:** timber, fish, palm oil, cocoa, copra\n\n**Exports - partners:** China 54%, Australia 12.5%, Thailand 4.6% (2011)\n\n**Imports:** $360.3 million (2010 est.)\n\n**Imports - commodities:** food, plant and equipment, manufactured goods,\nfuels, chemicals\n\n**Imports - partners:** Australia 27.3%, Singapore 26.4%, China 6.5%, Malaysia\n5.1%, New Zealand 5.1% (2011)\n\n**Debt - external:** $166 million (2004)\n\n**Currency:** 1 Solomon Islands dollar (SI$) = 100 cents\n\n**Exchange rates:** Solomon Islands dollars (SI$) per US$1 – 7.833 (January\n2017)\n\n**Fiscal year:** calendar year"
  }
]