[
  {
    "chapter_name": "Economy of Tanzania",
    "chapter_id": "1",
    "section_number": "1",
    "section_name": "Introduction",
    "text": "The **economy of Tanzania** is a lower-middle income economy that is centered\naround Manufacturing, Tourism, Agriculture, and financial services. Tanzania's\neconomy has been transitioning from a planned economy to a market economy\nsince 1985. Although the total GDP has increased since these reforms began,\nGDP per capita dropped sharply at first, and only exceeded the pre-transition\nfigure in around 2007.\n\nFollowing the rebasing of the economy in 2014, the GDP increased by a third to\n$58.1 billion.\n\nIn 2020, the real GDP of Tanzania grew by 4.8% reaching US$89.5 billion versus\nUS$82.9 billion in 2019. This growth made it the 2nd largest economy in East\nAfrica after Kenya, and the 7th largest in Sub-Saharan Africa.\n\nIt has sustained relatively high economic growth compared to global trends, as\nis characteristic of African nations. According to World Bank data, the last 5\nyears have seen the slowest growth since 2000. The medium-term outlook is so\nfar positive, with growth projected at 6 percent in 2020/21, which is\nsupported by large infrastructure spending.\n\nThe World Bank (WB) expects the economic growth of Tanzania to slow to 2.5% in\n2020 due to the COVID-19 pandemic which has affected the labor market, the\nproduction capacity, and productivity. Tourism has halted, and exports of\nmanufacturing and agricultural goods slumped.\n\nOn 7 September 2021, the IMF approved US$567.25 million in emergency financial\nassistance to support Tanzania’s efforts in responding to the COVID-19\npandemic by addressing the urgent health, humanitarian, and economic costs.\n\nThe IMF projects a GDP growth for Tanzania of +4.0% and +5.1% in 2021 and\n2022, and 6.0% in 2026.\n\nAccording to the World Bank, the GDP of Tanzania expanded by 4.6% in 2022, up\nfrom 4.3% in 2021.\n\nThe value of Tanzania's GDP at current prices reached USD 105.1 billion in\n2022.\n\nThe World Bank projects Tanzania's GDP growth to reach 5.1% in 2023."
  },
  {
    "chapter_name": "Economy of Tanzania",
    "chapter_id": "1",
    "section_number": "1",
    "section_name": "History",
    "text": "Significant measures have been taken to liberalize the Tanzanian economy along\nmarket lines and encourage both foreign and domestic private investment.\nBeginning in 1986, the Government of Tanzania embarked on an adjustment\nprogram to dismantle the socialist (Ujamaa) economic controls and encourage\nmore active participation of the private sector in the economy. The program\nincluded a comprehensive package of policies which reduced the budget deficit\nand improved monetary control, substantially depreciated the overvalued\nexchange rate, liberalized the trade regime, removed most price controls,\neased restrictions on the marketing of food crops, freed interest rates, and\ninitiated a restructuring of the financial sector. Tanzania accepted austerity\nmeasures required by the International Monetary Fund (IMF) and World Bank-\nimposed structural adjustment policies.\n\nCurrent GDP per capita of Tanzania grew more than 40 percent between 1998 and\n2007. In May 2009, the IMF approved an Exogenous Shock Facility for Tanzania\nto help the country cope with the global economic crisis Tanzania is also\nengaged in a Policy Support Instrument (PSI) with the IMF, which commenced in\nFebruary 2007 after Tanzania completed its second three-year Poverty Reduction\nand Growth Facility (PRGF), the first having been completed in August 2003.\nThe PRGF was the successor program to the Enhanced Structural Adjustment\nFacility, which Tanzania also participated in from 1996 to 1999. The IMF's PSI\nprogram provides policy support and signaling to participating low-income\ncountries and is intended for countries that have usually achieved a\nreasonable growth performance, low underlying inflation, an adequate level of\nofficial international reserves, and have begun to establish external and net\ndomestic debt sustainability.\n\nTanzania also embarked on a major restructuring of state-owned enterprises.\nThe program has so far divested 335 out of some 425 parastatal entities.\nOverall, real economic growth has averaged about 4 percent a year, much better\nthan the previous 20 years, but not enough to improve the lives of average\nTanzanians. Also, the economy remains overwhelmingly donor-dependent.\nMoreover, Tanzania has an external debt of $7.9 billion. The servicing of this\ndebt absorbs about 40 percent of total government expenditures. Tanzania has\nqualified for debt relief under the enhanced Heavily Indebted Poor Countries\n(HIPC) initiative. Debts worth over $6 billion were canceled following\nimplementation of the Paris Club 7 Agreement."
  },
  {
    "chapter_name": "Economy of Tanzania",
    "chapter_id": "1",
    "section_number": "2",
    "section_name": "Macro-economic trend",
    "text": "Historical development of real GDP per capita in Tanzania, since 1950\n\nThis is a chart of trend of gross domestic product of Tanzania at market\nprices estimated by the International Monetary Fund with figures in millions\nof shillings.\n\nYear | Gross Domestic Product | US Dollar Exchange\n---|---|---\n1980 | 45,749 | 8/21\n1985 | 115,006 | 17/87\n1990 | 830,693 | 195/04\n1995 | 3,020,501 | 536/40\n2000 | 7,267,133 | 800/43\n2005 | 13,713,477 | 1,127/10\n2010 | – | 1,515/10\n\nMean wages were $0.52 per man-hour in 2009.[_citation needed_] The economy saw\ncontinuous real GDP growth of at least 5% since 2007.\n\nThe following table shows the main economic indicators in 1980–2023. Inflation\nbelow 5% is in green.\n\nYear  | GDP\n(in billion US$ PPP) | GDP per capita\n(in US$ PPP) | GDP (in billion US$ nominal) | GDP growth\n(real) | Inflation rate\n(in Percent) | Government debt\n(in % of GDP)\n---|---|---|---|---|---|---\n1980  | 10.9  | 900  | 7.6  | 3.3%  | 30.2%  | n/a\n1981  | 12.1  | 919  | 5.8  | 0.5%  | 25.7%  | n/a\n1982  | 12.9  | 939  | 6.3  | 0.6%  | 28.9%  | n/a\n1983  | 13.7  | 965  | 5.9  | 2.4%  | 27.1%  | n/a\n1984  | 14.7  | 981  | 6.2  | 3.4%  | 36.1%  | n/a\n1985  | 15.8  | 1,000  | 6.7  | 4.6%  | 33.3%  | n/a\n1986  | 17.2  | 1,006  | 7.2  | 6.6%  | 32.4%  | n/a\n1987  | 18.7  | 1,012  | 7.7  | 5.9%  | 29.9%  | n/a\n1988  | 20.3  | 1,040  | 8.4  | 4.4%  | 31.2%  | n/a\n1989  | 21.9  | 1,076  | 8.9  | 3.8%  | 25.8%  | n/a\n1990  | 24.3  | 1,103  | 9.4  | 7.0%  | 36.4%  | n/a\n1991  | 26.3  | 1,126  | 9.9  | 2.1%  | 25.2%  | n/a\n1992  | 27.3  | 1,169  | 10.4  | 0.6%  | 20.7%  | n/a\n1993  | 28.3  | 1,223  | 11.5  | 1.2%  | 26.1%  | n/a\n1994  | 29.9  | 1,294  | 11.9  | 1.6%  | 37.9%  | n/a\n1995  | 31.8  | 1,372  | 12.5  | 3.6%  | 26.8%  | n/a\n1996  | 30.3  | 1,444  | 12.7  | 4.5%  | 21.0%  | n/a\n1997  | 33.5  | 1,545  | 13.2  | 3.5%  | 16.1%  | n/a\n1998  | 35.1  | 1,650  | 14.2  | 3.7%  | 12.8%  | n/a\n1999  | 37.4  | 1,732  | 15.5  | 4.8%  | 7.9%  | n/a\n2000  | 40.2  | 1,878  | 16.9  | 4.9%  | 6.0%  | n/a\n2001  | 43.5  | 1,969  | 18.6  | 6.0%  | 5.1%  | 50.2%\n2002  | 47.2  | 2,038  | 21.5  | 6.9%  | 4.6%  | 47.0%\n2003  | 51.3  | 2,141  | 24.3  | 6.4%  | 4.4%  | 44.3%\n2004  | 56.4  | 2,301  | 27.3  | 7.2%  | 4.1%  | 44.6%\n2005  | 60.3  | 2,407  | 28.6  | 6.5%  | 4.4%  | 46.8%\n2006  | 66.9  | 2,572  | 30.9  | 4.7%  | 7.3%  | 32.8%\n2007  | 74.5  | 2,641  | 35.3  | 8.5%  | 7.0%  | 21.6%\n2008  | 80.2  | 2,801  | 39.0  | 5.6%  | 10.3%  | 21.5%\n2009  | 85.1  | 2,902  | 43.7  | 5.4%  | 12.1%  | 24.4%\n2010  | 91.7  | 3,072  | 45.5  | 6.4%  | 7.2%  | 27.3%\n2011  | 100.9  | 3,245  | 47.9  | 7.9%  | 12.7%  | 27.8%\n2012  | 108.1  | 3,410  | 50.0  | 5.1%  | 16.0%  | 29.2%\n2013  | 117.9  | 3,790  | 54.1  | 7.2%  | 7.9%  | 30.9%\n2014  | 128.3  | 3,983  | 58.1  | 7.0%  | 6.1%  | 33.8%\n2015  | 138.7  | 4,105  | 63.8  | 6.2%  | 5.6%  | 39.2%\n2016  | 152.6  | 4,275  | 69.9  | 6.9%  | 5.2%  | 39.8%\n2017  | 167.0  | 4,441  | 73.1  | 6.8%  | 5.3%  | 40.7%\n2018  | 189.4  | 4,704  | 77.7  | 7.0%  | 3.5%  | 40.5%\n2019  | 211.9  | 4,868  | 82.9  | 7.0%  | 3.4%  | 39.1%\n2020  | 231.2  | 5,246  | 89.5  | 4.8%  | 3.3%  | 39.8%\n2021  | 252.1  | 5,505  | 98.9  | 4.9%  | 3.7%  | 42.1%\n2022  | 276.8  | 5,775  | 105.1  | 4.7%  | 4.4%  | 42.3%\n2023  | 303.9  | 6,195  | 112.0  | 5.2%  | 4.0%  | 42.6%"
  },
  {
    "chapter_name": "Economy of Tanzania",
    "chapter_id": "1",
    "section_number": "3",
    "section_name": "Agriculture",
    "text": "Farmers clearing a rice field manually\n\nThe Tanzanian economy is heavily based on agriculture, which accounts for 28.7\npercent of gross domestic product, provides 85 percent of exports, and\naccounts for half of the employed workforce; The agricultural sector grew 4.3\npercent in 2012, less than half of the Millennium Development Goal target of\n10.8 percent. 16.4 percent of the land is arable, with 2.4 percent of the land\nplanted with permanent crops.\n\nThis strong dependence on agriculture, makes Tanzania's economy highly\nvulnerable to weather shocks and fluctuating commodity prices. 76% of\nTanzania's population subsist thanks to agriculture and, due to the lack of\nknowledge and infrastructure to develop and implement some kind of\nagricultural technology, any droughts, floods, or temperature shocks can\nseverely damage the living standards of those people and create huge increases\nin unemployment, hunger, and malnutrition rates, as well as, in really severe\ncase, mortality rates due to starvation.\n\nTanzania produced in 2018:\n\n* 5.9 million tons of maize;\n* 5 million tons of cassava (12th largest producer in the world);\n* 3.8 million tons of sweet potato (4th largest producer in the world, second only to China, Malawi and Nigeria);\n* 3.4 million tons of banana (10th largest producer in the world, 13th adding plantain production);\n* 3 million tons of rice;\n* 3 million tons of sugarcane;\n* 1.7 million tons of potato;\n* 1.2 million tons of beans (6th largest producer in the world);\n* 940 thousand tons of peanut (7th largest producer in the world);\n* 930 thousand tons of sunflower seed (12th largest producer in the world);\n* 808 thousand tons of sorghum;\n* 561 thousand tons of sesame seed (5th largest producer in the world, losing only to Sudan, Myanmar, India and Nigeria);\n* 546 thousand tons of coconut (11th largest producer in the world);\n* 454 thousand tons of mango (including mangosteen and guava);\n* 389 thousand tons of pineapple;\n* 373 thousand tons of orange;\n* 356 thousand tons of tomato;\n* 238 thousand tons of cotton;\n* 171 thousand tons of cashew nuts (6th largest producer in the world);\n\nIn addition to smaller productions of other agricultural products, like\ntobacco (107 thousand tons, 8th largest producer in the world), coffee (55\nthousand tons), tea (36 thousand tons) and sisal (33 thousand tons)."
  },
  {
    "chapter_name": "Economy of Tanzania",
    "chapter_id": "1",
    "section_number": "4",
    "section_name": "Industry",
    "text": "Industries are a major and growing component of the Tanzanian economy,\ncontributing 22.2 percent of GDP in 2013. This component includes mining and\nquarrying, manufacturing, electricity and natural gas, water supply, and\nconstruction."
  },
  {
    "chapter_name": "Economy of Tanzania",
    "chapter_id": "1",
    "section_number": "4.1",
    "section_name": "Mining",
    "text": "Mining contributed 3.3 percent of GDP in 2013. The vast majority of the\ncountry's mineral export revenue comes from gold, accounting for 89 percent of\nthe value of those exports in 2013. It also exports sizable quantities of\ngemstones, including diamonds and tanzanite. All of Tanzania's coal\nproduction, which totalled 106,000 short tons in 2012, is used domestically."
  },
  {
    "chapter_name": "Economy of Tanzania",
    "chapter_id": "1",
    "section_number": "4.1.1",
    "section_name": "Minerals",
    "text": "Other minerals exploited in Tanzania include;\n\n1. Pozzolana\n2. Salt\n3. Gypsum\n4. Kaolinite\n5. Silver ore\n6. Copper\n7. Phosphate\n8. Tanzanite\n9. Tin\n10. Graphite\n11. Bauxite.\n\nModern gold mining in Tanzania started in the German colonial period,\nbeginning with gold discoveries near Lake Victoria in 1894. The first gold\nmine in what was then Tanganyika, the Sekenke Gold Mine, began operation in\n1909, and gold mining in Tanzania experienced a boom between 1930 and World\nWar II. By 1967, gold production in the country had dropped to insignificance\nbut was revived in the mid-1970s, when the gold price rose once more. In the\nlate 1990s, foreign mining companies started investing in the exploration and\ndevelopment of gold deposits in Tanzania, leading to the opening of a number\nof new mines, like the Golden Pride mine, which opened in 1999 as the first\nmodern gold mine in the country, or the Buzwagi mine, which opened in 2009.\n\nBuzwagi Gold Mine\n\nNickel reserves amounting to 290,000 tonnes were discovered in October 2012 by\nNgwena Company Limited, a subsidiary of the Australian mining company IMX\nResources. An initial investment of around USD $38 million has been made since\nexploration began in 2006, and nickel should start being mined at the end of\n2015.\n\nChinese firms have been showing major interest in Tanzania's mineral deposits;\nan announcement was made in late 2011 of a plan by the Sichuan Hongda Group,\nto invest about US$3 billion to develop the Mchuchuma coal and Liganga iron\nore projects in the south of the country. It was also announced in August 2012\nthat China National Gold Corp are in talks to purchase mining assets in\nTanzania from African Barrick Gold, in a deal that could be worth more than £2\nbillion stg.\n\nIn November 2012, the Tanzanian government announced investigations into\nallegations that mining investors in the country were harassing and on some\noccasions, killing residents around mining sites."
  },
  {
    "chapter_name": "Economy of Tanzania",
    "chapter_id": "1",
    "section_number": "4.2",
    "section_name": "Electricity",
    "text": "The government-owned Tanzania Electric Supply Company Limited (TANESCO)\ndominates the electric supply industry in Tanzania. The country generated\n6.013 billion kilowatt hours (kWh) of electricity in 2013, a 4.2 percent\nincrease over the 5.771 billion kWh generated in 2012. Generation increased by\n63 percent between 2005 and 2012; however, only 15 percent of Tanzanians had\naccess to electric power in 2011. Almost 18 percent of the electricity\ngenerated in 2012 was lost because of theft and transmission and distribution\nproblems. The electrical supply varies, particularly when droughts disrupt\nhydropower electric generation; rolling blackouts are implemented as\nnecessary. The unreliability of the electrical supply has hindered the\ndevelopment of Tanzanian industry. In 2013, 49.7 percent of Tanzania's\nelectricity generation came from natural gas, 28.9 percent from hydroelectric\nsources, 20.4 percent from thermal sources, and 1.0 percent from outside the\ncountry. The government is building a 532 kilometres (331 mi) gas pipeline\nfrom Mnazi Bay to Dar es Salaam, with a scheduled completion in 2015. This\npipeline is expected to allow the country to double its electricity generation\ncapacity to 3,000 megawatts by 2016. The government's goal is to increase\ncapacity to at least 10,000 megawatts by 2025."
  },
  {
    "chapter_name": "Economy of Tanzania",
    "chapter_id": "1",
    "section_number": "4.3",
    "section_name": "Natural gas",
    "text": "Songo Songo Gas Plant\n\nAccording to PFC Energy, 25 to 30 trillion cubic feet of recoverable natural\ngas resources have been discovered in Tanzania since 2010. The value of\nnatural gas actually produced in 2013 was US$52.2 million, a 42.7 percent\nincrease over 2012.\n\nCommercial production of gas from the Songo Songo Island field in the Indian\nOcean commenced in 2004, thirty years after it was discovered there. Over 35\nbillion cubic feet of gas was produced from this field in 2013, with proven,\nprobable, and possible reserves totalling 1.1 trillion cubic feet. The gas is\ntransported by pipeline to Dar es Salaam. As of 27 August 2014, TANESCO owed\nthe operator of this field, Orca Exploration Group Inc., US$50.4 million, down\nfrom US$63.8 million two months earlier.\n\nA newer natural gas field in Mnazi Bay in 2013 produced about one-seventh of\nthe amount produced near Songo Songo Island but has proven, probable, and\npossible reserves of 2.2 trillion cubic feet. Virtually all of that gas is\nbeing used for electricity generation in Mtwara.\n\nThe Indian Ocean, off the coast of Mozambique and Tanzania, is proving to be a\nrich hunting ground for natural gas exploration. According to US Geological\nSurvey estimates, the combined gas reserves of Mozambique and Tanzania could\nbe as high as 250 trillion cubic feet. In Mozambique alone, proven gas\nreserves have increased dramatically from a mere 4.6 trillion cubic feet in\n2013 to 98.8 trillion cubic feet as of mid-2015. Given continued offshore\ndiscoveries and the size of discoveries to date, continued growth in proven\ngas reserves is likely to continue into the foreseeable future.\n\nIn 2014, Tanzania's natural gas production was 19 billion cubic feet (Bcf), a\n30% decline from five years prior, but increased in mid-2015 following the\ncommencement of operations at the Mnazi Bay Concession and a new pipeline to\nDar es Salaam. Significant gas discoveries, including 16 to 17 trillion cubic\nfeet (Tcf) by the BG Group and partners, and 22 Tcf by Statoil with\nExxonMobil, have positioned Tanzania to potentially become an LNG exporter.\nHowever, development plans, including an LNG plant agreed upon in 2014 with\ninternational companies and the Tanzania Petroleum Development Corporation\n(TPDC), have not advanced to sanctioning.\n\nNew exploration on more frontier blocks, however, will likely be slowed as oil\nand gas prices fall and companies apply increasing caution to investing in\nfrontier markets with nascent industries, poor infrastructure and long lead\ntimes.\n\nThe exploration and development of natural gas in Tanzania have boosted its\neconomic framework. In 2024, the Ntorya gas field received a 25-year\ndevelopment license, a major step in harnessing Tanzania's natural gas.\nManaged by ARA Petroleum Tanzania Limited (APT), this field is expected to\nbegin producing substantial gas quantities for domestic use within a year.\nInitial production is projected at 40 million cubic feet per day, with\npotential expansion to 140 million cubic feet per day in future years."
  },
  {
    "chapter_name": "Economy of Tanzania",
    "chapter_id": "1",
    "section_number": "5",
    "section_name": "External trade and investment",
    "text": "Tanzanian exports in 2006\n\nTanzania's history of political stability has encouraged foreign direct\ninvestment. The government has committed itself to improve the investment\nclimate including redrawing tax codes, floating the exchange rate, licensing\nforeign banks, and creating an investment promotion centre to cut red tape.\nIts economy is currently being managed according to the Tanzania Mini-Tiger\nPlan. Tanzania has mineral resources and a largely untapped tourism sector,\nwhich might make it a viable market for foreign investment.\n\nThe stock market capitalisation of listed companies in Tanzania was valued at\n$588 million in 2005 by the World Bank."
  },
  {
    "chapter_name": "Economy of Tanzania",
    "chapter_id": "1",
    "section_number": "6",
    "section_name": "Zanzibar",
    "text": "Zanzibar's economy is based primarily on the production of cloves (90% grown\non the island of Pemba), the principal foreign exchange earner. Exports have\nsuffered from the downturn in the clove market.\n\nThe Government of Zanzibar has been more aggressive than its mainland\ncounterpart in instituting economic reforms and has legalized foreign exchange\nbureaus on the islands. This has loosened up the economy and dramatically\nincreased the availability of consumer commodities. Furthermore, with external\nfunding, the government plans to make the port of Zanzibar a free port.\nRehabilitation of current port facilities and plans to extend these facilities\nwill be the precursor to the free port. The island's manufacturing sector is\nlimited mainly to import substitution industries, such as cigarettes, shoes,\nand process agricultural products. In 1992, the government designated two\nexport-producing zones and encouraged the development of offshore financial\nservices. Zanzibar still imports much of its staple requirements, petroleum\nproducts, and manufactured articles."
  },
  {
    "chapter_name": "Economy of Tanzania",
    "chapter_id": "1",
    "section_number": "7",
    "section_name": "Literature",
    "text": "* Paul Collier: _Labour and Poverty in Rural Tanzania. Ujamaa and Rural Development in theUnited Republic of Tanzania_. Oxford University Press, New York, 1991, ISBN 0-19-828315-6."
  }
]