[
  {
    "chapter_name": "Economy of Tuvalu",
    "chapter_id": "1",
    "section_number": "1",
    "section_name": "Introduction",
    "text": "Location of Tuvalu\n\nTuvalu is a Polynesian island nation located in the Pacific Ocean, midway\nbetween Hawaii and Australia, with a population of 11,192 per the 2017 census.\nThe economy of Tuvalu is constrained by its remoteness and lack of economies\nof scale. Government revenues largely come from fishing licences (primarily\npaid under the South Pacific Tuna Treaty); direct grants from international\ndonors (government donors as well as from the Asian Development Bank); and\nincome from the Tuvalu Trust Fund. The lease of its highly fortuitous .tv Top\nLevel Domain (TLD) also contributes revenue. The sale of stamps since the\nindependence of Tuvalu in 1976 has been an important source of revenue for the\ncountry and government. However, such revenue has significantly declined in\nrecent years. Tuvalu has hardly any tourism. It has no tour guides, tour\noperators, or organised activities, and no cruise ships visit.\n\nWorld Bank Statistics outline that in 2010 Tuvalu produced a bottom-tier\nranking Gross Domestic Product of $31,350,804 and Gross National Income of\n$4,760, compared to other Pacific SIDS states such as Kiribati at $2,010 and\nthe Marshall Islands at $3,640. A large proportion of national income comes\nfrom the employment of 15% of adult male Tuvaluans overseas in the maritime\nindustry. The value of these remittances was valued at A$4 million (est. 2006)\nand on average accounts for 10% of GDP. A UN Report makes reference to the\nfact that these revenue streams are vulnerable to macroeconomic change while\nthe national budget remains heavily subsidised through international aid and\nfunding schemes such as the Tuvalu Trust Fund with a strong reliance on the\nimportation of food, which was estimated at $15.5 million in 2007.\n\nThe Tuvalu Trust Fund was established in 1987 by the United Kingdom, Australia\nand New Zealand to help supplement national deficits, underpin economic\ndevelopment, and help the nation achieve greater financial autonomy. The Fund\nhas contributed roughly A$79 million, 15% of the annual government budget each\nyear since 1990. With a capital value of about 2.5 times GDP, the Trust Fund\nprovides an important cushion for Tuvalu's volatile income sources from\nfishing and royalties from the sale of the .tv domain. Tuvalu joined the\nInternational Monetary Fund (IMF) on 24 June 2010.\n\nOn 5 August 2012, the executive board of the International Monetary Fund (IMF)\nconcluded that a slow recovery was underway in Tuvalu and that GDP grew in\n2011 led by the private retail sector and education spending.\n\nThe increase in inflation in 2022 was due to the rapid rise in the cost of\nfood resulting from a drought that affected food production and from rising\nglobal food prices, following Russia’s invasion of Ukraine (food imports\nrepresent 19 percent of Tuvalu’s GDP, while agriculture makes up for only 10\npercent of GDP). The government declared a national state of emergency in\nNovember 2022 as a consequence of a drought that exhausted rainwater supplies.\nThe government responded to the rising inflation through untargeted “inflation\nmitigation payouts” (totalling AUD 400,000 or AUD 40 dollars per eligible\nhousehold) and by expanding a list of products under price controls. In 2023,\nthe IMF Article IV consultation with Tuvalu concluded that a successful\nvaccination strategy allowed Tuvalu to lift coronavirus disease (COVID-19)\ncontainment measures at the end of 2022. However, the economic cost of the\npandemic was significant, with real gross domestic product growth falling from\n13.8% in 2019 to -4.3 percent in 2020, although it recovered to 1.8% in 2021.\nInflation rose to 11.5% in 2022, but inflation is projected to fall to 2.8% by\n2028.\n\nIslands of Tuvalu"
  },
  {
    "chapter_name": "Economy of Tuvalu",
    "chapter_id": "1",
    "section_number": "1",
    "section_name": "Geography of Tuvalu",
    "text": "Agriculture in Tuvalu is focused on coconut trees and growing pulaka in large\npits of composted soil below the water table. Subsistence farming of coconut\npalms to produce copra and fishing remain the primary economic activities,\nparticularly off the capital island of Funafuti. There is no apparent large\nincome disparity among the residents, although virtually the only jobs in the\nislands that pay a steady wage or salary are with the government, which make\nup about two-thirds of those in formal employment. About 15% of adult males\nwork as seamen on foreign-flagged merchant ships. Population growth on the\nouter islands, the limits as to available land and the lack of employment\nopportunities, results in a flow of people from the outer islands to the\ncapital in Funafuti with further pressure to migrate to Australia or New\nZealand. There is high youth unemployment and few new jobs being created.\nGiven the absence of natural resources (apart from tuna in the territorial\nwaters), and the constraints imposed on the Tuvaluan economy by its remoteness\nand lack of economies of scale, practical policies are needed for improvements\nto the livelihoods of the growing numbers of young Tuvaluans who aspire to a\nmore affluent lifestyle than older generations.\n\nTuvalu comprises four reef islands and five true atolls that result in a\n_contiguous zone:_ 24 nmi (44 km) _exclusive economic zone:_ 200 nmi (370 km)\n_territorial sea:_ 12 nmi (22 km). Its nearest neighbours are Kiribati, Nauru,\nSamoa and Fiji. Tuvalu has worked with Secretariat of the Pacific Community\n(SPC) and the European Union and enacted the Seabed Minerals Act 2014. The\nSPC-EU Pacific Deep Sea Minerals Project involves cooperation between the Cook\nIslands, Fiji, Tonga and Tuvalu with the object of those countries making\ninformed decisions about future deep seabed mineral activities.\n\nThe population is 10,507 (2017 Census), which makes Tuvalu the third-least\npopulous sovereign state in the world; as compared to its immediate\nneighbours, it has a larger population than Nauru, but is smaller than\nKiribati which has a permanent population of just over 100,000 (2011). In\nterms of physical land size, at just 26 square kilometres (10 sq mi) Tuvalu is\nthe fourth smallest country in the world; as compared to its immediate\nneighbours, Tuvalu is larger than Nauru, which is 21 km2 (8.1 sq mi), and\nsmaller than Kiribati, which comprises groups of atolls dispersed over 3.5\nmillion square kilometres, (1,351,000 square miles) of the Pacific Ocean.\nTuvalu's Exclusive Economic Zone (EEZ) covers an oceanic area of approximately\n900,000 km2.\n\nTuvalu is considered a safe country of unspoiled natural beauty and friendly\npeople. However, due to its remoteness, the cost of travelling to the island\nand limited air traffic to the country, limited numbers of tourists visit each\nyear. The majority of visitors to Tuvalu are government officials, aid\nworkers, NGO officials or consultants."
  },
  {
    "chapter_name": "Economy of Tuvalu",
    "chapter_id": "1",
    "section_number": "1.1",
    "section_name": "Fishing resources",
    "text": "Tuvaluans are primarily involved in traditional agriculture and fishing. Job\nopportunities also exist as observers on tuna boats where the role is to\nmonitor compliance with the boat's tuna fishing licence.\n\nThe Tuvaluan economy, therefore, relies heavily on its fishing income, with\n42% of the Tuvaluan population involved in fishing activity at various levels.\nThe fishing in the Exclusive Economic Zone (EEZ) mainly consists of Skipjack\nTuna, Yellowfin Tuna and Bigeye Tuna. UN Data calculated a gross value of\nfisheries at US$43,773,582 (2007 est), which accounted for the output of\ncoastal commercial fishing, coastal subsistence fishing, locally based\noffshore fishing, foreign-based offshore fishing, freshwater fishing and\naquaculture. In recent years all of the income has been generated through the\nlisted activities in Tuvalu waters, rather than through exports direct from\nTuvalu. The activities of international fishing vessels, which in 2008\ncomprised 42 longline fishing vessels, 3 pole/line vessels and 126 purse\nseiners, far outweigh domestic activity, with a production volume of 35,541\ntonnes worth US$40,924,370 (2009 est) or 93.5% of gross value, although Tuvalu\nretains a sizeable share in income via licensing. Fishing licensing agreements\nwith Taiwan, Japan, South Korea, New Zealand and the United States generated\nan income of A$9 million in 2009. In 2013 revenue from fishing licenses\ndoubled to more than 45% of GDP.\n\nOn 29 June 2017, the National Fishing Corporation of Tuvalu (NAFICOT), signed\na joint venture agreement with the Republic of Korea's SAJO Fishing Industry\nto operate the fishing vessel _M.V. Taina_ within the Tuvaluan EEZ and other\nPacific Island waters.\n\nThe 2021 Budget of Tuvalu set out a shift in government policy regarding\nengagement in fishing activities, with a shift from joint venture arrangements\n(including the sale of _FV Taumoana_ for $10.4 million) to just receiving\nrevenue from fishing licenses and receiving management fees for flagged ships."
  },
  {
    "chapter_name": "Economy of Tuvalu",
    "chapter_id": "1",
    "section_number": "1.2",
    "section_name": "Remittances from Tuvaluan seafarers",
    "text": "Tuvalu men have for some time been employed abroad, working on container\nships, primarily on German-owned ships. Remittances from seafarers is a major\nsource of income for their families in Tuvalu. In 2002, the Asian Development\nBank (ADB) approved an assistance package to upgrade the Tuvalu Maritime\nTraining Institute (TMTI) which trains young Tuvaluans so they can work aboard\nforeign vessels. This project was completed in 2011.\n\nThe Great Recession impacted global export-import activities and the demand\nfor shipping, which reduced the need for Tuvaluan seafarers.\n\nThe 1991 census identified 272 seaman working on merchant ships. In 2002 the\nTuvaluan Overseas Seaman's Union (TOSU) estimated the number as 417 seaman\nworking on ships. In 2011 the ADB estimated there were 800 TMTI graduates\nregistered for employment as seafarers. The ADB identified that the number of\nTuvaluans employed as seafarers has decreased steadily from about 340 in 2001\nto only 205 in 2010; so that of a total pool of 800 qualified seafarers,\nincluding those on leave, almost 450 were unemployed. This decline in seafarer\nemployment has reduced remittances from $2.4 million in 2001 to a projected\n$1.2 million in 2010. The International Labour Organization (ILO) also\nestimates that in 2010 there were approximately 200 Tuvaluan seafarers on\nships. The International Monetary Fund 2014 Country Report described the\neffect of the GFC as reducing demand for the services of Tuvaluan seafarers.\nAs of October 2013, there were about 112 Tuvalu seafarers working on cargo\nships, compared to 361 in 2006. The consequence is that remittances from\nseafarers to their families in Tuvalu fell by about 9% of GDP for Tuvalu. In\n2012 such remittances were 10% of GDP for Tuvalu.\n\nWhile a budget deficit of A$0.4 million was projected for 2015, the ADB\nassessed the budget as being A$14.3m in surplus as the result of high tuna\nfish license fees. The ADB predicted that the 2% growth rate for 2015 would\ncontinue into 2016."
  },
  {
    "chapter_name": "Economy of Tuvalu",
    "chapter_id": "1",
    "section_number": "1.3",
    "section_name": "Economic vulnerability",
    "text": "Funafuti\n\nFrom 1996 to 2002, Tuvalu was one of the best performing Pacific Island\neconomies and achieved an average real gross domestic product (GDP) growth\nrate of 5.6% per annum. Since 2002 economic growth has slowed as Tuvalu was\nexposed to rapid rises in world prices of fuel and food with the level of\ninflation peaking at 10% in 2008, and falling to 0% in November 2010.\n\nHowever, due to the acute level of geographic, macroeconomic and financial\nisolation, scale of area, population infrastructure and agriculture, climate\nchange, oil dependency, contracting GDP and economic dependency many sources\nin this decade view Tuvalu as an extremely vulnerable economy. The country is\nalso dependent on imported fuel, with gas prices quoted at $12/gal (2009). The\nhigh cost of petroleum products has encouraged the development of projects to\naccess renewable energy in Tuvalu.\n\nAlthough listed by the UN as a Lower Middle Income LDC, it scores very high in\nterms of Economic Vulnerability Index, with a rating of 79.7 out of 100 in\n2009, leading the UN to state that Tuvalu is the most \"economically vulnerable\ncountry in the world\". Due to the factors addressed earlier, Tuvalu yields\nlimited revenue from exports."
  },
  {
    "chapter_name": "Economy of Tuvalu",
    "chapter_id": "1",
    "section_number": "2",
    "section_name": "Public sector enterprises",
    "text": "Offices of the Tuvalu Telecommunications Corporation\n\nThe public sector enterprises are the National Fishing Corporation of Tuvalu\n(NAFICOT), National Bank of Tuvalu, Development Bank of Tuvalu, Tuvalu\nElectricity Corporation, Tuvalu Telecommunications Corporation, Tuvalu\nPhilatelic Bureau, Tuvalu Maritime Training Institute and Vaiaku Lagi Hotel.\n\nThe government is the primary provider of medical services through Princess\nMargaret Hospital on Funafuti, which operates medical clinics on the other\nislands.[_citation needed_]\n\nBanking services are provided by the National Bank of Tuvalu. Effective of 7\nOctober 2016, Tuvalu accepted the Article VIII obligations of the IMF Articles\nof Agreement, to maintaining an exchange system free of restrictions on\npayments for international transactions.\n\nThe Tuvalu Media Department of the Government of Tuvalu operates one station\non the AM frequencies under the title of _Radio Tuvalu_. _Fenui – news from\nTuvalu_ is a free digital publication of the Tuvalu Media Department that is\nemailed to subscribers and operates a Facebook page, which publishes news\nabout government activities and news about Tuvaluan events, such as a special\nedition covering the results of the 2015 general election.\n\nThe Tuvalu National Provident Fund (TNPF) and the Copra Trading Co-operative\n(CTC) are owned by the members of each organisation. The TNPF provides its\nmembers with loans, for which each member's account is used as collateral. The\nTuvalu Cooperative Society is the main wholesaler and retailer in Tuvalu."
  },
  {
    "chapter_name": "Economy of Tuvalu",
    "chapter_id": "1",
    "section_number": "3",
    "section_name": "Private sector enterprises",
    "text": "The Tuvalu National Private Sector Organisation, the Tuvalu National Chamber\nof Commerce and Tuvalu Business Centre are active in supporting private sector\nenterprises. In order to set up a business in Tuvalu, an investor needs a\nstart-up capital of AUD$20,000, a Tuvaluan partner and pay a business\nregistration fee of AUD$100. As of 2010 there are only seven foreign-owned\nbusinesses operating in Tuvalu, which were mostly set up by Asian small\nbusiness operators in the retail and restaurant sector.\n\nMackenzie Trading Limited, established by Mackenzie Kiritome in 2008, operates\nsmall retail outlets in the outer islands to sell merchandise in competition\nwith the Co-operative Society (which is a community-owned enterprise). In 2010\nMackenzie Trading Limited employed 40 people. Other supermarkets on Funafuti\ninclude the Edwin Food City store, the Messamasui Supermarket, the SULANI\nTrading store and the JY Ocean Trading stores. Government regulations prohibit\ntrading on Sundays."
  },
  {
    "chapter_name": "Economy of Tuvalu",
    "chapter_id": "1",
    "section_number": "4",
    "section_name": "Development of economic and social policy (_Te Kakeega_ /_Te Kete_)",
    "text": "Flag of Tuvalu\n\n_Te Kakeega_ was the statement of the national strategy for the sustainable\ndevelopment of Tuvalu, with economic and social goals intended to be achieved\nin the period 2005 to 2015. After consultations on each islands the National\nSummit on Sustainable Development (NSSD), was held at the _Tausoalima\nFalekaupule_ in Funafuti from 28 June to 9 July 2004. The meeting resulted in\nthe _Malefatuga_ Declaration, which is the foundation of _Te Kakeega II -\nNational Strategy for Sustainable Development-2005-2015_ , which “contained\nall the known aid projects, programmes, development initiatives and ideas\nadopted by the donors and the two successive Tuvalu governments (2004-2006 and\n2006 to present)”.\n\nThe _Te Kakeega III - National Strategy for Sustainable Development 2016-2020_\n(TK III) includes new strategic areas, in addition to the eight identified in\nTK II. The additional strategic areas are climate change; environment;\nmigration and urbanization; and oceans and seas.\n\nIn the national strategy plan for 2021–2030, the name _Te Kakeega_ was\nreplaced by _Te Kete_ which is the name of a domestic traditional basket woven\nfrom green or brown coconut leaves. Symbolically, _Te Kete_ has biblical\nsignificance for Tuvaluan Christian traditions by referencing the basket or\nthe cradle that saved the life of Moses."
  },
  {
    "chapter_name": "Economy of Tuvalu",
    "chapter_id": "1",
    "section_number": "5",
    "section_name": "Tuvalu Trust Fund",
    "text": "The Tuvalu Trust Fund (TTF) was established in 1987 by the United Kingdom,\nAustralia, New Zealand with about A$27 million in capital. The TTF, a\nprudently managed overseas investment fund, has contributed roughly (A$79\nmillion), 15% of the annual government budget each year since 1990. With a\ncapital value of about 3.5 times GDP, the TTF provides an important cushion\nfor Tuvalu's volatile income sources from fishing and royalties from the sale\nof the dot-TV domain.\n\nThe IMF 2014 Country Report noted the market value of the TTF dropped during\nthe Great Recession, however by 2014 the total value of the fund had recovered\nto more than $A140 million (3.5 times GDP). In 2018 the TTF amounted to about\nA$179 million. In 2021 the TTF amounted to about A$192 million. In 2021 the\nmarket value of the TTF rose by 12 percent to its highest level on record (261\npercent of GDP). However, the volatility in global equity markets in 2022\nresulted in the TTF’s value falling to A$191 million.\n\nThe capital of the Trust Fund is known as the “A Account”. The \"B Account\" or\n“Consolidated Investment Fund” (CIF) is a revolving “buffer account” that\nreceives funds from the returns or “disbursements” of the \"A Account\". The\noperation of the Trust Fund through two accounts assists in stabilising the\nlong-term financial situation of the Government of Tuvalu as well as\naddressing short-term budget needs. The \"B Account\", which belongs exclusively\nto the Government, holds income distributions from the \"A Account\" until funds\nare needed to be used for the national budget. It, therefore, serves as a\nbuffer against the volatility of the ‘A Account’ returns, i.e., during years\nwhen there are no returns or low returns. Brian Bell, a member of the Tuvalu\nTrust Fund Advisory Committee from the inception of the Trust Fund in 1987 to\n2002, describes the purpose of the Trust Fund as being:\n\n“The Tuvalu Trust Fund was aimed at providing a source of revenue to overcome a chronic budget deficit situation. The revenue is distributed to the Government from the A Account to the B Account. The amount needed is then drawn down into the consolidated revenue account as an additional source of revenue for expenditure on government services through the recurrent budget.”\n\nThe 20th-anniversary review of the Tuvalu Trust Fund described the performance\nas being that:\n\n“In the first twenty years of operation the Fund has grown to $106.6 million in Market Value as of 30 June 2007. The real rate of return on the Fund has averaged 6.2 percent per annum providing $65.7 million in revenue to Tuvalu. Of this $24.1 million has been used to help fund budget deficits, $29.2 million has been reinvested in the Fund and $12.4 million is held in the CIF awaiting drawdown as of 30 June 2007. The Government's subsequent reinvestments back into the Fund since inception raises Tuvalu's contributions to the Fund to $29.8 million including the initial contribution of $1.6 million. It makes Tuvalu the major contributor to the Fund, which is evidence of Tuvalu's commitment to the long term sustainability of the Fund.”"
  },
  {
    "chapter_name": "Economy of Tuvalu",
    "chapter_id": "1",
    "section_number": "6",
    "section_name": "Falekaupule Trust Fund",
    "text": "In 1999 the Asian Development Bank (ADB) and the government of Tuvalu set up\nthe Falekaupule Trust Fund, which is intended to improve services on the outer\nislands. The island councils – composed of traditional leaders – are\nresponsible for managing their own finances from a budget allocated from the\nTuvaluan government from the Falekaupule Trust Fund. Under the Falekaupule\nAct, _Falekaupule_ means “traditional assembly in each island...composed in\naccordance with the Aganu of each island”. _Aganu_ means traditional custom\nand culture. The initial capital of Falekaupule Trust Fund was A$12 million.\nThe market value of the FTF has increased:\n\n“As at 30 June 2007, the FTF's market value stood at $25.3 million. After eight years of operation, the FTF has made three distributions totalling to $4.7 million. A Reserve Account was established in 2005 having the exact same purpose as the CIF, which is to smooth out the stream of revenue from the main investment. At 30 June 2007, the FTF's Reserve Account was $1.4 million.”\n\nThe Great Recession affected the FTF, which is required to maintain its value\nin real terms before a distribution can be made. As of 30 September 2010, the\nmaintained value was $27.3 million; the result of capital growth and\ncontributions from development partners. This is some $3.5 million higher than\nthe market value of $23.8 million. The gap of 15% between the market value and\nthe maintained value must be recouped before another distribution can be made.\nSince the commencement of FTF, there have been four years in which\ndistributions were made. The FTF has distributed $6.4 million with some $5.3\nmillion allocated to island development (the balance of $1.1 million is held\nin reserve by the communities). This equates to an average of $55,000 spent\nper island per year."
  },
  {
    "chapter_name": "Economy of Tuvalu",
    "chapter_id": "1",
    "section_number": "7",
    "section_name": "Government revenue",
    "text": "Government revenues largely come from sales of stamps and coins, fishing\nlicences, income from the Tuvalu Ship Registry, income from the TTF, and from\nthe lease of its highly fortuitous .tv Internet Top Level Domain (TLD)."
  },
  {
    "chapter_name": "Economy of Tuvalu",
    "chapter_id": "1",
    "section_number": "7.1",
    "section_name": "Tuvalu Trust Fund",
    "text": "Government office building in Funafuti\n\nThe Tuvalu Trust Fund was established for the intended purpose of helping to\nsupplement national deficits, underpin economic development, and help the\nnation achieve greater financial autonomy. The Trust Fund, has contributed\nroughly (A$79 million) 15% of the annual government budget each year since\n1990. With a capital value of about 2.5 times GDP, the Trust Fund provides an\nimportant cushion for Tuvalu's volatile income sources from fishing and\nroyalties from the sale of the .tv domain. Meeting the needs of the 2013/14\nbudget of the Tuvaluan Government will require drawing from funds held in the\n“Consolidated Investment Fund” (CIF) of the Tuvalu Trust Fund."
  },
  {
    "chapter_name": "Economy of Tuvalu",
    "chapter_id": "1",
    "section_number": "7.2",
    "section_name": "Fishing Licenses",
    "text": "Fishing licences are an important source of revenue. The fishing in the\n900,000 km2 of water area mainly consists of Skipjack Tuna, Yellowfin Tuna and\nBigeye Tuna. Payments from US government made under the South Pacific Tuna\nTreaty (SPTT) was about $9 million in 1999. In May 2013 representatives from\nthe United States and the Pacific Islands countries agreed to sign interim\narrangement documents to extend the Multilateral Fisheries Treaty (which\nencompasses the South Pacific Tuna Treaty) to confirm access to the fisheries\nin the Western and Central Pacific for US tuna boats for 18 months. In 2015,\nTuvalu has refused to sell fishing days to certain nations and fleets that\nhave blocked Tuvaluan initiatives to develop and sustain their own fishery. In\n2016, Dr Puakena Boreham, the Minister of Natural Resources, drew attention to\nArticle 30 of the WCPF Convention, which describes the collective obligation\nof members to consider the disproportionate burden that management measures\nmight place on small-island developing states."
  },
  {
    "chapter_name": "Economy of Tuvalu",
    "chapter_id": "1",
    "section_number": "7.3",
    "section_name": ".tv Domain",
    "text": "The \".tv\" domain name generates around A$7 million each year from royalties.\nIn 2019, 8.4% of total government revenue came from .tv royalties. The domain\nname is sought after due to its similarity to the abbreviation of the word\ntelevision. VeriSign, Inc managed the .tv domain with the agreement running\nuntil 2021. On 14 December 2021 the Ministry of Justice, Communication and\nForeign Affairs of the Tuvalu Government announced that they had selected\nGoDaddy Registry as the new registry service provider, after Verisign did not\nparticipate in the process. The success of Twitch.tv and other esports and\nvideo game platforms means that Tuvalu can expect to derive increased revenue\nfrom the domain."
  },
  {
    "chapter_name": "Economy of Tuvalu",
    "chapter_id": "1",
    "section_number": "7.4",
    "section_name": "Economic Assessment",
    "text": "The Asian Development Bank described the Global Economic Crisis (GEC) as\nimpacting on Tuvalu through: “(i) lower demand for Tuvalu seafarers and,\ntherefore, falling remittances; (ii) volatile exchange rate movements\naffecting the value of remittances, revenues from fishing licence fees, and\nfood prices; and (iii) lower market value of the Tuvalu Trust Fund (TTF),\nwhich at the end of May 2010 was about 12% below the maintained value. Thus,\nas a direct result of the GEC, no distribution was made from the fund to the\nbudget for 2010 and further distributions are unlikely while there is\nuncertainty in international financial markets.”\n\nThe IMF 2010 Country Report describes economic activity in Tuvalu as dampened\nby lower offshore earnings, with “[t]he economy is expected to have almost no\ngrowth in 2010, and growth is projected to be zero or even turn negative in\n2011, led by lower government spending, and remain low over the medium term.”\n\nThe IMF 2014 Country Report noted that real GDP growth had been volatile\naveraging only 1 percent in the past decade. The 2014 Country Report describes\neconomic growth prospects as generally positive as the result of large\nrevenues from fishing licenses, together with substantial foreign aid, \"while,\nover the medium to long run, growth prospects may be hampered by the dominance\nof inefficient public enterprise in the economy, uncertainty in the fisheries\nsector, and weak competitiveness.\"\n\nThe IMF 2021 Country Report concluded that swift implementation of COVID-19\ncontainment measures and COVID-related fiscal spending financed by buoyant\nfishing revenues and donor grants have allowed Tuvalu to avoid a recession in\n2020."
  },
  {
    "chapter_name": "Economy of Tuvalu",
    "chapter_id": "1",
    "section_number": "8",
    "section_name": "Least developed country status",
    "text": "The United Nations designates Tuvalu as a least developed country because of\nits limited potential for economic development, absence of exploitable\nresources and its small size and vulnerability to external economic and\nenvironmental shocks. Tuvalu participates in the Enhanced Integrated Framework\nfor Trade-Related Technical Assistance to Least Developed Countries, which was\nestablished in October 1997 under the auspices of the World Trade\nOrganisation. In 2013 Tuvalu deferred its graduation from least developed\ncountry status to a developing country to 2015. Prime Minister Enele Sopoaga\nsaid that this deferral was necessary to maintain access by Tuvalu to the\nfunds provided by the United Nations's National Adaptation Programme of Action\n(NAPA), as \"Once Tuvalu graduates to a developed country, it will not be\nconsidered for funding assistance for climate change adaptation programmes\nlike NAPA, which only goes to LDCs\". Tuvalu had met targets so that Tuvalu was\nto graduate from LDC status. Prime minister, Enele Sopoaga wants the United\nNations to reconsider its criteria for graduation from LDC status as not\nenough weight is given to the environmental plight of small island states like\nTuvalu in the application of the Environmental Vulnerability Index."
  },
  {
    "chapter_name": "Economy of Tuvalu",
    "chapter_id": "1",
    "section_number": "9",
    "section_name": "International aid",
    "text": "Australia and New Zealand continue to contribute capital to the Tuvalu Trust\nFund and provide other forms of development assistance. Financial support to\nTuvalu is also provided by Japan, South Korea and the European Union.\n\nTuvalu joined the Asian Development Bank (ADB) in 1993. To improve aid\neffectiveness, the government of Tuvalu, ADB, AusAID, and NZAID signed the\nDevelopment Partners Declaration (DPD) in 2009. The DPD is designed to improve\naid effectiveness, both in the implementation of specific projects and in\nassisting the Tuvaluan government achieve performance benchmark indicators.\n\nTuvalu became a member of the International Monetary Fund (IMF) in July 2010\nand also joined the World Bank. In 2013 the World Bank approved US$6.06\nmillion in finance for the existing Tuvalu Aviation Investment Project (TvAIP)\nfor the purpose of improving operational safety and oversight of international\nair transport and associated infrastructure at Funafuti International Airport.\n\nTuvalu participates in the Enhanced Integrated Framework for Trade-Related\nTechnical Assistance to Least Developed Countries, which was established in\nOctober 1997 under the auspices of the World Trade Organisation. In 2013\nTuvalu deferred its graduation from Least Developed Country status to a\ndeveloping country to 2015. Prime Minister Enele Sopoaga said that this\ndeferral was necessary to maintain access by Tuvalu to the funds provided by\nthe United Nations's National Adaptation Programme of Action (NAPA), as “Once\nTuvalu graduates to a developed country, it will not be considered for funding\nassistance for climate change adaptation programmes like NAPA, which only goes\nto LDCs”. Tuvalu had met targets so that Tuvalu was to graduate from LDC\nstatus. Prime minister, Enele Sopoaga wants the United Nations to reconsider\nits criteria for graduation from LDC status as not enough weight is given to\nthe environmental plight of small island states like Tuvalu. Sopoaga said\nthat:\n\n“The present application of those criteria we feel is totally unrealistic and perhaps very very wrong. We need to address that. The application of the current criteria - we have no problem with the criteria but the application - Environmental Vulnerability Index must be one of the two.”\n\nOn 18 February 2016, Tuvalu signed the Pacific Islands Development Forum\nCharter and formally joined the Pacific Islands Development Forum (PIDF). In\nJune 2017, Tuvalu signed the Pacific Agreement on Closer Economic Relations\n(PACER)."
  },
  {
    "chapter_name": "Economy of Tuvalu",
    "chapter_id": "1",
    "section_number": "10",
    "section_name": "Climate change mitigation and cyclone recovery programs",
    "text": "The South Pacific Applied Geoscience Commission (SOPAC) suggests that, while\nTuvalu is vulnerable to climate change, environmental problems such as\npopulation growth and poor coastal management also affect sustainable\ndevelopment. SOPAC ranks the country as extremely vulnerable using the\nEnvironmental Vulnerability Index. Tuvalu's National Adaptation Programme of\nAction (NAPA) describes a response to the climate change problem as using the\ncombined efforts of several local bodies on each island that will work with\nthe local community leaders (the Falekaupule). The main office, named the\nDepartment of Environment, is responsible for coordinating the non-\ngovernmental organizations, religious bodies, and stakeholders. Each of the\nnamed groups are responsible for implementing Tuvalu's NAPA, the main plan to\nadapt to the adverse effects of human use and climate change.\n\nThe establishment of the A$5 million Tuvalu Survival Fund (TSF) in the 2016\nTuvaluan budget was intended for climate change mitigation and the recovery\nexpenses that followed the impact of Cyclone Pam, which impacted Tuvalu in\n2015.\n\nThe Tuvalu Coastal Adaptation Project (TCAP) was launched in 2017 for the\npurpose of enhancing the resilience of the islands of Tuvalu to meet the\nchallenges resulting from higher sea levels. Tuvalu was the first country in\nthe Pacific to access climate finance from Green Climate Fund, with the\nsupport of the UNDP. In December 2022, work on the Funafuti reclamation\nproject commenced. The project is to dredge sand from the lagoon to construct\na platform on Fongafale, Funafuti that is 780 meters long and 100 meters wide,\nwhich is designed to remain above sea level rise and the reach of storm waves\nbeyond the year 2100. The Australian Department of Foreign Affairs and Trade\n(DFAT) also provided funding for the TCAP. Further projects that are part of\nTCAP are capital works on the outer islands of Nanumea and Nanumaga aimed at\nreducing exposure to coastal damage resulting from storms.\n\nOn 26 September 2023, the World Bank (WB) approved US$11.5 million (AUD$18\nmillion) in new grant financing to Tuvalu as part of the WB’s First Climate\nand Disaster Resilience Development Policy Financing program. This WB support\nincludes a development policy grant of US$7.5 million (AU$11.8 million). This\ngrant is directed to assisting Tuvalu's National Disaster Management Office in\ncoordinating post-disaster response activities; as well to the work of\nTuvalu’s National Building Code Assessment Unit, of the Public Works\nDepartment, to develop more disaster-resilient infrastructure in Tuvalu. The\nWB program includes an additional Catastrophe Deferred Drawdown Option (Cat\nDDO) of US$4 million (AU$6.3 million). The Cat DDO funds are made available to\nTuvalu in the event of a natural disaster. The purpose of the WB grant is to\nsupport improved monitoring and reporting for the assessment of Tuvalu’s\nclimate and disaster risks, and to help the government fast-track the flow of\ncritical supplies to the islands of Tuvalu following emergencies and natural\ndisasters."
  },
  {
    "chapter_name": "Economy of Tuvalu",
    "chapter_id": "1",
    "section_number": "11",
    "section_name": "GDP and other economic performance indicators",
    "text": "Information sourced from:\n\n* This article incorporates public domain material from _The World Factbook_. CIA.\n* \"Tuvalu: 2010 Article IV Consultation-Staff Report; Public Information Notice on the Executive Board Discussion; and Statement by the Executive Director for Tuvalu\". International Monetary Fund Country Report No. 11/46. 8 February 2011. Retrieved 4 September 2011.\n* \"Tuvalu: 2014 Article IV Consultation-Staff Report; Public Information Notice on the Executive Board Discussion; and Statement by the Executive Director for Tuvalu\" (PDF). International Monetary Fund Country Report No. 14/253. August 2014. Retrieved 21 March 2016.\n* \"Tuvalu: 2016 Article IV Consultation-Press Release; Staff Report; and Statement by the Executive Director for Tuvalu\" (PDF). International Monetary Fund Country Report No. 14/253. 4 October 2016. p. 7. Retrieved 4 February 2018.\n* \"Tuvalu: 2018 Article IV Consultation-Press Release; Staff Report; and Statement by the Executive Director for Tuvalu\". International Monetary Fund Country Report No. 18/209. 5 July 2018. Retrieved 5 September 2018.\n* \"Tuvalu: 2021 Article IV Consultation-Press Release; Staff Report; and Statement by the Executive Director for Tuvalu\". International Monetary Fund Country Report No. 21/176. August 2021. Retrieved 5 August 2021.\n* \"Tuvalu: 2023 Article IV Consultation-Press Release; Staff Report; and Statement by the Executive Director for Tuvalu\". International Monetary Fund Country Report No. 2023/267. 21 July 2023. Retrieved 24 September 2023.\n* \"2024 Tuvalu National Budget\" presented on 20 November 2023 by the Honourable Seve Paeniu, Minister of Finance.\n\nThe Tuvaluan dollar and the Australian dollar (A$) are both official\ncurrencies of Tuvalu.\n\n_Currency_ : 1 Tuvaluan dollar ($T) or 1 Australian dollar (A$) = 100 cents\n\n_GDP_ :\n\n* A$0.068 Billion (nominal, 2019 est.)\n* A$0.07 Billion (nominal, 2020 est.)\n* A$0.074 Billion (nominal, 2021 est.)\n* A$0.049 Billion (PPP, 2019 est.)\n* A$0.05 Billion (PPP, 2020 est.)\n* A$0.052 Billion (PPP, 2021 est.)\n\n_GDP - nominal_: A$47 million (2015); A$49 million (2016); A$59.1 million\n(2017); A$64.4 million (2018); A$77.9 million (2019); A$75.2 million (2020);\nA$80.1 million (2021); A$85.2 million (2022 est.); A$93.8 (2023 proj.);\nA$100.9 (2024 proj.); A$107.9 (2025 proj.).\n\n_GNI \\- GNI per capita_: $4,760 (2010)\n\n_GDP \\- per capita_: $2,447 (2009); $3,400 (2015 est.); $3,700 (2016 est.);\n$3,898 (2017 est.); $3,948 (2018 est.); $4,281 (2019 est.); 4,515\n(A$7,152)(2021 est.)\n\n_GDP – composition by sector_:\n\nAgriculture: 24.5% (2012 est.)\n\nIndustry: 5.6% (2012 est.)\n\nServices: 70% (2012 est.)\n\n__Growth and inflation_ :_\n\n**Growth and inflation:**\n(percentage change) | 2008 est. | 2009 est. | 2010 est. | 2011 est. | 2012 est. | 2013 est. | 2014 est. | 2015 est. | 2016 est.\n---|---|---|---|---|---|---|---|---|---\nReal GDP growth | 6% | -4% | -2.7% | 8.4% | 0.2% | 1.3% | 2.2% | 9.1% | 3.0%\nConsumer price inflation (end of period): | 10% | 0% | -1.9% | 0.5% | 1.4% | 2% | 3.3% | 4.0% | 2.6%\n**Growth and inflation:**\n(percentage change) | 2017 est. | 2018 est. | 2019 est. | 2020 est. | 2021 est. | 2022 est. | 2023 proj. | 2024 proj. | 2025 proj.\n---|---|---|---|---|---|---|---|---|---\nReal GDP growth | 3.2% | 4.3% | 13.8% | -4.3% | 1.8% | 0.7% | 3.9% | 3.5% | 2.4%\nConsumer price inflation (period average): | 4.1% | 2.2% | 3.5% | 1.9% | 6.2% | 11.5% | 5.9% | 3.7% | 3.4%\n\n_Industrial production growth rate_ : -26.1% (2012 est.)\n\n_Total population_ : 10,632 (2022 Census)\n\n_Labor force - by occupation_ : people make a living mainly through\nexploitation of the sea, reefs, and atolls and from wages sent home by those\nworking abroad in Australia and New Zealand and sailors working on merchant\nships.\n\n_Labour force_ : 3,615 (2004 est.)\n\n_Unemployment rate_ : 16.3% (2004)\n\n_Population below poverty line_ : 26.3% (2010 est.)\n\n__Budget (2010 to 2013)_ :_\n\nBudget | 2010 | 2011 | 2012 | 2013\n---|---|---|---|---\nTotal revenues and grants | A$24.9 million | A$26.3 million | A$32.5 million | A$42.7 million\nTotal expenditures | A$33.2 million | A$29.7 million | A$28.9 million | A$32.2 million\n\n__Budget (2014 to 2019)_ :_\n\nBudget | 2014 actual | 2015 actual | 2016 actual | 2017 actual | 2018 actual | 2019 actual\n---|---|---|---|---|---|---\nTotal domestic revenue | A$41.97 m | A$52.12 m | A$71.1 m | A$63.50 m | A$59.23 m | A$55.74 m\nTotal recurrent expenditure | A$37.07 m | A$46.82 m | A$57.07 m | A$51.94 m | A$38.15 m | A$58.35 m\n_Structural balance_ | A$4.90 m | A$5.30 m | A$14.03 m | A$11.57 m | A$21.09 m | (A$2.61 m)\nNon recurrent expenditure | A$4.42 m | A$13.8 m | A$19.28 m | A$16.38 m | A$16.23 m | A$26.5 m\nStatutory expenditure |  |  | A$609,112 | A$699,850 | A$549,222 | A$772,181\n_Domestic funding gap_ | A$479,778 | (A$8.5 m) | (A$5.86 m) | (A$5.52 m) | A$4.3 m | A$29.89 m\nFunded by: development partner assistance – recurrent | A$5 m | A$3.22 m | A$8.5 m | A$8.33 m | A$4.05 m | A$9.17 m\nFunded by: development partner assistance – non recurrent | A$6.62 m | A$9.86 m | A$6.9 m | A$4.63 m | A$5.77 m | A$19.35 m\n_Budget surplus (deficit)_ | A$12.11 m | A$4.58 m | A$9.55 m | A$7.44 m | A$14.12 m | (A$1.36 m)\n\n__Budget (2020 to 2023)_ :_\n\nBudget | 2020 est. | 2021 est. | 2022 project. | 2023 project.\n---|---|---|---|---\nTotal domestic revenue | A$64.99 m | A$54.08 m | A$44.63 m | A$44.83 m\nTotal recurrent expenditure | A$56.61 m | A$72.76 m | A$73.14 m | A$73.49 m\n_Structural balance_ | A$8.38 m | A$18.68 m | A$28.51 m | A$28.66 m\nNon recurrent expenditure | A$30.73 m | A$33.84 m | A$16 m | A$16 m\nStatutory expenditure | A$769,700 | A$1.5 m | A$1.33 m | A$1.33 m\n_Domestic funding gap_ | (A$29.89 m) | (A$15.04 m) | (A$14.72 m) |\nFunded by: development partner assistance | A$28.66 m | A$34.58 m | A$34.58 m | A$34.58 m\n_Budget surplus (deficit)_ | A$5.54 m | - | A$10.82 m | A$11.33 m\n\n__Government finance_ :_\n\n**Government finance:**\n(as a percentage of GDP) | 2015 | 2016 | 2017 | 2018 | 2019 | 2020 | 2021 | 2022 est. | 2023 proj. | 2024 proj. | 2025 proj.\n---|---|---|---|---|---|---|---|---|---|---|---\n_Revenue and grants_ | 136% | 138% | 108.6% | 156.1% | 111.8% | 129.4% | 102.6% | 119.8% | 110.5% | 107% | 101.4%\nCurrent Revenue: | 102% | 113% | 86.6% | 118.1% | 82.9% | 95.6% | 86.4% | 89% | 67.9% | 72.9% | 71%\n_Of which_ , fishing licence fees | 51% | 68% | 44.1% | 79.8% | 49% | 58.8% | 49.2% | 45.6% | 38.6% | 43.6% | 41.7%\nGrants: | 34% | 25% | 21.9% | 38% | 28.9% | 33.7% | 16.2% | 30.7% | 42.6% | 34.2% | 30.4%\n_Total expenditure_ | 121% | 131% | 106.5% | 125.8% | 112.9% | 121.2% | 116.5% | 111% | 109.3% | 105.9% | 104.7%\nCurrent expenditure: | 99% | 111% | 84% | 81.8% | 70.8% | 78.6% | 93.3% | 98.2% | 98.2% | 94.7% | 93.1%\nCapital expenditure (note 1): | 22% | 19% | 22.4% | 43.9% | 42.1% | 46.1% | 30.1% | 20.9% | 24% | 26.1% | 26.1%\n_Overall balance_ | 15% | 7% | 2.1% | 30.3% | -1.1% | 8.2% | -13.8% | 8.8% | 1.1% | 1.1% | -3.3%\n_Overall balance_ (excluding grants) | -47% | -67% | -41.5% | -43.6% | -30% | -25.6% | -30.1% | -22% | -41.4% | -33% | -33.7%\n_Of which_ , domestic current balance (note 2) | -47% | -67% | -41.5% | -43.6% | -36.8% | -32.6% | -60.8% | -58.9% | -56% | -50.6% | -49.3%\n\nNote 1: Includes Special Development Fund and infrastructure development.\n\nNote 2: Domestic current balance excludes fishing revenue, grants, and capital\nexpenditure.\n\n_Electricity - installed generating capacity_ : 5,100 kW (2011)\n\n_Electricity - from fossil fuels_ : 96% of total installed capacity (2015\nest.)\n\n_Industries_ : fishing, tourism, copra\n\n_Agriculture - products_ : coconuts; fish\n\n_Exports_ : $2.232 million (2022 est) $1 million (f.o.b., 2004); $600,000\n(2010 est.)\n\n_Exports - commodities_ : copra, fish\n\n_Exports - partners_ : Thailand 88%, Japan 6%, Philippines 3%, Ireland 1%, USA\n1% (2023)\n\n_Imports_ : $57.388 million (2022 est), $12.91 million (c.i.f., 2005); $238.6\nmillion (2012 est.); $136.5 million (2013 est.)\n\n_Imports - commodities_ : food, animals, mineral fuels, machinery,\nmanufactured goods\n\n_Imports - partners_ : China 42%, Fiji 24%, Japan 11%, Australia 11%, NZ 4%\n(2023)\n\n_Economic aid - recipient_ : $30.4 (2009); $19.7 million (2010 est.) note -\nmajor donors are Australia, New Zealand, European Union, Japan, and the US\n\n_Exchange rates_ : Tuvaluan dollars or Australian dollars per US dollar -\n1.505 (2023 est.), 1.0902 (2010), 1.2822 (2009), 1.2137 (2007), 1.3285 (2006);\n0.9695 (2011 est.); 0.97 (2012 est.); 1.1094 (2013 est.); 1.67 (2014 est.);\n1.33 (2015 est.)\n\n_Fiscal year_ : calendar year"
  }
]