[
  {
    "chapter_name": "Economy of Costa Rica",
    "chapter_id": "1",
    "section_number": "1",
    "section_name": "Introduction",
    "text": "Real GPD per capita development in Costa Rica\n\nThe **economy ofCosta Rica** has been very stable for some years now, with\ncontinuing growth in the GDP (Gross Domestic Product) and moderate inflation,\nthough with a high unemployment rate: 11.49% in 2019. Costa Rica's economy\nemerged from recession in 1997 and has shown strong aggregate growth since\nthen. The estimated GDP for 2023 is US$90 billion, up significantly from the\nUS$52.6 billion in 2015 while the estimated 2024 per capita (purchasing power\nparity) is US$28,558.\n\nInflation remained around 4% to 5% per annum for several years up to 2015 but\nthen dropped to 0.7% in 2016; it was expected to rise to a still moderate 2.8%\nby the end of 2017 In 2017, Costa Rica had the highest standards of living in\nCentral America in spite of the high poverty level. The poverty level dropped\nby 1.2% in 2017 to 20.5%, thanks to reducing inflation and benefits offered by\nthe government. The estimated unemployment level in 2017 was 8.1%, roughly the\nsame as in 2016.\n\nThe country has evolved from an economy that once depended solely on\nagriculture, to one that is more diverse, based on tourism, electronics and\nmedical components exports, medical manufacturing and IT services. Corporate\nservices for foreign companies employ some 3% of the workforce. Of the GDP,\n5.5% is generated by agriculture, 18.6% by industry and 75.9% by services\n(2016). Agriculture employs 12.9% of the labor force, industry 18.57%,\nservices 69.02% (2016) Many foreign companies operate in the various Free-\ntrade zones. In 2015, exports totalled US$12.6 billion while imports totalled\nUS$15 billion for a trade deficit of US$2.39 billion.\n\nThe growing debt and budget deficit are the country's primary concerns. By\nAugust 2017, Costa Rica was having difficulty paying its obligations and the\nPresident promised dramatic changes to handle the \"liquidity crisis\". Other\nchallenges face Costa Rica in its attempts to increase the economy by foreign\ninvestment. They include a poor infrastructure and a need to improve public\nsector efficiency."
  },
  {
    "chapter_name": "Economy of Costa Rica",
    "chapter_id": "1",
    "section_number": "1",
    "section_name": "Public debt and deficit",
    "text": "One of the country's major concerns is the level of the public debt,\nespecially as a percentage of the GDP (Gross Domestic Product), increasing\nfrom 29.8% in 2011 to 40.8% in 2015 and to 45% in 2016. The total debt in 2015\nwas $22.648 billion, up by nearly $3 billion from 2014. On a per capita basis,\nthe debt was $4,711 per person. Costa Rica had a formal line of credit with\nthe World Bank valued at US$947 million in April 2014, of which US$645 million\nhad been accessed and US$600 million remained outstanding.\n\nIn a June 2017 report, the International Monetary Fund stated that annual\ngrowth was just over 4% with moderate inflation. The report added that\n\"financial system appears sound, and credit growth continues to be consistent\nwith healthy financial deepening and macroeconomic trends. The agency noted\nthat the fiscal deficit remains high and public debt continues to rise rapidly\ndespite the authorities’ deepened consolidation efforts in 2016. Recent\nadvances in fiscal consolidation have been partly reversed and political\nconsensus on a comprehensive fiscal package remains elusive\".\n\nThe IMF also expressed concern about increasing deficits, public debt and the\nheavy dollarization of bank assets and liabilities, warning that in tighter-\nthan-expected global financial conditions these aspects would \"seriously\nundermine investor confidence\". The group also recommended taking steps to\nreduce pension benefits and increase the amount of contribution by the public\nand increasing the cost effectiveness of the education system.\n\nThe country's credit rating was reduced by Moody's Investors Service in early\n2017 to Ba2 from Ba1, with a negative outlook on the rating. The agency\nparticularly cited the \"rising government debt burden and persistently high\nfiscal deficit, which was 5.2% of GDP in 2016\". Moody's was also concerned\nabout the \"lack of political consensus to implement measures to reduce the\nfiscal deficit [which] will result in further pressure on the government's\ndebt ratios\". In late July 2017, the Central Bank estimated the budget deficit\nat 6.1 percent of the country's GDP. A 2017 study by the Organisation for\nEconomic Co-operation and Development warned that reducing the foreign debt\nmust be a very high priority for the government. Other fiscal reforms were\nalso recommended to moderate the budget deficit.\n\nIn 2014, President Solís presented a budget with an increase in spending of\n19% for 2015, an increase of 0.5% for 2016 and an increase of 12% for 2017.\nWhen the 2017 budget was finally proposed, it totaled US$15.9 billion. Debt\npayments account for one-third of that amount. Of greater concern is the fact\nthat a full 46% of the budget will require financing, a step that will\nincrease the debt owed to foreign entities. In late July 2017, the Central\nBank estimated the budget deficit at 6.1 percent of the country's GDP."
  },
  {
    "chapter_name": "Economy of Costa Rica",
    "chapter_id": "1",
    "section_number": "1.1",
    "section_name": "Liquidity crisis",
    "text": "In early August 2017, President Luis Guillermo Solís admitted that the country\nwas facing a \"liquidity crisis\", an inability to pay all of its obligations\nand to guarantee the essential services. To address this issue, he promised\nthat a higher VAT and higher income tax rates were being considered by his\ngovernment. Such steps are essential, Solís told the nation. \"Despite all the\npublic calls and efforts we have made since the start of my administration to\ncontain spending and increase revenues, there is still a gap that we must\nclose with fresh resources,\" he said. The crisis was occurring in spite of the\ngrowth, low inflation and continued moderate interest rates, Solís concluded.\n\nSolís explained that the Treasury will prioritize payments on the public debt\nfirst, then salaries, and then pensions. The subsequent priorities include\ntransfers to institutions \"according to their social urgency.\" All other\npayments will be made only if funds are available."
  },
  {
    "chapter_name": "Economy of Costa Rica",
    "chapter_id": "1",
    "section_number": "2",
    "section_name": "Other challenges",
    "text": "A 2016 report by the U.S. government report identifies other challenges facing\nCosta Rica as it works to expand its economy by working with potential foreign\ninvestors:\n\n* The ports, roads, water systems would benefit from major upgrading. Attempts by China to invest in upgrading such aspects were \"stalled by bureaucratic and legal concerns\".\n* The bureaucracy is \"often slow and cumbersome\".\n* The country needs even more workers who are fluent in English and languages such as Portuguese, Mandarin and French. It would also benefit from more graduates in Science, Technology, Engineering and Math (STEM) programs.\n* Some sectors are controlled by a state monopoly which excludes competition but in other respects, \"Costa Rican laws, regulations and practices are generally transparent and foster competition\".\n* The country has been slow in completing environmental impact assessments which have caused delays in projects being completed.\n* Product registration is a slow process, although this may improve with digitization.\n* In spite of government attempts at improving the enforcement of intellectual property laws, this aspect remains a concern."
  },
  {
    "chapter_name": "Economy of Costa Rica",
    "chapter_id": "1",
    "section_number": "3",
    "section_name": "Natural resources",
    "text": "Costa Rica's rainfall, and its location in the Central American isthmus, which\nprovides easy access to North and South American markets and direct ocean\naccess to the European and Asian Continents. Costa Rica has two seasons, both\nof which have their own agricultural resources: the tropical wet and dry\nseasons. One-fourth of Costa Rica's land is dedicated to national forests,\noften adjoining beaches, which has made the country a popular destination for\naffluent retirees and ecotourists.\n\nA full 10.27% of the country is protected as national parks while an\nadditional 17% is set aside for reserves, wildlife refuges and protected\nzones. Costa Rica has over 50 wildlife refuges, 32 major national parks, more\nthan 12 forest reserves and a few biological reserves.\n\nBecause of ocean access, 23.7% of Costa Rica's people fish and trade their\ncatches to fish companies; this is viewed as \"small scale artisanal coastal\"\nfishing and is most common in the Gulf of Nicoya. Costa Rica also charges\nlicensing fees for commercial fishing fleets that are taking tuna, sardines,\nbanga mary, mahi-mahi, red tilapia, shrimp, red snapper, other snappers,\nshark, marlin and sailfish. In mid 2017, the country was planning to ban\nlarge-scale commercial fishing off the southern Pacific Coast in an area\nnearly a million acres in size. The bill in congress was intended to \"protect\nthe extraordinary marine and coastal resources\" from \"indiscriminate and\nunsustainable commercial fishing.\"\n\nSport fishing in Costa Rica is an important part of the tourism industry;\nspecies include marlin, sailfish, dorado, tarpon, snook, rooster fish, wahoo,\ntuna, mackerel, snapper and rainbow bass.\n\nIn terms of the 2012 Environmental Performance Index ranking, Costa Rica is\n5th in the world, and first among the Americas. The World Economic Forum's\n2017 Travel & Tourism Competitiveness Report ranked Costa Rica as third of 136\ncountries based on natural resources, the number of World Heritage natural\nsites, protected areas and species as well as eco tourism."
  },
  {
    "chapter_name": "Economy of Costa Rica",
    "chapter_id": "1",
    "section_number": "4",
    "section_name": "Tourism",
    "text": "Ecotourism is key in Costa Rica's tourism industry. Shown Savegre River,\nTalamanca.\n\nWith a $1.92-billion-a-year tourism industry, Costa Rica was the most visited\nnation in the Central American region, with 2.42 million foreign visitors in\n2013. By 2016, 2.6 million tourists visited Costa Rica. The Tourism Board\nestimates that this sector's spending in the country represented over US$3.4\nbillion, or about 5.8% of the GDP. The World Travel & Tourism Council's\nestimates indicate a direct contribution to the 2016 GDP of 5.1% and 110,000\ndirect jobs in Costa Rica; the total number of jobs indirectly supported by\ntourism was 271,000.\n\nEcotourism is extremely popular with the many tourists visiting the extensive\nnational parks and protected areas around the country. Costa Rica was a\npioneer in this type of tourism and the country is recognized as one of the\nfew with real ecotourism. Other important market segments are adventure, sun\nand beaches. Most of the tourists come from the U.S. and Canada (46%), and the\nEU (16%), the prime market travelers in the world, which translates into a\nrelatively high expenditure per tourist of $1000 per trip.\n\nIn the 2008 Travel and Tourism Competitiveness Index (TTCI), Costa Rica\nreached the 44th place in the world ranking, being the first among Latin\nAmerican countries, and second if the Caribbean is included. Just considering\nthe subindex measuring human, cultural, and natural resources, Costa Rica\nranks in the 24th place at a worldwide level, and 7th when considering just\nthe natural resources criteria. The TTCI report also notes Costa Rica's main\nweaknesses, ground transport infrastructure (ranked 113th), and safety and\nsecurity (ranked 128th).\n\nThe online travel magazine Travelzoo rated Costa Rica as one of five “Wow Deal\nDestinations for 2012”. The magazine Travel Weekly named Costa Rica the best\ndestination in Central and South America in 2011. In 2017, the country was\nnominated in the following categories in the World Travel Awards: Mexico &\nCentral America's Leading Beach Destination, Mexico & Central America's\nLeading Destination and Mexico & Central America's Leading Tourist Board."
  },
  {
    "chapter_name": "Economy of Costa Rica",
    "chapter_id": "1",
    "section_number": "5",
    "section_name": "Agriculture",
    "text": "Costa Rica's economy was historically based on agriculture, and this has had a\nlarge cultural impact through the years. Costa Rica's main cash crop,\nhistorically and up to modern times, was Bananas. The coffee crop had been a\nmajor export, but decreased in value to the point where it added only 2.5% to\nthe 2013 exports of the country.\n\nAgriculture also plays an important part in the country's gross domestic\nproduct (GDP). It makes up about 6.5% of Costa Rica’s GDP, and employs 12.9%\nof the labor force (2016). By comparison, industry employs 18.57% of the labor\nforce, and the service sector 69.02%.\n\nDepending on location and altitude, many regions differ in agricultural crops\nand techniques. The main agricultural exports from the country include:\nbananas, pineapples (the second highest export, with over 50% share of the\nworld market), other tropical fruits, coffee (much of it grown in the Valle\nCentral or Meseta Central), sugar, rice, palm oil, vegetables, tropical\nfruits, ornamental plants, maize, and potatoes.\n\nLivestock activity consists of cattle, pigs and horses, as well as poultry.\nMeat and dairy produce are leading exports according to one source, but both\nwere not in the top 10 categories of 2013.\n\nThe combined export value of forest products and textiles in 2013 did not\nexceed that of either chemical products or plastics."
  },
  {
    "chapter_name": "Economy of Costa Rica",
    "chapter_id": "1",
    "section_number": "6",
    "section_name": "Mining",
    "text": "Mining in Costa Rica contributes a small amount to the economy. In 2018 5.2\ntons of gold were produced."
  },
  {
    "chapter_name": "Economy of Costa Rica",
    "chapter_id": "1",
    "section_number": "7",
    "section_name": "Exports, jobs, and energy",
    "text": "Intel microprocessor facility in Costa Rica\n\nMere decades ago, Costa Rica was known principally as a producer of bananas\nand coffee. Even though bananas, pineapple, sugar, coffee, lumber, wood\nproducts and beef are still important exports, in recent times medical\ninstruments, electronics, pharmaceuticals, financial outsourcing, software\ndevelopment, and ecotourism are now the prime exports. High levels of\neducation and fluency in English among its residents make the country an\nattractive investing location.\n\nIn 2015 the following were the major export products (US$): medical\ninstruments ($2 billion), bananas ($1.24B), tropical fruits ($1.22B),\nintegrated circuits ($841 million) and orthopedic appliances ($555M). The\ntotal exports in 2015 were US$12.6 billion, down from $18.9B in 2010; bananas\nand medical instruments were the two largest sectors. Total imports in 2015\nwere $15B, up from $13.8B in 2010; this resulted in a trade deficit.\n\nOver the years, Costa Rica successfully attracted important investments by\nsuch companies as Intel Corporation, Procter & Gamble, Abbott Laboratories and\nBaxter Healthcare. Manufacturing and industry's contribution to GDP overtook\nagriculture over the course of the 1990s, led by foreign investment in Costa\nRica's Free Trade Zones (FTZ) where companies benefit from investment and tax\nincentives. Companies in such zones must export at least 50% of their\nservices. Well over half of that type of investment has come from the U.S.\nAccording to the government, the zones supported over 82 thousand direct jobs\nand 43 thousand indirect jobs in 2015; direct employment grew 5% over 2014.\nThe average wages in the FTZ increased by 7% and were 1.8 times greater than\nthe average for private enterprise work in the rest of the country. Companies\nwith facilities in the America Free Zone in Heredia, for example, include\nDell, HP, Bayer, Bosch, DHL, IBM and Okay Industries.\n\nIn 2006 Intel's microprocessor facility alone was responsible for 20% of Costa\nRican exports and 4.9% of the country's GDP. In 2014, Intel announced it would\nend manufacturing in Costa Rica and lay off 1,500 staff but agreed to maintain\nat least 1,200 employees. The facility continued as a test and design center\nwith approximately 1,600 remaining staff. In 2017, Intel had 2000 employees in\nthe country, and was operating a facility which assembles, tests and\ndistributes processors and a Global Innovation Center, both in Heredia.\n\nThe fastest growing aspect of the economy is the provision of corporate\nservices for foreign companies which in 2016 employed approximately 54,000\npeople in a country with a workforce under 342,000; that was up from 52,400\nthe previous year. For example, Amazon.com employs some 5,000 people. Many\nwork in the free-trade areas such as Zona Franca America and earn roughly\ndouble the national average for service work. This sector generated US$4.6\nbillion in 2016, nearly as much as tourism.\n\nIn 2013, the total FDI stock in Costa Rica amounted to about 40 percent of\nGDP, of which investments from the United States accounted for 64 percent,\nfollowed by the United Kingdom and Spain with 6 percent each. Costa Rica's\noutward foreign direct investment stock is small, at about 3 percent of GDP as\nof 2011, and mainly concentrated in Central America (about 57 percent of the\ntotal outward direct investment stock).\n\nTourism is an important part of the economy, with the number of visitors\nincreasing from 780,000 in 1996, to 1 million in 1999, and to 2.089 million\nforeign visitors in 2008, allowing the country to earn $2.144-billion in that\nyear. By 2016, 2.6 million tourists visited Costa Rica, spending roughly\nUS$3.4 billion. Tourism directly supported 110,000 jobs and indirectly\nsupported 271,000 in 2016.\n\nCosta Rica has not discovered sources of fossil fuels—apart from minor coal\ndeposits—but its mountainous terrain and abundant rainfall have permitted the\nconstruction of a dozen hydroelectric power plants, making it self-sufficient\nin all energy needs, except for refined petroleum. In 2017, Costa Rica was\nconsidering the export of electricity to neighbouring countries. Mild climate\nand trade winds make neither heating nor cooling necessary, particularly in\nthe highland cities and towns where some 90% of the population lives.\nRenewable energy in Costa Rica is the norm. In 2016, 98.1 per cent of the\ncountry's electricity came from green sources: hydro generating stations,\ngeothermal plants, wind turbines, solar panels and biomass plants."
  },
  {
    "chapter_name": "Economy of Costa Rica",
    "chapter_id": "1",
    "section_number": "8",
    "section_name": "Infrastructure",
    "text": "Costa Rica's infrastructure has suffered from a lack of maintenance and new\ninvestment. The country has an extensive road system of more than 30,000\nkilometers, although much of it is in disrepair; this also applies to ports,\nrailways and water delivery systems. According to a 2016 U.S. government\nreport, investment from China which attempted to improve the infrastructure\nfound the \"projects stalled by bureaucratic and legal concerns\".\n\nMost parts of the country are accessible by road. The main highland cities in\nthe country's Central Valley are connected by paved all-weather roads with the\nAtlantic and Pacific coasts and by the Pan American Highway with Nicaragua and\nPanama, the neighboring countries to the North and the South. Costa Rica's\nports are struggling to keep pace with growing trade. They have insufficient\ncapacity, and their equipment is in poor condition. The railroad didn't\nfunction for several years, until recent government effort to reactivate it\nfor city transportation. An August 2016 OECD report provided this summary:\n\"The road network is extensive but of poor quality, railways are in disrepair\nand only slowly being reactivated after having been shut down in the 1990s,\nseaports quality and capacity are deficient. Internal transportation overly\nrelies on private road vehicles as the public transport system, especially\nrailways, is inadequate.\"\n\nIn a June 2017 interview, President Luis Guillermo Solís said that private\nsector investment would be required to solve the problems. \"Of course Costa\nRica’s infrastructure deficit is a challenge that outlasts any one government\nand I hope that we have created the foundations for future administrations to\ncontinue building. I have just enacted a law to facilitate Public Private\nPartnerships, which are the ideal way to develop projects that are too large\nfor the government to undertake. For example the new airport that we are\nbuilding to serve the capital city will cost $2 billion, so it will need\nprivate-sector involvement. There is also the potential for a ‘dry canal’\nlinking sea ports on our Atlantic and Caribbean Coasts that could need up to\n$16 billion of investment.\"\n\nThe government hopes to bring foreign investment, technology, and management\ninto the telecommunications and electrical power sectors, which are monopolies\nof the state. ICE (Instituto Costarricense de Electricidad) has the monopoly\non telecommunications, internet and electricity services. Some limited\ncompetition is allowed. In 2011, two new private companies began offering\ncellular phone service and others offer voice communication over internet\nconnections (VOIP) for overseas calls.\n\nAccording to transparency.org, Costa Rica had a reputation as one of the most\nstable, prosperous, and among the least corrupt in Latin America in 2007.\nHowever, in fall 2004, three former Costa Rican presidents, José María\nFigueres, Miguel Angel Rodríguez, and Rafael Angel Calderon, were investigated\non corruption charges related to the issuance of government contracts. After\nextensive legal proceedings Calderon and Rodriguez were sentenced; however,\nthe inquiry on Figueres was dismissed and he was not charged.\n\nMore recently, Costa Rica reached 40th place in 2015, with a score of 55 on\nthe Perception of Corruption scale; this is better than the global average.\nCountries with the lowest perceived corruption rated 90 on the scale. In late\nMay 2017, the country Costa Rica applied to become a member of the OECD Anti-\nBribery Convention, to be effective in July 2017."
  },
  {
    "chapter_name": "Economy of Costa Rica",
    "chapter_id": "1",
    "section_number": "9",
    "section_name": "Foreign trade",
    "text": "FTA Costa Rica has approved / is negotiating\n\nCosta Rica has sought to widen its economic and trade ties, both within and\noutside the region. Costa Rica signed a bilateral trade agreement with Mexico\nin 1994, which was later amended to cover a wider range of products. Costa\nRica joined other Central American countries, plus the Dominican Republic, in\nestablishing a Trade and Investment Council with the United States in March\n1998, which later became the Dominican Republic–Central America Free Trade\nAgreement. Costa Rica has bilateral free trade agreements with the following\ncountries and blocs which took effect on (see date):\n\n* Canada (November 1, 2002)\n* Caribbean Community (CARICOM)¨ (November 15, 2002)\n* Chile (February 15, 2002)\n* China (August 1, 2011).\n* Colombia (September 2016)\n* Dominican Republic (March 7, 2002)\n* El Salvador Customs union, (1963, re-launched on October 29, 1993)\n* European Free Trade Association (2013)\n* European Union (October 1, 2013)\n* Guatemala Customs union, (1963, re-launched on October 29, 1993)\n* Honduras Customs union, (1963, re-launched on October 29, 1993)\n* Mexico (January 1, 1995)\n* Nicaragua Customs union, (1963, re-launched on October 29, 1993)\n* Panama (July 31, 1973, renegotiated and expanded for January 1, 2009)\n* Peru (June 1, 2013)\n* United States (January 1, 2009, CAFTA-DR)\n* Singapore (April 6, 2010)\n* South Korea (March 18, 2019)\n\nThere are no significant trade barriers that would affect imports and the\ncountry has been lowering its tariffs in accordance with other Central\nAmerican countries. Costa Rica also is a member of the Cairns Group, an\norganization of agricultural exporting countries that are seeking access to\nmore markets to increase the exports of agricultural products. Opponents of\nfree agricultural trade have sometimes attempted to block imports of products\nalready grown in Costa Rica, including rice, potatoes, and onions. By 2015,\nCosta Rica's agricultural exports totalled US$2.7 billion.\n\nIn 2015, the top export destinations for all types of products were the United\nStates (US$4.29 billion), Guatemala ($587 million), the Netherlands ($537\nmillion), Panama ($535 million) and Nicaragua ($496 million). The top import\norigins were the United States ($6.06 billion), China ($1.92 billion), Mexico\n($1.14 billion), Japan ($410 million) and Guatemala ($409 million). The most\nsignificant products imported were Refined Petroleum (8.41% of the total\nimports) and Automobiles (4.68%). Total imports in 2015 were US$15 billion,\nsomewhat higher than the total exports of a US$12.6 billion, for a negative\ntrade balance of US$2.39 billion."
  },
  {
    "chapter_name": "Economy of Costa Rica",
    "chapter_id": "1",
    "section_number": "10",
    "section_name": "Foreign Direct Investment",
    "text": "The Costa Rican government has and is “actively courting FDI” in order to help\ndevelop its economy. Foreign Direct Investment (FDI) is a form of investment\nthat promotes development in key industries such as manufacturing, medicine,\nand tourism. FDI's influence provides a very lucrative opportunity for foreign\ninvestors which is what continues to attract such large investments year over\nyear. Over time FDI inflows in Costa Rica have increased, Net FDI inflow\naveraged forty four million dollars per year from 1970 to 1979 and just ten\nyears later this value rose to four hundred and sixteen million dollars. The\n2022 data show that Costa Rica received $3 billion in FDI which accounted for\n4.45% of their total GDP.\n\nGrowth in FDI is linked to rising tourist arrivals with the numbers rising\nfrom 2.1 million in 2011 to 3.1 million in 2019. Facilitation of FDI growth is\nseen as an essential role of the Costa Rican government. Throughout 2019 and\n2022, the government of Costa Rica was able to court investment for a total of\n16 new FDI projects with one of the more notable projects being a luxury hotel\nnamed One and Only Papagayo."
  },
  {
    "chapter_name": "Economy of Costa Rica",
    "chapter_id": "1",
    "section_number": "11",
    "section_name": "Statistics",
    "text": "The following table shows the main economic indicators in 1980–2019 (with IMF\nstaff stimtates in 2020–2025). Inflation below 5% is in green.\n\nYear | GDP\n(in Bil. US$PPP) | GDP per capita\n(in US$ PPP) | GDP\n(in Bil. US$nominal) | GDP per capita\n(in US$ nominal) | GDP growth\n(real) | Inflation rate\n(in Percent) | Unemployment\n(in Percent) | Government debt\n(in % of GDP)\n---|---|---|---|---|---|---|---|---\n1980 | 8.2 | 3,560.1 | 4.9 | 2,108.8 | 0.8% | 18.1% | 5.9% | n/a\n1981 | 8.8 | 3,696.2 | 2.6 | 1,111.4 | -2.3% | 36.8% | 8.8% | n/a\n1982 | 8.6 | 3,532.8 | 2.6 | 1,071.9 | -7.3% | 90.3% | 9.4% | n/a\n1983 | 9.2 | 3,669.0 | 3.2 | 1,257.4 | 2.9% | 32.5% | 9.2% | n/a\n1984 | 10.3 | 3,990.2 | 3.7 | 1,421.2 | 8.0% | 12.0% | 5.4% | n/a\n1985 | 10.7 | 4,024.5 | 3.9 | 1,478.4 | 0.7% | 15.1% | 6.8% | n/a\n1986 | 11.6 | 4,206.3 | 4.4 | 1,611.3 | 5.5% | 11.8% | 6.2% | n/a\n1987 | 12.4 | 4,391.3 | 4.6 | 1,612.6 | 4.8% | 16.8% | 5.6% | n/a\n1988 | 13.3 | 4,577.5 | 4.6 | 1,598.0 | 3.4% | 20.8% | 5.5% | n/a\n1989 | 14.6 | 4,898.1 | 5.3 | 1,763.5 | 5.7% | 16.5% | 3.8% | n/a\n1990 | 15.7 | 5,137.4 | 5.7 | 1,880.8 | 3.6% | 19.1% | 4.6% | n/a\n1991 | 16.6 | 5,307.6 | 7.2 | 2,305.4 | 2.3% | 20.2% | 5.5% | n/a\n1992 | 18.5 | 5,798.8 | 8.6 | 2,684.1 | 9.2% | 21.8% | 4.1% | n/a\n1993 | 20.3 | 6,195.0 | 9.6 | 2,926.9 | 7.1% | 9.8% | 4.1% | n/a\n1994 | 21.7 | 6,421.8 | 10.5 | 3,110.2 | 4.5% | 13.6% | 4.2% | n/a\n1995 | 23.0 | 6,637.5 | 11.6 | 3,336.7 | 4.2% | 23.2% | 5.2% | n/a\n1996 | 23.8 | 6,668.1 | 11.7 | 3,277.6 | 1.4% | 17.5% | 6.2% | 33.7%\n1997 | 25.5 | 6,974.7 | 12.6 | 3,450.9 | 5.5% | 13.3% | 5.7% | 30.6%\n1998 | 27.6 | 7,375.4 | 13.7 | 3,653.2 | 7.2% | 11.7% | 5.6% | 40.7%\n1999 | 29.2 | 7,610.4 | 14.3 | 3,715.4 | 4.2% | 10.0% | 6.0% | 39.0%\n2000 | 31.0 | 8,142.2 | 15.0 | 3,941.1 | 3.9% | 11.0% | 5.2% | 38.9%\n2001 | 32.8 | 8,304.2 | 16.0 | 4,041.9 | 3.5% | 11.3% | 6.1% | 39.6%\n2002 | 34.5 | 8,572.1 | 16.6 | 4,122.8 | 3.4% | 9.2% | 6.4% | 41.4%\n2003 | 36.7 | 8,975.9 | 17.3 | 4,227.8 | 4.3% | 9.4% | 6.7% | 40.6%\n2004 | 39.3 | 9,473.0 | 18.6 | 4,483.6 | 4.4% | 12.3% | 6.5% | 41.0%\n2005 | 42.2 | 10,005.8 | 20.0 | 4,756.3 | 4.0% | 13.8% | 6.6% | 37.3%\n2006 | 46.7 | 10,906.2 | 22.7 | 5,309.3 | 7.3% | 11.5% | 6.0% | 33.0%\n2007 | 51.9 | 11,948.7 | 26.9 | 6,194.0 | 8.2% | 9.4% | 4.6% | 27.0%\n2008 | 55.4 | 12,570.4 | 30.8 | 6,993.9 | 4.7% | 13.4% | 4.9% | 24.0%\n2009 | 55.2 | 12,357.3 | 30.7 | 6,879.3 | -0.9% | 7.8% | 7.8% | 26.0%\n2010 | 58.9 | 12,931.5 | 37.7 | 8,268.9 | 5.4% | 5.7% | 9.2% | 28.1%\n2011 | 62.8 | 13,605.9 | 42.8 | 9,270.6 | 4.4% | 4.9% | 10.5% | 29.5%\n2012 | 67.1 | 14,367.7 | 47.2 | 10,107.5 | 4.9% | 4.5% | 9.8% | 33.7%\n2013 | 71.2 | 15,034.6 | 50.9 | 10,764.5 | 2.5% | 5.2% | 8.3% | 35.1%\n2014 | 77.0 | 16,076.6 | 52.0 | 10,853.6 | 3.5% | 4.5% | 9.7% | 37.4%\n2015 | 82.9 | 17,079.8 | 56.4 | 11,635.2 | 3.7% | 0.8% | 9.6% | 39.8%\n2016 | 90.8 | 18,503.2 | 58.8 | 11,986.9 | 4.2% | 0.0% | 9.5% | 44.1%\n2017 | 97.9 | 19,711.7 | 60.5 | 12,185.3 | 4.2% | 1.6% | 9.3% | 47.1%\n2018 | 102.9 | 20,480.0 | 62.4 | 12,428.9 | 2.6% | 2.2% | 12.0% | 51.8%\n2019 | 107.1 | 21,093.9 | 64.1 | 12,623.2 | 2.3% | 2.1% | 12.4% | 56.7%\n2020 | 103.9 | 20,268.7 | 61.8 | 12,057.0 | -4.1% | 0.7% | 20.0% | 67.5%\n2021 | 111.9 | 21,592.5 | 61.5 | 11,860.2 | 3.9% | 1.3% | 16.3% | 71.2%\n2022 | 119.0 | 22,725.7 | 64.4 | 12,294.1 | 3.5% | 1.5% | 14.0% | 73.3%\n2023 | 125.6 | 23,739.7 | 68.2 | 12,883.9 | 3.1% | 1.8% | 12.0% | 73.7%\n2024 | 132.4 | 24,774.6 | 72.2 | 13,509.2 | 3.1% | 2.1% | 10.5% | 73.1%\n2025 | 139.7 | 25,852.6 | 76.4 | 14,140.2 | 3.2% | 2.5% | 9.5% | 71.6%\n2026 | 147.3 | 26,977.3 | 81.1 | 14,853.3 | 3.3% | 2.9% | 9.0% | 69.2%\nPoás Volcano Crater is one of Costa Rica's main tourist attractions.\n\n**GDP:** US$61.5 billion (2017 estimate)\n\n**GDP real growth rate:** 4.3% (2017 estimate)\n\n**GDP per capita:** purchasing power parity: $12,382 (2017 estimate)\n\n**GDP composition by sector:** _agriculture:_ 5.5% (2016 estimate) Bananas,\npineapples, coffee, beef, sugarcane, rice, corn, dairy products, vegetables,\ntimber, fruits and ornamental plants. _industry:_ 18.6% (2016 estimate)\nElectronic components, food processing, textiles and apparel, construction\nmaterials, cement, fertilizer. _services:_ 75.9% (2016 estimate) Hotels,\nrestaurants, tourist services, banks, call centers and insurance.\n\n**Government bond ratings:** (January 2017) Standard & Poor's: BB−; Moody's:\nBa2\n\n**Budget deficit:** 6.1 percent of the GDP\n\n**Population below poverty line:** 20.5% (2017)\n\n**Household income or consumption by percentage share:** _lowest 10%:_ 1.2%\n_highest 10%:_ 39.5% (2009 est.)\n\n**Inflation rate (consumer prices):** 2.6% (2017 estimate)\n\n**Labor force:** 2.295 million (2016) _Note: 15 and older, excluding\nNicaraguans living in the country_\n\n**Labor force by occupation:** agriculture 12.9%, industry 18.57%, services\n69.02% (2016)\n\n**Unemployment rate:** 8.1% (2017 estimate)\n\n**Budget:** US15.9 billion (2017 proposed) Note: 46% will require financing\n\n**Industries:** microprocessors, food processing, textiles and clothing,\nconstruction materials, fertilizer, plastic products\n\n**Industrial production growth rate:** 4.3% (2013)\n\n**Electricity production:** 9.473 billion kWh (2010)\n\n**Electricity production by source:** 98.1% from \"green sources\" (2016)\n\n**Agriculture products:** bananas, pineapples, other tropical fruits, coffee,\npalm oil, sugar, corn, rice, beans, potatoes, beef, timber\n\n**Exports:** US$12.6 billion (2015)\n\n**Major export commodities:** Medical Instruments ($2B), Bananas ($1.24B),\nTropical Fruits ($1.22B), Integrated Circuits ($841M) and Orthopedic\nAppliances ($555M).\n\n**Export partners (2016):** United States ($4.29B), Guatemala ($587M), the\nNetherlands ($537M), Panama ($535M), Nicaragua ($496M)\n\n**Imports:** US $15.1 billion (2015)\n\n**Major import commodities:** Refined Petroleum ($1.26B), Cars ($702M),\nPackaged Medicaments ($455M), Broadcasting Equipment ($374M) and Computers\n($281M).\n\n**Origin of imports (2016):** United States ($6.06B), China ($1.92B), Mexico\n($1.14B), Japan ($410M) and Guatemala ($409M).\n\n**External debt:** US$26.2 billion (January 2016)\n\n**Economic aid – recipient:** $107.1 million (1995)\n\n**Currency:** 1 Costa Rican colon (₡) = 100 centimos\n\n**Exchange rates:** Costa Rican colones (₡) per US$1 – 526.46 (March 27,\n2015), US$1 – 600 (late May 2017), US$1 – 563 (end of July 2017), US$1 – 677\n(May 2022)\n\n**Fiscal year:** January 1 – December 31"
  }
]