[
  {
    "chapter_name": "Economy of Japan",
    "chapter_id": "1",
    "section_number": "1",
    "section_name": "Introduction",
    "text": "The **economy of Japan** is a highly developed mixed economy, often referred\nto as an East Asian model. According to the IMF forecast for 2025, it will be\nthe fifth-largest economy in the world by nominal GDP as well as by purchasing\npower parity (PPP) by the end of the year. It constituted 3.7% of the world's\neconomy on a nominal basis in 2024. According to the same forecast, the\ncountry's per capita GDP (PPP) will be $54,678 (2025). Due to a volatile\ncurrency exchange rate, Japan's nominal GDP as measured in American dollars\nfluctuates sharply.\n\nA founding member of the G7 and an early member of the OECD, Japan was the\nfirst country in Asia to achieve developed country status. In 2018, Japan was\nthe fourth-largest in the world both as an importer and as an exporter. The\ncountry also has the world's fourth-largest consumer market. Japan used to run\na considerable trade surplus, but the decline of the manufacturing sector\nsince the 1980s and increased fossil fuel imports after the Fukushima nuclear\naccident in 2011 have changed this trend in recent years. Being the world's\nlargest creditor nation, Japan has a considerable net international investment\nsurplus. The country has the world's second-largest foreign-exchange reserves,\nworth $1.4 trillion. Japan has the third-largest financial assets in the\nworld, valued at $12 trillion, or 8.6% of the global GDP total as of 2020.\nJapan has a highly efficient and strong social security system, which\ncomprises roughly 23.5% of GDP. The Tokyo Stock Exchange is the world's third-\nlargest stock exchange by market capitalisation as of 2024.\n\nJapan has a highly service-dominated economy, which contributes approximately\n70% of GDP, with most of the remainder coming from the industrial sector. The\ncountry's automobile industry, which is the second largest in the world,\ndominates the industrial sector, with Toyota being the world’s largest\nmanufacturer of cars. Japan is often ranked among the world’s most innovative\ncountries, leading several measures of global patent filings. However, its\nmanufacturing industry has lost its world dominance since the 1990s. In 2022,\nJapan spent around 3.7% of GDP on research and development. As of 2024, 40 of\nthe _Fortune Global 500_ companies are based in Japan.\n\nLong having been an agricultural country, it has been estimated that Japan’s\neconomy was among the top ten in the world by size before the industrial\nrevolution started. Industrialisation in Japan began in the second half of the\n19th century with the Meiji Restoration, initially focusing on the textile\nindustry and later on heavy industries. The country rapidly built its colonial\nempire and the third most powerful navy in the world. After the defeat in the\nSecond World War, Japan’s economy recovered and developed further rapidly,\nprimarily propelled by its lucrative manufacturing exporting industries. It\nbecame the second largest economy in the world in 1968 and remained so until\n2010, and on a nominal per capita basis, the most high-income among the G7\ncountries in the 1980s and 1990s. In 1995, Japan’s share of the world’s\nnominal GDP was 17.8%, reaching approximately 71% of that of the United\nStates.\n\nDriven by speculative investments and excessive lending, the Japanese asset\nprice bubble of the early 1990s burst, triggering a prolonged period of\neconomic stagnation marked by deflation and persistently low or negative\ngrowth, now known as the Lost Decades. From 1995 to 2023, the country’s GDP\nfell from $5.5 trillion to $4.2 trillion in nominal terms. At the turn of the\n21st century, the Bank of Japan set out to encourage growth through a policy\nof quantitative easing, with the central bank purchasing government bonds at\nan unprecedented scale to address the persisting deflationary pressure. In\n2016, the Bank of Japan introduced a negative interest policy to stimulate\neconomic growth and combat persistent deflationary pressure. A combination of\ndomestic policies and global economic conditions helped the country achieve\nits 2% inflation target, leading to the conclusion of the policy in 2024.\n\nAs of 2021, Japan has significantly higher public debt than other developed\nnations, at approximately 260% of GDP. 45% of this debt is held by the Bank of\nJapan, and most of the remainder is also held domestically. The Japanese\neconomy faces considerable challenges posed by an ageing and declining\npopulation, which peaked at 128.5 million people in 2010 and has fallen to\n122.6 million people in 2024. In 2022, the country's working age population\nconsisted of approximately 59.4% of the total population, which was the lowest\nrate among all the OECD countries. According to 2023 government projections,\nthe country's population will fall to 87 million by 2070, with only 45 million\nof working age."
  },
  {
    "chapter_name": "Economy of Japan",
    "chapter_id": "1",
    "section_number": "1",
    "section_name": "History",
    "text": "The economic history of Japan is one of the most studied. Major milestones in\nmodern Japan's economic progress include:\n\n* The foundation of the Tokugawa shogunate based in Edo (in 1603), initiating a period of internal economic development.\n* The Meiji Restoration (in 1868) leading to Japan becoming the first non-European modern world power.\n* Japan's defeat in World War II (in 1945), after which the island nation rose to become the world's second-largest economy.\n* The Lost Decades (the 1990s, 2000s and arguably 2010s), during which the country struggled to get out of deflation and extremely low or negative growth."
  },
  {
    "chapter_name": "Economy of Japan",
    "chapter_id": "1",
    "section_number": "1.1",
    "section_name": "Edo period (1603–1868)",
    "text": "An 1856 ukiyo-e depicting Echigoya, the current Mitsukoshi\n\nThe beginning of the Edo period coincides with the last decades of the Nanban\ntrade period, marked by intense interaction with European powers. Japan built\nits first Western-style warships, such as the _San Juan Bautista_, and\ncommissioned around 350 Red Seal Ships for intra-Asian commerce. Japanese\nadventurers, such as Yamada Nagamasa, were active throughout Asia.\n\nTo eradicate Christian influence, Japan entered a period of isolation called\n_sakoku_ in the 1630s, which led to economic stability and mild progress. In\nthe 1650s, Japanese export porcelain production increased significantly due to\na civil war in China, mainly in Kyushu. This trade dwindled by the 1740s under\nrenewed Chinese competition but resumed after Japan’s mid-19th century\nopening.\n\nEconomic development during the Edo period included urbanisation, increased\ncommodity shipping, and expanded domestic and foreign commerce. The\nconstruction trades, banking facilities, and merchant associations flourished.\n_Daimyō_-led authorities (_han_) oversaw rising agricultural production and\nrural handicrafts. By the mid-18th century, Edo had a population of over 1\nmillion, while Osaka and Kyoto each had more than 400,000 inhabitants,\nbecoming centres for trade and handicraft production. Rice, the economy’s\nbase, was taxed at about 40% of the harvest and sold at the fudasashi market\nin Edo. _Daimyō_ used forward contracts similar to modern futures trading to\nsell rice before harvest.\n\nDuring the _sakoku_ period, Japan studied Western sciences and techniques\n(_rangaku_) through Dutch traders in Dejima, including geography, medicine,\nnatural sciences, astronomy, and mechanical sciences. Japan reopened its\neconomy to the West after being pressured by the United States twice in 1853\nand 1854."
  },
  {
    "chapter_name": "Economy of Japan",
    "chapter_id": "1",
    "section_number": "1.2",
    "section_name": "Pre-war period (1868–1945)",
    "text": "Since the mid-19th century, after the Meiji Restoration, the country was\nopened up to Western commerce and influence and went through a period of\neconomic development that extended through to the First World War. Economic\ndevelopments of the prewar period began with the \"Rich State and Strong Army\nPolicy\" by the Meiji government. During the Meiji period (1868–1912), leaders\ninaugurated a new Western-based education system for all young people, sent\nthousands of students to Europe and the United States, and hired more than\n3,000 Westerners to teach modern science, mathematics, technology, and foreign\nlanguages in Japan (_Oyatoi gaikokujin_). The government also built an\nextensive railway network, improved roads, and inaugurated a land reform\nprogram to prepare the country for further development.\n\nTo promote industrialisation, the government decided that, while it should\nhelp private business to allocate resources and to plan, the private sector\nwas best equipped to stimulate economic growth. The greatest role of\ngovernment was to help provide good economic conditions for business. In\nshort, government was to be the guide and business the producer. In the early\nMeiji period, the government built factories and shipyards that were sold to\nentrepreneurs at a fraction of their value. Many of these businesses grew\nrapidly into the larger conglomerates such as Mitsubishi. Government emerged\nas chief promoter of private enterprise, enacting a series of pro-business\npolicies."
  },
  {
    "chapter_name": "Economy of Japan",
    "chapter_id": "1",
    "section_number": "1.3",
    "section_name": "Post-war period (1945–1989)",
    "text": "Japanese exports partners in 2005\n\nJapan underwent significant economic transformation and rapid recovery and\ngrowth, emerging from the devastation of the Second World War to become a\nglobal economic powerhouse. The immediate post-war period saw Japan slowly\nrecovering as a democratic nation under the Allied Occupation. The Korean War\n(1950–1953), which happened in its now divided former colony, boosted the\neconomy, as Japan served as a major supply hub for U.S. forces. By the 1950s\nand 1960s, Japan’s economy had entered a period of high growth, often referred\nto as the 'Japanese Economic Miracle'. Key factors in this growth included\ngovernment-industry cooperation, a strong work ethic, advanced technology, and\na focus on export-oriented manufacturing. Japan’s economy diversified from\ntextiles to steel, shipbuilding, and eventually electronics and automobiles,\nwith companies such as Toyota, Sony, Hitachi and Honda becoming household\nnames worldwide.\n\nIn 1968, Japan became the world’s third-largest economy then the second\nlargest in the 1988, surpassing the economy of the Soviet Union. A position it\nheld until it was surpassed by China in 2010. The government played a crucial\nrole through policies that promoted industrial expansion and technological\nadvancement. Japan’s emphasis on quality control and continuous improvement\n(_kaizen_) further boosted its international competitiveness. By the 1980s,\nJapan was leading in a wide range of industries, including automotive and\nconsumer electronics, and was known for its formidable trade surplus and\nwealth. However, the late 1980s also saw the infamous Plaza Accord and the\nformation of an asset price bubble, with inflated real estate and stock market\nprices, setting the stage for the economic stagnation of the 'Lost Decades'\nthat followed."
  },
  {
    "chapter_name": "Economy of Japan",
    "chapter_id": "1",
    "section_number": "1.4",
    "section_name": "Heisei period (1989–2019)",
    "text": "Japan's nominal GDP per capita stagnated around $40,000 for the entire period.\n\nJapan bonds\n\nInverted yield curve in 1990\nZero interest-rate policy started in 1999\n\n30 year\n\n20 year\n\n10 year\n\n5 year\n\n2 year\n\n1 year\n\nJapan money supply and inflation (year over year)\n\nM2 money supply\n\nInflation\n\nGrowth slowed markedly in the late 1990s also termed the Lost Decade after the\ncollapse of Japanese asset price bubble. As a consequence Japan ran massive\nbudget deficits (added trillions in Yen to Japanese financial system) to\nfinance large public works programs.\n\nBy 1998, Japan's public works projects still could not stimulate demand enough\nto end the economy's stagnation. In desperation, the Japanese government\nundertook \"structural reform\" policies intended to wring speculative excesses\nfrom the stock and real estate markets. Unfortunately, these policies led\nJapan into deflation on numerous occasions between 1999 and 2004. The Bank of\nJapan used quantitative easing to expand the country's money supply in order\nto raise expectations of inflation and spur economic growth. Initially, the\npolicy failed to induce any growth, but it eventually began to affect\ninflationary expectations. By late 2005, the economy finally began what seems\nto be a sustained recovery. GDP growth for that year was 2.8%, with an\nannualised fourth quarter expansion of 5.5%, surpassing the growth rates of\nthe US and European Union during the same period. Unlike previous recovery\ntrends, domestic consumption has been the dominant factor of growth.\n\nJapanese bond market\nNegative interest rates started in 2014.\n\n40 year bond\n\n10 year bond\n\n5 year bond\n\n1 year bond\n\n1 month bond\n\nDespite having interest rates down near zero for a long period of time, the\nquantitative easing strategy did not succeed in stopping price deflation. This\nled some economists, such as Paul Krugman, and some Japanese politicians, to\nadvocate the generation of higher inflation expectations. In July 2006, the\nzero-rate policy was ended. In 2008, the Japanese Central Bank still had the\nlowest interest rates in the developed world, but deflation had still not been\neliminated and the Nikkei 225 has fallen over approximately 50% (between June\n2007 and December 2008). However, on 5 April 2013, the Bank of Japan announced\nthat it would be purchasing 60–70 trillion yen in bonds and securities in an\nattempt to eliminate deflation by doubling the money supply in Japan over the\ncourse of two years. Markets around the world have responded positively to the\ngovernment's current proactive policies, with the Nikkei 225 adding more than\n42% since November 2012. _The Economist_ has suggested that improvements to\nbankruptcy law, land transfer law, and tax laws will aid Japan's economy. In\nrecent years, Japan has been the top export market for almost 15 trading\nnations worldwide.\n\nIn December 2018, a free trade agreement between Japan and the European Union\nwas cleared to commence in February 2019. It creates the world's largest free\ntrade zone valued at 1/3rd of global gross domestic product. This reduces\ntariffs on Japanese cars by 10%, duties by 30% on cheese and 10% on wines and\nopens service markets."
  },
  {
    "chapter_name": "Economy of Japan",
    "chapter_id": "1",
    "section_number": "1.5",
    "section_name": "2020–21 recession",
    "text": "In early January 2020, Japanese economy began to suffer from the COVID-19\npandemic. In early April, Japanese Prime Minister Shinzo Abe announced a state\nof emergency. Less than a quarter of Japanese people expected living\nconditions to improve in the coming decades. In October 2020 during the\npandemic, Japan and the United Kingdom formally signed the first free-trade\nagreement post-Brexit, which will boost trade by approximately £15.2 billion.\nIt enables tariff-free trade on 99% of exports to Japan. On 15 February 2021,\nthe Nikkei average breached the 30k benchmark, the highest since November\n1991. It was due to strong corporate earnings, GDP data and optimism over the\nCOVID-19 vaccination program in the country."
  },
  {
    "chapter_name": "Economy of Japan",
    "chapter_id": "1",
    "section_number": "1.6",
    "section_name": "Post-recession (2021–present)",
    "text": "At the end of March 2022, the Ministry of Finance announced that the national\ndebt reached precisely 1.017 million billion yen. The total public debt of the\ncountry, which includes debts contracted by local governments, represents\n1.210 million billion yen (9,200 billion dollars) which is nearly 250% of\nJapan's GDP. Economist Kohei Iwahara said such an exceptional debt to GDP\nlevel is only possible because Japanese hold most of the debt: \"“Japanese\nhouseholds hold most of their savings in bank accounts (48%) and these sums\nare used by commercial banks to buy Japanese government bonds. Thus, 85.7% of\nthese bonds are held by Japanese investors.”\n\nThe Bank of Japan's main policy aim since the Lost Decades started had been to\nend deflation and eventually achieve 2% inflation. The increased international\neconomic tension brought about by events such as the Russian Invasion of\nUkraine in 2022 finally helped the country achieve the much-anticipated\ninflation target of 2%, and the negative interest policy since 2016 was ended\nin March 2024. However, while other major economies focus on suppressing\ninflation by raising interest rates, Japan aims to firmly establish inflation\nby maintaining low rates. As a side effect, the Japanese yen has become\nextremely weak, hitting a 37.5-year low of 161 yen/USD in July 2024.\nFurthermore, the real effective exchange rate in May 2024, when the 2020\naverage is set at 100, is 68.65, the lowest level since the start of the Bank\nof Japan statistics in January 1970, due to a combination of low inflation in\nJapan and a relatively low trade share. This devaluation of the currency\ncaused Japan to lose its status as the world’s third largest economy to\nGermany in nominal terms, which was approximately half the size of the\ncountry's economy a decade earlier.\n\nFactors such as an apparent end to the 30-year struggle against deflation,\nimprovements in corporate governance, and high corporate profits boosted the\nstock market. Consequently, both the Nikkei 225 and TOPIX indices surpassed\nthe record highs they reached more than 30 years ago in 2024. The market\ncapitalisation of the Tokyo Stock Exchange’s prime section exceeded a\nquadrillion yen for the first time in July 2024."
  },
  {
    "chapter_name": "Economy of Japan",
    "chapter_id": "1",
    "section_number": "1.7",
    "section_name": "GDP composition",
    "text": "Industries by GDP value-added 2012. Values are converted using the exchange\nrate on 13 April 2013.\n\nIndustry | GDP value-added billions 2018 | % of total GDP\n---|---|---\nOther service activities | 1,238 | 23.5%\nManufacturing | 947 | 18.0%\nReal estate | 697 | 13.2%\nWholesale and retail trade | 660 | 12.5%\nTransport and communication | 358 | 6.8%\nPublic administration | 329 | 6.2%\nConstruction | 327 | 6.2%\nFinance and insurance | 306 | 5.8%\nElectricity, gas and water supply | 179 | 3.4%\nGovernment service activities | 41 | 0.7%\nMining | 3 | 0.1%\nTotal | 5,268 | 100%"
  },
  {
    "chapter_name": "Economy of Japan",
    "chapter_id": "1",
    "section_number": "1.8",
    "section_name": "Development of main indicators",
    "text": "Real GDP growth rate\n\nThe following table shows the main economic indicators in 1980–2023 (with IMF\nstaff estimates in 2024–2029). Inflation under 5% is in green.\n\nYear  | GDP\n(in bn. US$PPP) | GDP per capita\n(in US$ PPP) | GDP\n(in bn. US$nominal) | GDP per capita\n(in US$ nominal) | GDP growth\n(real) | Inflation rate\n(in Per cent) | Unemployment\n(in Per cent) | Government debt\n(in % of GDP)\n---|---|---|---|---|---|---|---|---\n1980  | 1,068.1  | 9,147.0  | 1,127.9  | 9,659.0  | 3.2%  | 7.8%  | 2.0%  | 47.8%\n1981  | 1,218.4  | 10,358.1  | 1,243.8  | 10,574.4  | 4.2%  | 4.9%  | 2.2%  | 52.9%\n1982  | 1,336.5  | 11,283.0  | 1,157.6  | 9,772.8  | 3.3%  | 2.8%  | 2.4%  | 57.8%\n1983  | 1,437.8  | 12,054.5  | 1,268.6  | 10,636.5  | 3.5%  | 1.9%  | 2.7%  | 63.6%\n1984  | 1,556.7  | 12,967.1  | 1,345.2  | 11,205.4  | 4.5%  | 2.3%  | 2.7%  | 65.6%\n1985  | 1,690.0  | 13,989.8  | 1,427.4  | 11,815.8  | 5.2%  | 2.0%  | 2.6%  | 68.3%\n1986  | 1,781.4  | 14,667.9  | 2,121.3  | 17,466.7  | 3.3%  | 0.6%  | 2.8%  | 74.0%\n1987  | 1,911.8  | 15,666.3  | 2,584.3  | 21,177.8  | 4.7%  | 0.1%  | 2.9%  | 75.7%\n1988  | 2,113.5  | 17,246.0  | 3,134.2  | 25,575.1  | 6.8%  | 0.7%  | 2.5%  | 71.8%\n1989  | 2,303.0  | 18,719.6  | 3,117.1  | 25,336.2  | 4.9%  | 2.3%  | 2.3%  | 65.5%\n1990  | 2,506.1  | 20,302.7  | 3,196.6  | 25,896.0  | 4.9%  | 3.1%  | 2.1%  | 63.0%\n1991  | 2,679.4  | 21,620.8  | 3,657.3  | 29,511.8  | 3.4%  | 3.3%  | 2.1%  | 62.2%\n1992  | 2,763.7  | 22,222.4  | 3,988.3  | 32,069.1  | 0.8%  | 1.7%  | 2.2%  | 66.6%\n1993  | 2,814.6  | 22,558.2  | 4,544.8  | 36,425.2  | -0.5%  | 1.3%  | 2.5%  | 72.7%\n1994  | 2,899.9  | 23,177.4  | 4,998.8  | 39,953.2  | 0.9%  | 0.7%  | 2.9%  | 84.4%\n1995  | 3,038.6  | 24,224.0  | 5,545.6  | 44,210.2  | 2.6%  | -0.1%  | 3.2%  | 92.5%\n1996  | 3,191.2  | 25,385.0  | 4,923.4  | 39,164.3  | 3.1%  | 0.1%  | 3.4%  | 98.1%\n1997  | 3,278.1  | 26,014.1  | 4,492.4  | 35,651.3  | 1.0%  | 1.7%  | 3.4%  | 105.0%\n1998  | 3,272.8  | 25,903.3  | 4,098.4  | 32,436.9  | -1.3%  | 0.7%  | 4.1%  | 116.0%\n1999  | 3,307.9  | 26,131.3  | 4,636.0  | 36,622.9  | -0.3%  | -0.3%  | 4.7%  | 129.5%\n2000  | 3,476.3  | 27,409.2  | 4,968.4  | 39,173.0  | 2.8%  | -0.7%  | 4.7%  | 135.6%\n2001  | 3,568.4  | 28,068.3  | 4,374.7  | 34,410.7  | 0.4%  | -0.7%  | 5.0%  | 145.1%\n2002  | 3,625.5  | 28,457.7  | 4,182.8  | 32,832.3  | 0.0%  | -0.9%  | 5.4%  | 154.1%\n2003  | 3,753.8  | 29,410.9  | 4,519.6  | 35,410.2  | 1.5%  | -0.3%  | 5.2%  | 160.0%\n2004  | 3,938.9  | 30,836.4  | 4,893.1  | 38,307.1  | 2.2%  | 0.0%  | 4.7%  | 169.5%\n2005  | 4,135.7  | 32,372.7  | 4,831.5  | 37,819.1  | 1.8%  | -0.3%  | 4.4%  | 174.3%\n2006  | 4,321.8  | 33,831.1  | 4,601.7  | 36,021.9  | 1.4%  | 0.3%  | 4.1%  | 174.0%\n2007  | 4,504.5  | 35,257.9  | 4,579.7  | 35,847.2  | 1.5%  | 0.0%  | 3.8%  | 172.8%\n2008  | 4,534.6  | 35,512.2  | 5,106.7  | 39,992.1  | -1.2%  | 1.4%  | 4.0%  | 180.7%\n2009  | 4,303.9  | 33,742.5  | 5,289.5  | 41,469.8  | -5.7%  | -1.3%  | 5.1%  | 198.7%\n2010  | 4,534.1  | 35,535.2  | 5,759.1  | 45,135.8  | 4.1%  | -0.7%  | 5.1%  | 205.7%\n2011  | 4,629.4  | 36,215.1  | 6,233.1  | 48,760.9  | 0.0%  | -0.3%  | 4.6%  | 219.1%\n2012  | 4,799.6  | 37,628.8  | 6,272.4  | 49,175.1  | 1.4%  | 0.0%  | 4.3%  | 226.1%\n2013  | 5,021.6  | 39,436.8  | 5,212.3  | 40,934.8  | 2.0%  | 0.3%  | 4.0%  | 229.6%\n2014  | 5,034.5  | 39,604.1  | 4,897.0  | 38,522.8  | 0.3%  | 2.8%  | 3.6%  | 233.5%\n2015  | 5,200.9  | 40,959.3  | 4,444.9  | 35,005.7  | 1.6%  | 0.8%  | 3.4%  | 228.3%\n2016  | 5,159.7  | 40,640.5  | 5,003.7  | 39,411.4  | 0.8%  | -0.1%  | 3.1%  | 232.4%\n2017  | 5,248.4  | 41,409.0  | 4,930.8  | 38,903.3  | 1.7%  | 0.5%  | 2.8%  | 231.3%\n2018  | 5,403.2  | 42,714.6  | 5,040.9  | 39,850.3  | 0.6%  | 1.0%  | 2.4%  | 232.4%\n2019  | 5,471.8  | 43,351.0  | 5,118.0  | 40,548.0  | -0.4%  | 0.5%  | 2.4%  | 236.4%\n2020  | 5,314.1  | 42,226.3  | 5,055.6  | 40,171.9  | -4.1%  | 0.0%  | 2.8%  | 258.3%\n2021  | 5,700.0  | 45,416.0  | 5,034.6  | 40,114.3  | 2.6%  | -0.2%  | 2.8%  | 253.9%\n2022  | 6,159.8  | 49,210.6  | 4,256.4  | 34,004.7  | 1.0%  | 2.5%  | 2.6%  | 257.2%\n2023  | 6,507.1  | 52,214.6  | 4,212.9  | 33,805.9  | 1.9%  | 3.3%  | 2.6%  | 252.4%\n2024  | 6,721.0  | 54,183.9  | 4,110.5  | 33,138.2  | 0.9%  | 2.2%  | 2.5%  | 254.6%\n2025  | 6,908.4  | 55,970.4  | 4,310.4  | 34,921.6  | 1.0%  | 2.1%  | 2.5%  | 252.6%\n2026  | 7,094.9  | 57,778.4  | 4,499.5  | 36,642.7  | 0.8%  | 2.0%  | 2.5%  | 251.3%\n2027  | 7,271.8  | 59,538.8  | 4,649.1  | 38,064.8  | 0.6%  | 2.0%  | 2.5%  | 251.0%\n2028  | 7,451.9  | 61,354.8  | 4,836.3  | 39,819.6  | 0.6%  | 2.0%  | 2.5%  | 251.0%\n2029  | 7,628.2  | 63,170.9  | 4,944.7  | 40,948.6  | 0.4%  | 2.0%  | 2.5%  | 251.7%"
  },
  {
    "chapter_name": "Economy of Japan",
    "chapter_id": "1",
    "section_number": "1.9",
    "section_name": "Agriculture",
    "text": "Rice is a very important crop in Japan as shown here in a rice paddy in\nTawaramoto, Nara.\n\nThe Japanese agricultural sector accounts for about 1.1% (2017) of the total\ncountry's GDP. Only 12% of Japan's land is suitable for cultivation. Due to\nthis lack of arable land, a system of terraces is used to farm in small areas.\nThis results in one of the world's highest levels of crop yields per unit\narea, with an overall agricultural self-sufficiency rate of about 50% on fewer\nthan 56,000 km2 (14 million acres) cultivated.\n\nJapan's small agricultural sector, however, is also highly subsidised and\nprotected, with government regulations that favour small-scale cultivation\ninstead of large-scale agriculture as practiced in North America. There has\nbeen a growing concern about farming as the current farmers are aging with a\ndifficult time finding successors.\n\nRice accounts for almost all of Japan's cereal production. Japan is the\nsecond-largest agricultural product importer in the world. Rice, the most\nprotected crop, is subject to tariffs of 777.7%.\n\nAlthough Japan is usually self-sufficient in rice (except for its use in\nmaking rice crackers and processed foods) and wheat, the country must import\nabout 50% of its requirements of other grain and fodder crops and relies on\nimports for half of its supply of meat. Japan imports large quantities of\nwheat and soybeans. Japan is the 5th largest market for the European Union's\nagricultural exports.[_needs update_] Over 90% of mandarin oranges in Japan\nare grown in Japan. Apples are also grown due to restrictions on apple\nimports."
  },
  {
    "chapter_name": "Economy of Japan",
    "chapter_id": "1",
    "section_number": "1.9.1",
    "section_name": "Fishery",
    "text": "Global fish catch in Japan\n\nJapan ranked fourth in the world in 1996 in tonnage of fish caught. Japan\ncaptured 4,074,580 metric tons of fish in 2005, down from 4,987,703 tons in\n2000, 9,558,615 tons in 1990, 9,864,422 tons in 1980, 8,520,397 tons in 1970,\n5,583,796 tons in 1960 and 2,881,855 tons in 1950. In 2003, the total\naquaculture production was predicted at 1,301,437 tonnes. In 2010, Japan's\ntotal fisheries production was 4,762,469 fish. Offshore fisheries accounted\nfor an average of 50% of the nation's total fish catches in the late 1980s\nalthough they experienced repeated ups and downs during that period.\n\nCoastal fishing by small boats, set nets, or breeding techniques accounts for\nabout one third of the industry's total production, while offshore fishing by\nmedium-sized boats makes up for more than half the total production. Deep-sea\nfishing from larger vessels makes up the rest. Among the many species of\nseafood caught are sardines, skipjack tuna, crab, shrimp, salmon, pollock,\nsquid, clams, mackerel, sea bream, sauries, tuna and Japanese amberjack.\nFreshwater fishing, including salmon, trout and eel hatcheries and fish farms,\ntakes up about 30% of Japan's fishing industry. Among the nearly 300 fish\nspecies in the rivers of Japan are native varieties of catfish, chub, herring\nand goby, as well as such freshwater crustaceans as crabs and crayfish. Marine\nand freshwater aquaculture is conducted in all 47 prefectures in Japan.\n\nJapan maintains one of the world's largest fishing fleets and accounts for\nnearly 15% of the global catch, prompting some claims that Japan's fishing is\nleading to depletion in fish stocks such as tuna. Japan has also sparked\ncontroversy by supporting quasi-commercial whaling."
  },
  {
    "chapter_name": "Economy of Japan",
    "chapter_id": "1",
    "section_number": "1.10",
    "section_name": "Industry",
    "text": "Japanese manufacturing and industry is very diversified, with a variety of\nadvanced industries that are highly successful. Industry accounts for 30.1%\n(2017) of the nation's GDP. The country's manufacturing output is the third\nhighest in the world.\n\nIndustry is concentrated in several regions, with the Kantō region surrounding\nTokyo, (the Keihin industrial region) as well as the Kansai region surrounding\nOsaka (the Hanshin industrial region) and the Tōkai region surrounding Nagoya\n(the Chūkyō–Tōkai industrial region) the main industrial centers. Other\nindustrial centers include the southwestern part of Honshū and northern\nShikoku around the Seto Inland Sea (the Setouchi industrial region); and the\nnorthern part of Kyūshū (Kitakyūshū). In addition, a long narrow belt of\nindustrial centers called the Taiheiyō Belt is found between Tokyo and\nFukuoka, established by particular industries, that have developed as mill\ntowns.\n\nJapan enjoys high technological development in many fields, including consumer\nelectronics, automobile manufacturing, semiconductor manufacturing, optical\nfibers, optoelectronics, optical media, facsimile and copy machines, and\nfermentation processes in food and biochemistry. However, many Japanese\ncompanies are facing emerging rivals from the United States, South Korea, and\nTaiwan."
  },
  {
    "chapter_name": "Economy of Japan",
    "chapter_id": "1",
    "section_number": "1.10.1",
    "section_name": "Automobile manufacturing",
    "text": "Lexus LS. The rapid growth and success of Toyota's Lexus and other Japanese\nautomakers reflects Japan's strength and global dominance in the automobile\nindustry.\n\nJapan is the third biggest producer of automobiles in the world. Toyota is\ncurrently the world's largest car maker, and the Japanese car makers Nissan,\nHonda, Suzuki, and Mazda also count for some of the largest car makers in the\nworld. By number, Japan is the world's largest exporter of cars as of 2021."
  },
  {
    "chapter_name": "Economy of Japan",
    "chapter_id": "1",
    "section_number": "1.11",
    "section_name": "Mining and petroleum exploration",
    "text": "Japan's mining production has been minimal, and Japan has very little mining\ndeposits. However, massive deposits of rare earths have been found off the\ncoast of Japan. In the 2011 fiscal year, the domestic yield of crude oil was\n820 thousand kiloliters, which was 0.4% of Japan's total crude processing\nvolume.\n\nIn 2019, Japan was the 2nd largest world producer of iodine, 4th largest\nworldwide producer of bismuth, the world's 9th largest producer of sulfur and\nthe 10th largest producer of gypsum."
  },
  {
    "chapter_name": "Economy of Japan",
    "chapter_id": "1",
    "section_number": "1.12",
    "section_name": "Services",
    "text": "Japan Airlines, though faced with massive debts as of 2010, is considered one\nof the largest airlines in the world.\n\nJapan's service sector accounts for 68.7% (2017) of its total economic output.\nBanking, insurance, real estate, retailing, transportation, and\ntelecommunications are all major industries such as Mitsubishi UFJ, Mizuho,\nNTT, TEPCO, Nomura, Mitsubishi Estate, Aeon, Mitsui Sumitomo, Softbank, JR\nEast, Seven & i Holdings, KDDI and Japan Airlines counting as some of the\nlargest companies in the world. two of the five most circulated newspapers in\nthe world are Japanese newspapers. The Koizumi government set Japan Post, one\nof the country's largest providers of savings and insurance services for\nprivatisation by 2015. The six major _keiretsus_ are the Mitsubishi, Sumitomo,\nFuyo, Mitsui, Dai-Ichi Kangyo and Sanwa. Japan is home to 251 companies from\nthe Forbes Global 2000 or 12.55% (as of 2013)."
  },
  {
    "chapter_name": "Economy of Japan",
    "chapter_id": "1",
    "section_number": "1.12.1",
    "section_name": "Tourism",
    "text": "Himeji Castle, in Himeji, Hyōgo Prefecture, is one of the most visited sights\nin Japan.\n\nIn 2012, Japan was the fifth most visited country in Asia and the Pacific,\nwith over 8.3 million tourists. In 2013, due to the weaker yen and easier visa\nrequirements for southwest Asian countries, Japan received a record 11.25\nmillion visitors, which was higher than the government's projected goal of 10\nmillion visitors. The government hopes to attract 40 million visitors a year\nby the 2020 Summer Olympics in Tokyo. Some of the most popular visited places\ninclude the Shinjuku, Ginza, Shibuya and Asakusa areas in Tokyo, and the\ncities of Osaka, Kobe and Kyoto, as well as Himeji Castle. Hokkaido is also a\npopular winter destination for visitors with several ski resorts and luxury\nhotels being built there.\n\nJapan's economy is less dependent on international tourism than those of other\nG7 countries and OECD countries in general; from 1995 to 2014, it was by far\nthe least visited country in the G7 despite being the second largest country\nin the group, and as of 2013 was one of the least visited countries in the\nOECD on a per capita basis. In 2013, international tourist receipts was 0.3%\nof Japan's GDP, while the corresponding figure was 1.3% for the United States\nand 2.3% for France."
  },
  {
    "chapter_name": "Economy of Japan",
    "chapter_id": "1",
    "section_number": "1.13",
    "section_name": "Infrastructure",
    "text": "Shinkansen N700 Series\n\nIn 2018, Japan ranked 5th overall in the World Bank's Logistics Performance\nIndex, and 2nd in the infrastructure category.\n\nIn 2005, one half of Japan's energy was produced from petroleum, a fifth from\ncoal, and 14% from natural gas. Nuclear power in Japan made a quarter of\nelectricity production but due to the Fukushima Daiichi nuclear disaster there\nhas been a large desire to end Japan's nuclear power program. In September\n2013, Japan closed its last 50 nuclear power plants nationwide, causing the\nnation to be nuclear free. The country has since then opted to restart a few\nof its nuclear reactors.\n\nJapan's spendings on roads has been considered large. The 1.2 million\nkilometers of paved road are one of the major means of transportation. Japan\nhas left-hand traffic. A single network of speed, divided, limited-access toll\nroads connects major cities and are operated by toll-collecting enterprises.\nNew and used cars are inexpensive, and the Japanese government has encouraged\npeople to buy hybrid vehicles. Car ownership fees and fuel levies are used to\npromote energy-efficiency.\n\nRail transport is a major means of transport in Japan. Dozens of Japanese\nrailway companies compete in regional and local passenger transportation\nmarkets; for instance, 6 passenger JR enterprises, Kintetsu Railway, Seibu\nRailway, and Keio Corporation. Often, strategies of these enterprises contain\nreal estate or department stores next to stations, and many major stations\nhave major department stores near them. The Japanese cities of Fukuoka, Kobe,\nKyoto, Nagoya, Osaka, Sapporo, Sendai, Tokyo and Yokohama all have subway\nsystems. Some 250 high-speed Shinkansen trains connect major cities. All\ntrains are known for punctuality, and a delay of 90 seconds can be considered\nlate for some train services.\n\nThere are 98 passenger and 175 total airports in Japan, and flying is a\npopular way to travel. The largest domestic airport, Tokyo International\nAirport, is Asia's second busiest airport. The largest international gateways\nare Narita International Airport (Tokyo area), Kansai International Airport\n(Osaka/Kobe/Kyoto area), and Chūbu Centrair International Airport (Nagoya\narea). The largest ports in Japan include Nagoya Port, the Port of Yokohama,\nthe Port of Tokyo and the Port of Kobe.\n\nAbout 84% of Japan's energy is imported from other countries. Japan is the\nworld's largest liquefied natural gas importer, second largest coal importer,\nand third largest net oil importer. Given its heavy dependence on imported\nenergy, Japan has aimed to diversify its sources. Since the oil shocks of the\n1970s, Japan has reduced dependence on petroleum as a source of energy from\n77.4% in 1973 to about 43.7% in 2010 and increased dependence on natural gas\nand nuclear power. In September 2019, Japan will invest 10 billion on\nliquefied natural gas projects worldwide, in a strategy to boost the global\nLNG market and reinforce the security of energy supply. Other important energy\nsource includes coal, and hydroelectricity is Japan's biggest renewable energy\nsource. Japan's solar market is also currently booming. Kerosene is also used\nextensively for home heating in portable heaters, especially farther north.\nMany taxi companies run their fleets on liquefied natural gas. A recent\nsuccess towards greater fuel economy was the introduction of mass-produced\nhybrid vehicles. Prime Minister Shinzō Abe, who was working on Japan's\neconomic revival, signed a treaty with Saudi Arabia and UAE about the rising\nprices of oil, ensuring Japan's stable deliveries from that region."
  },
  {
    "chapter_name": "Economy of Japan",
    "chapter_id": "1",
    "section_number": "2",
    "section_name": "Finance",
    "text": "The main trading room of the Tokyo Stock Exchange, one of the largest stock\nexchanges in the world\n\nThe Tokyo Stock Exchange is the third largest stock exchange in the world by\nmarket capitalisation, as well as the 2nd largest stock market in Asia, with\n2,292 listed companies. The Nikkei 225 and the TOPIX are the two important\nstock market indexes of the Tokyo Stock Exchange. The Tokyo Stock Exchange and\nthe Osaka Stock Exchange, another major stock exchange in Japan, merged on 1\nJanuary 2013, creating one of the world's largest stock exchanges. Other stock\nexchanges in Japan include the Nagoya Stock Exchange, Fukuoka Stock Exchange\nand Sapporo Securities Exchange."
  },
  {
    "chapter_name": "Economy of Japan",
    "chapter_id": "1",
    "section_number": "3",
    "section_name": "Labor force",
    "text": "Unemployment rate of Japan. Red line is G7 average.\n15-24 age (thin line) is youth unemployment.\n\nThe unemployment rate in December 2013 was 3.7%, down 1.5 percentage points\nfrom the claimed unemployment rate of 5.2% in June 2009 due to the strong\neconomic recovery.\n\nIn 2008 Japan's labor force consisted of some 66 million workers—40% of whom\nwere women—and was rapidly shrinking. One major long-term concern for the\nJapanese labor force is its low birthrate. In 2005, the number of deaths in\nJapan exceeded the number of births, indicating that the decline in population\nhad already started. While one countermeasure for a declining birthrate would\nbe to increase immigration, Japan has struggled to attract potential migrants\ndespite immigration laws being relatively lenient (especially for high-skilled\nworkers) compared to other developed countries. This is also apparent when\nlooking at Japan's work visa programme for \"specified skilled worker\", which\nhad less than 3,000 applicants, despite an annual goal of attracting 40,000\noverseas workers, suggesting Japan faces major challenges in attracting\nmigrants compared to other developed countries regardless of its immigration\npolicies. A Gallup poll found that few potential migrants wished to migrate to\nJapan compared to other G7 countries, consistent with the country's low\nmigrant inflow.\n\nIn 1989, the predominantly public sector union confederation, SOHYO (General\nCouncil of Trade Unions of Japan), merged with RENGO (Japanese Private Sector\nTrade Union Confederation) to form the Japanese Trade Union Confederation.\nLabor union membership is about 12 million.\n\nAs of 2019 Japan's unemployment rate was the lowest in the G7. Its employment\nrate for the working-age population (15–64) was the highest in the G7."
  },
  {
    "chapter_name": "Economy of Japan",
    "chapter_id": "1",
    "section_number": "4",
    "section_name": "Law and government",
    "text": "Japan ranks 27th of 185 countries in the ease of doing business index 2013\\.\n\nJapan has one of the smallest tax rates in the developed world. After\ndeductions, the majority of workers are free from personal income taxes.\nConsumption tax rate is 10%, while corporate tax rates are high, second\nhighest corporate tax rate in the world, at 36.8%. However, the House of\nRepresentatives has passed a bill which increased the consumption tax to 10%\nin October 2015. The government has also decided to reduce corporate tax and\nto phase out automobile tax.\n\nIn 2016, the IMF encouraged Japan to adopt an income policy that pushes firms\nto raise employee wages in combination with reforms to tackle the labor market\ndual tiered employment system to drive higher wages, on top of monetary and\nfiscal stimulus. Shinzo Abe has encouraged firms to raise wages by at least\nthree per cent annually (the inflation target plus average productivity\ngrowth).\n\nShareholder activism is rare despite the fact that the corporate law gives\nshareholders strong powers over managers. Under Prime Minister Shinzō Abe,\ncorporate governance reform has been a key initiative to encourage economic\ngrowth. In 2012, only around 40% of leading Japanese companies had any\nindependent directors; by 2016, the majority had begun to appoint independent\ndirectors.\n\nThe government's liabilities include the second largest public debt of any\nnation with debt of over one quadrillion yen, or 8,535,340,000,000 in USD.\nFormer Prime Minister Naoto Kan has called the situation 'urgent'.\n\nJapan's central bank has the second largest foreign-exchange reserves after\nthe People's Republic of China, with over one trillion US Dollars in foreign\nreserves."
  },
  {
    "chapter_name": "Economy of Japan",
    "chapter_id": "1",
    "section_number": "5",
    "section_name": "Culture",
    "text": "> **Our expansion could be much bigger and quicker, but we are held back.\n> Nowhere in the world do the [regulatory approvals] take so long. (The\n> process is) old fashioned.** — _Tony Fernandes, AirAsia chief._"
  },
  {
    "chapter_name": "Economy of Japan",
    "chapter_id": "1",
    "section_number": "5.1",
    "section_name": "Overview",
    "text": "_Nemawashi_ (根回し), 'consensus building', in Japanese culture is an informal\nprocess of quietly laying the foundation for some proposed change or project,\nby talking to the people concerned, gathering support and feedback, and so\nforth. It is considered an important element in any major change, before any\nformal steps are taken, and successful _nemawashi_ enables changes to be\ncarried out with the consent of all sides.\n\nJapanese companies are known for management methods such as \"The Toyota Way\".\n_Kaizen_ (改善, Japanese for 'improvement') is a Japanese philosophy that\nfocuses on continuous improvement throughout all aspects of life. When applied\nto the workplace, _kaizen_ activities continually improve all functions of a\nbusiness, from manufacturing to management and from the CEO to the assembly\nline workers. By improving standardised activities and processes, Kaizen aims\nto eliminate waste (see Lean manufacturing). _Kaizen_ was first implemented in\nseveral Japanese businesses during the country's recovery after World War II,\nincluding Toyota, and has since spread to businesses throughout the world. The\ncorporate application of the _kaizen_ system has been criticised for\nneglecting or harming the quality of life of workers, particularly via the\nimplementation of long working hours. However, according to the OECD, Japan's\naverage for annual hours worked per employee is lower than the OECD average\nand middling among G7 countries.\n\nSome companies have powerful enterprise unions and _shuntō_. The _nenko_\nsystem or _nenko joretsu_ as it is called in Japan, is the Japanese system of\npreferring to promote employees close to retirement. This is done to\nprioritise experience in executive positions and to allow older employees to\nachieve a higher salary level before retirement. The _nenko_ system has been\ncriticised for leaving younger employees at a disadvantage against older\nemployees who may be less capable.\n\nRelationships between government bureaucrats and companies are often close.\nAmakudari (天下り, _amakudari_ , 'descent from heaven') is the institutionalised\npractice where Japanese senior bureaucrats retire to high-profile positions in\nthe private and public sectors. The practice is increasingly viewed as corrupt\nand a limitation on efforts to reduce ties between the private sector and the\nstate that prevent economic and political reforms. Lifetime employment\n(_shūshin koyō_) and seniority-based career advancement have been common in\nthe Japanese work environment. These practices have become less common in\nrecent years.\n\nSalaryman (サラリーマン, __Sararīman__ , salaried man) refers to someone whose\nincome is salary-based; particularly those working for corporations. Coined in\nJapan, the word's frequent use by Japanese corporations and its prevalence in\nJapanese manga and anime has led to its adoption into and common usage within\nthe English language to refer to Japanese white-collar workers, and it can be\nfound in many English-language books and articles pertaining to Japanese\nculture. Immediately following World War II, becoming a salaryman was viewed\nas a gateway to a stable, middle-class lifestyle. In modern use, the term\ncarries associations of long working hours, low prestige in the corporate\nhierarchy, absence of significant sources of income other than salary, wage\nslavery, and _karōshi_. The term _salaryman_ refers almost exclusively to\nmales.[_citation needed_]\n\nAn office lady, often abbreviated OL (Japanese: オーエル _Ōeru_), is a female\noffice worker in Japan who performs generally pink collar tasks such as\nserving tea and doing secretarial or clerical work. Like many unmarried\nJapanese, OLs often live with their parents well into early adulthood. Office\nladies are usually full-time permanent staff, with little opportunity for\npromotion, and there is often a tacit expectation that they leave their jobs\nif they get married.[_citation needed_]\n\nFreeter (フリーター, _furītā_) is a Japanese expression for people between the age\nof 15 and 34 who lack full-time employment or are unemployed, excluding\nhomemakers and students. They may also be described as _underemployed_ or\nfreelance workers. These people do not start a career after high school or\nuniversity but instead usually live as parasite singles with their parents and\nearn some money with low skilled and low paid jobs. Low income makes it\ndifficult for freeters to start a family, and lacking qualifications in the\nform of skilled labor experience makes it difficult for them to start a career\nat a later point in life.[_citation needed_]\n\nKarōshi (過労死, __karōshi__), which can be translated quite literally from\nJapanese as \"death from overwork\", is occupational sudden death. The major\nmedical causes of karōshi deaths are heart attack and stroke due to stress.\n\nSōkaiya (総会屋, _sōkaiya_), (sometimes also translated as 'corporate bouncers',\n'meeting-men', or 'corporate blackmailers') are a form of specialised\nracketeer unique to Japan, and often associated with the yakuza, who extort\nmoney from or blackmail companies by threatening to publicly humiliate\ncompanies and their management, usually in their annual meeting (総会, _sōkai_).\nSarakin (サラ金) is a Japanese term for 'moneylender' or 'loan shark'. It is a\ncontraction of the Japanese words for 'salaryman' and 'cash'. Around 14\nmillion people, or 10% of the Japanese population, have borrowed from a\n_sarakin_. In total, there are about 10,000 firms (down from 30,000 a decade\nago); however, the top seven firms make up 70% of the market. The value of\noutstanding loans totals 100 billion. The biggest _sarakin_ are publicly\ntraded and often allied with big banks.\n\nThe first \"Western-style\" department store in Japan (called デパート, _depāto_)\nwas Mitsukoshi, founded in 1904, which has its root as a kimono store called\nEchigoya from 1673. When the roots are considered, however, Matsuzakaya has an\neven longer history, dating back to 1611 and becoming a department store in\n1910. In 1924, Matsuzakaya store in Ginza allowed street shoes to be worn\nindoors, something innovative at the time. These former kimono shop department\nstores dominated the market in its earlier history. They sold luxurious\nproducts which contributed to them having sophisticated atmospheres. From the\n1920s, private railway operators started to build department stores directly\nlinked to their lines' terminuses. Seibu and Hankyu are examples of this\npractice. From the 1980s onwards, Japanese department stores have faced fierce\ncompetition from supermarkets and convenience stores, and they have gradually\ndeclined in prominence. Still, _depāto_ are seen as bastions of cultural\nconservatism in the country. Gift certificates for department stores are\nfrequently given as presents in Japan. Department stores in Japan generally\noffer a wide range of services which can include foreign exchange, travel\nreservations, and ticket sales for local concerts and other events.[_citation\nneeded_]"
  },
  {
    "chapter_name": "Economy of Japan",
    "chapter_id": "1",
    "section_number": "6",
    "section_name": "_Keiretsu_",
    "text": "A _keiretsu_ (系列, 'system' or 'series') is a set of companies with\ninterlocking business relationships and shareholdings. A _keiretsu_\nunequivocally exists as an identical form of business structure to the\n_affiliate_, or an associate.[_citation needed_] It is a type of business\ngroup. The prototypical _keiretsu_ appeared in Japan during the \"economic\nmiracle\" following World War II. Before Japan's surrender, Japanese industry\nwas controlled by large family-controlled vertical monopolies called\n_zaibatsu_. The Allies dismantled the _zaibatsu_ in the late 1940s, but the\ncompanies formed from the dismantling of the _zaibatsu_ were reintegrated. The\ndispersed corporations were re-interlinked through share purchases to form\nhorizontally integrated alliances across many industries. Where possible,\n_keiretsu_ companies would also supply one another, making the alliances\nvertically integrated as well. In this period, official government policy\npromoted the creation of robust trade corporations that could withstand\npressures from intensified world trade competition.\n\nThe major _keiretsu_ were each centered on one bank, which lent money to the\n_keiretsu_ 's member companies and held equity positions in the companies.\nEach central bank had great control over the companies in the _keiretsu_ and\nacted as a monitoring entity and as an emergency bail-out entity. One effect\nof this structure was to minimise the presence of hostile takeovers in Japan,\nbecause no entities could challenge the power of the banks.[_citation needed_]\n\nThere are two types of _keiretsu_ : vertical and horizontal. Vertical\n_keiretsu_ illustrates the organisation and relationships within a company\n(for example all factors of production of a certain product are connected),\nwhile a horizontal _keiretsu_ shows relationships between entities and\nindustries, normally centered on a bank and trading company. Both are\ncomplexly woven together and sustain each other.\n\nThe Japanese recession in the 1990s had profound effects on the _keiretsu_.\nMany of the largest banks were hit hard by bad loan portfolios and forced to\nmerge or go out of business. This had the effect of blurring the lines between\nthe _keiretsu_ : Sumitomo Bank and Mitsui Bank, for instance, became Sumitomo\nMitsui Banking Corporation in 2001, while Sanwa Bank (the banker for the\nHankyu-Toho Group) became part of Bank of Tokyo-Mitsubishi UFJ, now known as\nMUFG Bank. Additionally, many companies from outside the keiretsu system, such\nas Sony, began outperforming their counterparts within the system.[_citation\nneeded_]\n\nGenerally, these causes gave rise to a strong notion in the business community\nthat the old _keiretsu_ system was not an effective business model, and led to\nan overall loosening of _keiretsu_ alliances. While the _keiretsu_ still\nexist, they are not as centralised or integrated as they were before the\n1990s. This, in turn, has led to a growing corporate acquisition industry in\nJapan, as companies are no longer able to be easily \"bailed out\" by their\nbanks, as well as rising derivative litigation by more independent\nshareholders.[_citation needed_]"
  },
  {
    "chapter_name": "Economy of Japan",
    "chapter_id": "1",
    "section_number": "7",
    "section_name": "Mergers and acquisitions",
    "text": "Japanese companies have been involved in 50,759 deals between 1985 and 2018.\nThis cumulates to a total value of US$2.636 billion which translates to\n¥281.469 trillion. In 1999, there was an all-time high in terms of value of\ndeals with almost US$220 billion. The most active year so far was 2017 with\nover 3,150 deals, but only a total value of US$114 billion (see graph \"M&A in\nJapan by number and value\").[_citation needed_]\n\nHere is a list of the most important deals (ranked by value in US$ [billion])\nin Japanese history:[_citation needed_]\n\nDate announced  | Acquiror name  | Acquiror mid industry  | Acquiror state  | Target name  | Target mid industry  | Target state  | Value of transaction ($mil)\n---|---|---|---|---|---|---|---\n13 October 1999  | Sumitomo Bank Ltd  | Banks  | Japan  | Sakura Bank Ltd  | Banks  | Japan  | 45,494.36\n18 February 2005  | Mitsubishi Tokyo Financial Grp  | Banks  | Japan  | UFJ Holdings Inc  | Banks  | Japan  | 41,431.03\n20 August 1999  | Fuji Bank Ltd  | Banks  | Japan  | Dai-Ichi Kangyo Bank Ltd  | Banks  | Japan  | 40,096.63\n27 March 1995  | Mitsubishi Bank Ltd  | Banks  | Japan  | Bank of Tokyo Ltd  | Banks  | Japan  | 33,787.73\n18 July 2016  | SoftBank Group Corp  | Wireless  | Japan  | ARM Holdings PLC  | Semiconductors  | United Kingdom  | 31,879.49\n20 August 1999  | Fuji Bank Ltd  | Banks  | Japan  | Industrial Bank of Japan Ltd  | Banks  | Japan  | 30,759.61\n24 August 2004  | Sumitomo Mitsui Finl Grp Inc  | Banks  | Japan  | UFJ Holdings Inc  | Banks  | Japan  | 29,261.48\n28 August 1989  | Mitsui Taiyo Kobe Bank Ltd  | Banks  | Japan  | Taiyo Kobe Bank Ltd  | Banks  | Japan  | 23,016.80\n15 October 2012  | SoftBank Corp  | Wireless  | Japan  | Sprint Nextel Corp  | Telecommunications Services  | United States  | 21,640.00\n20 September 2017  | KK Pangea  | Other Financials  | Japan  | Toshiba Memory Corp  | Semiconductors  | Japan  | 17,930.00\n\nAmong the top 50 deals by value, 92% of the time the acquiring nation is\nJapan. Foreign direct investment is playing a much smaller role than national\nM&A in Japan."
  },
  {
    "chapter_name": "Economy of Japan",
    "chapter_id": "1",
    "section_number": "8",
    "section_name": "Other economic indicators",
    "text": "| This article needs to be **updated**. The reason given is: the indicators\nare 10 years old and unsupported by citation as well. Please help update this\nto reflect recent events or newly available information. _( February 2019)_\n---|---\nCurrent account balance (2006)\n\n**Net international investment position:** 266,223 / billion (1st)\n\n**Industrial production growth rate:** 7.5% (2010 est.)\n\n**Investment (gross fixed):** 20.3% of GDP (2010 est.)\n\n**Household income or consumption by percentage share:**\n\n* _Lowest 10%:_ 4.8%\n* _Highest 10%:_ 21.7% (1993)\n\n**Agriculture products:** rice, sugar beets, vegetables, fruit, pork, poultry,\ndairy products, eggs, fish\n\n**Export commodities:** machinery and equipment, motor vehicles,\nsemiconductors, chemicals\n\n**Import commodities:** machinery and equipment, fuels, foodstuffs, chemicals,\ntextiles, raw materials (2001)\n\n**Exchange rates:**\n_Japanese Yen per US$1_ – 88.67 (2010), 93.57 (2009), 103.58 (2008), 117.99\n(2007), 116.18 (2006), 109.69 (2005), 115.93 (2003), 125.39 (2002), 121.53\n(2001), 105.16 (January 2000), 113.91 (1999), 130.91 (1998), 120.99 (1997),\n108.78 (1996), 94.06 (1995)\n\n**Electricity:**\n\n* _Electricity – consumption:_ 925.5 billion kWh (2008)\n* _Electricity – production:_ 957.9 billion kWh (2008 est.)\n* _Electricity – exports:_ 0 kWh (2008)\n* _Electricity – imports:_ 0 kWh (2008)\n\n**Electricity production by source:**\n\n* _Fossil Fuel:_ 69.7%\n* _Hydro:_ 7.3%\n* _Nuclear:_ 22.5%\n* _Other:_ 0.5% (2008)\n\n**Electricity standards:**\n\n* 100 volts at 50 Hz from the Ōi River (in Shizuoka) Northward;\n* 100 volts at 60 Hz Southward\n\n**Oil:**\n\n* _production:_ 132,700 bbl/d (21,100 m3/d) (2009) (46th)\n* _consumption:_ 4,363,000 bbl/d (693,700 m3/d) (2009) (3rd)\n* _exports:_ 380,900 barrels per day (60,560 m3/d) (2008) (64th)\n* _imports:_ 5,033,000 barrels per day (800,200 m3/d) (2008) (2nd)\n* _net imports:_ 4,620,000 barrels per day (735,000 m3/d) (2008 est.)\n* _proved reserves:_ 44,120,000 bbl (7,015,000 m3) (1 January 2010 est.)"
  }
]