[
  {
    "chapter_name": "Economy of Eritrea",
    "chapter_id": "1",
    "section_number": "1",
    "section_name": "Introduction",
    "text": "| This article needs to be **updated**. Please help update this article to\nreflect recent events or newly available information. _( May 2023)_  \n---|---  \n  \nThe **economy of Eritrea** has undergone extreme changes after the War of\nIndependence. It experienced considerable growth in recent years, indicated by\nan improvement in gross domestic product in 2011 of 8.7 percent and in 2012 of\n7.5% over 2011, and has a total of $8.090 billion as of 2020. However, worker\nremittances from abroad are estimated to account for 32 percent of gross\ndomestic product.\n\nEritrea has an extensive amount of resources such as copper, gold, granite,\nmarble, and potash. As of 2012, 20 mining companies had obtained licenses to\nprospect and exploit mines."
  },
  {
    "chapter_name": "Economy of Eritrea",
    "chapter_id": "1",
    "section_number": "1",
    "section_name": "Economic history",
    "text": "Eritrea's recent economic growth has been characterised by considerable\nvolatility, partly due to its dependence on predominantly rainfed agriculture,\nwhich accounts for about one-third of the economy. The sector is also affected\nby distribution services, which account for about 20 per cent of GDP, and\nmining, which accounts for another 20 per cent of the economy. Real GDP growth\nis estimated to have recovered to around 12% in 2018, after an average\ncontraction of -2.7% between 2015 and 2018, caused by frequent droughts and\nlower mining output.\n\nReported inflation in Eritrea was negative between 2016 and 2018, following\nthe exchange of currency in circulation in November 2015, which led to a\ncontraction in the money supply. Deflation persisted in 2018, as increased\ntrade with Ethiopia exerted additional downward pressure on prices.\n\nIn recent years, Eritrea has pursued a tighter fiscal policy to address\npersistent deficits that emerged after the intensification of regional\ninstability in 1998. By 2018, the country recorded a fiscal surplus of about\n11 % of GDP, mainly due to significant reductions in capital expenditures and\nthe introduction of some revenue-raising measures. However, current fiscal\npressures, including recurrent and labour-related expenditures, are expected\nto increase.\n\nShort-term growth prospects remain challenging due to fiscal constraints and\nlimited opportunities under existing restrictions. The recovery in the\nagricultural sector is expected to slow. Eritrea continues to face a difficult\nmacroeconomic environment, characterized by an unsustainable debt\nburden—including arrears to the World Bank—as well as vulnerabilities in the\nfinancial and external sectors."
  },
  {
    "chapter_name": "Economy of Eritrea",
    "chapter_id": "1",
    "section_number": "2",
    "section_name": "Gross domestic product (GDP)",
    "text": "Eritrea's GDP, estimated at $4.037 billion in 2011, was 8.7 percent above the\nGDP in 2010. The growth was due to increased agricultural output and the\nexpansion of the mining industry along with increasing gold prices. Breakdowns\nof the Eritrean economy by sector have not been readily available; however,\naccording to some estimates, in 2011 services accounted for 55 percent of the\nGDP, industry for 34 percent, and agriculture for the remaining 11 percent.\nThe growth of the GDP, however, is compromised by the ongoing tensions with\nthe country's borders."
  },
  {
    "chapter_name": "Economy of Eritrea",
    "chapter_id": "1",
    "section_number": "2.1",
    "section_name": "Agriculture, Forestry, and Fishing",
    "text": "In 2004, agriculture employed nearly 80 percent of the population but\naccounted for only 12.4 percent of gross domestic product (GDP) in Eritrea.\nThe agricultural sector has improved with the use of modern farming equipment\nand techniques, and dams. Nevertheless, it is compromised by a lack of\nfinancial services and investment. Major agricultural products are sorghum,\nbarley, beans, dairy products, lentils, meat, millet, leather, teff, and\nwheat. The displacement of 1 million Eritreans as a result of the war with\nEthiopia, and the widespread presence of land mines have played a role in the\ndeclining productivity of the agricultural sector. Almost a quarter of the\ncountry's most productive land remains[_when?_] unoccupied because of the\nlingering effects of the 1998–2000 war with Ethiopia.[_citation needed_]\n\nForestry is not a significant economic activity in Eritrea.\n\nAs of 2011, the government encouraged large-scale cultivation of cactus to\nhelp alleviate the human suffering and, in the future, increase export\nrevenues. Cactus plants are said to have been introduced in 1839 by a French\nCatholic missionary who planted the cactus in Digsa, Akrur and Hebo, Southern\nregion. The second generation of cactus plants were introduced by the\nItalians, who planted them at Arberebu while they were building the Asmara\nrail lines.\n\nReliable figures on the extent and value of the fishing industry in Eritrea\nare difficult to obtain. However, Eritrea's long coastline offers the\nopportunity for significant expansion of the fishing industry from its\ncurrent, largely artisanal, stage. Eritrea exports fish and sea cucumbers from\nthe Red Sea to markets in Europe and Asia, and there is hope that the\nconstruction of a new, jet-capable airport in Massawa, as well as\nrehabilitation of the port there, may support increased exports of high-value\nseafood. In 2002, exports were about 14,000 tons, but the maximum stable yield\nis thought to be nearly 80,000 tons. A fish processing plant was built in 1998\nthat now exports 150 tons of frozen fish every month to markets in Britain,\nGermany, and the Netherlands. Tensions with Yemen over fishing rights in the\nRed Sea flared up in 1995 and again in 2002, and Eritrea's difficult relations\nwith other nations could hamper further development of the industry."
  },
  {
    "chapter_name": "Economy of Eritrea",
    "chapter_id": "1",
    "section_number": "2.2",
    "section_name": "Mining and minerals",
    "text": "| This section needs to be **updated**. Please help update this article to\nreflect recent events or newly available information. _( May 2023)_\n---|---\n\nAs of 2001, Eritrea's substantial mineral deposits were largely unexplored.\nAccording to the Eritrean government, artisanal mining in 1998 collected 573.4\nkilograms of gold, however the number of gold reserves was unknown.\nInternational observers also have noted Eritrea's potential for quarrying\nornamental marble and granite. As of 2001, some 10 mining companies had\nobtained licenses to prospect for different minerals in Eritrea. The\ngovernment of Eritrea reportedly was in the process of conducting a geological\nsurvey for use by potential investors in the mining sector. The presence of\nhundreds of thousands of land mines in Eritrea, particularly along the border\nwith Ethiopia, has presented a serious impediment to future development of the\nmining sector.\n\nIn 2011, AngloGold Ashanti moved into Eritrea to explore the Arabian-Nubian\nShield for gold through a 50/50 joint venture set up in 2009 with Thani Dubai\nMining.\n\nIn 2011, the Australian Chalice mining company applied through a 60/40 joint\nventure for a mining license for 18 years.\n\nAlso in 2011, Nevsun Resources completed construction of its Bisha gold mining\nproject. Estimated production was to be 350,000 ounces of gold per year until\nthe gold ore is exhausted, at which point the mine would produce copper and\nzinc.\n\nAs of 2012, nine explorer companies operated in Eritrea from Canada (NGEx\nResources), Australia (Chalice Gold Mines, South Boulder Mines, Sunridge Gold\nCorp), China (Sichuan Road and Bridge Group, Zhong Chang Mining Co, China\nAfrica Huakan Investment Co., Land Energy Group (China) Ltd, Beijing Donia\nResources Co.), the UK (London Africa Ltd, Andiamo Exploration Ltd.), the UAE\nand Barbados."
  },
  {
    "chapter_name": "Economy of Eritrea",
    "chapter_id": "1",
    "section_number": "2.3",
    "section_name": "Industry and Manufacturing",
    "text": "During the period of federation, industrial capacity largely shifted to\nEthiopia, leaving the Eritrean industrial sector with outmoded capital\nequipment. In 2003 industry accounted for 25.3 percent of gross domestic\nproduct. Major products include processed food and dairy products, alcoholic\nbeverages, glass, leather goods, marble, textiles, and salt."
  },
  {
    "chapter_name": "Economy of Eritrea",
    "chapter_id": "1",
    "section_number": "2.4",
    "section_name": "Energy",
    "text": "Households consume more than 80 percent of total energy production.\nElectricity production in 2001 was estimated at 220.5 million kilowatt-hours.\nConsumption for that year was estimated at 205.1-kilowatt hours. An\n88-megawatt electricity plant funded by Saudi Arabia, Kuwait, and Abu Dhabi\nwas completed just south of Massawa in 2003, its completion delayed nearly\nthree years by the war with Ethiopia. Annual consumption of petroleum in 2001\nwas estimated at 370,000 tons. Eritrea has no domestic petroleum production;\nthe Eritrean Petroleum Corporation conducts purchases through international\ncompetitive tender. According to the U.S. Department of Commerce,\nopportunities exist for both on- and offshore oil and natural gas exploration;\nhowever, these prospects have yet to come to fruition. The use of Wind energy\nand solar power have slightly increased, due to the growth of solar power\nmanufacturing companies in the country. The Eritrean government has expressed\ninterest in developing alternative energy sources, including geothermal,\nsolar, and wind power.\n\nHarnet Avenue in Asmara"
  },
  {
    "chapter_name": "Economy of Eritrea",
    "chapter_id": "1",
    "section_number": "2.5",
    "section_name": "Services",
    "text": "In 2011, services accounted for 55 percent of gross domestic product.\nFinancial services, the bulk of the services sector, are principally rendered\nby the National Bank of Eritrea (the nation's central bank), the Commercial\nBank of Eritrea, the Housing and Commerce Bank of Eritrea, the Agricultural\nand Industrial Bank of Eritrea, the Eritrean Investment and Development Bank,\nand the National Insurance Corporation of Eritrea."
  },
  {
    "chapter_name": "Economy of Eritrea",
    "chapter_id": "1",
    "section_number": "2.6",
    "section_name": "Tourism",
    "text": "Eritrea's lack of access to funds, the presence of large numbers of land\nmines, and the continued tensions that flare up between Eritrea and Ethiopia\nhave deterred the development of a tourist industry in Eritrea. According to\nthe World Tourism Organization, international tourism receipts in 2002 were\nonly US$73 million."
  },
  {
    "chapter_name": "Economy of Eritrea",
    "chapter_id": "1",
    "section_number": "2.7",
    "section_name": "Banking and Finance",
    "text": "According to the International Monetary Fund, commercial banks in Eritrea—all\ngovernment owned and operated—appear to be in compliance with prudent\nregulations. Although the commercial banking sector is largely profitable,\nmostly owing to income from foreign exchange transactions, the sector is\nburdened by a high proportion of non-performing loans. Core lending activities\ndo not generate sufficient income to cover operating costs at most commercial\nbanks."
  },
  {
    "chapter_name": "Economy of Eritrea",
    "chapter_id": "1",
    "section_number": "3",
    "section_name": "Labor force",
    "text": "Agriculture employs about 80 percent of the population in Eritrea, and the\nremaining 20 percent are employed in industry and services. The GDP per capita\nat nominal value was $475 in 2011."
  },
  {
    "chapter_name": "Economy of Eritrea",
    "chapter_id": "1",
    "section_number": "4",
    "section_name": "Currency, exchange rate, and inflation",
    "text": "The official currency is the Eritrean nakfa (ERN), introduced in November\n1997. In early 2005, likely in an effort to increase foreign capital reserves,\nthe Eritrean government decreed that all transactions in Eritrea must be\nconducted in nakfa. It soon became illegal for individuals to hold and\nexchange foreign currency. As of January 1, 2005, the government set the\nforeign exchange rate at US$1=ERN15.\n\nInflation continues to be a problem in Eritrea, particularly as years of\ndrought push grain prices higher and defense expenditures remain high. The\nInternational Monetary Fund estimates that in 2003 (the most recent year for\nwhich figures are available) average inflation reached 23 percent.\n\nThe Massawa-Asmara Highway, built as part of the Wefri Warsay Yika'alo\nprogram."
  },
  {
    "chapter_name": "Economy of Eritrea",
    "chapter_id": "1",
    "section_number": "5",
    "section_name": "Government budget",
    "text": "Eritrea does not publish a budget, making its fiscal condition difficult to\nassess. According to the International Monetary Fund, the overall fiscal\ndeficit in 2003 was 17 percent of gross domestic product (GDP). Government\nexpenditures for that year were estimated to be US$375 million, with revenues\nof only US$235.7 million. In 2002 the fiscal deficit was 32 percent of GDP.\nCurrent expenditures continue to exceed budgeted spending, particularly in\ndefense and other discretionary expenditures. Monetary policy remains\nsubservient to the financing demands of the government, and debt is\nunsustainably high. This situation is not likely to change until\ndemobilization of the military occurs. According to the CIA World Factbook,\nthe Eritrean Government has revenues of $715.2 million, and outlays of $1.021\nbillion."
  },
  {
    "chapter_name": "Economy of Eritrea",
    "chapter_id": "1",
    "section_number": "6",
    "section_name": "Foreign economic relations",
    "text": "China, India, South Korea, Italy, South Africa, and Germany are aggressively\npursuing market opportunities in Eritrea. There is growing interest in U.S.\nproducts and services in Eritrea, although U.S. investment in Eritrea is still\nsmall.\n\nIn 2011, Eritrea imported goods worth US$899.9 million, including machinery,\npetroleum products, food, and manufactured goods. Eritrea's main suppliers\nwere Brazil, China, Egypt, India, Italy, Germany, Saudi Arabia, and South\nAfrica. In 2011 exports from Eritrea were valued at US$415.4 million, and the\nbulk were food, livestock, small manufactures, sorghum, and textiles. The\nmajor markets for Eritrean goods were China, Egypt, Italy, Saudi Arabia,\nSudan, and the UK. More recently, fish, flowers, and salt have joined the list\nof exports.\n\nForeign investment is hindered by government regulations that seek to protect\ndomestic industries from foreign competition and by a generally unfavorable\ninvestment climate. Major foreign investors in Eritrea include China, South\nKorea, Italy, South Africa, and Germany, as well as the World Bank.\n\nThe government prefers private-sector investment to official aid programs and\ndeclines foreign aid; therefore its relations with aid-dispensing nations and\ninternational institutions have often been difficult.\n\nOn 16 September 2018, Eritrean President Isaias Afwerki and Ethiopian Prime\nMinister Abiy Ahmed signed a peace agreement in Jeddah, Saudi Arabia between\nthe two countries after a bitter war that lasted 20 years (from 1998 to 2018).\nThe two neighbouring countries ceased hostilities and restored trade and\ndiplomatic ties, and planned joint projects."
  }
]