[
  {
    "chapter_name": "Economy of Fiji",
    "chapter_id": "1",
    "section_number": "1",
    "section_name": "Introduction",
    "text": "The **economy of Fiji** is one of the most developed among the Pacific\nislands. Nevertheless, Fiji is a developing country endowed with forest,\nmineral and fish resources. The country has a large agriculture sector heavily\nbased on subsistence agriculture. Sugar exports and the tourism industry are\nthe main sources of foreign exchange. There are also light manufacturing and\nmining sectors.\n\nThe country's petroleum production remains at zero despite previous hints at\nreserves, and it relies entirely on imports to meet its refined petroleum\nproduct needs.\n\nAs of 2025, Fiji's population was estimated to be approximately 949,992,\nreflecting a 0.73% increase from the previous year. The country's tallest\nbuilding is the 30-story Grand Fijian Tower in Suva."
  },
  {
    "chapter_name": "Economy of Fiji",
    "chapter_id": "1",
    "section_number": "1",
    "section_name": "Development plan",
    "text": "In September 2002, the government announced a 20-year development plan. Among\nother things, it aimed to give indigenous Fijians a greater stake in the\neconomy. The plan envisages tax-relief to businesses owned or managed by\nethnic Fijians, along with greater protection for indigenous land and fishery\nrights.\n\nA major aim of the Fijian government is to achieve self-sufficiency in rice\nproduction. Cattle farming, fishing, and forestry (especially pine trees) are\nbeing encouraged to diversify the economy; the leading manufacturing\nindustries involve the processing of primary products. On 14 April 2005, the\nCabinet approved Prime Minister Laisenia Qarase's proposal to develop a\nbiofuels industry. Under the plan, ethanol is to be developed as a complement\nto the sugar industry, with the hope of alleviating Fiji's dependence on\nimported fossil fuel such as petrol.\n\nOn 15 August, Qarase said that the United Nations Development Programme (UNDP)\nhad granted assistance to Fiji to develop its biofuels project. Transformation\nof the Fiji Sugar Corporation into an energy and sugar company would result in\na turnover of F$1 billion by 2025, he said, and would cut imports of crude\noil, generate export earnings, and provide a source of electricity. Energy\ncould be produced from copra, forest, and agricultural products, as well as\nsugar. He touted the scheme as necessary for diversifying and strengthening\nthe sugar industry for its own survival, as well as for the national economy.\nHe said that the government of India had loaned F$86 million for upgrading of\nFiji's sugar mills, which would be completed in time for the 2007-2008\ncrushing season.\n\nOn 28 December 2005, John Teiwa of the Coconut Industry Development Authority\nannounced that a 20-year plan for the coconut industry would be launched in\n2006. Financing from international investors, including the government of\nIndia, would be sought to develop processing of virgin and extra virgin\ncoconut oil, with a view to venturing into foreign health markets. The\ngovernment expected an annual profit of F$120 million from the venture, Fiji\nVillage reported. Trials for the generation of fuel from coconut oil were also\nin progress, Teiwa said."
  },
  {
    "chapter_name": "Economy of Fiji",
    "chapter_id": "1",
    "section_number": "1.1",
    "section_name": "Agriculture and forestry",
    "text": "Fiji has a large subsistence agriculture sector, which accounts for 18% of\ngross domestic product, although it employed some 70% of the workforce as of\n2001[_citation needed_]. Sugarcane is the main agricultural product grown in\nFiji. Other agricultural products grown in Fiji include coconuts, copra,\nginger, cassava, bananas, rice, sweet potatoes, taro, pickles, kava,\npineapples, and plantains. Livestock such as cattle, pigs, and goats are also\nreared for meat. Fishing is important to the economy as well, with fish\nproducts accounting for almost one-tenth of revenue from exports in the early\n21st century. Lumber is another major industry, with timber being Fiji's\nthird-largest export commodity.\n\nIn 2018 Fiji produced:\n\n* 1.3 million tons of sugarcane\n* 72 thousand tons of cassava\n* 49 thousand tons of taro\n* 22 thousand tons of coconut\n* 21 thousand tons of vegetable\n* 10 thousand tons of ginger\n* 8 thousand tons of sweet potato\n* 7 thousand tons of rice\n* 6 thousand tons of pineapple\n* 5 thousand tons of plantain\n\nIn 2019 Fiji produced 41,892 tons of meat."
  },
  {
    "chapter_name": "Economy of Fiji",
    "chapter_id": "1",
    "section_number": "1.2",
    "section_name": "Manufacturing",
    "text": "Sugarcane processing makes up a significant portion of industrial activity.\nFiji also has successful garment manufacturing and mineral water bottling\nindustries. Other manufacturing activities include boat building, particularly\nthe construction of fishing boats and pleasure craft, cement making, brewing,\nand paint manufacturing. Fiji is also a manufacturer and net exporter of wood\nproducts such as pine chips, sawnwood and wood-based panels."
  },
  {
    "chapter_name": "Economy of Fiji",
    "chapter_id": "1",
    "section_number": "1.3",
    "section_name": "Mining",
    "text": "Gold, silver, and copper are mined in Fiji."
  },
  {
    "chapter_name": "Economy of Fiji",
    "chapter_id": "1",
    "section_number": "1.4",
    "section_name": "Tourism",
    "text": "Tourism has expanded rapidly since the early 1980s and is the leading economic\nactivity in the islands accounting for 24.4% of GDP in 2019. Excluding cruise\nship passengers, more than 960,000 people visited Fiji in 2019. An increase of\nover 500,000 since 1999 when 409,000 tourists visited.[_citation needed_]\n\nIn 1999 a quarter of tourists came from Australia, with large contingents also\ncoming from New Zealand, Japan, the United States and United Kingdom. Over\n62,000 of the tourists were American, a number that had steadily increased\nsince the start of regularly scheduled non-stop air service from Los Angeles.\nTourism earned more than $300 million in foreign exchange for Fiji in 1998, an\namount exceeding the revenue from its two largest goods exports (sugar and\ngarments).[_citation needed_]\n\nThe effects of the Asian financial crisis led to a sharp drop in the number of\nAsian tourists visiting Fiji in 1997 and 1998, which contributed to a\nsubstantial drop in gross domestic product. Positive growth returned in 1999,\nhowever, aided by a 20% devaluation of the Fijian dollar. 2005 was a record\nyear for the tourism sector, with 9% growth according to Viliame Gavoka, Chief\nExecutive of the Fiji Visitors Bureau.[_citation needed_]"
  },
  {
    "chapter_name": "Economy of Fiji",
    "chapter_id": "1",
    "section_number": "1.5",
    "section_name": "High-tech",
    "text": "Fiji has a high-tech industry with a number of software development companies\npresent in the country. In 2021, Fiji's high-tech exports were worth about\n$1.95 million."
  },
  {
    "chapter_name": "Economy of Fiji",
    "chapter_id": "1",
    "section_number": "2",
    "section_name": "Trade",
    "text": "| This section **does notcite any sources**. Please help improve this section\nby adding citations to reliable sources. Unsourced material may be challenged\nand removed. _( October 2024)__(Learn how and when to remove this message)_\n---|---\n\nFiji runs a persistently large trade deficit. Imports in 1998 accounted for\nUS$721 million, and exports for US$510 million, resulting in a US$116 million\ndeficit. Tourism revenue yields services surplus, however, which keeps the\ncurrent account of its balance of payments roughly in balance ($13 million in\n1998). Australia accounts for between 35% and 45% of Fiji's trade, with New\nZealand, the United States, the United Kingdom, and Japan varying year-by-year\nbetween 5% and 15% each.\n\nFoodstuffs, machinery, mineral fuels, beverages, tobacco, and manufactured\ngoods are the principal imports. The two largest exports are sugar and\ngarments, which each accounted for approximately one-quarter of export revenue\nin 1998 (roughly $122 million each). The sugar industry suffered in 1997 due\nto low world prices and rent disputes between farmers and landowners, and\nagain in 1998 from drought, but recovered in 1999.\n\nThe Fijian garment industry has developed rapidly since the introduction of\ntax exemptions in 1988. The industry's output has increased nearly tenfold\nsince that time. Fish, lumber, molasses, coconut oil and ginger are also\nimportant exports, although the last two are in decline. Forestry became\nimportant as an export trade in the mid-1980s, when the pine plantations\nplanted in the 1950s and 1960s began to mature. They sell much fish.\n\nAustralia's Trade Commissioner Ross Bray revealed on 26 January 2006 that\nFiji's exports to Australia are achieving an annual growth rate of 5%. More\nthan 31,000 Australian companies were trading in the Pacific, half of them in\nFiji, Bray said. Fiji is progressing very rapidly."
  },
  {
    "chapter_name": "Economy of Fiji",
    "chapter_id": "1",
    "section_number": "3",
    "section_name": "Investment",
    "text": "The government's policy of awarding tax concessions to large multinational\ncompanies investing in Fiji has not proved universally popular. The Asian\nDevelopment Bank (ADB) has criticized it, saying that the concessions have\nbeen abused and have not generated long-term investment. An ADB report in 2005\naccused foreign entrepreneurs of leaving as soon as their concessions expired,\nand alleged that administration of the concessions encouraged corruption and\nbribery.\n\nThe leader of the Fiji Labour Party Mahendra Chaudhry echoed the view of the\nADB on 31 December 2005, saying that foreign companies repatriated much of the\nprofit made in Fiji, rather than investing it locally, while taking advantage\nof the infrastructure funded by Fijian taxpayers without paying any taxes\nthemselves. Such policy discriminated against local businesses, he\nclaimed.[_citation needed_]"
  },
  {
    "chapter_name": "Economy of Fiji",
    "chapter_id": "1",
    "section_number": "4",
    "section_name": "Economic problems",
    "text": "Fiji's economic difficulties have been compounded by the effects of four coups\nsince the 1980s.[_citation needed_]"
  },
  {
    "chapter_name": "Economy of Fiji",
    "chapter_id": "1",
    "section_number": "4.1",
    "section_name": "Emigration",
    "text": "Since 1987, when the country was destabilized by two military coups, Fiji has\nsuffered a very high rate of emigration, particularly of skilled and\nprofessional personnel. More than 70,000 people left the country in the\naftermath of the coups, majority of whom were Indo-Fijians. With the\ncontinuing expiration of land leases and ongoing instability in the aftermath\nof another coup in 2000, a further outflow of skilled workers has taken place.\n\nA report in 2004 of the Organisation for Economic Co-operation and\nDevelopment, published on 29 June 2005, found that 61% of Fiji's skilled\nworkers have either emigrated or gone abroad as guestworkers. Fiji's loss of\nskilled workers was the world's fourth highest, behind Guyana, Jamaica, Haiti,\nand Trinidad and Tobago. Fiji's Bureau of Statistics recorded 3595 workers as\nhaving left the country between January and August 2004. Of these, 414 held\nprofessional or technical jobs, 263 were in administrative or managerial\npositions, and were clerks, supervisors, or related workers, and 118 were\nsales workers.\n\nFiji's economy is increasingly reliant on remittances from citizens working\noverseas. Personal remittances now run to more than F$200 million a year,\nearning more than traditional sectors like sugar and garment manufacturing.\nRecruitment of Fijians by foreign private military companies is a growing\nsource of revenue. By mid-2005, there were over 1,000 Fijians working in Iraq\nand Kuwait as soldiers, security guards, drivers and labourers. In addition in\n2006 there were more than 2,000 Fijian soldiers in the British Army, and in\n2004 the British defence ministry even sent recruiting teams to Fiji to do\ninitial fitness and aptitude tests, cutting the costs of selection for poor\nFijian villagers who could not afford to fly to London to sign up."
  },
  {
    "chapter_name": "Economy of Fiji",
    "chapter_id": "1",
    "section_number": "4.2",
    "section_name": "Property laws and investment problems",
    "text": "Low investment has been a long-term problem in Fiji, and property rights are\nsometimes thought to be part of this problem because, by law, five sixths of\nthe land is owned communally by indigenous Fijians and may only be leased, not\npurchased outright. However, the leasehold system is often misunderstood.\n\nLeasehold tenure has not been a problem for the property sector. Houses all\nover Fiji on communally owned land are on 99-year leases, which have proved\nsatisfactory as a basis for house ownership. Hotels also enjoy 99-year leases.\nThe prestigious Denarau development involving major hotels and resorts and\nluxury properties is situated on communally owned land. It delivers\nsignificant income to native owners and secure title to developers and their\ncustomers.\n\nIn agricultural sector, there have been problems even though agricultural\nleases are mandated at 30 years, following the extension by legislation (the\nAgricultural Landlord and Tenant Act or ALTA) of all ten-year leases to thirty\nyears in 1977. The problem experienced in agriculture is the non-renewal\nleases as landowners have been unhappy with the provisions in the ALTA for\nindexing of rents to cope with inflation. That is an ongoing problem which\ncalls for urgent attention."
  },
  {
    "chapter_name": "Economy of Fiji",
    "chapter_id": "1",
    "section_number": "4.3",
    "section_name": "Natural disasters",
    "text": "Drought in 1998 further damaged the sugar industry, but its recovery in 1999\ncontributed to robust GDP growth. Further damage to the economy (estimated at\nUS$30 million) was wrought by a cyclone that hit the northern island of Vanua\nLevu in January 2003. Apart from the economic devastation, there were food\nshortages and outbreaks of disease due to the pollution of the water\nsupply.[_citation needed_]"
  },
  {
    "chapter_name": "Economy of Fiji",
    "chapter_id": "1",
    "section_number": "4.4",
    "section_name": "Tourism woes",
    "text": "The aftermath of the political turmoil in 2000 resulted in a 10-percent\nshrinkage in the economy, as investor confidence plummeted and tourist numbers\ndropped more than 15% from 544,000 visitors in 1999 to under 434,000 by the\nend of 2000. An estimated 7500 jobs were lost. There has been a gradual\nrecovery since 2001, when the 1997 constitution was restored and free\nelections held.\n\nThe possibility of a return to a racially discriminatory constitution led to\nfears that Fiji might forfeit its preferential arrangements with the European\nUnion for its sugar exports, and with Australia for its clothing industry, but\nthose fears have largely (but not entirely) subsided."
  },
  {
    "chapter_name": "Economy of Fiji",
    "chapter_id": "1",
    "section_number": "4.5",
    "section_name": "Homelessness",
    "text": "In June 2003, a survey revealed a disturbingly high percentage of squatters,\nabout a tenth of Fijian citizens. 82,350 individuals in 13,725 households were\nestimated to live in 182 squatter settlements, with Suva and Nausori being the\nworst-affected areas. The number of squatter settlements had increased 14%\nsince January 2001, and 73% since 1996. Urban migration, unemployment, the\nexpiry of land leases, and the breakdown of nuclear and extended families were\namong the factors blamed for the trend. The report projected the population of\nsquatters to grow to 90,000 in the Suva-Nausori corridor by 2006, putting\nincreasing strain on supplies of water, electricity, sewage, and road\nservices. On 14 September, Prime Minister Qarase said that the squatter\nproblem had become so serious that the government was looking abroad for\nfunding."
  },
  {
    "chapter_name": "Economy of Fiji",
    "chapter_id": "1",
    "section_number": "4.6",
    "section_name": "Human Development Index",
    "text": "On 11 September 2005, the publication of the United Nations Human Development\nIndex downgraded Fiji from 81st in 2004 to 92nd in 2005, behind Pacific\nneighbours Tonga and Samoa. Incomes had improved, the report said, with gross\ndomestic product rising from F$5440 to F$5880, but other aspects of the\nquality of life enjoyed by Fiji Islanders had deteriorated. Life expectancy\nhad declined from 72.9 in 2000 to 69.6 in 2004 and 67.8 in 2005, while\nliteracy remained unchanged at 93%.\n\nJoji Kotobalavu, the chief executive of the Prime Minister's Office, branded\nthe report \"a joke.\" His dismissal drew strong reaction from Opposition Leader\nMahendra Chaudhry, who said that whereas Kotobalavu was paid to be the Prime\nMinister's spin doctor, the HDI report was put together by professionals who\nhad no hidden agendas, and should therefore be taken very seriously.\n\nSince 2005, the Human Development Index of Fiji has steadily risen from a\nreading of 0.687 to 0.743, just above the global median for all countries of\n0.74. As of 2020 Fiji ranked 90th out of 183 countries on the Human\nDevelopment Index."
  },
  {
    "chapter_name": "Economy of Fiji",
    "chapter_id": "1",
    "section_number": "4.7",
    "section_name": "Income",
    "text": "**Gross national product (GNP):** US$101.48 billion; US$1820 per capita (2000)\n\n**Gross domestic product (GDP):** US$5.48 billion; $US 6,202.2 per capita\n(2018)\n\npurchasing power parity \\- US$9.61 billion; US$11450 per capita (2020 estimate)\n\n**GDP – real growth rate:** -6.6% (2008 est.)\n\n**GDP – composition by sector:**\n_agriculture:_ 8.9%\n_industry:_ 13.5%\n_services:_ 77.6% (2006 est.)\n\n**Population below poverty line:** 25.5%\n\n**Household income or consumption by percentage share:**\n_lowest 10%:_ NA%\n_highest 10%:_ NA%"
  },
  {
    "chapter_name": "Economy of Fiji",
    "chapter_id": "1",
    "section_number": "4.8",
    "section_name": "Inflation rate (consumer prices)",
    "text": "1.6% (2002 est.) 3.8% (2017 est.)"
  },
  {
    "chapter_name": "Economy of Fiji",
    "chapter_id": "1",
    "section_number": "4.9",
    "section_name": "Workforce",
    "text": "**Labor force:** 360,000\n\n**Female labor force** : 33.1%\n\n**Labor force – by occupation:** subsistence agriculture 67%, wage earners\n18%, salary earners 15% (1987)\n\n**Unemployment rate:** 5.24% (2021 est.)"
  },
  {
    "chapter_name": "Economy of Fiji",
    "chapter_id": "1",
    "section_number": "4.10",
    "section_name": "Budget",
    "text": "_revenues:_ $540.65 million\n_expenditures:_ $742.65 million, including capital expenditures of $NA (1997\nest.)"
  },
  {
    "chapter_name": "Economy of Fiji",
    "chapter_id": "1",
    "section_number": "4.11",
    "section_name": "Industries",
    "text": "tourism, sugar, clothing, copra, gold, silver, lumber, small cottage\nindustries\n\n**Industrial production growth rate:** 2.9% (1995)"
  },
  {
    "chapter_name": "Economy of Fiji",
    "chapter_id": "1",
    "section_number": "4.12",
    "section_name": "Electricity",
    "text": "**Electricity – production:** 1000 GWh (2020)\n\n**Electricity – production by source:**\n_fossil fuel:_ 420 GWh, 42% of total (2020)\n_hydro:_ 500 GWh, 50% of total (2020)\n_solar:_ 20 GWh, 2% of total (2020)\n\n_other:_ 60 GWh, 6% of total (2020)\n\n_nuclear:_ 0%\n\n**Electricity – consumption:** 1,0002 GWh (2019)\n\n**Electricity – exports:** 0 kWh (2020)\n\n**Electricity – imports:** 0 kWh (2020)"
  },
  {
    "chapter_name": "Economy of Fiji",
    "chapter_id": "1",
    "section_number": "4.12.1",
    "section_name": "Rural electrification",
    "text": "The Fiji Rural Electrification Policy 1993 has been used by the Fiji\nDepartment of Energy in the implementation of rural electrification projects\nwhich includes diesel schemes for villages, micro hydro projects, house\nwiring, biofuel projects, solar home systems and grid extension. Villages and\ncommunities have been paying 10% of the total project costs and government\npays 90%. In 2010, government reduced the contribution from communities to 5%\nand this has increased the number of applicants."
  },
  {
    "chapter_name": "Economy of Fiji",
    "chapter_id": "1",
    "section_number": "4.13",
    "section_name": "Agriculture",
    "text": "**Agriculture – products:** sugar cane, coconuts, cassava (tapioca), rice,\nsweet potatoes, bananas, ginger, taro, kava; livestock: cattle, pigs, shrimp,\npickles, goats; fish. Island economies are at a disadvantage for harnessing\nexport opportunities due to the costs of transport.[_citation needed_] The\nFijian island of Cicia has set the goal of achieving 100% organic farming\nwhich can bring with it economic and environmental benefits."
  },
  {
    "chapter_name": "Economy of Fiji",
    "chapter_id": "1",
    "section_number": "4.14",
    "section_name": "Imports",
    "text": "US$921 million (1998)\n\n**Imports – commodities:** machinery and transport equipment, petroleum\nproducts, food, chemicals.\n\nOne in every seven dollars of Fiji's national income is spent on oil according\nto the World Bank.\n\n**Imports – partners:** Australia 35%, Japan 4.8%, Singapore 19.2%, New\nZealand 17.1% (2003)."
  },
  {
    "chapter_name": "Economy of Fiji",
    "chapter_id": "1",
    "section_number": "4.15",
    "section_name": "Debt and aid",
    "text": "**Debt – external:** US$136 million (2000)\n\n**Economic aid – recipient:** $40.3 million (1995)"
  },
  {
    "chapter_name": "Economy of Fiji",
    "chapter_id": "1",
    "section_number": "4.16",
    "section_name": "Currency",
    "text": "1 Fijian dollar (F$) = 48 cents\n\n**Exchange rates:** Fijian dollars (F$) per US$1 – 1.83 (November 2013),\n1.72565 (August 2006), 1.9654 (January 2000), 1.9696 (1999), 1.9868 (1998),\n1.4437 (1997), 1.4033 (1996), 1.4063 (1995)"
  }
]