[
  {
    "chapter_name": "Economy of Brunei",
    "chapter_id": "1",
    "section_number": "1",
    "section_name": "Introduction",
    "text": "| This article **may betoo long to read and navigate comfortably**. Consider\nsplitting content into sub-articles, condensing it, or adding subheadings.\nPlease discuss this issue on the article's talk page. _( November 2023)_  \n---|---  \n  \nThe **economy of Brunei** , a small and wealthy country, is a mixture of\nforeign and domestic entrepreneurship, government regulation and welfare\nmeasures, and village traditions. Brunei has a mixed economic system which\nincludes a variety of private freedom, combined with centralized economic\nplanning and government regulation. It is almost entirely supported by exports\nof crude oil and natural gas, with revenues from the petroleum sector\naccounting for over half of GDP. Per capita GDP is high, and substantial\nincome from overseas investment supplements income from domestic production.\nThe government provides for all medical services and subsidizes food and\nhousing. The government has[_citation needed_] shown progress in its basic\npolicy of diversifying the economy away from oil and gas. Brunei's leaders are\nconcerned that steadily increased integration in the world economy will\nundermine internal social cohesion although it has taken steps to become a\nmore prominent player by serving as chairman for the 2000 APEC (Asia-Pacific\nEconomic Cooperation) forum. Growth in 1999 was estimated at 2.5% due to\nhigher oil prices in the second half.\n\nBrunei is the third-largest oil producer in Southeast Asia, averaging about\n180,000 barrels per day (29,000 m3/d). It also is the ninth-largest producer\nof liquefied natural gas in the world."
  },
  {
    "chapter_name": "Economy of Brunei",
    "chapter_id": "1",
    "section_number": "1",
    "section_name": "Macro-economic trend",
    "text": "| This section **does notcite any sources**. Please help improve this section\nby adding citations to reliable sources. Unsourced material may be challenged\nand removed. _( January 2022)__(Learn how and when to remove this message)_\n---|---\n\nIn the 1970s, Brunei invested sharply increasing revenues from petroleum\nexports and maintained government spending at a low and constant rate.\nConsequently, the government was able to build its foreign reserves and invest\nthem around the world to help provide for future generations. Part of the\nreserve earnings were reportedly also used to help finance the government's\nannual budget deficit. Since 1986, however, petroleum revenues have decreased,\nand government spending has increased. The government has been running a\nbudget deficit since 1988. The disappearance of a revenue surplus has made\nBrunei's economy more vulnerable to petroleum price fluctuations.\n\nBrunei's gross domestic product (GDP) soared with the petroleum price\nincreases of the 1970s to a peak of $5.7 billion in 1980. It declined slightly\nin each of the next 5 years, then fell by almost 30% in 1986.\n\nThis drop was caused by a combination of sharply lower petroleum prices in\nworld markets and voluntary production cuts in Brunei. The GDP recovered\nsomewhat since 1986, growing by 12% in 1987, 1% in 1988, and 9% in 1989. In\nrecent years, GDP growth was 3.5% in 1996, 4.0% in 1997, 1.0% in 1998, and an\nestimated 2.5% in 1999. However, the 1999 GDP was still only about $4.5\nbillion, well below the 1980 peak.\n\nThe Asian financial crisis in 1997 and 1998, coupled with fluctuations in the\nprice of oil have created uncertainty and instability in Brunei's economy. In\naddition, the 1998 collapse of Amedeo Development Corporation, Brunei's\nlargest construction firm whose projects helped fuel the domestic economy,\ncaused the country to slip into a mild recession.\n\nThis is a chart of trend of gross domestic product of Brunei Darussalam at\nmarket prices estimated by the International Monetary Fund with figures in\nmillions of Bruneian dollars.\n\nYear | Gross domestic product | US dollar exchange | Inflation index (2000=100)\n---|---|---|---\n1985 | 7,777 | 2.20 Bruneian dollars | 76\n1990 | 6,509 | 1.81 Bruneian dollars | 82\n1995 | 7,394 | 1.41 Bruneian dollars | 95\n2000 | 7,441 | 1.72 Bruneian dollars | 100\n2005 | 10,401 | 1.62 Bruneian dollars | 100\n\nFor purchasing power parity comparisons, the US dollar is exchanged at 1.52\nBruneian dollars only. Mean wages were $25.38 per man-hour in 2009.\n\nThe government regulates the immigration of foreign labor out of concern it\nmight disrupt Brunei's society. Work permits for foreigners are issued only\nfor short periods and must be continually renewed. Despite these restrictions,\nforeigners make up a significant portion of the work force. The government\nreported a total work force of 122,800 in 1999, with an unemployment rate of\n5.5%.\n\nOil and natural gas account for almost all exports. Since only a few products\nother than petroleum are produced locally, a wide variety of items must be\nimported. Brunei statistics show Singapore as the largest point of origin of\nimports, accounting for 25% in 1997. However, this figure includes some\ntransshipments, since most of Brunei's imports transit Singapore. Japan and\nMalaysia were the second-largest suppliers. As in many other countries,\nJapanese products dominate local markets for motor vehicles, construction\nequipment, electronic goods, and household appliances. The United States was\nthe third-largest supplier of imports to Brunei in 1998.\n\nBrunei's substantial foreign reserves are managed by the Brunei Investment\nAgency (BIA), an arm of the Ministry of Finance and Economy. BIA's guiding\nprinciple is to increase the real value of Brunei's foreign reserves while\npursuing a diverse investment strategy, with holdings in the United States,\nJapan, western Europe, and the Association of South East Asian Nations (ASEAN)\ncountries.\n\nThe Brunei Government actively encourages more foreign investment. New\nenterprises that meet certain criteria can receive pioneer status, exempting\nprofits from income tax for up to 5 years, depending on the amount of capital\ninvested. The normal corporate income tax rate is 30%. There is no personal\nincome tax or capital gains tax.\n\nOne of the government's most important priorities is to encourage the\ndevelopment of Brunei Malays as leaders of industry and commerce. There are no\nspecific restrictions of foreign equity ownership, but local participation,\nboth shared capital and management, is encouraged. Such participation helps\nwhen tendering for contracts with the government or Brunei Shell Petroleum.\n\nCompanies in Brunei must either be incorporated locally or registered as a\nbranch of a foreign company and must be registered with the Registrar of\nCompanies. Public companies must have a minimum of seven shareholders. Private\ncompanies must have a minimum of two but not more than 50 shareholders. At\nleast half of the directors in a company must be residents of Brunei.\n\nBetween 1981 and 2013 the Sultan owned cattle stations in Australia that\nsupplied most of the country's beef. In 1984 it was reported that at 2,262\nsquare miles (5,860 km2), the total area of the stations was larger than\nBrunei itself. Some of the stations were sold in 2006 and 2014. As of 2019,\nthe Sultan still owned the Opium Creek station. Eggs and chickens are largely\nproduced locally, but most of Brunei's other food needs must be imported.\nAgriculture and fisheries are among the industrial sectors that the government\nhas selected for highest priority in its efforts to diversify the economy.\n\nThe following table shows the main economic indicators in 1983–2021 (with IMF\nstaff estimates in 2022–2027). Inflation below 5% is in green.\n\nYear  | GDP (in Bil. US$PPP) | GDP per capita (in US$ PPP) | GDP (in Bil. US$nominal) | GDP per capita (in US$ nominal) | GDP growth (real) | Inflation rate (in Percent) | Unemployment (in Percent) | Government debt (in % of GDP)\n---|---|---|---|---|---|---|---|---\n1982  | n/a  | n/a  | n/a  | n/a  | n/a  | 0.0%  | n/a  | n/a\n1983  | n/a  | n/a  | n/a  | n/a  | n/a  | 1.2%  | n/a  | n/a\n1984  | n/a  | n/a  | n/a  | n/a  | n/a  | 3.1%  | n/a  | n/a\n1985  | 12.3  | 55,627.7  | 4.8  | 21,606.1  | n/a  | 2.1%  | n/a  | 0.0%\n1986  | 12.3  | 54,133.4  | 3.3  | 14,434.4  | -2.7%  | 1.8%  | n/a  | 0.0%\n1987  | 12.8  | 54,771.6  | 3.8  | 16,435.8  | 2.0%  | 1.2%  | n/a  | 0.0%\n1988  | 13.4  | 55,520.5  | 3.7  | 15,165.5  | 1.1%  | 1.2%  | n/a  | 0.0%\n1989  | 13.8  | 55,942.4  | 4.1  | 16,557.0  | -1.1%  | 1.3%  | n/a  | 0.0%\n1990  | 14.5  | 57,024.3  | 4.9  | 19,281.9  | 1.1%  | 2.1%  | n/a  | 0.0%\n1991  | 15.4  | 59,154.3  | 5.2  | 20,018.8  | 3.1%  | 1.6%  | n/a  | 0.0%\n1992  | 16.5  | 61,787.9  | 5.5  | 20,523.3  | 4.8%  | 1.3%  | n/a  | 0.0%\n1993  | 17.0  | 61,983.5  | 5.5  | 20,275.6  | 0.3%  | 4.3%  | n/a  | 0.0%\n1994  | 17.9  | 63,533.3  | 6.0  | 21,188.9  | 3.1%  | 2.5%  | n/a  | 0.0%\n1995  | 19.1  | 66,308.1  | 7.1  | 24,707.3  | 4.5%  | 6.0%  | n/a  | 0.0%\n1996  | 20.0  | 67,767.4  | 7.1  | 24,275.8  | 2.9%  | 2.0%  | n/a  | 0.0%\n1997  | 20.0  | 66,300.8  | 7.0  | 23,167.9  | -1.5%  | 1.7%  | n/a  | 0.0%\n1998  | 20.1  | 64,992.3  | 5.3  | 17,164.1  | -0.6%  | -0.4%  | n/a  | 0.0%\n1999  | 21.0  | 66,333.7  | 5.7  | 18,099.1  | 3.1%  | -0.4%  | n/a  | 0.0%\n2000  | 22.1  | 68,072.5  | 6.7  | 20,473.3  | 2.8%  | 1.6%  | n/a  | 0.0%\n2001  | 23.2  | 69,788.5  | 6.2  | 18,646.0  | 2.7%  | 0.6%  | n/a  | 0.0%\n2002  | 24.5  | 72,049.2  | 6.5  | 19,037.8  | 3.9%  | -2.3%  | n/a  | 0.0%\n2003  | 25.7  | 74,229.5  | 7.3  | 20,975.5  | 2.9%  | 0.3%  | n/a  | 0.0%\n2004  | 26.5  | 75,323.6  | 8.7  | 24,759.5  | 0.5%  | 0.8%  | n/a  | 0.0%\n2005  | 27.5  | 76,638.4  | 10.6  | 29,459.7  | 0.4%  | 1.2%  | n/a  | 0.0%\n2006  | 29.6  | 81,119.6  | 12.7  | 34,869.2  | 4.4%  | 0.2%  | n/a  | 0.6%\n2007  | 30.4  | 82,199.5  | 13.6  | 36,678.3  | 0.2%  | 1.0%  | n/a  | 0.7%\n2008  | 30.4  | 81,056.2  | 15.9  | 42,529.7  | -1.9%  | 2.1%  | n/a  | 0.9%\n2009  | 30.1  | 79,061.0  | 11.9  | 31,287.3  | -1.8%  | 1.0%  | n/a  | 1.1%\n2010  | 31.2  | 80,668.9  | 13.7  | 35,437.3  | 2.6%  | 0.4%  | n/a  | 1.1%\n2011  | 33.0  | 84,001.0  | 18.5  | 47,092.3  | 3.7%  | 0.1%  | 9.3%  | 2.1%\n2012  | 35.2  | 88,311.7  | 19.0  | 47,776.4  | 0.9%  | 0.1%  | 8.5%  | 2.1%\n2013  | 33.9  | 84,019.1  | 18.1  | 44,865.2  | -2.1%  | 0.4%  | 7.7%  | 2.2%\n2014  | 33.3  | 81,806.0  | 17.1  | 41,947.5  | -2.5%  | -0.2%  | 6.9%  | 3.2%\n2015  | 25.9  | 62,921.9  | 12.9  | 31,353.8  | -0.4%  | -0.5%  | 7.7%  | 3.0%\n2016  | 23.6  | 56,638.3  | 11.4  | 27,322.0  | -2.5%  | -0.3%  | 8.5%  | 3.0%\n2017  | 25.9  | 60,281.7  | 12.1  | 28,237.9  | 1.3%  | -1.3%  | 9.3%  | 2.8%\n2018  | 26.5  | 59,953.3  | 13.6  | 30,666.6  | 0.1%  | 1.0%  | 8.7%  | 2.6%\n2019  | 28.0  | 61,028.0  | 13.5  | 29,312.8  | 3.9%  | -0.4%  | 6.8%  | 2.6%\n2020  | 28.7  | 63,276.0  | 12.0  | 26,467.8  | 1.1%  | 1.9%  | 6.8%  | 2.9%\n2021  | 29.4  | 68,416.7  | 14.0  | 32,573.3  | -1.6%  | 1.7%  | 6.8%  | 2.5%\n2022  | 31.9  | 74,196.0  | 18.5  | 42,939.4  | 1.2%  | 2.5%  | 6.8%  | 1.9%\n2023  | 34.1  | 79,408.5  | 17.9  | 41,713.0  | 3.3%  | 2.0%  | 6.8%  | 1.9%\n2024  | 36.0  | 83,693.3  | 18.1  | 42,046.7  | 3.2%  | 1.5%  | 6.8%  | 1.9%\n2025  | 37.8  | 88,002.0  | 18.4  | 42,711.8  | 3.2%  | 1.0%  | 6.8%  | 1.9%\n2026  | 39.5  | 91,921.3  | 18.7  | 43,499.7  | 2.5%  | 1.0%  | 6.8%  | 1.9%\n2027  | 41.7  | 96,927.8  | 19.3  | 44,913.6  | 3.4%  | 1.0%  | 6.8%  | 1.8%"
  },
  {
    "chapter_name": "Economy of Brunei",
    "chapter_id": "1",
    "section_number": "2",
    "section_name": "Oil and gas industry",
    "text": "Brunei Shell Petroleum (BSP), a joint venture owned in equal shares by the\nBrunei Government and Shell, is the chief oil and gas production company in\nBrunei. It also operates the country's only refinery. BSP and four sister\ncompanies constitute the largest employer in Brunei after the government.\nBSP's small refinery has a distillation capacity of 10,000 barrels per day\n(1,600 m3/d). This satisfies domestic demand for most petroleum products.\n\nThe French oil company Elf Aquitaine became active in petroleum exploration in\nBrunei in the 1980s. Its affiliate Elf Petroleum Asia BV has discovered\ncommercially exploitable quantities of oil and gas in three of the four wells\ndrilled since 1987, including a particularly promising discovery announced in\nearly 1990. Recently, UNOCAL, partnered with New Zealand's Fletcher Challenge\nhas been granted concessions for oil exploration. Brunei is preparing to\ntender concessions for deep water oil and gas exploration.\n\nBrunei's oil production peaked in 1979 at over 240,000 barrels per day (38,000\nm3/d). Since then it has been deliberately cut back to extend the life of oil\nreserves and improve recovery rates. Petroleum production is currently\naveraging some 200,000 barrels per day (32,000 m3/d). Japan has traditionally\nbeen the main customer for Brunei's oil exports, but its share dropped from\n45% of the total in 1982 to 19% in 1998. In contrast, oil exports to South\nKorea increased from only 8% of the total in 1982 to 29% in 1998. Other major\ncustomers include Taiwan (6%), and the countries of ASEAN (27%). Brunei's oil\nexports to the United States accounted for 17% of the total exported.\n\nAlmost all of Brunei's natural gas is liquefied at Brunei Liquefied Natural\nGas (LNG) plant, which opened in 1972 and is one of the largest LNG plants in\nthe world. Over 82% of Brunei's LNG produced is sold to Japan under a long-\nterm agreement renewed in 1993. The agreement calls for Brunei to provide over\n5 million tons of LNG per year to three Japanese utilities. The Japanese\ncompany, Mitsubishi, is a joint venture partner with Shell and the Brunei\nGovernment in Brunei LNG, Brunei Coldgas, and Brunei Shell Tankers, which\ntogether produce the LNG and supply it to Japan. Since 1995, Brunei has\nsupplied more than 700,000 tons of LNG to the Korea Gas Corporation as well.\nIn 1999, Brunei's natural gas production reached 90 cargoes per day. A small\namount of natural gas is used for domestic power generation. Brunei is the\nfourth-largest exporter of LNG in the Asia-Pacific region behind Indonesia,\nMalaysia, and Australia.\n\nBrunei's proven oil and gas reserves are sufficient, as of 2015, to last until\nat least 2035. Deep sea exploration may find significant new reserves but can\nbe prohibitively expensive. The government sought in the past decade to\ndiversify the economy with limited success. Oil and gas and government\nspending still account for most of Brunei's economic activity. Brunei's non-\npetroleum industries include agriculture, forestry, fishing, and banking.\n\nIn 2015, Brunei registered its third year of economic recession, the only\nASEAN nation to do so. Declining oil prices and a drop in production due to\nmaintenance and repair work at major oil wells have dented the country's\nbudget which will see a deficit in the fiscal years 2015-16 and 2016–17.\n\nIn 2020, more than 99% of produced electricity in Brunei was based on fossil\nfuels, while electricity produced from renewable energy accounted for less\nthan 1%. It is advised for Brunei to diversify the economy away from the use\nof fossil fuels and focus more on renewable energy as part of climate change\nmitigation measures."
  },
  {
    "chapter_name": "Economy of Brunei",
    "chapter_id": "1",
    "section_number": "3",
    "section_name": "Petrochemical industry",
    "text": "In the western part of the country, Liang is currently experiencing a major\ndevelopment with the establishment of SPARK, which is a 271-hectare (670-acre)\nsite developed to be a world-class petrochemical hub. The first major\ninvestment at SPARK is the US$450 million Methanol plant developed by the\nBrunei Methanol Company, a joint venture between Petroleum Brunei and two\nleading Japanese companies, Mitsubishi Chemical Holdings and Itochu. The plant\ndesign will give an output of 2,500t of methanol per day (850,000t annually).\nThe plant was officially launched by Sultan of Brunei Hassanal Bolkiah on 25\nMay 2010."
  },
  {
    "chapter_name": "Economy of Brunei",
    "chapter_id": "1",
    "section_number": "4",
    "section_name": "Halal brand",
    "text": "Brunei Darussalam in July 2009 launched its national halal branding scheme\nBrunei Halal which allows manufacturers in Brunei and in other countries to\nuse the premium Brunei Halal trademark to help them penetrate lucrative\nmarkets in countries with significant numbers of Muslim consumers. The Brunei\nHalal brand is said to be the first proper attempt to put together a global\nhalal brand that will reap the potential commercial returns of catering to the\nconsumption needs of Muslims worldwide.[_citation needed_]\n\nAs envisioned by the Sultanate, the use of the Brunei Halal brand would\nsignify to Muslim consumers the manufacturers' strict compliance with laws\nrelating to Islamic teachings. Brunei also aims to build confidence in the\nbrand through strategies that will both ensure the halal integrity of the\nproducts and unfaltering compliance with set rules governing the sourcing of\nraw materials, manufacturing process, logistics and distribution.[_citation\nneeded_]\n\nA new company, government-owned Brunei Wafirah Holdings Sdn Bhd, has been\nestablished as the owner of the Brunei Halal brand. Wafirah has entered into a\njoint venture with Brunei Global Islamic Investment and Hong Kong-based\nlogistics firm Kerry FSDA Limited to form Ghanim International Food\nCorporation Sdn Bhd. Ghanim International manages the use of the Brunei Halal\ntrademark. Producers that want to use the brand are required to first acquire\nthe Brunei halal label (or the certification for compliance with accepted\nmanufacturing and slaughtering practices under Islam) through the Department\nof Syariah Affairs' Halal Food Control Section. They can then approach Ghanim\nfor their application to use the brand.[_citation needed_]"
  }
]