[
  {
    "chapter_name": "Economy of Germany",
    "chapter_id": "1",
    "section_number": "1",
    "section_name": "Introduction",
    "text": "The economy of Germany is a highly developed social market economy. It has the\nlargest national economy in Europe, the third-largest by nominal GDP in the\nworld, and the sixth-largest by PPP-adjusted GDP. Due to a volatile currency\nexchange rate, Germany's GDP as measured in dollars fluctuates sharply, but it\nis among the world's top 4 since 1960. In 2025, the country accounted for\n23.7% of the Euro area economy according to the International Monetary Fund\n(IMF). Germany is a founding member of the European Union and the eurozone.\n\nGermany is the third-largest exporter globally with $1.66 trillion worth of\ngoods and services exported in 2024. In 2024, Germany recorded a trade surplus\nworth $255 billion, ranking 2nd worldwide. The service sector contributes\naround 70% of the total GDP, industry 29.1%, and agriculture 0.9%. Exports\naccounted for 50.3% of national output. The top 10 exports of Germany are\nvehicles, machinery, chemical goods, electronic products, electrical\nequipment, pharmaceuticals, transport equipment, basic metals, food products,\nand rubber and plastics. Germany is the largest manufacturing economy in\nEurope, contributing around one third of all manufacturing in Europe, which\nmakes it more resilient to global economic crises. Germany conducts applied\nresearch with practical industrial value and sees itself as a bridge between\nthe latest university insights and industry-specific product and process\nimprovements. It generates a great deal of knowledge in its own laboratories.\nAmong OECD members, Germany has a highly efficient and strong social security\nsystem, which comprises roughly 25% of GDP.\n\nGermany is rich in timber, lignite, potash, and salt. Some minor sources of\nnatural gas are being exploited in the state of Lower Saxony. Until German\nreunification, the German Democratic Republic mined for uranium in the Ore\nMountains (see also: SAG/SDAG Wismut). Energy in Germany is sourced\npredominantly by fossil fuels (30%), with wind power in second place, then\ngas, solar, biomass (wood and biofuels), and hydro. Germany is the first major\nindustrialised nation to commit to the renewable energy transition called\n_Energiewende_. Renewables produced 46% of electricity consumed in Germany (as\nof 2019). Germany has been called \"the world's first major renewable energy\neconomy\". Germany has the world's second-largest gold reserve, with over 3,000\ntonnes of gold. As of 2023, Germany spends around 3.1% of GDP, third among\nmajor economies, on research and development. It is also the world's second-\nlargest high-technology exporter and ranks in the top 10 of countries by stock\nmarket capitalization.\n\nMore than 99 percent of all German companies belong to the German\n\"_Mittelstand_ \", small and medium-sized enterprises, which are mostly family-\nowned. These companies represent 48% of the global market leaders in their\nsegments, labelled hidden champions. Of the world's 500 largest publicly\nlisted companies measured by revenue, the Fortune Global 500, 29 are\nheadquartered in Germany, as are 26 of Europe's 100 largest. Germany is home\nto many financial centres and economically important cities, such as Berlin,\nHamburg, Munich, Cologne, Frankfurt, and Stuttgart. Four German banks are\namong the biggest in the world. Germany is the world's top location for trade\nfairs; around two thirds of the world's leading trade fairs take place in\nGermany. Some of the largest international trade fairs and congresses are held\nin several German cities such as Hanover, Frankfurt, Cologne, Leipzig, and\nDüsseldorf."
  },
  {
    "chapter_name": "Economy of Germany",
    "chapter_id": "1",
    "section_number": "1",
    "section_name": "History",
    "text": "Real GDP per capita development in Germany since 1820"
  },
  {
    "chapter_name": "Economy of Germany",
    "chapter_id": "1",
    "section_number": "1.1",
    "section_name": "Age of Industrialisation",
    "text": "The Industrial Revolution in Germany got underway approximately a century\nlater than in the United Kingdom, France, and Belgium, partly because Germany\nonly became a unified country in 1871.\n\n* Train factory of August Borsig in 1847\n\n* Many companies, such as steam-machine producer J. Kemna, modeled themselves on English industry.\n\n* BASF plant in Ludwigshafen, 1881\n\n* The invention of the automobile. Bertha Benz and Karl Benz in a Benz Viktoria, model 1894\n\n* The invention of the cruise ship. Albert Ballin's SS _Auguste Viktoria_ in 1890\n\n* Railway construction as an expression of the Industrial Revolution (here the Bonn-Cölner railway around 1844)\n\n* The LZ 127 Graf Zeppelin of DELAG, the world's first airline\n\n* Krupp factory in Essen, (c. 1905), when Krupp was Europe´s largest company\n\nThe establishment of the _DeutscherZollverein_ (German Customs Union) in 1834\nand the expansion of railway systems were the main drivers of Germany's\nindustrial development and political union. From 1834, tariff barriers between\nincreasing numbers of the _Kleindeutschland_ German states were\neliminated.[_citation needed_] In 1835 the first German railway linked the\nFranconian cities of Nuremberg and Fürth – it proved so successful that the\ndecade of the 1840s saw \"railway mania\" in all the German states. Between 1845\nand 1870, 8,000 kilometres (5,000 mi) of rail had been built and in 1850\nGermany was building its own locomotives. Over time, other German states\njoined the customs union and started linking their railroads, which began to\nconnect the corners of Germany. The growth of free trade and a rail system\nacross Germany intensified economic development which opened up new markets\nfor local products, created a pool of middle managers,[_clarification needed_]\nincreased the demand for engineers, architects, and skilled machinists, and\nstimulated investments in coal and iron.\n\nAnother factor that propelled German industry forward was the unification of\nthe monetary system, made possible in part by political unification. The\nDeutsche Mark, a new monetary coinage system backed by gold, was introduced in\n1871. However, this system did not fully come into use as silver coins\nretained their value until 1907.[_citation needed_]\n\nThe victory of Prussia and her allies over Napoleon III of France in the\nFranco-Prussian War of 1870-1871 marked the end of French hegemony in Europe\nand resulted in the proclamation of the German Empire in 1871. The\nestablishment of the empire inherently presented Europe with the reality of a\nnew populous and industrialising polity possessing a considerable, and\nundeniably increasing, economic and diplomatic presence. The influence of\nFrench economic principles produced important institutional reforms in\nGermany, including the abolition of feudal restrictions on the sale of large\nlanded estates, the reduction of the power of the guilds in the cities, and\nthe introduction of a new, more efficient commercial law. Nonetheless,\npolitical decisions about the economy of the empire were still largely\ncontrolled by a coalition of \"rye and iron\", that is the Prussian Junker\nlandowners of the east and the Ruhr heavy industry of the west.\n\nRegarding politics and society, between 1881 and 1889 Chancellor Otto von\nBismarck promoted laws that provided social insurance and improved working\nconditions. He instituted the world's first welfare state. Germany was the\nfirst to introduce social insurance programmes including universal healthcare,\ncompulsory education, sickness insurance, accident insurance, disability\ninsurance, and a retirement pension. Moreover, the government's universal\neducation policy bore fruit with Germany achieving[_when?_] the highest\nliteracy rate in the world – 99% – education levels that provided the nation\nwith more people good at handling numbers, more engineers, chemists,\nopticians, skilled workers for its factories, skilled managers, knowledgeable\nfarmers, and skilled military personnel.\n\nBy 1900, Germany surpassed Britain in steel production and became the largest\nproducer behind only the United States. The German economic miracle was also\nintensified by unprecedented population growth from 35 million in 1850 to 67\nmillion in 1913. From 1895 to 1907, the number of workers engaged in machine\nbuilding doubled from half a million to well over a million. Only 40 percent\nof Germans lived in rural areas by 1910, a drop from 67% at the birth of the\nEmpire. Industry accounted for 60 percent of the gross national product in\n1913. The German chemical industry became the most advanced in the world, and\nby 1914 the country was producing half the world's electrical equipment.\n\nThe rapid advance to industrial maturity led to a drastic shift in Germany's\neconomic situation – from a rural economy into a major exporter of finished\ngoods. The ratio of the finished product to total exports jumped from 38% in\n1872 to 63% in 1912. By 1913 Germany had come to dominate all the European\nmarkets. By 1914 Germany had become one of the biggest exporters in the world."
  },
  {
    "chapter_name": "Economy of Germany",
    "chapter_id": "1",
    "section_number": "1.2",
    "section_name": "Weimar Republic and Third Reich",
    "text": "Gross national product and GNP deflator, year on year change in %, 1926 to\n1939, in Germany. Via google to Pdf-file of German publication Occupation by\nadministrative district in the 1925 census\n\nThe Nazis rose to power while unemployment was very high, but achieved full\nemployment later thanks to massive public works programmes such as the\n_Reichsbahn_, _Reichspost_ , and the _Reichsautobahn_ projects. In 1935\nrearmament in contravention of the Treaty of Versailles added to the economy.\n\nThe post-1931 financial crisis economic policies of expansionary fiscal\npolicies (as Germany was off the gold standard) was advised by their non-Nazi\nMinister of Economics, Hjalmar Schacht, who in 1933 became the president of\nthe central bank. Schacht later resigned from the post in 1938 and was\nreplaced by Hermann Göring.\n\nThe trading policies of the Third Reich aimed at self-sufficiency but with a\nlack of raw materials Germany would have to maintain trade links but on\nbilateral preferences, foreign exchange controls, import quotas, and export\nsubsidies under what was called the \"New Plan\"(_Neuer Plan_) of 19 September\n1934. The \"New Plan\" was based on trade with less developed countries who\nwould trade raw materials for German industrial goods saving currency.\nSouthern Europe was preferable to Western Europe and North America as there\ncould be no trade blockades. This policy became known as the\n_Grosswirtschaftsraum_ (\"greater economic area\") policy.\n\nEventually, the Nazi party developed strong relationships with big business\nand abolished trade unions in 1933 in order to form the Reich Labour Service\n(RAD), German Labour Front (DAF) to set working hours, Beauty of Labour (SDA)\nwhich set working conditions, and Strength through Joy (KDF) to ensure sports\nclubs for workers."
  },
  {
    "chapter_name": "Economy of Germany",
    "chapter_id": "1",
    "section_number": "1.3",
    "section_name": "West Germany",
    "text": "The Volkswagen Beetle was an icon of West German reconstruction.\n\nBeginning with the replacement of the Reichsmark with the Deutsche Mark as\nlegal tender, a lasting period of low inflation and rapid industrial growth\nwas overseen by the government led by German Chancellor Konrad Adenauer and\nhis minister of economics, Ludwig Erhard, raising West Germany from total\nwartime devastation to one of the most developed nations in modern Europe.\n\nIn 1953 it was decided that Germany was to repay $1.1 billion of the aid it\nhad received. The last repayment was made in June 1971.\n\nApart from these factors, hard work and long hours at full capacity among the\npopulation in the 1950s, 1960s, and early 1970s and extra labour supplied by\nthousands of _Gastarbeiter_ (\"guest workers\") provided a vital base for the\neconomic upturn."
  },
  {
    "chapter_name": "Economy of Germany",
    "chapter_id": "1",
    "section_number": "1.4",
    "section_name": "East Germany",
    "text": "The Trabant was an icon of East Germany.\n\nBy the early 1950s, the Soviet Union had seized reparations in the form of\nagricultural and industrial products and demanded further heavy reparation\npayments. Silesia with the Upper Silesian Coal Basin, and Stettin, a prominent\nnatural port, were lost to Poland.\n\nExports from West Germany exceeded $323 billion in 1988. In the same year,\nEast Germany exported $30.7 billion worth of goods; 65% to other communist\nstates. East Germany had zero unemployment.\n\nCar markers like the Automobilwerk Eisenach and the HQM Sachsenring GmbH\nproduced icons of the East German economy like the Trabant line and the\nWartburg line."
  },
  {
    "chapter_name": "Economy of Germany",
    "chapter_id": "1",
    "section_number": "1.5",
    "section_name": "Federal Republic",
    "text": "As of 2013[update], Germany is the third-largest exporter and third-largest\nimporter in the world, producing the largest trade surplus as a national\neconomy.\n\nThe German economy practically stagnated in the beginning of the 2000s. The\nworst growth figures were achieved in 2002 (+1.4%), in 2003 (+1.0%), and in\n2005 (+1.4%). Unemployment was also chronically high. Due to these problems,\ntogether with Germany's aging population, the welfare system came under\nconsiderable strain. This led the government to push through a wide-ranging\nprogramme of belt-tightening reforms, Agenda 2010, including the labour market\nreforms known as Hartz I - IV.\n\nIn the later part of the first decade of 2000, the world economy experienced\nhigh growth, from which Germany as a leading exporter also profited. Some\ncredit the Hartz reforms with achieving high growth and declining unemployment\nbut others contend that they resulted in a massive decrease in standards of\nliving and that its effects are limited and temporary.\n\nThe nominal GDP of Germany contracted in the second and third quarters of\n2008, putting the country in a technical recession following a global and\nEuropean recession cycle. German industrial output dropped to 3.6% in\nSeptember vis-à-vis August. In January 2009 the German government under Angela\nMerkel approved a €50 billion ($70 billion) economic stimulus plan to protect\nseveral sectors from a downturn and a subsequent rise in unemployment rates.\nGermany exited the recession in the second and third quarters of 2009, mostly\ndue to rebounding manufacturing orders and exports - primarily from outside\nthe eurozone - and relatively steady consumer demand.\n\nGermany is a founding member of the EU, the G8, and the G20, and was the\nworld's largest exporter from 2003 to 2008. In 2011 it remained the third\nlargest exporter and third largest importer. Most of the country's exports are\nin engineering, especially machinery, automobiles, chemical goods, and metals.\nGermany is a leading producer of wind turbines and solar-power technology.\nAnnual trade fairs and congresses are held in cities throughout Germany. 2011\nwas a record-breaking year for the German economy. German companies exported\ngoods worth over €1 trillion ($1.3 trillion), the highest figure in history.\nThe number of people in work has risen to 41.6 million, the highest recorded\nfigure.\n\nThrough 2012, Germany's economy continued to be stronger relative to local\nneighbouring nations. In 2023, Germany experienced economic difficulties as a\nresult of the closure of Russian natural gas resources due to international\nsanctions following the Russian invasion of Ukraine. Germany imported 55% of\nits gas from Russia at the time when Russia started the invasion in 2022. Amid\na global energy crisis, Chancellor Olaf Scholz committed to weaken dependence\non Russian energy imports by halting certification of Nord Stream 2, while\nalso committing to his long-term predecessor Angela Merkel's policy of phasing\nout nuclear energy.\n\nAs of December 2023, Germany is the third largest economy in nominal terms in\nthe world after the United States and China, and the largest economy in\nEurope. It is the third largest export nation in the world.\n\nIn April 2024, a report by the German Economic Institute revealed that despite\nattempts to expand into other markets, the German economy remains heavily\nreliant on China for various products and raw materials.\n\nDuring 2024, the German economy experienced its second consecutive year of\ncontraction. Europe's largest economy declined by 0.2% over the year,\nfollowing a 0.3% contraction in 2023. Germany's trade surplus with the United\nStates, reported by Reuters to have reached a record €65 billion (£54.7\nbillion) during the first 11 months of 2024, has made the nation a likely\ntarget for potential tariffs from Donald Trump's administration. The economic\nclimate has also been affected by widespread layoffs across major German\ncorporations. Companies such as Siemens, Bosch, Thyssenkrupp, and Deutsche\nBahn, all featured in the Fortune 500, are estimated to have collectively cut\nover 60,000 jobs during the first 10 months of 2024. Bosch, a highly regarded\nmanufacturing firm, announced in November alone plans to reduce its workforce\nby approximately 7,000 employees."
  },
  {
    "chapter_name": "Economy of Germany",
    "chapter_id": "1",
    "section_number": "2",
    "section_name": "Data",
    "text": "The following table shows the main economic indicators in 1980–2024 (with IMF\nstaff estimates in 2025–2029). Inflation below 5% is in green.\n\nYear  | GDP\n(Bil. US$PPP) | GDP per capita\n(US$ PPP) | GDP\n(Bil. US$nominal) | GDP per capita\n(US$ nominal) | GDP growth\n(real) | Inflation rate\n(Percent) | Unemployment\n(Percent) | Government debt\n(in % of GDP)\n---|---|---|---|---|---|---|---|---\n1980  | 922.4  | 12,003.5  | 856.8  | 11,150.4  | 1.3  | 5.4  | 3.4  | n/a\n1981  | 1,010.8  | 13,128.9  | 720.9  | 9,363.8  | 0.1  | 6.3  | 4.8  | n/a\n1982  | 1,064.8  | 13,840.2  | 696.1  | 9,048.0  | -0.8  | 5.3  | 6.7  | n/a\n1983  | 1,123.7  | 14,656.9  | 694.4  | 9,058.3  | 1.6  | 3.3  | 8.1  | n/a\n1984  | 1,197.1  | 15,678.3  | 654.3  | 8,569.0  | 2.8  | 2.4  | 8.1  | n/a\n1985  | 1,262.0  | 16,569.6  | 663.5  | 8,710.7  | 2.2  | 2.1  | 8.1  | n/a\n1986  | 1,318.6  | 17,299.9  | 947.6  | 12,432.4  | 2.4  | -0.1  | 7.8  | n/a\n1987  | 1,371.1  | 17,985.8  | 1,179.2  | 15,468.0  | 1.5  | 0.2  | 7.8  | n/a\n1988  | 1,472.5  | 19,198.8  | 1,271.3  | 16,575.2  | 3.7  | 1.3  | 7.7  | n/a\n1989  | 1,590.1  | 20,527.2  | 1,262.0  | 16,291.6  | 3.9  | 2.8  | 6.8  | n/a\n1990  | 1,744.0  | 22,090.7  | 1,604.5  | 20,323.3  | 5.7  | 2.7  | 6.2  | n/a\n1991  | 1,893.4  | 23,675.1  | 1,882.5  | 23,539.0  | 5.0  | 3.5  | 5.5  | 38.8\n1992  | 1,975.5  | 24,541.0  | 2,146.1  | 26,660.2  | 2.0  | 5.0  | 6.6  | 41.3\n1993  | 2,002.5  | 24,739.0  | 2,080.1  | 25,697.1  | -1.0  | 4.5  | 7.8  | 44.9\n1994  | 2,098.4  | 25,859.6  | 2,220.2  | 27,359.7  | 2.6  | 2.7  | 8.4  | 47.3\n1995  | 2,174.8  | 26,747.9  | 2,595.3  | 31,919.0  | 1.5  | 1.7  | 8.2  | 54.7\n1996  | 2,237.4  | 27,464.3  | 2,507.4  | 30,779.0  | 1.0  | 1.3  | 8.9  | 57.6\n1997  | 2,318.3  | 28,441.6  | 2,221.5  | 27,254.4  | 1.9  | 1.5  | 9.7  | 58.7\n1998  | 2,393.6  | 29,389.3  | 2,250.8  | 27,636.1  | 2.1  | 0.6  | 9.4  | 59.3\n1999  | 2,479.1  | 30,447.8  | 2,216.1  | 27,217.0  | 2.1  | 0.6  | 8.6  | 59.9\n2000  | 2,608.3  | 32,020.9  | 1,967.9  | 24,158.2  | 2.9  | 1.4  | 8.0  | 58.8\n2001  | 2,710.6  | 33,252.0  | 1,966.4  | 24,122.4  | 1.6  | 1.9  | 7.8  | 57.6\n2002  | 2,746.5  | 33,666.4  | 2,100.9  | 25,752.7  | -0.2  | 1.3  | 8.6  | 59.3\n2003  | 2,785.7  | 34,159.4  | 2,534.1  | 31,074.3  | -0.5  | 1.1  | 9.7  | 62.7\n2004  | 2,894.1  | 35,529.1  | 2,851.0  | 35,000.6  | 1.2  | 1.8  | 10.3  | 64.3\n2005  | 3,011.2  | 37,021.2  | 2,895.0  | 35,592.7  | 0.9  | 1.9  | 11.0  | 66.5\n2006  | 3,223.9  | 39,716.2  | 3,046.5  | 37,530.2  | 3.9  | 1.8  | 10.0  | 65.8\n2007  | 3,406.8  | 42,063.6  | 3,484.5  | 43,022.0  | 2.9  | 2.3  | 8.5  | 63.1\n2008  | 3,504.1  | 43,386.4  | 3,808.4  | 47,154.0  | 0.9  | 2.8  | 7.4  | 64.6\n2009  | 3,330.1  | 41,376.4  | 3,476.0  | 43,189.4  | -5.5  | 0.2  | 7.2  | 71.7\n2010  | 3,510.3  | 43,723.6  | 3,471.0  | 43,233.5  | 4.1  | 1.1  | 6.6  | 80.4\n2011  | 3,717.6  | 46,310.6  | 3,824.2  | 47,637.9  | 3.8  | 2.5  | 5.5  | 77.8\n2012  | 3,804.6  | 47,305.3  | 3,600.2  | 44,763.5  | 0.5  | 2.2  | 5.1  | 79.2\n2013  | 3,884.3  | 48,164.5  | 3,808.1  | 47,220.3  | 0.4  | 1.6  | 5.0  | 76.8\n2014  | 4,037.8  | 49,859.4  | 3,966.8  | 48,983.3  | 2.2  | 0.8  | 4.7  | 73.8\n2015  | 4,142.7  | 50,714.4  | 3,423.9  | 41,914.9  | 1.7  | 0.7  | 4.4  | 70.6\n2016  | 4,277.8  | 51,947.7  | 3,536.8  | 42,949.1  | 2.3  | 0.4  | 3.9  | 67.6\n2017  | 4,472.6  | 54,110.3  | 3,761.8  | 45,510.5  | 2.7  | 1.7  | 3.6  | 64.0\n2018  | 4,665.4  | 56,273.3  | 4,053.8  | 48,897.2  | 1.1  | 1.9  | 3.2  | 60.7\n2019  | 4,925.0  | 59,270.7  | 3,957.6  | 47,629.1  | 1.0  | 1.4  | 3.0  | 58.6\n2020  | 4,880.4  | 58,685.8  | 3,937.0  | 47,341.8  | -4.1  | 0.4  | 3.6  | 67.9\n2021  | 5,237.2  | 62,950.3  | 4,351.2  | 52,300.6  | 3.7  | 3.2  | 3.6  | 67.9\n2022  | 5,687.3  | 67,869.3  | 4,166.9  | 49,725.3  | 1.4  | 8.7  | 3.1  | 64.8\n2023  | 5,876.4  | 69,531.6  | 4,527.0  | 53,565.0  | -0.3  | 6.0  | 3.0  | 62.7\n2024  | 6,017.2  | 70,930.4  | 4,710.0  | 55,521.3  | -0.2  | 2.4  | 3.4  | 62.7\n2025e  | 6,174.7  | 72,660.5  | 4,921.6  | 57,914.4  | 0.8  | 2.0  | 3.2  | 62.1\n2026e  | 6,377.0  | 74,941.0  | 5,117.2  | 60,136.0  | 1.4  | 2.0  | 3.1  | 60.9\n2027e  | 6,568.7  | 77,132.7  | 5,268.0  | 61,858.9  | 1.1  | 2.0  | 3.0  | 59.9\n2028e  | 6,745.8  | 79,185.5  | 5,415.5  | 63,569.3  | 0.8  | 2.0  | 3.0  | 59.0\n2029e  | 6,920.6  | 81,221.3  | 5,566.1  | 65,324.3  | 0.7  | 2.0  | 3.0  | 57.8"
  },
  {
    "chapter_name": "Economy of Germany",
    "chapter_id": "1",
    "section_number": "2.1",
    "section_name": "Companies",
    "text": "Volkswagen is the largest company in the European Union and the largest car\nmanufacturer in the world by revenue.\n\nOf the world's 500 largest stock-market-listed companies measured by revenue\nin 2024, the Fortune Global 500, 29 are headquartered in Germany. 40 Germany-\nbased companies are included in the DAX, the most popular German stock market\nindex. 26 of Europe's 100 largest are German, among them Allianz, the world's\nlargest insurance company and one of the largest financial services groups and\nasset managers, largest in Europe; Munich Re, also one of the largest\ninsurance companies; Daimler, Volkswagen, and BMW, among the biggest car\nmarkers in the world; Siemens, the world's biggest industrial machinery\ncompany; Deutsche Telekom, one of the world's largest telecommunication\ncompanies; Bayer, among the biggest biomedical companies; BASF, the world's\nbiggest chemical producer, and SAP, Europe's biggest software company. Other\nmajor companies include Lufthansa, Europe's largest airline, Deutsche Post,\nthe largest logistics company worldwide, Deutsche Bahn, the largest railway\ncompany in the world, Bosch, the world's largest automotive supplier, Uniper,\nthe world's largest energy company, and Aldi and Schwarz Gruppe, Europe's\nlargest retailers.\n\nGermany is recognised for its specialised small and medium enterprises, known\nas the _Mittelstand_ model. SMEs account for more than 99 percent of German\ncompanies. Around 1,000 of these companies are global market leaders in their\nsegment and are labelled hidden champions.\n\nFrom 1991 to 2010, 40,301 mergers and acquisitions with an involvement of\nGerman firms with a total known value of 2,422 bil. EUR have been announced.\nThe largest transactions since 1991 are: the acquisition of Mannesmann by\nVodafone for 204.8 bil. EUR in 1999, the merger of Daimler-Benz with Chrysler\nto form DaimlerChrysler in 1998 valued at 36.3 bil. EUR.\n\nBerlin developed an international startup ecosystem and became a leading\nlocation for venture capital funded firms in the European Union.\n\nThe sector with the highest number of companies registered in Germany is\nServices with 1,443,708 companies followed by Finance, Insurance, and Real\nEstate and Construction with 480,593 and 173,167 companies respectively.\n\nThe list includes the largest German companies by revenue in 2011:\n\nRank | Name | Headquarters | Ticker | Revenue\n(Mil. €) | Profit\n(Mil. €) | Employees\n(World)\n---|---|---|---|---|---|---\n01. | Volkswagen Group | Wolfsburg | VOWG | 159,000 | 15,800 | 502,000\n02. | E.ON | Essen | EONGn | 113,000 | −1,900 | 79,000\n03. | Daimler | Stuttgart | DAIGn | 107,000 | 6,000 | 271,000\n04. | Siemens | Berlin, München | SIEGn | 74,000 | 6,300 | 360,000\n05. | BASF | Ludwigshafen am Rhein | BASFn | 73,000 | 6,600 | 111,000\n06. | BMW | München | BMWG | 69,000 | 4,900 | 100,000\n07. | Metro | Düsseldorf | MEOG | 67,000 | 740 | 288,000\n08. | Schwarz Gruppe | Neckarsulm |  | 63,000 | N/A | 315,000\n09. | Deutsche Telekom | Bonn | DTEGn | 59,000 | 670 | 235,000\n010. | Deutsche Post | Bonn | DPWGn | 53,000 | 1,300 | 471,000\n— | Bosch | Gerlingen |  | 73,100 | 2,300 | 390,000\n— | Uniper | Düsseldorf | UNSE01 | 67,300 |  | 13,000\n— | Allianz | München | ALVG | 104,000 | 2,800 | 141,000\n— | Deutsche Bank | Frankfurt am Main | DBKGn |  | 4,300 | 101,000"
  },
  {
    "chapter_name": "Economy of Germany",
    "chapter_id": "1",
    "section_number": "2.2",
    "section_name": "Mergers and acquisitions",
    "text": "Since German reunification, there have been 52,258 mergers or acquisitions\ndeals inbound or outbound in Germany. The most active year in terms of value\nwas 1999 with a total value of 48 billion EUR, twice as much as the runner up\nwhich was 2006 with 24 billion EUR (see graphic \"M&A in Germany\").\n\nHere is a list of the top 10 deals (ranked by value) that include a German\ncompany. The Vodafone–Mannesmann deal is still the biggest deal in global\nhistory.\n\nRank  | Date  | Acquirer  | Acquirer Nation  | Target  | Target Nation  | Value\n(bil. USD)\n---|---|---|---|---|---|---\n1  | 14 Nov 1999  | Vodafone AirTouch PLC  | United Kingdom  | Mannesmann AG  | Germany  | 202.79\n2  | 18 May 2016  | Bayer AG  | Germany  | Monsanto Co  | United States  | 56.60\n3  | 6 May 1998  | Daimler-Benz AG  | Germany  | Chrysler Corp  | United States  | 40.47\n4  | 16 Aug 2016  | Linde AG  | Germany  | Praxair Inc  | United States  | 35.16\n5  | 21 Oct 1999  | Mannesmann AG  | Germany  | Orange PLC  | United Kingdom  | 32.59\n6  | 24 Jul 2000  | Deutsche Telekom AG  | Germany  | VoiceStream Wireless Corp  | United States  | 29.40\n7  | 17 May 1999  | Rhone-Poulenc SA  | France  | Hoechst AG  | Germany  | 21.92\n8  | 23 Mar 2006  | Bayer AG  | Germany  | Schering AG  | Germany  | 21.40\n9  | 01 Apr 2001  | Allianz AG  | Germany  | Dresdner Bank AG  | Germany  | 19.66\n10  | 30 May 2005  | Unicredito Italiano SpA  | Italy  | Bayerische Hypo- und Vereins  | Germany  | 18.26"
  },
  {
    "chapter_name": "Economy of Germany",
    "chapter_id": "1",
    "section_number": "3",
    "section_name": "Economic region",
    "text": "Germany is part of a monetary union, the eurozone (dark blue), and of the EU\nsingle market.\n\nGermany as a federation is a polycentric country and does not have a single\neconomic centre. The stock exchange is located in Frankfurt am Main, the\nlargest Media company (Bertelsmann SE & Co. KGaA) is headquartered in\nGütersloh; the largest car manufacturers are in Wolfsburg (Volkswagen),\nStuttgart (Mercedes-Benz and Porsche), and Munich (Audi and BMW).\n\nGermany is an advocate of closer European economic and political integration.\nIts commercial policies are increasingly determined by agreements among\nEuropean Union (EU) members and EU single market legislation. Germany\nintroduced the common European currency, the euro on 1 January 1999. Its\nmonetary policy is set by the European Central Bank in Frankfurt.\n\nThe southern states (\"_Bundesländer_ \"), especially Bayern, Baden-Württemberg,\nand Hessen, are economically stronger than the northern states. One of\nGermany's traditionally strongest (and at the same time oldest) economic\nregions is the Ruhr area in the west, between Duisburg and Dortmund. 27 of the\ncountry's 100 largest companies are located there. In recent years, however,\nthe area, whose economy is based on natural resources and heavy industry, has\nseen a substantial rise in unemployment (2010: 8.7%).\n\nThe economy of Bayern and Baden-Württemberg, the states with the lowest number\nof unemployed people (2018: 2.7%, 3.1%), on the other hand, is based on high-\nvalue products. Important sectors are automobiles, electronics, aerospace, and\nbiomedicine, among others. Baden-Württemberg is an industrial centre\nespecially for the automobile and machine-building industry and the home of\nbrands like Mercedes-Benz (Daimler), Porsche and Bosch.\n\nWith the reunification on 3 October 1990, Germany began the major task of\nreconciling the economic systems of the two former republics. Interventionist\neconomic planning ensured gradual development in eastern Germany up to the\nlevel of former West Germany, but the standard of living and annual income\nremains significantly higher in western German states. The modernisation and\nintegration of the eastern German economy continues to be a long-term process\nscheduled to last until the year 2019, with annual transfers from west to east\namounting to roughly $80 billion. The overall unemployment rate has\nconsistently fallen since 2005 and reached a 20-year low in 2012. The country\nin July 2014 began legislating to introduce a federally mandated minimum wage\nwhich would come into effect on 1 January 2015.[_needs update_]\n\nOn 25 May 2023, a declaration of a recession in the German economy was made.\nIt was reported that Gross Domestic Product (GDP) had contracted by 0.3%\nbetween January and March. This contraction was largely due to increased\nprices which discouraged consumer spending. The statistics office in Germany\nreported that household spending had dropped by 1.2% in the first quarter of\nthe year."
  },
  {
    "chapter_name": "Economy of Germany",
    "chapter_id": "1",
    "section_number": "3.1",
    "section_name": "German states",
    "text": "Rhine-Ruhr metropolitan region in North Rhine-Westphalia has the second largest GDP in the European Union (€536 billion). Four of the EU's 5 biggest metropolitan regions by GDP are in Germany. List of German states by GRP in 2022  States  | Rank  | GRP\n(in billions EUR€)  | Share of\nGDP (%)\n---|---|---|---\n**Germany** | —  | **3,867.050** | **100**\nNorth Rhine-Westphalia | 1  | 793.790  | 20.5\nBavaria | 2  | 716.784  | 18.5\nBaden-Württemberg | 3  | 572.837  | 14.8\nLower Saxony | 4  | 339.414  | 8.8\nHesse | 5  | 323.352  | 8.4\nBerlin | 6  | 179.379  | 4.6\nRhineland-Palatinate | 7  | 171.699  | 4.4\nSaxony | 8  | 146.511  | 3.8\nHamburg | 9  | 144.220  | 3.7\nSchleswig-Holstein | 10  | 112.755  | 2.9\nBrandenburg | 11  | 88.800  | 2.3\nSaxony-Anhalt | 13  | 75.436  | 2.0\nThuringia | 12  | 71.430  | 1.8\nMecklenburg-Vorpommern | 14  | 53.440  | 1.4\nBremen | 16  | 38.698  | 1.0\nSaarland | 15  | 38.505  | 1.0"
  },
  {
    "chapter_name": "Economy of Germany",
    "chapter_id": "1",
    "section_number": "3.2",
    "section_name": "Wealth",
    "text": "Hasso Plattner\n\nThe following top 10 list of German billionaires is based on an annual\nassessment of wealth and assets compiled and published by _Forbes_ magazine on\n1 March 2016.\n\n1. **$27.9 billion** Albrecht family\n2. **$20.3 billion** Theo Albrecht Jr.\n3. **$18.5 billion** Susanne Klatten\n4. **$18.1 billion** Georg Schaeffler\n5. **$16.4 billion** Dieter Schwarz\n6. **$15.6 billion** Stefan Quandt\n7. **$15.4 billion** Michael Otto\n8. **$11.7 billion** Heinz Hermann Thiele\n9. **$10 billion** Klaus-Michael Kühne\n10. **$9.5 billion** Hasso Plattner\n\nWolfsburg is the city in Germany with the country's highest per capita GDP, at\n$128,000. The following top 10 list of German cities with the highest per\ncapita GDP is based on a study by the Cologne Institute for Economic Research\non 31 July 2013.\n\n1. **$128,000** Wolfsburg, Lower Saxony\n2. **$114,281** Frankfurt am Main, Hesse\n3. **$108,347** Schweinfurt, Bavaria\n4. **$104,000** Ingolstadt, Bavaria\n5. **$99,389** Regensburg, Bavaria\n6. **$92,525** Düsseldorf, North Rhine-Westphalia\n7. **$92,464** Ludwigshafen am Rhein, Rhineland-Palatinate\n8. **$91,630** Erlangen, Bavaria\n9. **$91,121** Stuttgart, Baden-Württemberg\n10. **$88,692** Ulm, Baden-Württemberg"
  },
  {
    "chapter_name": "Economy of Germany",
    "chapter_id": "1",
    "section_number": "4",
    "section_name": "Sectors",
    "text": "German exports in 2006\n\nGermany has a social market economy characterised by a highly qualified labour\nforce, a developed infrastructure, a large capital stock, a low level of\ncorruption, and a high level of innovation. It has the largest national\neconomy in Europe, the third largest by nominal GDP in the world, and ranked\nfifth by GDP (PPP) in 2023.\n\nThe service sector contributes around 70% of the total GDP, industry 29.1%,\nand agriculture 0.9%."
  },
  {
    "chapter_name": "Economy of Germany",
    "chapter_id": "1",
    "section_number": "4.1",
    "section_name": "Primary",
    "text": "German wine region Rheingau. Germany is the EU´s second-largest agriculture\ngoods exporter and the fourth-largest worldwide\n\nIn 2010 agriculture, forestry, and mining accounted for only 0.9% of Germany's\ngross domestic product (GDP) and employed only 2.4% of the population, down\nfrom 4% in 1991. Agriculture is extremely productive, and Germany can cover\n90% of its nutritional needs with domestic production. Germany is the third-\nlargest agricultural producer in the European Union after France and Italy.\nGermany's principal agricultural products are potatoes, wheat, barley, sugar\nbeets, fruit, and cabbages.\n\nDespite the country's high level of industrialisation, almost one-third of its\nterritory is covered by forest. The forestry industry provides for about two-\nthirds of domestic consumption of wood and wood products, so Germany is a net\nimporter of these items.\n\nStrip mining lignite at Tagebau Garzweiler near Grevenbroich, Germany\n\nThe German soil is relatively poor in raw materials. Only lignite (brown coal)\nand potash salt (_Kalisalz_) are available in significant quantities. However,\nthe former GDR's Wismut mining company produced a total of 230,400 tonnes of\nuranium between 1947 and 1990 and made East Germany the fourth-largest\nproducer of uranium ore worldwide (largest in USSR's sphere of control) at the\ntime. Oil, natural gas, and other resources are, for the most part, imported\nfrom other countries.\n\nPotash salt is mined in the centre of the country (Niedersachsen, Sachsen-\nAnhalt, and Thüringen). The most important producer is K+S (formerly Kali und\nSalz AG).\n\nGermany's bituminous coal deposits were created more than 300 million years\nago from swamps which extended from the present-day South England, over the\nRuhr area to Poland. Lignite deposits developed similarly, but during a later\nperiod, about 66 million years ago. Because the wood is not yet completely\ntransformed into coal, brown coal contains less energy than bituminous coal.\n\nLignite is extracted in the extreme western and eastern parts of the country,\nmainly in Nordrhein-Westfalen, Sachsen, and Brandenburg. Considerable amounts\nare burned in coal plants near the mining areas, to produce electricity.\nTransporting lignite over far distances is not economically feasible,\ntherefore the plants are located practically next to the extraction sites.\nBituminous coal is mined in Nordrhein-Westfalen and Saarland. Most power\nplants burning bituminous coal operate on imported material, therefore the\nplants are located not only near to the mining sites, but throughout the\ncountry.\n\nIn 2019, the country was the world's 3rd largest producer of selenium, the\nworld's 5th largest producer of potash, the world's 5th largest producer of\nboron, the world's 7th largest producer of lime, the world's 13th largest\nproducer of fluorspar, the world's 14th largest producer of feldspar, the\nworld's 17th largest producer of graphite, the world's 18th largest producer\nof sulfur, in addition to being the 4th largest world producer of salt."
  },
  {
    "chapter_name": "Economy of Germany",
    "chapter_id": "1",
    "section_number": "4.2",
    "section_name": "Industry",
    "text": "The world's largest coherent chemistry plant BASF in Ludwigshafen\n\nIndustry and construction accounted for 30.7% of the gross domestic product in\n2017 and employed 24.2% of the workforce. Germany excels in the production of\nautomobiles, machinery, electrical equipment, and chemicals. With the\nmanufacture of 5.2 million vehicles in 2009, Germany was the world's fourth-\nlargest producer and largest exporter of automobiles. German automotive\ncompanies enjoy an extremely strong position in the so-called premium segment,\nwith a combined world market share of about 90%. All new automobiles sold in\nGermany must be zero-emission vehicles from 2035.\n\nSmall- to medium-sized manufacturing firms (_Mittelstand_ companies) which\nspecialise in technologically advanced niche products and are often family-\nowned form a major part of the German economy. It is estimated that about\n1,500 German companies occupy a top three position in their respective market\nsegment worldwide. In about two thirds of all industry sectors German\ncompanies belong to the top three competitors.\n\nGermany is the only country among the top five arms exporters that is not a\npermanent member of the United Nations Security Council."
  },
  {
    "chapter_name": "Economy of Germany",
    "chapter_id": "1",
    "section_number": "4.3",
    "section_name": "Services",
    "text": "In 2017 services constituted 68.6% of gross domestic product (GDP), and the\nsector employed 74.3% of the workforce. The subcomponents of services are\nfinancial, renting, and business activities (30.5%); trade, hotels and\nrestaurants, and transport (18%); and other service activities (21.7%).\n\nGermany is the seventh most visited country in the world, with a total of 407\nmillion overnights during 2012. This number includes 68.83 million nights by\nforeign visitors. In 2012, over 30.4 million international tourists arrived in\nGermany. Berlin has become the third most visited city destination in Europe.\nAdditionally, more than 30% of Germans spend their holiday in their own\ncountry, with the biggest share going to Mecklenburg-Vorpommern. Domestic and\ninternational travel and tourism combined directly contribute over EUR43.2\nbillion to German GDP. Including indirect and induced impacts, the industry\ncontributes 4.5% of German GDP and supports 2 million jobs (4.8% of total\nemployment). The largest annual international trade fairs and congresses are\nheld in several German cities such as Hannover, Frankfurt, and Berlin."
  },
  {
    "chapter_name": "Economy of Germany",
    "chapter_id": "1",
    "section_number": "5",
    "section_name": "Government finances",
    "text": "German bonds\n\nInverted yield curve in 2008 and Negative interest rates 2014–2022\n\n30 year\n\n10 year\n\n2 year\n\n1 year\n\n3 month\n\nThe debt-to-GDP ratio of Germany had its peak in 2010 when it stood at 80.3%\nand decreased since then. According to Eurostat, the government gross debt of\nGermany amounts to €2,152.0 billion or 71.9% of its GDP in 2015. The federal\ngovernment achieved a budget surplus of €12.1 billion ($13.1 billion) in 2015.\nGermany's credit rating by credit rating agencies Standard & Poor's, Moody's,\nand Fitch Ratings stands at the highest possible rating _AAA_ with a stable\noutlook in 2016.\n\nGermany's \"debt clock\" (_Schuldenuhr_) reversed for the first time in 20 years\nin January 2018. It is now currently increasing at 10,424.00 per second\n(October 2020).\n\nEconomists generally see Germany's current account surplus as undesirable."
  },
  {
    "chapter_name": "Economy of Germany",
    "chapter_id": "1",
    "section_number": "5.1",
    "section_name": "Energy",
    "text": "Germany is the world's fifth-largest consumer of energy, and two-thirds of its\nprimary energy was imported in 2002. In the same year, Germany was Europe's\nlargest consumer of electricity, totaling 512.9 terawatt-hours. Government\npolicy promotes energy conservation and the development of renewable energy\nsources, such as solar, wind, biomass, hydroelectric, and geothermal energy.\nAs a result of energy-saving measures, energy efficiency has been improving\nsince the beginning of the 1970s. The government has set the goal of meeting\nhalf the country's energy demands from renewable sources by 2050. Renewable\nenergy also plays an increasing role in the labour market: Almost 700,000\npeople are employed in the energy sector. About 50 percent of them work with\nrenewable energies.\n\nThe largest solar power and third-largest wind power capacity in the world is\ninstalled in Germany.\n\nIn 2000, the red-green coalition under Chancellor Schröder and the German\nnuclear power industry agreed to phase out all nuclear power plants by 2021.\nThe conservative coalition under Chancellor Merkel reversed this decision in\nJanuary 2010, electing to keep plants open. The nuclear disaster of the\nJapanese nuclear plant Fukushima in March 2011 however, changed the political\nclimate fundamentally: Older nuclear plants have been shut down. Germany is\nseeking to have wind, solar, biogas, and other renewable energy sources play a\nbigger role, as the country looks to completely phase out nuclear power by\n2022 and coal-fired power plants by 2038. Renewable energy yet still plays a\nmore modest role in energy consumption, though German solar and wind power\nindustries play a leading role worldwide. Germany has been called \"the world's\nfirst major renewable energy economy\".\n\nIn 2009, Germany's total energy consumption (not just electricity) came from\nthe following sources: oil 34.6%, natural gas 21.7%, lignite 11.4%, bituminous\ncoal 11.1%, nuclear power 11.0%, hydro and wind power 1.5%, others 9.0%.\n\nIn the first half of 2021, coal, natural gas, and nuclear energy comprised 56%\nof the total electricity fed into Germany's grid in the first half of 2021.\nCoal was the leader out of the conventional energy sources, comprising over\n27% of Germany's electricity. Wind power's contribution to the electric grid\nwas 22%.\n\nThere are 3 major entry points for oil pipelines: in the northeast (the\nDruzhba pipeline, coming from Gdańsk), west (coming from Rotterdam) and\nsoutheast (coming from Nelahozeves). The oil pipelines of Germany do not\nconstitute a proper network, and sometimes only connect two different\nlocations. Major oil refineries are located in or near the following cities:\nSchwedt, Spergau, Vohburg, Burghausen, Karlsruhe, Cologne, Gelsenkirchen,\nLingen, Wilhelmshaven, Hamburg, and Heide.\n\nGermany's network of natural gas pipelines, on the other hand, is dense and\nwell-connected. Imported pipeline gas comes mostly from Russia, the\nNetherlands, and the United Kingdom."
  },
  {
    "chapter_name": "Economy of Germany",
    "chapter_id": "1",
    "section_number": "5.2",
    "section_name": "Transport",
    "text": "The ICE 3 trainset, here run by Deutsche Bahn, in Frankfurt\n\nWith its central position in Europe, Germany is an important transportation\nhub. This is reflected in its dense and modern transportation networks. The\nextensive motorway (_Autobahn_) network ranks worldwide third largest in its\ntotal length and features a lack of blanket speed limits on the majority of\nroutes.\n\nGermany has established a polycentric network of high-speed trains. The\nIntercity Express or _ICE_ is the most advanced service category of the\nDeutsche Bahn and serves major German cities as well as destinations in\nneighbouring countries. The train maximum speed varies between 200 km/h and\n320 km/h (125-200 mph). Connections are offered at either 30-minute, hourly,\nor two-hourly intervals. German railways are heavily subsidised, receiving\n€17.0 billion in 2014.\n\nThe largest German airports are Frankfurt Airport and Munich Airport, both are\nglobal hubs of Lufthansa. Other major airports are Berlin Brandenburg Airport,\nDüsseldorf, Hamburg, Hanover, Cologne/Bonn, and Stuttgart."
  },
  {
    "chapter_name": "Economy of Germany",
    "chapter_id": "1",
    "section_number": "5.3",
    "section_name": "Banking system",
    "text": "Seven German banks are among the biggest in the world. As of 2019, Germany is\nthe country in Europe with the highest number of credit institutions: between\n1,600 and 1,800. The types of institutions are in strong competition with each\nother: 390 _Sparkassen_ and 8 public _Landesbanken_ groups (1,200 billion\neuros of deposits), private commercial banks (DB, Commerzbank, and Unicredit-\nHypoVereinsbank, for 780 billion), cooperative credit banks (700 billion\neuros), savings banks, and _Raiffeisen_. The total of the system is worth\n3,800 billion. 75% of retail customer deposits are managed by savings banks\nand cooperative credit banks.\n\nAccording to Eurostat, in 2022 Germany also recorded the highest European rate\nof gross savings (19.98% of disposable income)."
  },
  {
    "chapter_name": "Economy of Germany",
    "chapter_id": "1",
    "section_number": "6",
    "section_name": "Technology",
    "text": "Liquid crystal as visualised by a polarizing microscope. Germany is a pioneer\nresearch centre for nanotechnology and materials engineering.\n\nGermany's achievements in sciences have been significant, and research and\ndevelopment efforts form an integral part of the economy.\n\nGermany is also one of the leading countries in developing and using green\ntechnologies. Companies specialising in green technology have an estimated\nturnover of €200 billion. German expertise in engineering, science, and\nresearch is eminently respectable.\n\nThe lead markets of Germany's green technology industry are power generation,\nsustainable mobility, material efficiency, energy efficiency, waste management\nand recycling, sustainable water management.\n\nRegarding triadic patents, Germany is in third place after the U.S. and Japan.\nWith more than 26,500 registrations for patents submitted to the European\nPatent Office, Germany is the leading European nation. Siemens, Bosch, and\nBASF, with almost 5,000 registrations for patents between them in 2008, are\namong the top 5 of more than 35,000 companies registering patents. Together\nwith the U.S. and Japan, about patents for nano, bio, and new technologies\nGermany is one of the world's most active nations. With around one-third of\ntriadic patents, Germany leads the way worldwide in the field of vehicle\nemission reduction.\n\nAccording to Winfried Kretschmann, who is premier of the region where Daimler\nis based, \"China dominates the production of solar cells. Tesla is ahead in\nelectric cars and Germany has lost the first round of digitalization to\nGoogle, Apple, and the like. Whether Germany has a future as an industrial\neconomy will depend on whether we can manage the ecological and digital\ntransformation of our economy\"."
  },
  {
    "chapter_name": "Economy of Germany",
    "chapter_id": "1",
    "section_number": "7",
    "section_name": "Challenges",
    "text": "Angela Merkel at the Electromobility conference in Berlin. All new cars sold\nin Germany must be zero-emission vehicles from 2035.\n\nDespite economic prosperity, Germany's biggest threat to future economic\ndevelopment is the nation's declining birthrate, which is among the lowest in\nthe world. This is particularly prevalent in parts of society with higher\neducation. As a result, the numbers of workers are expected to decrease and\nthe government spending needed to support pensioners and healthcare will\nincrease if the trend is not reversed.\n\nLess than a quarter of German people expect living conditions to improve in\nthe coming decades.\n\nOn August 25, 2020, Federal Statistical Office of Germany revealed that the\nGerman economy plunged by 9.7% in the second quarter which is the worst on\nrecord. The latest figures show how hard the German economy was hit by the\ngovernment measures in response to the COVID-19 pandemic.\n\nEnergy-intensive German industry and German exporters were hit particularly\nhard by the 2022 global energy crisis. Economy Minister Robert Habeck warned\nthat the planned end of Russian energy imports will permanently raise energy\nprices for German industry and consumers.\n\nIn the early 21st century, German governments supported the European Green\nDeal and Germany's transition to green energy. Germany planned to phase out\ncoal by 2030. The last three nuclear power plants in Germany were shut down on\n15 April 2023.\n\nSpeaking at the COP28 climate summit in Dubai in December 2023, German\nChancellor Olaf Scholz called for a phase-out of fossil fuels, including coal,\noil and natural gas, and reiterated Germany's commitment to be climate neutral\nby 2045, saying, \"The technologies are there: wind power, photovoltaics,\nelectric motors, green hydrogen.\"\n\nIn April 2025, the German government cut its economic growth forecast for 2025\nto zero, citing the impact of US President Donald Trump's trade policies. The\nUnited States is Germany’s largest trading partner, and Habeck said Trump’s\ntariffs were going to hit the German economy harder than other nations because\nit is so reliant on exports."
  },
  {
    "chapter_name": "Economy of Germany",
    "chapter_id": "1",
    "section_number": "7.1",
    "section_name": "Immigration",
    "text": "In October 2023, Economy Minister Robert Habeck called for more immigration to\nGermany, saying the shortage of skilled workers was the country's \"most\npressing structural problem\". Net immigration to Germany was 663,000 in 2023,\ndown from a record 1,462,000 in 2022."
  },
  {
    "chapter_name": "Economy of Germany",
    "chapter_id": "1",
    "section_number": "7.2",
    "section_name": "Poverty",
    "text": "A beggar in Trier, Germany\n\nIn recent decades, poverty in Germany has been increasing. Children are more\nlikely to be poor than adults. There has been a strong increase in the number\nof poor children. In 1965, only one in 75 children lived on welfare, in 2007\none in 6 did.\n\nPoverty rates differ by states. In 2005, only 6.6% of children and 3.9% of all\ncitizens in states like Bavaria were impoverished. In Berlin, 15.2% of the\ninhabitants and 30.7% of the children received welfare payments.\n\nThe German _Kinderhilfswerk_ , an organization caring for children in need has\ndemanded the government to do something about the poverty problem.\n\nAs of 2015, poverty in Germany was at its highest since the German\nreunification (1990). Some 12.5 million Germans are now classified as poor."
  },
  {
    "chapter_name": "Economy of Germany",
    "chapter_id": "1",
    "section_number": "7.3",
    "section_name": "Homelessness",
    "text": "Homelessness in Germany is a significant social issue, estimated to affect\naround 678,000 people, including about 372,000 people accommodated by public\nservices, e.g. municipalities, in refugee shelters, etc. As of 2017[update]\nthere had been a 150% increase in the homeless population within the country\nsince 2014. Around 22,000 of the homeless population are reported to be\nchildren.[_citation needed_]\n\nIn addition, the country has yet to publish statistics on homelessness at a\nFederal Level despite it being an ongoing and widespread matter."
  },
  {
    "chapter_name": "Economy of Germany",
    "chapter_id": "1",
    "section_number": "7.4",
    "section_name": "Climate change",
    "text": "As a highly industrial, urbanized economy with a relatively short coastline\ncompared to other major economies, the effects of climate change on Germany\nare more narrowly focused than other major economies. Germany's traditional\nindustrial regions are typically the most vulnerable to climate change. These\nare mostly located in the provinces of North Rhine-Westphalia, Saarland,\nRhineland-Palatinate, Thuringia, Saxony, Schleswig-Holstein and the free\ncities of Bremen and Hamburg.\n\nThe Rhineland is historically a heavily industrial and population-dense area\nwhich includes the states of North Rhine-Westphalia, Rhineland Palatinate, and\nSaarland. This region is rich in iron and coal deposits and supports one of\nEurope's largest coal industries. In the past, sulfuric acid emissions from\nRhineland coal plants contributed to acid rain, damaging forests in other\nregions like Hesse, Thuringia, and Saxony.\n\nOther significant problems for the Rhineland related to its high level of\nindustrialization include the destruction of infrastructure from extreme\nweather events, loss of water for industrial purposes, and fluctuation of the\nground water level. Since these problems are related to its level of\nindustrialization, cities within other regions are also sensitive to these\nchallenges including Munich and Bremen."
  }
]