[
  {
    "chapter_name": "Economy of Tunisia",
    "chapter_id": "1",
    "section_number": "1",
    "section_name": "Introduction",
    "text": "| **This article has multiple issues.** Please help **improve it** or discuss these issues on the **talk page**. _(Learn how and when to remove these messages)_ | | This article needs to be **updated**. Please help update this article to reflect recent events or newly available information. _( July 2022)_  \n---|---  \n| This article **has an unclearcitation style**. The references used may be\nmade clearer with a different or consistent style of citation and footnoting.\n_( July 2022)__(Learn how and when to remove this message)_  \n---|---  \n  \n_(Learn how and when to remove this message)_  \n  \nThe economy of Tunisia is in the process of being liberalized after decades of\nheavy state direction and participation in the country's economy. Prudent\neconomic and fiscal planning has resulted in moderate but sustained growth for\nover a decade. Tunisia's economic growth historically has depended on oil,\nphosphates, agri-food products, car parts manufacturing, and tourism. In the\nWorld Economic Forum Global Competitiveness Report for 2015–2016, Tunisia\nranks in 92nd place.\n\nThe year 2015 was marked by terrorist attacks in Tunisia which are likely to\naffect economic growth, especially in tourism, one of the main sectors."
  },
  {
    "chapter_name": "Economy of Tunisia",
    "chapter_id": "1",
    "section_number": "1",
    "section_name": "Historical trend",
    "text": "GDP per capita soared by more than 380% in the seventies (1970–1980: USD\n280–1,369). But this proved unsustainable and it collapsed to a cumulative 10%\ngrowth in the turbulent eighties (1980–1990: USD 1,369–1,507), rising again to\nalmost 50% cumulative growth in the nineties (1990–2000: USD 1,507–2,245),\nsignifying the impact of successful diversification.\n\nOlive grove in Sfax, Tunisia\n\nGrowing foreign debt and the foreign exchange crisis in the mid-1980s led the\ngovernment to launch a structural adjustment program to liberalize prices,\nreduce tariffs, and reorient Tunisia toward a market economy in 1986.\nTunisia's economic reform program was lauded as a model by international\nfinancial institutions. The government liberalized prices, reduced tariffs,\nlowered debt-service-to-exports and debt-to-GDP ratios, and extended the\naverage maturity of its $10 billion foreign debt. Structural adjustment\nbrought additional lending from the World Bank and other Western creditors. In\n1990, Tunisia acceded to the General Agreement on Tariffs and Trade (GATT) and\nis a member of the World Trade Organization (WTO).\n\nIn 1996 Tunisia entered into an \"Association Agreement\" with the European\nUnion (EU) which removed tariffs and other trade barriers on most goods by\n2008. In conjunction with the Association Agreement, the EU is assisting the\nTunisian government's _Mise A Niveau_ (upgrading) program to enhance the\nproductivity of Tunisian businesses and prepare for competition in the global\nmarketplace.\n\nThe government totally or partially privatized around 160 state-owned\nenterprises after the privatization program was launched in 1987. Although the\nprogram is supported by the GATT, the government had to move carefully to\navoid mass firings. Unemployment continued to plague Tunisia's economy and was\naggravated by a rapidly growing workforce. An estimated 55% of the population\nis under the age of 25. Officially, 15.2% of the Tunisian workforce is\nunemployed.\n\nIn 2011, after the Arab Spring, the economy slumped but then recovered with\n2.81% GDP growth in 2014. However, unemployment is still one of the major\nissues with 15.2% of the labor force unemployed as of the first quarter of\n2014. Tunisia's political transition gained new momentum in early 2014, with\nthe resolution of a political deadlock, the adoption of a new Constitution and\nthe appointment of a new government. The national dialogue platform, brokered\nby key civil society organizations, played a crucial role in gathering all\nmajor political parties. This consensus will allow for further reform in the\neconomy and public sector.\n\nIn 2015, the Bardo National Museum attack led to the collapse of the third\nlargest sector of Tunisia's economy; tourism. Tunisian tourist workers in\nTunis have said that \"tourism is dead, it is completely dead\", expressing the\nsevere drop in tourism after the attack.\n\nThe number of ragpickers in Tunisia is increasing due to the continuing high\nlevel of unemployment, the loss of purchasing power of the most disadvantaged\nfamilies, and the explosion of plastic waste due to new consumption habits.\nRagpickers do not benefit from social protection, granted to professions with\na legal status and may be subject to the exploitation of the Recycling\nindustry.\n\nThe following table shows the main economic indicators in 1980–2017. Inflation\nunder 5% is in green.\n\nYear  | GDP\n(in Bil. US$ PPP) | GDP per capita\n(in US$ PPP) | GDP (in bil. US$ nominal) | GDP growth\n(real) | Inflation rate\n(in Percent) | Unemployment\n(in Percent) | Government debt\n(in % of GDP)\n---|---|---|---|---|---|---|---\n1980  | 13.6  | 2,127  | 9.6  | 7.4%  | 10.1%  | n/a  | n/a\n1981  | 15.8  | 2,387  | 9.2  | 5.5%  | 8.9%  | n/a  | n/a\n1982  | 16.6  | 2,463  | 8.9  | −0.5%  | 13.7%  | n/a  | n/a\n1983  | 18.0  | 2,618  | 9.2  | 4.7%  | 9.0%  | n/a  | n/a\n1984  | 19.7  | 2,833  | 9.1  | 5.7%  | 8.6%  | n/a  | n/a\n1985  | 21.5  | 2,991  | 9.2  | 5.7%  | 7.6%  | n/a  | n/a\n1986  | 21.6  | 2,894  | 9.9  | −1.5%  | 6.2%  | n/a  | n/a\n1987  | 23.7  | 3,101  | 10.7  | 6.7%  | 8.2%  | n/a  | n/a\n1988  | 24.5  | 3,158  | 11.1  | 0.1%  | 7.2%  | n/a  | n/a\n1989  | 26.1  | 3,306  | 11.1  | 2.6%  | 7.7%  | n/a  | n/a\n1990  | 29.0  | 3,560  | 14.1  | 7.1%  | 6.5%  | 16.2%  | n/a\n1991  | 31.2  | 3,756  | 14.9  | 4.1%  | 7.7%  | 16.2%  | 66.4%\n1992  | 34.5  | 4,065  | 17.8  | 8.0%  | 5.5%  | 16.2%  | 65.2%\n1993  | 36.2  | 4,224  | 16.7  | 2.5%  | 4.0%  | 16.3%  | 66.9%\n1994  | 38.3  | 4,362  | 17.9  | 3.6%  | 5.4%  | 16.3%  | 67.0%\n1995  | 40.2  | 4,484  | 20.6  | 2.7%  | 6.2%  | 16.2%  | 68.8%\n1996  | 43.7  | 4,808  | 22.3  | 6.9%  | 3.7%  | 16.1%  | 70.1%\n1997  | 47.0  | 5,100  | 21.8  | 5.7%  | 3.6%  | 15.9%  | 69.9%\n1998  | 49.9  | 5,342  | 22.9  | 5.0%  | 3.1%  | 16.1%  | 61.0%\n1999  | 53.7  | 5,676  | 24.1  | 6.0%  | 2.8%  | 16.0%  | 65.0%\n2000  | 57.3  | 5,993  | 22.5  | 4.3%  | 2.8%  | 15.7%  | 65.9%\n2001  | 61.4  | 6,362  | 23.1  | 4.9%  | 1.9%  | 15.1%  | 54.7%\n2002  | 63.4  | 6,503  | 24.3  | 1.7%  | 1.9%  | 15.3%  | 54.2%\n2003  | 68.2  | 6,931  | 28.8  | 5.5%  | 2.1%  | 14.5%  | 55.1%\n2004  | 74.3  | 7,476  | 32.7  | 6.0%  | 2.5%  | 14.2%  | 54.1%\n2005  | 79.7  | 7,947  | 33.9  | 4.0%  | 2.4%  | 12.8%  | 52.4%\n2006  | 86.8  | 8,570  | 36.1  | 5.7%  | 3.2%  | 12.5%  | 47.8%\n2007  | 94.7  | 9,260  | 40.8  | 6.3%  | 3.0%  | 12.4%  | 44.8%\n2008  | 100.8  | 9,763  | 47.0  | 4.5%  | 4.3%  | 12.4%  | 42.0%\n2009  | 104.8  | 10,036  | 45.6  | 3.1%  | 3.7%  | 13.3%  | 40.5%\n2010  | 108.8  | 10,315  | 46.2  | 2.6%  | 3.3%  | 13.0%  | 39.2%\n2011  | 108.9  | 10,204  | 48.1  | −1.9%  | 3.5%  | 18.9%  | 43.1%\n2012  | 115.2  | 10,694  | 47.3  | 3.9%  | 5.1%  | 16.7%  | 47.7%\n2013  | 120.0  | 11,020  | 48.7  | 2.4%  | 5.8%  | 15.3%  | 46.8%\n2014  | 124.9  | 11,355  | 50.3  | 2.3%  | 4.9%  | 15.3%  | 51.6%\n2015  | 127.6  | 11,487  | 45.8  | 1.1%  | 4.9%  | 15.4%  | 54.8%\n2016  | 130.5  | 11,448  | 44.4  | 1.0%  | 3.7%  | 15.5%  | 61.2%\n2017  | 135.4  | 11,755  | 42.2  | 1.9%  | 5.3%  | 15.3%  | 71.3%"
  },
  {
    "chapter_name": "Economy of Tunisia",
    "chapter_id": "1",
    "section_number": "2",
    "section_name": "External trade and investment",
    "text": "Tunisian exports in 2006\n\nIn 1992, Tunisia re-entered the private international capital market for the\nfirst time in 6 years, securing a $10-million line of credit for balance-of-\npayments support. In January 2003 Standard & Poor's affirmed its investment\ngrade credit ratings for Tunisia. The World Economic Forum 2002-03 ranked\nTunisia 34th in the Global Competitiveness Index Ratings (two places behind\nSouth Africa, the continent's leader). In April 2002, Tunisia's first US\ndollar-denominated sovereign bond issue since 1997 raised $458 million, with\nmaturity in 2012.\n\nThe Bourse de Tunis is under the control of the state-run Financial Market\nCouncil and lists over 50 companies. The government offers substantial tax\nincentives to encourage companies to join the exchange, and expansion is\noccurring.\n\nThe Tunisian government adopted a unified investment code in 1993 to attract\nforeign capital. More than 1,600 export-oriented joint venture firms operate\nin Tunisia to take advantage of relatively low labor costs and preferential\naccess to nearby European markets. Economic links are closest with European\ncountries, which dominate Tunisia's trade. Tunisia's currency, the dinar, is\nnot traded outside Tunisia. However, partial convertibility exists for bona\nfide commercial and investment transaction. Certain restrictions still limit\noperations carried out by Tunisian residents.\n\nThe stock market capitalisation of listed companies in Tunisia was valued at\n$5.3 Billion in 2007, 15% of 2007 GDP, by the World Bank.\n\nFor 2007, foreign direct investment totaled TN Dinar 2 billion in 2007, or\n5.18% of the total volume of investment in the country. This figure is up\n35.7% from 2006 and includes 271 new foreign enterprises and the expansion of\n222 others already based in the country.\n\nThe economic growth rate seen for 2007, at 6.3% is the highest achieved in a\ndecade.\n\nOn 29 and 30 November, Tunisia held an investment conference with country\nchiefs from all around the world with pledges that have reached $30 billion to\nfinance new public projects.\n\nAs of 2022, Tunisia's government is in need of international help as the\neconomy grapples with a crisis in public finances that has raised fears it may\ndefault on debt and has contributed to shortages of food and fuel, according\nto government critics. As a result, the government announced in December 2022\nthat they expect to reduce its fiscal deficit to 5.5% in 2023 from a forecast\n7.7% this year, driven by austerity measures that could pave the way for a\nfinal deal with the International Monetary Fund on a rescue package. In 2025,\nTunisia severed ties with the IMF.\n\nTunisia's exports to Libya, exceeding 18% growth between 2020 and 2024."
  },
  {
    "chapter_name": "Economy of Tunisia",
    "chapter_id": "1",
    "section_number": "2.1",
    "section_name": "Loan guarantee",
    "text": "Source:\n\nOn 20 April 2012, U.S. Treasury Secretary and Tunisian Finance Minister\nHoucine Dimassi signed a declaration of intent to move forward on a U.S. loan\nguarantee for Tunisia. The U.S. Government would provide this loan guarantee\nto enable the Tunisian government to access significant market financing at\naffordable rates and favorable maturities with the backing of a U.S. guarantee\nof principal and interest (up to 100 percent).\n\nThe support would consist of the U.S. guarantee of Tunisian government-issued\ndebt (or of bank loans made to the Government of Tunisia). This guarantee will\nsignificantly reduce the Tunisian government's borrowing costs at a time when\nmarket access has become more expensive for many emerging market countries. In\nthe weeks ahead, both governments intend to make progress on a loan guarantee\nagreement that would allow Tunisia to move forward with a debt issuance.\n\nThe ceremony took place at the World Bank immediately following the meeting of\nFinance Ministers of the Deauville Partnership with Arab Countries in\nTransition.\n\nMicrofinance institutions, such as Enda Tamweel, exist to assist those who are\nunable to access the regular banking system. This comprises those living in\nrural or impoverished regions where the informal sector thrives, accounting\nfor 34% of Tunisia's GDP.\n\nEnda Tamweel has made over 3 million microloans to over 900,000 people in the\n30 years since its inception, infusing more than €1.6 billion into the local\neconomy."
  },
  {
    "chapter_name": "Economy of Tunisia",
    "chapter_id": "1",
    "section_number": "3",
    "section_name": "Energy",
    "text": "Tunisia's natural resources are modest when compared to those of its\nneighbors: Algeria and Libya. This modesty in natural resources forced the\ncountry to import oil, which contributed to the rise in the cost of gasoline:\non 26 April 2006, the liter crossed the bar of one dinar to sell for 1.50\nTunisian dinars. (a price equivalent to European prices from the point of view\nof purchasing power parity)."
  },
  {
    "chapter_name": "Economy of Tunisia",
    "chapter_id": "1",
    "section_number": "3.1",
    "section_name": "Electricity",
    "text": "* **Production:** 16.13 Billion kWh (2011)\n* **Production by source:**\n* _fossil fuel:_ 96.8% (2010)\n* _hydro:_ 1.7% (2010)\n* _other:_ 1.5% (2010)\n* **Consumption:** 13.29 billion kWh (2010)\n* **Exports:** None (2010)\n* **Imports:** 19 million kWh (2010)"
  },
  {
    "chapter_name": "Economy of Tunisia",
    "chapter_id": "1",
    "section_number": "4",
    "section_name": "Economic structure",
    "text": "In 2017, the breakdown by economic sector is as follows:\n\nEconomy sector  | contribution to GDP\n---|---\n**Agriculture** | 10,1 %\n**Industry** | 26,2 %\n**Services** | 63,8 %"
  },
  {
    "chapter_name": "Economy of Tunisia",
    "chapter_id": "1",
    "section_number": "4.1",
    "section_name": "Agriculture",
    "text": "**Agriculture - products:** olives, grain, tomatoes, citrus fruit, sugar\nbeets, dates, almonds.\n\nIn 2018, Tunisia produced:\n\n* 1.5 million tons of wheat;\n* 1.3 million tons of tomato (16th largest producer in the world);\n* 825 thousand tons of olives (7th largest producer in the world);\n* 700 thousand tons of barley;\n* 548 thousand tons of watermelon;\n* 450 thousand tons of onion;\n* 426 thousand tons of pepper;\n* 423 thousand tons of potato;\n* 241 thousand tons of date (10th largest producer in the world);\n* 217 thousand tons of carrots;\n* 146 thousand tons of grape;\n* 144 thousand tons of orange;\n* 118 thousand tons of peach;\n* 114 thousand tons of apple;\n* 104 thousand tons of grapefruit;\n* 102 thousand tons of melon.\n\nIn addition to smaller productions of other agricultural products, like almond\n(66 thousand tons) and sugar beet (76 thousand tons)."
  }
]