[
  {
    "chapter_name": "Economy of Barbados",
    "chapter_id": "1",
    "section_number": "1",
    "section_name": "Introduction",
    "text": "| This article **needs additional citations forverification**. Please help\nimprove this article by adding citations to reliable sources. Unsourced\nmaterial may be challenged and removed.  \n_Find sources:_ \"Economy of Barbados\" – news **·** newspapers **·** books\n**·** scholar **·** JSTOR _( May 2023)__(Learn how and when to remove this\nmessage)_  \n---|---  \n  \nSince the island country's independence in 1966, the **economy of Barbados**\nhas been transformed from a low-income economy dependent upon sugar production\ninto a high-income economy based on tourism and the offshore sector. Barbados\nwent into a deep recession in the 1990s after 3 years of steady decline\nbrought on by fundamental macroeconomic imbalances.[_citation needed_] After a\npainful re-adjustment process, the economy began to grow again in 1993. Growth\nrates have averaged between 3%–5% since then. The country's three main\neconomic drivers are: tourism, the international business sector, and foreign\ndirect-investment. These are supported in part by Barbados operating as a\nservice-driven economy and an international business centre.\n\nIn June 2018 Barbados announced the default on its bonds, after revealing that\nits debt amounted to $7.5 billion (the fourth highest debt in debt-to-GDP\nratio in the world)."
  },
  {
    "chapter_name": "Economy of Barbados",
    "chapter_id": "1",
    "section_number": "0.1",
    "section_name": "Pre-independence",
    "text": "Since the first settlement by the British in 1625, through history the\n**economy of Barbados** was primarily dependent on agriculture. It had been\nrecorded that minus the marshes and gully regions, during the 1630s much of\nthe desirable land had been deforested across the entire island. In the 1640s,\n\nBarbados shifted from small-scale mixed crop farming using indentured labor to\nlarge-scale sugar production, introduced by the Jewish community that\nimmigrated to Barbados when exiled from Dutch Brazil. Land was divided into\nlarge estate-plantations, with a labor-force that was almost entirely made up\nof enslaved men and women.\n\nSugar cane became the driving force in the economy of Barbados. Barbados soon\nhad built so many windmills that the island had the second highest density of\nwindmills per square mile in the world, after the Netherlands. For about the\nnext 100 years Barbados remained the richest of all the European colonies in\nthe Caribbean region due to sugar. The prosperity in the colony of Barbados\nremained regionally unmatched until sugar cane production caught up in\ngeographically larger countries such as Jamaica and elsewhere. Despite being\neclipsed by larger makers of sugar, Barbados continued to produce the crop\nwell into the 20th century.\n\nWhile the emancipation of African slaves in the British Empire in 1833,\nnominally liberated the slaves, limited access to education and land kept the\nfreed as a disenfranchised underclass. As such, emphasis began to be placed on\nincreased labour rights as well as upward mobility and strong education to\ncombat plantation living.\n\nDuring the 1920s, politicians in Barbados started a push for more self-\ngovernment. As the 1940s–1950s rolled around, Barbados moved towards\ndeveloping political ties with neighbouring Caribbean islands. By 1958 the\nWest Indies Federation was proposed by the British government for Barbados and\nnine other Caribbean territories. The Federation was first led by the Premier\nof Barbados, however the experiment ended by 1962. Later, Barbados tried to\nnegotiate several other unions with other islands, yet it became likely that\nBarbados needed to move on. Subsequently, the island peacefully negotiated its\nindependence with the British Government and the island became independent at\nmidnight on November 30, 1966."
  },
  {
    "chapter_name": "Economy of Barbados",
    "chapter_id": "1",
    "section_number": "0.2",
    "section_name": "Post-independence",
    "text": "After the country became independent of the United Kingdom on 30 November 1966\nsugar cane still remained a chief money-maker for Barbados. The island's\npoliticians tried to diversify the economy from just agriculture. During the\n1950s–1960s visitors from both Canada and the United Kingdom started\ntransforming tourism into a huge contributor for the Barbadian economy. The\nman-made Deep Water Harbour port at Bridgetown had been completed in 1961, and\nthereafter the island could handle most modern oceangoing ships for shipping\nsugar or handling cargoes at the port facility.\n\nAs the 1970s progressed, global companies started to recognise Barbados for\nits highly educated population. In May 1972 Barbados formed its own Central\nBank, breaking off from the East Caribbean Currency Authority (ECCA). By 1975\nthe Barbadian dollar was changed to a new fixed / constant rate of exchange\nrate with the US$ with the rate being changed to present day US$1 = BBD$1.98\n(BBD$1.00 = ~US$0.50).\n\nBy the 1980s a growing manufacturing industry was seen as a considerable\nearner for the Barbados economy. With manufacturing then being led by\ncompanies such as Intel Corporation and others, the Manufacturing industry\ncontributed greatly to the economy during the 1980s and early 1990s.\n\n> Under the 1993 Wage and Price Protocol, workers and unions assented to a\n> one-time cut in real wages of about 9 percent and agreed to keep their\n> demands for future pay raises in line with increases in productivity. Firms\n> promised to moderate their price increases, the government maintained the\n> parity of the currency, and all parties agreed to the creation of a national\n> productivity board to provide better data on which to base future\n> negotiations.\n\nIn the early 1990s the country's economy was hit hard when real GDP per capita\ndeclined by 5.1% per year between 1989 and 1992 partly due to the 1990 oil\nprice spike. Barbados entered into an agreement with the International\nMonetary Fund financial assistance after a long and hard period of\nnegotiations between the IMF, the government of Barbados, labour unions and\nemployers. This led to a protocol on wages and prices in 1993. This helped\nprevent an inflationary spiral and restored the island's international\ncompetitiveness thereby leading to a period of long-term economic growth of\n2.7% between 1993 and 2000.\n\nAs one of the founding members, Barbados joined the World Trade Organization\n(WTO) on 1 January 1995. Following this, the Government of Barbados\naggressively tried to make the Barbados economy fully WTO compliant. This led\nto the collapse of much of the manufacturing industry of Barbados during the\nlate 1990s in favour of many companies like Intel and others moving to lower\ncost Asian economies. During the late 1990s more companies started to become\ninterested in Barbados' offshore sector, until it over took sugar as the new\nchief money maker. In 1999–2000 the Organisation for Economic Co-operation and\nDevelopment (OECD) \"blacklist\" was circulated with Barbados listed in error.\nThe negative fallout stymied new investment into Barbados' offshore sector for\nnearly two years as Barbados' authorities acted swiftly successfully proving\nthat Barbados' economy was regulated sufficiently to ward off financial\ncriminal activity and that it was not a \"tax haven\" as charged, but instead a\nlow-tax regime.\n\nAs the global recession hit in 2001, the offshore sector in Barbados slightly\ncontracted further, thereby making tourism the new chief money maker, after\nhaving earlier eclipsed manufacturing and sugar cane. The Government of\nBarbados further changed legislation to transform the Barbados economy into\none which fosters investment. This led to several new hotel developments. The\ngovernment continues to try maintaining constraint from personal involvement\nin the Hotel activity and instead seeks private investment into the Barbados\neconomy for future growth.[_citation needed_]\n\nSeveral large hotel projects like the Port Charles Marina project in\nSpeightstown helped the tourism industry continue to expand in 1996–99, and\nmore recently the new Hilton Hotel on Needhams Point, Saint Michael in 2005.\n\nVarious firms from Wall Street in New York provide routine economic analysis\nof the Barbadian economy. This has included such firms as Standard & Poor's\nand Moody's."
  },
  {
    "chapter_name": "Economy of Barbados",
    "chapter_id": "1",
    "section_number": "1",
    "section_name": "Data",
    "text": "The following table shows the main economic indicators in 1980–2021 (with IMF\nstaff estimates in 2022–2027). Inflation below 5% is in green.\n\nYear  | GDP (in Bil. US$PPP) | GDP per capita (in US$ PPP) | GDP (in Bil. US$nominal) | GDP per capita (in US$ nominal) | GDP growth (real) | Inflation rate (in Per cent) | Unemployment (in Per cent) | Government debt (in % of GDP)\n---|---|---|---|---|---|---|---|---\n1980  | 1.5  | 6,000.5  | 1.0  | 4,036.5  | 4.4%  | 18.5%  | n/a  | n/a\n1981  | 1.6  | 6,420.8  | 1.1  | 4,427.1  | -1.9%  | 14.6%  | 10.8%  | n/a\n1982  | 1.6  | 6,464.1  | 1.2  | 4,611.7  | -4.9%  | 10.3%  | 13.7%  | n/a\n1983  | 1.7  | 6,732.8  | 1.2  | 4,882.8  | 0.5%  | 5.3%  | 14.9%  | n/a\n1984  | 1.8  | 7,207.9  | 1.4  | 5,308.3  | 3.6%  | 4.6%  | 17.0%  | n/a\n1985  | 1.9  | 7,496.1  | 1.4  | 5,539.6  | 1.1%  | 4.9%  | 18.6%  | n/a\n1986  | 2.1  | 8,011.6  | 1.6  | 6,062.8  | 5.1%  | 0.2%  | 17.7%  | n/a\n1987  | 2.2  | 8,394.6  | 1.7  | 6,653.7  | 2.6%  | 3.6%  | 17.9%  | n/a\n1988  | 2.3  | 8,962.9  | 1.8  | 7,052.0  | 3.5%  | 4.7%  | 17.1%  | n/a\n1989  | 2.5  | 9,615.1  | 2.0  | 7,776.7  | 3.6%  | 6.3%  | 15.2%  | n/a\n1990  | 2.5  | 9,611.8  | 2.0  | 7,772.2  | -3.3%  | 3.0%  | 14.9%  | n/a\n1991  | 2.5  | 9,516.4  | 2.0  | 7,777.9  | -3.9%  | 6.3%  | 17.2%  | n/a\n1992  | 2.4  | 9,146.7  | 2.0  | 7,464.9  | -5.7%  | 6.0%  | 22.9%  | n/a\n1993  | 2.5  | 9,405.9  | 2.1  | 7,886.8  | 0.8%  | 1.2%  | 24.4%  | n/a\n1994  | 2.6  | 9,764.6  | 2.2  | 8,194.4  | 2.0%  | 0.7%  | 21.8%  | 55.9%\n1995  | 2.7  | 10,134.8  | 2.2  | 8,414.1  | 2.0%  | 2.8%  | 19.6%  | 57.9%\n1996  | 2.8  | 10,690.0  | 2.4  | 8,938.6  | 4.0%  | 2.4%  | 15.8%  | 58.5%\n1997  | 3.0  | 11,347.0  | 2.5  | 9,412.4  | 4.7%  | 7.7%  | 14.6%  | 58.5%\n1998  | 3.2  | 11,859.3  | 2.8  | 10,573.1  | 3.7%  | -1.3%  | 12.2%  | 53.9%\n1999  | 3.2  | 12,022.0  | 3.0  | 11,039.1  | 0.3%  | 1.6%  | 10.4%  | 53.8%\n2000  | 3.5  | 12,797.8  | 3.1  | 11,337.0  | 4.5%  | 2.4%  | 9.4%  | 61.3%\n2001  | 3.4  | 12,736.8  | 3.1  | 11,284.4  | -2.4%  | 2.8%  | 9.9%  | 67.5%\n2002  | 3.5  | 12,999.5  | 3.1  | 11,442.6  | 0.8%  | 0.2%  | 10.3%  | 71.0%\n2003  | 3.7  | 13,505.1  | 3.2  | 11,788.7  | 2.2%  | 1.6%  | 11.0%  | 70.9%\n2004  | 3.8  | 14,019.8  | 3.4  | 12,612.2  | 1.4%  | 1.4%  | 9.6%  | 70.5%\n2005  | 4.1  | 14,982.5  | 3.8  | 13,939.7  | 4.0%  | 6.1%  | 9.1%  | 73.3%\n2006  | 4.5  | 16,259.1  | 4.2  | 15,334.0  | 5.7%  | 7.3%  | 8.7%  | 75.8%\n2007  | 4.7  | 16,997.6  | 4.7  | 16,925.6  | 2.2%  | 4.0%  | 7.4%  | 77.4%\n2008  | 4.8  | 17,370.9  | 4.8  | 17,254.2  | 0.7%  | 8.1%  | 8.1%  | 83.4%\n2009  | 4.6  | 16,526.2  | 4.5  | 16,036.4  | -5.1%  | 3.6%  | 10.0%  | 100.0%\n2010  | 4.6  | 16,278.0  | 4.5  | 16,203.3  | -2.3%  | 5.8%  | 10.3%  | 108.2%\n2011  | 4.6  | 16,443.7  | 4.7  | 16,599.0  | -0.7%  | 9.4%  | 11.2%  | 112.6%\n2012  | 4.3  | 15,425.3  | 4.6  | 16,372.0  | -0.5%  | 4.5%  | 11.5%  | 123.7%\n2013  | 4.4  | 15,432.5  | 4.7  | 16,556.1  | -1.4%  | 1.8%  | 11.6%  | 135.2%\n2014  | 4.3  | 15,252.1  | 4.7  | 16,572.3  | -0.1%  | 1.8%  | 12.3%  | 139.3%\n2015  | 4.4  | 15,571.2  | 4.7  | 16,589.5  | 2.4%  | -1.1%  | 11.3%  | 147.0%\n2016  | 4.6  | 15,996.9  | 4.8  | 16,947.6  | 2.5%  | 1.5%  | 9.7%  | 149.5%\n2017  | 4.5  | 15,817.7  | 5.0  | 17,423.3  | 0.5%  | 4.4%  | 10.0%  | 158.3%\n2018  | 4.6  | 16,060.4  | 5.1  | 17,758.1  | -0.6%  | 3.7%  | 10.1%  | 126.0%\n2019  | 4.6  | 16,096.4  | 5.3  | 18,448.8  | -1.3%  | 4.1%  | 10.1%  | 123.2%\n2020  | 4.0  | 14,018.1  | 4.7  | 16,245.1  | -13.7%  | 2.9%  | 21.3%  | 147.0%\n2021  | 4.2  | 14,665.6  | 4.9  | 16,817.3  | 0.7%  | 3.1%  | 14.1%  | 135.4%\n2022  | 5.0  | 17,313.7  | 5.8  | 20,003.7  | 10.5%  | 9.9%  | 10.8%  | 117.9%\n2023  | 5.4  | 18,779.5  | 6.3  | 21,636.4  | 5.0%  | 8.2%  | 10.0%  | 110.0%\n2024  | 5.7  | 19,698.8  | 6.7  | 22,934.7  | 3.0%  | 5.3%  | 9.9%  | 103.0%\n2025  | 6.0  | 20,534.5  | 7.0  | 24,124.8  | 2.6%  | 3.5%  | 9.9%  | 95.7%\n2026  | 6.2  | 21,352.5  | 7.4  | 25,158.9  | 2.3%  | 2.8%  | 9.8%  | 89.4%\n2027  | 6.5  | 22,110.1  | 7.6  | 26,056.6  | 1.8%  | 2.4%  | 9.5%  | 83.5%"
  },
  {
    "chapter_name": "Economy of Barbados",
    "chapter_id": "1",
    "section_number": "2",
    "section_name": "Current",
    "text": "| This section needs to be **updated**. Please help update this article to\nreflect recent events or newly available information. _( May 2023)_\n---|---\n\nIn 2008, Barbados had a GDP (PPP) of $5.466 billion, a GDP (official exchange\nrate) of $3.777 billion, a GDP real growth rate of 1.5%, and a per capita PPP\nof $19,300. The GDP was composed of the following sectors: agriculture 6%,\nindustry 16%, and services 78% (2000 est.) In 2001, it had a labor force of\n128,500, of which 10% were in agriculture, 15% in industry, and 75% in\nservices (1996 est.). The unemployment rate in 2003 was 10.7%, and the\ninflation rate in 2007 was 5.5%. The Barbadian government had estimated\nrevenues of $847 million (including grants) in 2000, and expenditures of $886\nmillion. The industrial production growth rate was -3.2%.\n\nOffshore finance and informatics are important foreign exchange earners, and\nthere is also a light manufacturing sector. The government continues its\nefforts to reduce the unacceptably high unemployment rate, which it met in the\n1990s, encourage direct foreign investment, and privatise remaining state\nowned Crown corporations of Barbados.\n\nThe main factors responsible for the improvement in economic activity include\nan expansion in the number of tourist arrivals, an increase in manufacturing,\nand an increase in sugar production. Recently, offshore banking and financial\nservices also have become an important source of foreign exchange and economic\ngrowth.\n\nEconomic growth has led to net increases in employment in the tourism sector,\nas well as in construction and other services sub-sectors of the economy. The\npublic service remains Barbados' largest single employer. Total labour force\nhas increased from 126,000 in 1993 to 140,000 persons in 2000, and\nunemployment has dropped significantly from over 20% in the early 1990s to\n9.3% at the end of 2000.\n\nThe Barbados government encourages the development in: financial services,\ninformatics, e-commerce, tourism, educational and health services, and\ncultural services for the future. In 2000 based on Barbados' level of growth –\n(at the time) Barbados was supposed to become the world's smallest developed\ncountry by 2008. This had then been restated as being achievable by around\n2025.\n\nIn May 2018 The Prime Minister Mia Mottley disclosed previously uncovered\nfinancial obligations of the state. The Prime Minister said that the new\ngovernment inherited 15 billion Barbados dollars of debt (about 7.5 billion US\ndollars). Disclosure of information about the current level of debt has led to\nan increase in the debt-to-GDP ratio from 137% to 175%. This is the fourth\nvalue in the world after Japan, Greece, and Sudan. Mia Mottley announced that\nnew government had no other choice than to ask the IMF to facilitate debt\nrestructuring. On 5 June 2018 Barbados didn't fulfill its obligation to pay\nthe 26th coupon on Eurobonds maturing in 2035. According to Cbonds, excluding\nthe disclosure of the true level of debt, on 7 June 2018 the country had 47\ndebt issues in circulation totaling 4.425 billion US dollars."
  },
  {
    "chapter_name": "Economy of Barbados",
    "chapter_id": "1",
    "section_number": "2.1",
    "section_name": "Wages",
    "text": "Although Barbadians have been ranked as being on the high end of wages\ncompared to those in the Americas, prices for food, goods and services are\nalso extremely high. The national minimum wage in Barbados, where wages can be\nno less than BBD$8.50 (~ US$4.21) per hour.\n\nIn October 2009, Dr. DeLisle Worrell, who later become the replacement\ngovernor of Barbados' Central Bank of Barbados and was executive director of\nthe Centre for Money and Finance at the UWI Cave Hill Campus revealed that\n\"the average Barbadian now earns between BBD$200 and BBD$499 per week....\"\n\nIn 2010 Barbados' population was tabulated at some 281,968 with 80% at working\nage yet less than half (106,241 or 38%) were actually registered as employed.\n\nOf these the overall estimates of his finds showed that:\n\n* There was a roughly 4,400 (1.6%) workers who earned less than BBD$200 (US$100) per week.\n* There were 32,800 (12%) workers who earned between BBD$200 (US$100) and BBD$499 (US$249.50) a week.\n* About 19,100 (7%) workers who earned from BBD$500 (US$250) to BBD$999(US$449.50),\n* 3,700 (1.3%) workers who earned between BBD$1000 (US$500) and BBD$1300(US$650), and\n* 4,100 (1.5%) who earned more than BBD$1300 (US$650) a week."
  },
  {
    "chapter_name": "Economy of Barbados",
    "chapter_id": "1",
    "section_number": "2.1.1",
    "section_name": "General",
    "text": "In 1997 Barbados implemented a general taxation that covers most items. Known\nas the Value-Added Tax (\"VAT\") it covers almost all items at a 17.5% tax rate\nand an 8.75% for hotel accommodations. Exported goods and services,\nprescription drugs and a few other specific items are zero rated under the\nlegislation. The VAT replaced several other taxes such as: the Consumption\nTax, Surcharge, Excise Tax and an Environmental Levy. People operating under\nBarbados' VAT regime must be registered for VAT and from 1 December 2010, the\nthreshold for VAT registration has been BBD$80,000 (previously BBD$60,000).\n\nThe island continues to wean off of taxes outside of the VAT system. In 2002\nthe Barbados government increased the level of people in Barbados who are\nexempt from having to pay taxes on their homes. This has steadily grown with\nthe island heading for a possible rate of 0% taxation in all other areas.\n\nThe government has also toyed with the idea of making retirement savings as\ntax exempt, to encourage Barbadians to spend less on goods and to encourage\nBarbadians to save more income as they once used to.\n\nBuilding and land owners are liable to land tax on the market value of their\nproperty at rates currently ranging from 0.1 per cent (for valuations from\nBBD$150,000) to 0.75 per cent (BBD$1,000,000) on all properties (revalued on a\nthree-year basis) and there are approximately 115,000 parcels listed.\nExemptions include crown land; University of the West Indies; religious and\nbenevolent organizations (of which there are many thousands); cemeteries; etc.\n\nAnnual Land Tax\nCollections:  | Residential  | Non residential  | Land only  | Total (BBD$ million)\n---|---|---|---|---\n2008  | 37.4  | 45.4  | 27.4  | 110.2\n2009  | 36.9  | 46.3  | 28.1  | 111.3\n2010  | 39.4  | 48.7  | 29.4  | 117.5\n2011  | 41.8  | 45.5  | 31.7  | 119.0\n2012  | 43.8  | 41.5  | 34.6  | 119.9\n\nPersonal income tax was lowered from 20% to 17.5% in 2012 and applied on\nincome of less than BBD$30,000 with a rate of 35% apply on income over\nBBD$30,000 and individuals who are both resident and domiciled in Barbados are\ntaxed on their worldwide income. Generally, persons paying salaries or wages\nor other emoluments must withhold tax from remuneration paid to employees\n(PAYE). Every individual between the ages of 16 and 65, who is employed in\nBarbados must be insured under the National Insurance and Social Security Act\nand contributions are determined as a percentage of insurable earnings up to a\nmaximum of $4,090 per month or $944 per week up to 13.5% (6.5% from employee\nand 6.5% from employer).\n\nA new tax, called the Municipal Solid Waste Tax, was introduced and took\neffective in 2014.\n\nTax on Income, Profits and Capital Gains include: Income Tax, Corporate Tax,\nWithholding Tax, and Insurance Premium Tax.\n\nTax on Goods and Services include: Consumption Tax, Excise Taxes, Value Added\nTax, Hotel & Restaurant Tax, Other Taxes on Goods and Services (includes\nLicenses, Motor Vehicle Tax, and Selective Taxes on Services).\n\nCorporation tax rates charge 'Regular' companies 25% and 'Small' companies\n15%. Employers must remit tax withheld from employees' emoluments to the\nDepartment of Inland Revenue by the 15th day of the next month after they\ndeducted the tax.\n\nStamp duty tax is still levied on sale of shares of companies listed on the\nBarbados Stock Exchange; on sale of real estate, leases and shares in public\ncompanies; and on mortgages."
  },
  {
    "chapter_name": "Economy of Barbados",
    "chapter_id": "1",
    "section_number": "2.1.2",
    "section_name": "Bilateral treaties",
    "text": "Barbados has several bilateral tax treaties, mostly aimed at removing double\ntaxation on companies that operate in the Barbados economy. Since Barbados is\nat times considered an expensive place to conduct business, the treaties are\nmainly a measure to provide some savings to international businesses that\noperate in Barbados. Countries that Barbados has taxation agreements with\ninclude:\n\n* Austria\n* Botswana\n* Canada\n* China,\n* CARICOM\n* Cuba\n* Finland\n* Luxembourg\n* Malta\n* Mauritius\n* Mexico\n* Netherlands\n* Norway\n* Panama\n* Seychelles\n* Spain\n* Sweden\n* Switzerland\n* The United Kingdom\n* The United States\n* Venezuela\n\n_Source:_ Barbados Government website containing the text of the majority of\nthe above tax treaties\n\nThe bilateral tax treaty negotiated with Canada in particular has been a\npolitical-football for the government of that country.[_when?_][_citation\nneeded_] The treaty was made to allow the profits for IBCs and offshore\nbanking companies to be repatriated to Canada tax-free after paying taxes in\nBarbados. The aim was mainly for companies like the Canadian Imperial Bank of\nCommerce (CIBC), Royal Bank of Canada (RBC), and Scotiabank, which (along with\nBarclays of the United Kingdom), when-combined control a healthy majority of\nBarbados' local Commercial Banking sector. In essence the treaty makes the\neconomy of Barbados almost an unofficial part of the Canadian economy and it\nwas aimed at allowing Canadian companies to extract profits back to Canada\nmore easily.[_citation needed_]"
  },
  {
    "chapter_name": "Economy of Barbados",
    "chapter_id": "1",
    "section_number": "2.2",
    "section_name": "Agriculture",
    "text": "The cultivation of sugar cane, such as the cane growing in this field outside\nSaint Andrew, has always been a big part of the island's economy.\n\nAbout 16,000 hectares (40,000 acres), or 37.2% of the total land area, are\nclassified as arable. At one time, nearly all arable land was devoted to\nsugarcane, but the percentage devoted to ground crops for local consumption\nhas been increasing. In 1999, 500,000 tons of sugarcane were produced, down\nfrom the annual average of 584,000 tons in 1989–91. In 2001, sugar exports\namounted to US$22 million, or 8.4% of total exports. Major food crops (\"Ground\nprovisions\") are yams, sweet potatoes, corn, eddoes, cassava, and several\nvarieties of beans. Inadequate rainfall and lack of irrigation has prevented\nthe development of other agricultural activity, although some vegetable\nfarming takes place on a commercial scale. Some cotton is also grown in drier\nparts of the island, but until cotton can be picked by machine it is unlikely\nthat output will rise to its former level."
  },
  {
    "chapter_name": "Economy of Barbados",
    "chapter_id": "1",
    "section_number": "2.3",
    "section_name": "Animal husbandry",
    "text": "Livestock rearing isn't a major occupation in Barbados, chiefly because good\npasture has always been scarce & imported animal feed is expensive. The island\nmust import large quantities of meat and dairy products. Most livestock is\nowned by individual households. Estimates for 1999 showed 23,000 head of\ncattle, 41,000 sheep, 33,000 hogs, 5,000 goats, and 4,000,000 chickens.\nPoultry production in 1999 included 9,000 tons of meat and 1,000 tons of hen\neggs. Apart from self-sufficiency in milk and poultry, the limited\nagricultural sector means that Barbados imports large amounts of basic foods,\nincluding wheat and meat."
  },
  {
    "chapter_name": "Economy of Barbados",
    "chapter_id": "1",
    "section_number": "2.4",
    "section_name": "Fishing",
    "text": "The fishing industry employs about 2,000 persons, and the fleet consists of\nmore than 500 powered boats. The catch in 2000 was 3,100 metric tons. Flying\nfish, dolphin fish, tuna, turbot, kingfish, and swordfish are among the main\nspecies caught. A fisheries terminal complex opened at Oistins in 1983."
  },
  {
    "chapter_name": "Economy of Barbados",
    "chapter_id": "1",
    "section_number": "2.5",
    "section_name": "Forestry",
    "text": "Fewer than 20 hectares (49 acres) of original forests have survived the 300\nyears of sugar cultivation. There are an estimated 5,000 hectares (12,000\nacres) of forested land, covering about 12% of the total land area. Roundwood\nproduction in 2000 totalled 5,000 cu m (176,500 cu ft), and imports amounted\nto 3,000 cu m (106,000 cu ft). In 2000, Barbados imported $35.3 million in\nwood and forest products."
  },
  {
    "chapter_name": "Economy of Barbados",
    "chapter_id": "1",
    "section_number": "2.6",
    "section_name": "Mining",
    "text": "Deposits of limestone and coral were quarried to meet local construction\nneeds. Production of limestone in 2000 amounted to 1.5 million tons. Clays and\nshale, sand and gravel, and carbonaceous deposits provided limited yields.\nHydraulic cement production totalled 267,659 tons in 2000, up from 106,515 in\n1996.\n\nOil production is also undertaken in Barbados, with much of the on-shore\nactivity taking place in Woodbourne, Saint Philip."
  },
  {
    "chapter_name": "Economy of Barbados",
    "chapter_id": "1",
    "section_number": "2.7",
    "section_name": "Manufacturing",
    "text": "The manufacturing sector in Barbados has yet to recover from the recession of\nthe late 1980s when many bankruptcies occurred and almost one-third of the\nworkforce lost their jobs. Today, approximately 10,000 Barbadians work in\nmanufacturing. The electronics sector in particular was badly hit when the\nU.S. semi-conductor company, Intel, closed its factory in 1986. Except for\ntraditional manufacturing—such as sugar refining and rum distilling—Barbados's\nindustrial activity is partly aimed at the local market, which produces goods\nsuch as tinned food, drinks, and cigarettes. Many industrial estates are\nlocated throughout the island. A cement factory is located in St. Lucy.\n\nExport markets have been severely damaged by competition from cheaper\nCaribbean and Latin American countries. But domestic manufacturing also faces\nserious potential problems, as trade liberalisation means that the government\ncan no longer protect national industries by imposing high tariffs on imported\ngoods. Thus, Barbadian manufacturers must compete with other regional\neconomies with lower wage costs and other overhead. The other significant\nindustrial employer is the petroleum sector. Oil deposits are located in the\nsouthern parishes, but oil has not been produced in commercial quantities. The\nisland's one small oil refinery closed in 1998 and moved refining to Trinidad\nand Tobago, where labour and other costs are cheaper."
  },
  {
    "chapter_name": "Economy of Barbados",
    "chapter_id": "1",
    "section_number": "2.8",
    "section_name": "Construction",
    "text": "A construction boom, linked to tourism and residential development, has\nassisted the recovery of a large cement plant in the north of the island that\nwas closed for some years and reopened in 1997."
  },
  {
    "chapter_name": "Economy of Barbados",
    "chapter_id": "1",
    "section_number": "2.9",
    "section_name": "Tourism",
    "text": "Tourism is Barbados's crucial economic activity and has been since the 1960s.\nAt least 10 per cent of the working population (some 13,000 people) are\nemployed in this sector, which offers a range of tourist accommodations from\nluxury hotels to modest self-catering establishments. After the recession\nyears, tourism picked up again in the mid-1990s, only to face another slowdown\nin 1999. This drop was in part due to increasing competition from other\nCaribbean countries such as the Dominican Republic, and in part to a reduction\nin visits from cruise ships as they shifted to non-Caribbean routes or shorter\nroutes such as the Bahamas. Cruise ship visitors totalled 445,821 in 1999, a\nreduction from 517,888 in 1997, but stay-over visitors rose to 517,869 in\n1999, setting a new record. Overall, the country witnessed over US$700 million\nin tourism receipts in 1999.\n\nA problem in Barbados is that tourist facilities are too densely concentrated\non the south coast, which is highly urbanised, while the Atlantic coast—with a\nrugged shoreline and large waves—is not suitable for beach tourism. There are\nfew large brand-name hotels, which makes marketing the island in the United\nStates difficult. On the other hand, the absence of conglomerates and package\ntours results in more direct tourist spending among the general population.\n\nBathsheba, Saint Joseph\n\nBarbados has numerous internationally known hotels. Time-shares are available,\nand many smaller local hotels and private villas that dot the island have\nspace available if booked in advance. The southern and western coasts of\nBarbados are popular, with the calm light-blue Caribbean Sea and their white\nand pinkish sandy beaches. Along the island's east coast, which faces the\nAtlantic Ocean, there are tumbling waves that are perfect for light surfing.\nSome areas remain risky to swimmers due to under-tow currents. The Crane beach\nwas named one of the top 10 best beaches in the world.\n\nShopping districts are popular in Barbados, with ample duty-free shopping.\nThere is also a festive night-life in mainly tourist areas such as the Saint\nLawrence Gap. Other attractions include wildlife reserves (Graeme Hall Nature\nSanctuary), jewellery stores, scuba diving, helicopter rides, golf, festivals\n(the largest being the annual Crop Over festival July/Aug), sightseeing, cave\nexploration (Harrison's Cave), exotic drinks and fine clothes shopping."
  },
  {
    "chapter_name": "Economy of Barbados",
    "chapter_id": "1",
    "section_number": "2.9.1",
    "section_name": "Attractions, landmarks and points of interest",
    "text": "Tourism accounts for almost one half of the economy. Name / Parish Location:\n\n– **Christ Church**\n\n* Graeme Hall Nature Sanctuary\n* Saint Lawrence Gap\n* Grantley Adams International Airport\n* Chancery Lane Swamp\n* Christ Church Foundation School (1809)\n* Ocean Park, Barbados\n\n– **St. Andrew**\n\n* Chalky Mount potteries\n* Cherry Tree Hill\n* Morgan Lewis Windmill\n* Barclays Park\n\n– **St. George**\n\n* Francia Great House\n* Gun Hill Signal Station\n* Orchid World\n\n|  – **St. James**\n\n* St. James Parish Church\n* Folkestone Marine Park\n* Lancaster Great House Gallery and Gardens\n* Queen's College\n\n– **St. John**\n\n* Codrington College\n* Conset Bay\n* St. John Parish Church & church yard\n* Massiah Street\n\n– **St. Joseph**\n\n* Andromeda Botanic Gardens\n* Flower Forest\n* Hackleton's Cliff\n* Bathsheba\n\n|  – **St. Lucy **\n\n* Animal Flower Cave\n* Little Bay\n* Shamarra's House\n\n– **St. Michael**\n\n* Barbados Historical Museum\n* Bridgetown Synagogue and Cemetery\n* Bussa Emancipation Statue\n* Ilaro Court\n* Garrison Savannah\n* Kensington Oval\n* Mount Gay Rum\n* Barbados National Museum\n* George Washington House\n* The Salvation Army Divisional Headquarters\n\n|  – **St. Peter**\n\n* Barbados Wildlife Reserve\n* Farley Hill National Park\n* St Nicholas Abbey\n\n– **St. Philip**\n\n* Crane Beach\n* Sunbury Plantation\n* Bayley's Plantation\n\n– **St. Thomas**\n\n* Clifton Hill Moravian Church\n* Harrison's Cave\n* Sharon Moravian Church\n* Welchman Hall Gully\n\n\n---|---|---|---"
  },
  {
    "chapter_name": "Economy of Barbados",
    "chapter_id": "1",
    "section_number": "2.10",
    "section_name": "Informatics",
    "text": "Informatics employed almost 1,700 workers in 1999, about the same number as\nthe sugar industry. The island has been involved in data processing since the\n1980s and now specialises in operations such as database management and\ninsurance claims processing. Costs in Barbados are higher than elsewhere in\nthe Caribbean (although still only half of costs in the United States), but\nthe island offers strong advantages such as a literate English-speaking\nworkforce and location in the same time zone as the eastern United States.\nDespite these factors, employment has fallen in recent years, reflecting\nincreasing mobility on the part of foreign companies, which frequently\nrelocate to lower-cost areas."
  },
  {
    "chapter_name": "Economy of Barbados",
    "chapter_id": "1",
    "section_number": "2.11",
    "section_name": "Financial services",
    "text": "The international business and financial services sector continues to be an\nimportant contributor to the economy of Barbados. During fiscal year 2010/2011\nthe sector contributed approximately BBD$186 million in corporate taxes –\nalmost 60% of the total corporate tax intake. At the end of December 2010,\nthere were 45 offshore banks, 242 captive insurance companies, 3,065\ninternational business companies, and 408 international societies with\nrestricted liability. The financial sector is also under threat of sanctions\nfrom the EU and the Organization for Economic Cooperation and Development\n(OECD), both of which have expressed concerns about money laundering, tax\nevasion, and other financial improprieties in Caribbean offshore centres."
  },
  {
    "chapter_name": "Economy of Barbados",
    "chapter_id": "1",
    "section_number": "2.12",
    "section_name": "Cruise industry",
    "text": "In 2006 the Central Bank governor of Barbados urged the Government to consider\ninvesting in a Barbadian cruise ship company. The government at that time did\nnot invest in that opportunity but it is unknown if it will in future"
  },
  {
    "chapter_name": "Economy of Barbados",
    "chapter_id": "1",
    "section_number": "2.13",
    "section_name": "Rum",
    "text": "Barbados has three commercial rum distilleries: West Indies Rum Distillers\nLtd, Mount Gay Rum and Four Square. Mount Gay Eclipse Silver is one of the\nmost recent Rums created back in 2008. There is also St. Nicholas Abbey, a\nsmaller boutique operation."
  },
  {
    "chapter_name": "Economy of Barbados",
    "chapter_id": "1",
    "section_number": "2.14",
    "section_name": "Retail",
    "text": "The independent Woolworth store on Prince William Henry Street, Bridgetown\n\nRetailing is an important economic activity, especially in Bridgetown where\nthere are large department stores and supermarkets. In the countryside, most\nstores are small and family-run. Some 18,000 people work in the retail sector."
  }
]