[
  {
    "chapter_name": "Economy of Eswatini",
    "chapter_id": "1",
    "section_number": "1",
    "section_name": "Introduction",
    "text": "| This article **needs additional citations forverification**. Please help\nimprove this article by adding citations to reliable sources. Unsourced\nmaterial may be challenged and removed.  \n_Find sources:_ \"Economy of Eswatini\" – news **·** newspapers **·** books\n**·** scholar **·** JSTOR _( November 2009)__(Learn how and when to remove\nthis message)_  \n---|---  \n  \nThe **economy of Eswatini** is fairly diversified. Agriculture, forestry and\nmining account for about 13 percent of Eswatini's GDP whereas manufacturing\n(textiles and sugar-related processing) represent 37 percent of GDP. Services\n– with government services in the lead – constitute the other 50 percent of\nGDP."
  },
  {
    "chapter_name": "Economy of Eswatini",
    "chapter_id": "1",
    "section_number": "1",
    "section_name": "Agriculture",
    "text": "Title Deed lands, where the bulk of high-value crops are grown (sugar,\nforestry, and citrus) are characterized by high levels of investment and\nirrigation, and high productivity. Nevertheless, the majority of the\npopulation – about 75 percent—is employed in subsistence agriculture on Swazi\nNation Land, which, in contrast, suffers from low productivity and investment.\nThis dual nature of the Swazi economy, with high productivity in textile\nmanufacturing and in the industrialized agricultural title deed lands on the\none hand, and declining productivity subsistence agriculture on Swazi Nation\nLand on the other, may well explain the country's overall low growth, high\ninequality and unemployment.[_citation needed_]"
  },
  {
    "chapter_name": "Economy of Eswatini",
    "chapter_id": "1",
    "section_number": "2",
    "section_name": "Economic growth",
    "text": "Economic growth in Eswatini has lagged behind that of its neighbors. Real GDP\ngrowth since 2001 has averaged 2.8 percent, nearly 2 percentage points lower\nthan growth in other Southern African Customs Union (SACU) member countries.\nLow agricultural productivity in the Swazi nation lands, repeated droughts,\nthe effect of HIV/AIDS, and an overly large[_clarification needed_] and\ninefficient government sector are likely contributing factors. Eswatini's\npublic finances deteriorated in the late 1990s following\nsizeable[_clarification needed_] surpluses a decade earlier. A combination of\ndeclining revenues and increased spending led to significant[_clarification\nneeded_] budget deficits. The considerable[_clarification needed_] spending\nhas not led to more economic growth and has not benefitted the poor to the\nsame extent as regional comparators, although the poverty headcount has\nshifted slightly during the first decade of the 2000s (SHIES 2010). Much of\nthe increased spending has gone to current expenditures related to wages,\ntransfers, and subsidies. The wage bill today[_when?_] constitutes over 15\npercent of GDP and 55 percent of total public spending; these are some of the\nhighest levels on the African continent. The recent[_when?_] rapid growth in\nSACU revenues has, however, reversed the fiscal situation, and a\nsizeable[_clarification needed_] surplus was recorded in 2006/07 and 2012/13.\nSACU revenues today[_when?_] account for over 50 percent of total government\nrevenues. On the positive side, the external debt burden has declined\nmarkedly[_clarification needed_] over the last 20 years,[_when?_] and domestic\ndebt is almost negligible; external debt as a percent of GDP was less than 20\npercent in 2006."
  },
  {
    "chapter_name": "Economy of Eswatini",
    "chapter_id": "1",
    "section_number": "3",
    "section_name": "Trade partners",
    "text": "The Swazi economy is very closely linked to the economy of South Africa, from\nwhich it receives over 90 percent of its imports and to which it sends about\n70 percent of its exports. Eswatini has great resources making a good trading\npartner. Eswatini's other key trading partners are the United States and the\nEU, from whom the country has received trade preferences for apparel exports\n(under the African Growth and Opportunity Act – AGOA – to the US) and for\nsugar (to the EU). Under these agreements, both apparel and sugar exports did\nwell, with rapid growth and a strong inflow of foreign direct investment.\nTextile exports grew by over 200 percent between 2000 and 2005 and sugar\nexports increasing by more than 50 percent over the same period. The continued\nvibrancy of the export sector is threatened by the removal of trade\npreferences for textiles, the accession to similar preferences for East Asian\ncountries, and the phasing out of preferential prices for sugar to the EU\nmarket. Eswatini will thus have to face the challenge of remaining competitive\nin a changing global environment. A crucial factor in addressing this\nchallenge is the investment climate. The recently concluded Investment Climate\nAssessment provides some positive findings in this regard, namely that\nEswatini firms are among the most productive in Sub-Saharan Africa, although\nthey are less productive than firms in the most productive middle-income\ncountries in other regions. They compare more favorably with firms from lower\nmiddle income countries, but are hampered by inadequate governance\narrangements and infrastructure.[_citation needed_]\n\nEswatini, Lesotho, Botswana, Namibia, and the Republic of South Africa form\nthe Southern African Customs Union (SACU), where import duties apply uniformly\nto member countries. Eswatini, Lesotho, Namibia, and South Africa also are\nmembers of the Common Monetary Area (CMA) in which repatriation and\nunrestricted funds are permitted. Eswatini issues its own currency, the Swazi\nlilangeni (plural: emalangeni), which is at par with the South African rand."
  },
  {
    "chapter_name": "Economy of Eswatini",
    "chapter_id": "1",
    "section_number": "4",
    "section_name": "Infrastructure",
    "text": "Eswatini enjoys well-developed road links with South Africa. Eswatini Railways\noperates its railroads that run east to west and north to south. The older\neast–west link, called the Goba line, makes it possible to export bulk goods\nfrom Eswatini through the Port of Maputo in Mozambique. Until recently, most\nof Eswatini's imports were shipped through this port. Conflict in Mozambique\nin the 1980s diverted many Swazi exports to ports in South Africa. A\nnorth–south rail link, completed in 1986, provides a connection between the\nEastern Transvaal (now Mpumalanga) rail network and the South African ports of\nRichards Bay and Durban. From the mid-1980s foreign investment in the\nmanufacturing sector boosted economic growth rates significantly. Since\nmid-1985, the depreciated value of the currency has increased the\ncompetitiveness of Swazi exports and moderated the growth of imports,\ngenerating trade surpluses. During the 1990s, the country often ran small\ntrade deficits.[_citation needed_]"
  },
  {
    "chapter_name": "Economy of Eswatini",
    "chapter_id": "1",
    "section_number": "5",
    "section_name": "Sugar industry",
    "text": "Eswatini is the fourth largest producer of sugar in Africa and is 25th in\nproduction in the world. This demonstrates the immense focus of the industry\nin order to continue to grow their economy. Eswatini's GDP was $8.621 billion\n(US dollars) in 2014 based on purchasing power parity and of that 7.2% of that\nis from the agriculture sector and of that sector, sugarcane and sugar\nproducts have the largest impact on GDP. According to the World CIA Factbook,\nwood pulp and sugarcane were the largest exports of Eswatini until the wood\npulp producer closed in January 2010. This left the sugarcane industry as the\nsole main export. The largest company that produces sugar in Eswatini is the\nRoyal Eswatini Sugar Corporation (RES Corporation) and it produces a little\nunder two-thirds of total sugar in the country and produces over 3,000 jobs\nfor the people of Eswatini. The RES Corporation is composed of two main sugar\nmill producers, Mhlume and Simunye, which produce a combined 430,000 tons of\ncane per season. The second largest sugarcane company is Ubombo Sugar Limited\nwhich has grown from producing 5,600 tons in 1958 to approximately 230,000\ntons of sugar annually. The third largest sugarcane producer is the Tambankulu\nEstate (largest independent sugar estate) and it produces 62,000 tons of sugar\nannually on 3,816 hectares of land.\n\nThe largest export partners of Eswatini and the larger Southern African\nDevelopment Community (SADC) is the European Union. The SADC is a group of\nmany southern African countries who have banded together in order to try to\nimprove their individual socioeconomic status. In 2014-2015 the sugar\nproduction of Eswatini was 680,881 metric tons and of this about 355,000\nmetric tons of sugar was shipped to the European Union, larger than any other\nexport partner. Another trade partner for Eswatini was the United States where\nthey shipped 34,000 metric tons of sugar in the 2014-2015 year under the\nTariff Rate Quota. These numbers are up from past years and continue to rise.\nThe expected output based on the 2015-2016 post forecast predictions are that\nEswatini will produce 705,000 metric tons, a new record for the country that\ncan be attributed to an increase in land being available for sugar\ncultivation. Of this predicted figure about 390,000 metric tons will go to the\nEuropean Union as part of a new Economic Partnership Agreement (EPA). This new\nagreement between the EU and SADC means that members like Eswatini can sell\ntheir sugar on a duty-free and quota-free basis.\n\nThe quotas that the EU and the United States fill is similar to the Sugar\nProtocol which began in 1975. The goal of the Sugar Protocol was for the EU to\npurchase and import specific quantities from countries in Africa, the\nCaribbean and the Pacific. These prices and quantities guaranteed production\nand were well above the world price, which translated into substantial profits\nfor these mostly impoverished countries. This agreement reached an end in 2009\nbecause the EU could no longer support the pre-determined demands. The Sugar\nProtocol came to an immediate end and was replaced with separate Economic\nPartnerships with the varying countries and regions. Even though the demands\nwill be just as high as under the Sugar Protocol, the prices will drop\nsignificantly. In the case of Eswatini, they have received good reassurance\nthat their product will still be bought by the EU."
  },
  {
    "chapter_name": "Economy of Eswatini",
    "chapter_id": "1",
    "section_number": "6",
    "section_name": "Mining",
    "text": "Currently, Eswatini's mineral sector is governed under a policy drawn up prior\nto Eswatini's independence. In response to the sector's recent decline, a new\nmining policy is being drafted by consultants, paid for by a grant from China,\nand legislation to facilitate small-scale mining has also been proposed.\n\nThe country's main source of foreign exchange is the Bulembu asbestos mine,\nhowever production has hit a steep decline. Diamond, iron ore and gold have\nalso been found in the past, however a lack of investment and development\npolicy has seen the region's potential falter.\n\nAlthough fewer than 1,000 Swazis are directly employed in the mining sector,\nmany workers from Eswatini processed timber from the country's extensive pine\npopulations for mines in South Africa, and around 10,000–15,000 Swazis were\nemployed in South African mines. Their contributions to Eswatini's economy\nthrough wage repatriation have been diminished, though, by the collapse of the\ninternational gold market and layoffs in South Africa."
  },
  {
    "chapter_name": "Economy of Eswatini",
    "chapter_id": "1",
    "section_number": "7",
    "section_name": "Other economic statistics",
    "text": "The following table shows the main economic indicators in 1980–2017.\n\nYear  | GDP (in bil. US$ PPP)  | GDP per capita (in US$ PPP)  | GDP (in bil. US$ nominal)  | GDP growth\n(real)  | Inflation\n(in Percent  | Government debt\n(Percentage of GDP)\n---|---|---|---|---|---|---\n1980  | 0.90  | 1,653  | 0.75  | −3.8 %  | 18.2%  | ...\n1985  | 1.50  | 2,359  | 0.50  | 3.8%  | 20.5%  | ...\n1990  | 2.95  | 3,793  | 1.24  | 8.9%  | 13.1%  | ...\n1995  | 3.84  | 4,421  | 1.93  | 4.0%  | 12.3%  | 12%\n2000  | 4.83  | 5,033  | 1.74  | 2.6%  | 12.2%  | 17%\n2005  | 6.52  | 6,537  | 3.18  | 5.5%  | 1.8%  | 13%\n2006  | 7.06  | 7,000  | 3.29  | 5.2%  | 5.2%  | 14%\n2007  | 7.54  | 7,387  | 3.47  | 3.9%  | 8.1%  | 15%\n2008  | 7.90  | 7,658  | 3.30  | 2.8%  | 12.7%  | 14%\n2009  | 8.32  | 7,978  | 3.60  | 4.5%  | 7.4%  | 10%\n2010  | 8.72  | 8,268  | 4.44  | 3.5%  | 4.5%  | 14%\n2011  | 9.07  | 8,502  | 4.83  | 2.0%  | 6.1%  | 14%\n2012  | 9.56  | 8,853  | 4.89  | 3.5%  | 8.9%  | 15%\n2013  | 10.18  | 9,317  | 4.60  | 3.5%  | 5.6%  | 15%\n2014  | 10.74  | 9,712  | 4.43  | 3.6%  | 5.7%  | 14%\n2015  | 10.97  | 9,807  | 4.06  | 1.0%  | 5.0%  | 18%\n2016  | 11.11  | 9,814  | 3.82  | 0.0%  | 8.0%  | 25%\n2017  | 11.34  | 9,884  | 4.41  | 0.2%  | 6.3%  | 29%\n\n**Household income or consumption by percentage share:**\n_lowest 10%:_ 1.6%\n_highest 10%:_ 40.7% (2001)\n\n**Industrial production growth rate:** 1% (2001 est.)\n\n**Electricity – production:** 470 GWh (2008), 420 GWh (1998)\n\n**Electricity – consumption:** 1,207 GWh (2008), 962.9 GWh (2001), 1.078 GWh\n(1998)\n\n**Electricity – exports:** 0 kWh (2009, 2001, 1998)\n\n**Electricity – imports:** 768 GWh (2009), 639 GWh (2001), 687 GWh (1998)\n_note:_ imports about 60% of its electricity from South Africa (2009)\n\n**Currency:** 1 lilangeni (E) = 100 cents\n\n**Exchange rates:** emalangeni (E) per US$1 – 7.3 (2011), 7.32 (2010), 8.42\n(2009), 7.75 (2008), 7.4 (2007), 10.5407 (2002), 8.6092 (2001), 6.9398 (2000),\n6.1087 (1999), 5.4807 (1998), 4.6032 (1997), 4.2706 (1996), 3.6266 (1995);\nnote – the lilangeni is at par with the South African rand"
  }
]