[
  {
    "chapter_name": "Economy of Argentina",
    "chapter_id": "1",
    "section_number": "1",
    "section_name": "Introduction",
    "text": "| **This article has multiple issues.** Please help **improve it** or discuss these issues on the **talk page**. _(Learn how and when to remove these messages)_ | | This article **needs additional citations forverification**. Please help improve this article by adding citations to reliable sources. Unsourced material may be challenged and removed.  \n_Find sources:_ \"Economy of Argentina\" – news **·** newspapers **·** books\n**·** scholar **·** JSTOR _( November 2024)__(Learn how and when to remove\nthis message)_  \n---|---  \n| This article **may requirecopy editing for grammar, style, cohesion, tone,\nor spelling**. You can assist by editing it. _( March 2025)__(Learn how and\nwhen to remove this message)_  \n---|---  \n  \n_(Learn how and when to remove this message)_  \n  \nThe **economy of Argentina** is the second-largest national economy in South\nAmerica, behind Brazil. Argentina has a human Development Index classified as\n\"very high\" by the United Nations, with a highly literate population, an\nexport-oriented agricultural sector, and a diversified industrial base.\n\nArgentina benefits from rich natural resources. However, its economic\nperformance has historically been very uneven, with high economic growth\nalternating with severe recessions, particularly since the late twentieth\ncentury. Income maldistribution and poverty have increased since this period.\nEarly in the twentieth century, Argentina had one of the ten highest per\ncapita GDP levels globally. It was on par with Canada and Australia and had\nsurpassed both France and Italy.\n\nArgentina's currency declined by about 50% in 2018 from 18 to 20 Argentine\npesos, to more than 38 Argentine pesos per U.S. Dollar. As of that year, it is\nunder a stand-by program from the International Monetary Fund. In 2019, the\ncurrency fell further by 25%. In 2020, it fell by 90%, in 2021, 68%, and a\nfurther 52% in 2022 (until July 20).\n\nArgentina is considered an emerging market by the FTSE Global Equity Index\n(2018), and one of the G-20 major economies. In 2021, MSCI re-classified\nArgentina as a standalone market due to prolonged severe capital controls."
  },
  {
    "chapter_name": "Economy of Argentina",
    "chapter_id": "1",
    "section_number": "1",
    "section_name": "History",
    "text": "Historical development of GDP per capita\n\nBefore the 1880s, Argentina was a relatively isolated backwater, dependent on\nthe salted meat, wool, leather, and hide industries for both the more\nsignificant part of its foreign exchange and the generation of domestic income\nand profits. The Argentine economy began to experience swift growth after 1880\nthrough the export of livestock and grain raw materials, and British and\nFrench investment, marking the beginning of a fifty-year era of significant\neconomic expansion and mass European immigration.[_citation needed_]\n\nFrom 1880 to 1905, this expansion resulted in a 7.5-fold growth in GDP during\nits most vigorous period, averaging about 8% annually.[_citation needed_] One\nimportant measure of development, GDP per capita, rose from 35% of the United\nStates average to about 80% during that period. Growth then slowed\nconsiderably, such that by 1941 Argentina's real per capita GDP was roughly\nhalf that of the U.S. Even so, from 1890 to 1950, the country's per capita\nincome was similar to that of Western Europe; although income in Argentina\nremained considerably less evenly distributed. According to a study by Baten\nand Pelger and Twrdek (2009), where the authors compare anthropometric values,\ni.e., height with real wages, Argentina's GDP increased for the decades after\n1870.[_citation needed_] Before 1910 however, the heights have been left\nunaffected. This, in turn, suggests that the increase in the population's\nwelfare did not occur during the income expansion of the given\nperiod.[_citation needed_]\n\nThe Great Depression caused Argentine GDP to fall by a fourth between 1929 and\n1932. Having recovered its lost ground by the late 1930s partly through import\nsubstitution, the economy continued to grow modestly during World War II\n(contrary to the recession caused by the previous world war).[_citation\nneeded_] The war led to reduced availability of imports and higher prices for\nArgentine exports that combined to create a US$1.6 billion cumulative surplus,\na third of which was blocked as inconvertible deposits in the Bank of England\nby the Roca–Runciman Treaty. Benefiting from innovative self-financing and\ngovernment loans alike, value-added in manufacturing nevertheless surpassed\nthat of agriculture for the first time in 1943, employed over 1 million by\n1947, and allowed the need for imported consumer goods to decline from 40% of\nthe total to 10% by 1950.[_citation needed_]\n\nThe populist administration of Juan Perón nationalized the Central Bank,\nrailways, and other strategic industries and services from 1945 to 1955.\nInflation first became a chronic problem during this period, averaging 26%\nannually from 1944 to 1974. The GDP per capita increased until the early\n1950s, where commodity prices dropped and the effects of nationalization led\nto stagnation.\n\nThe economy continued to decline during the National Reorganization Process\nfrom 1976 to 1983 and for some time afterward. The dictatorship's chief\neconomist, José Alfredo Martínez de Hoz, advanced a controversial, neoliberal\npolicy of financial liberalization that increased the debt burden and failed\nto curb inflation, which reached 344% in 1983. While black markets and\nshortages disappeared as price and exchange controls were removed, the\ncurrency devalued tenfold and the economy failed to grow.\n\nRecord foreign debt interest payments, tax evasion, and capital flight\nresulted in a balance of payments crisis that plagued Argentina with severe\nstagflation from 1975 to 1990, including a bout of hyperinflation in 1989 and\n1990.[_citation needed_] Attempting to remedy this situation, economist\nDomingo Cavallo pegged the peso to the U.S. dollar in 1991 and limited the\nmoney supply's growth. His team then embarked on a path of trade\nliberalization, deregulation, and privatization. Inflation dropped to single\ndigits, and GDP grew by one third in four years.[_citation needed_]\n\nExternal economic shocks and a dependency on volatile short-term capital and\ndebt to maintain the overvalued fixed exchange rate diluted benefits, causing\nerratic economic growth from 1995 and the eventual collapse in 2001. That year\nand the next, the economy suffered its sharpest decline since 1930; by 2002,\nArgentina had defaulted on its debt. Its GDP had declined by nearly 20% in\nfour years, unemployment reached 25%, and the peso had depreciated 70% after\nbeing devalued and floated.[_citation needed_]\n\nArgentina's socio-economic situation has since been steadily improving.\nExpansionary policies and raw materials exports triggered a rebound in GDP\nfrom 2003 onward. This trend has been primarily maintained, creating over five\nmillion jobs and encouraging domestic consumption and fixed investment. Social\nprograms were strengthened, and a number of important firms privatized during\nthe 1990s were renationalized beginning in 2003. These include the postal\nservice, ASA (the water utility serving Buenos Aires), Pension funds\n(transferred to ANSES), Aerolíneas Argentinas, the energy firm YPF, and the\nrailways.[_citation needed_]\n\nThe economy nearly doubled from 2002 to 2011, growing an average of 7.1%\nannually and around 9% for five consecutive years between 2003 and\n2007.[_citation needed_] Real wages rose by around 72% from their low point in\n2003 to 2013. The 2008 financial crisis did affect the economy, with growth\nslowing to nearly zero in 2009; but high economic growth then resumed, and GDP\nexpanded by around 9% in both 2010 and 2011. Foreign exchange controls,\nausterity measures, persistent inflation, and downturns in Brazil, Europe, and\nother important trade partners, contributed to slower growth beginning in\n2012, however. Growth averaged just 1.3% from 2012 to 2014, and rose to 2.4%\nin 2015.[_citation needed_]\n\nThe Argentine government bond market is based on GDP-linked bonds, and\ninvestors, both foreign and domestic, netted record yields amid renewed\ngrowth. Argentine debt restructuring offers in 2005 and 2010 resumed payments\non the majority of its almost US$100 billion in defaulted bonds and other debt\nfrom 2001.[_citation needed_]\n\nHistorical growth of Argentina from 1961 to 2016\n\nHoldouts controlling 7% of the bonds, including some small investors, hedge\nfunds, and vulture funds led by Paul Singer's Cayman Islands-based NML Capital\nLimited, rejected the 2005 and 2010 offer to exchange their defaulted bonds.\nSinger, who demanded US$832 million for Argentine bonds purchased for US$49\nmillion in the secondary market in 2008, attempted to seize Argentine\ngovernment assets abroad and sued to stop payments from Argentina to the 93%\nwho had accepted the earlier swaps despite the steep discount. According to\nestimates by Morgan Stanley, bondholders who instead accepted the 2005 offer\nof 30 cents on the dollar had by 2012 received returns of about 90%. Argentina\nsettled with virtually all holdouts in February 2016 at the cost of US$9.3\nbillion; NML received US$2.4 billion, a 392% return on the original value of\nthe bonds.\n\nWhile the Argentine Government considers debt leftover from illegitimate\ngovernments unconstitutional odious debt, it has continued servicing this debt\ndespite the annual cost of around US$14 billion and despite being nearly\nlocked out of international credit markets with annual bond issues since 2002\naveraging less than US$2 billion (which precludes most debt\nrollover).[_citation needed_]\n\nNevertheless, Argentina has continued to hold successful bond issues, as the\ncountry's stock market, consumer confidence, and overall economy continue to\ngrow. The country's successful, US$16.5 billion bond sale in April 2016 was\nthe largest in emerging market history.[_citation needed_]\n\nIn May 2018, Argentina's government asked the International Monetary Fund for\nits intervention, with an emergency loan for a $30 billion bailout, as\nreported by Bloomberg.[_citation needed_]\n\nIn May 2018, the official estimated inflation had peaked up to 25 percent a\nyear, and on 4 May Argentina's central bank raised interest rates on pesos to\n40 percent from 27.25 percent, which is the highest in the world, since the\nnational currency had lost 18% of its value since the beginning of the\nyear.[_citation needed_]\n\nIn 2019, the inflation was considered the highest in 28 years according to the\nindex, ascending to 53.8%.[_citation needed_]\n\nTo the cause of the quarantine in 2020, in April, 143,000 SMEs will not be\nable to pay salaries and fixed expenses for the month, even with government\nassistance, so they will have to borrow or increase their capital\ncontribution, and approximately 35,000 companies consider closing their\nbusiness. even so, the president remains firm in his decision to maintain the\nstate of total quarantine. Despite cuts in the payment chain, some project 180\ntotal days and calculate 5% of companies that fell in May.[_citation needed_]\n\nIn February 2023, the rate of inflation in Argentina surpassed 100% for the\nfirst time since the early 1990s.\n\nIn December 2023, Argentina was seeing a projected 200% annualized inflation\nrate of the Argentine Peso. With this inflation in mind, Javier Milei\n(Argentina's newly sworn in president as of 10 December 2023, with 55.69% of\nthe vote in the runoff election) weakened the Argentine Peso by 50% to 800 per\ndollar in order to bring the official exchange rate (which was only used in\ntheory) down to the market exchange range, along with cuts to energy\nsubsidies, cancellations of public works, and more in order to save nearly 20\nbillion dollars in expenses. These policies achieved a budget surplus for the\nfirst time since 2012. Although these were impactful policies, Argentinians\nknew Milei would enact sweeping economic reforms, as he openly supported\nextreme economic policies as a self-described anarcho-capitalist. As part of\nJavier Milei's plans the Government of Argentina announced in April 2024 a cut\nof 15,000 state jobs.\n\nArgentina's 2023 annual inflation was the highest in the world at 211.4%. In\nJanuary 2024, Argentina's poverty rate reached 57.4%, the highest poverty rate\nin the country since 2004. Because of Milei's policies, the monthly inflation\nrate dropped to 2.4% in December 2024, marking an end to Argentina's period of\nhyperinflation. The poverty rate has seen a significant decrease in the 3rd\nquarter of 2024, steadily falling to 38.9% (lower than 2022), projected to\ndecrease further as Milei's reforms take effect. This figure has been\ncalculated by the Argentine government agency, the National Institute of\nStatistics and Census of Argentina (INDEC). They have international oversight\nfrom the IMF, lending credibility towards the calculation. In a Gallup poll on\nthe 10th of December, 2024, the approval ratings for Milei still held at over\n50%, with trust in the government having doubled since 2023. The perception of\nimprovement in the standard of living has also seen a marked improvement, with\n53% of Argentinians believing that their standard of living is improving,\nreaching the same high as 2015. 41% believe the economy of their city is also\nimproving. However, challenges still remain, and 69% of Argentinians believe\nit is a bad time to look for a job in this economy, while 35% don't have\nenough money for food, although these figures are a modest decrease from their\n2 decade high in 2019. 59% of the richest 20%, but 39% of the poorest 20%\napprove of Milei's governance, though the ratings are still higher across the\nboard when compared to Milei's predecessor, Alberto Fernandez.\n\nIn the first and second quarter of 2024, Argentina's GDP contracted by 2.1%\nand 1.8%. However, in the last quarter, it expanded 3.9% despite the\nsignificant austerity implemented by the president. Conversely, agriculture\nrebounded dramatically from a severe drought, achieving an impressive growth\nrate of 80.2% as conditions improved. The economy of Argentina is projected to\ngrow by 5.5% in 2025 by the BBVA, and 3.5% by Goldman Sach's as inflation\nstabilizes and investment starts pouring in due to the Milei's liberalisation\nof the economy. The financial improvements seen in the 3rd quarter of 2024 are\ncomplemented by society's renewed confidence in the government, creating a\npositive outlook for 2025. Favourable results and normalization in Argentina's\neconomy are expected to continue in 2025. The annual inflation rate, which was\n211% in 2023, is expected to be below 30% in 2025. Economic activity has also\nbegun to recover after the severe recession at the beginning of 2024. The\neconomy is expected to expand by more than 4% in 2025."
  },
  {
    "chapter_name": "Economy of Argentina",
    "chapter_id": "1",
    "section_number": "2",
    "section_name": "Data",
    "text": "Argentina Inflation\n\nYear over Year inflation\n\nM2 money supply increases Year over Year\n\nMonth over Month inflation\n\nThe following table shows the main economic indicators in 1980–2023, with IMF\nstaff estimates in 2024–2028. **NOTE: The IMF estimates do not reflect the\nreal figures of 2024 and the years after it, as it is outdated.** Inflation\nbelow 5% is in green.\n\nYear  | GDP\n(in bn. US$PPP) | GDP per capita\n(in US$ PPP) | GDP\n(in bn. US$nominal) | GDP per capita\n(in US$ nominal) | GDP growth\n(real) | Inflation rate\n(in Percent) | Unemployment\n(in Percent) | Government debt\n(in % of GDP)\n---|---|---|---|---|---|---|---|---\n1980  | 172.5  | 6,172.5  | 233.7  | 8,361.2  |  0.7%  | n/a  | 3.0%  | n/a\n1981  |  178.0  |  6,256.5  |  189.8  |  6,671.4  |  -5.7%  | n/a  |  5.0%  | n/a\n1982  |  183.0  |  6,327.2  |  94.3  |  3,257.9  |  -3.1%  | n/a  |  4.5%  | n/a\n1983  |  197.3  |  6,725.1  |  116.3  |  3,962.7  |  3.7%  | n/a  |  5.0%  | n/a\n1984  |  208.5  |  6,988.1  |  130.5  |  4,374.8  |  2.0%  | n/a  |  5.0%  | n/a\n1985  |  200.2  |  6,595.2  |  98.6  |  3,248.7  |  -7.0%  | n/a  |  6.3%  | n/a\n1986  |  218.8  |  7,117.3  |  118.6  |  3,857.0  |  7.1%  | n/a  |  6.3%  | n/a\n1987  |  229.9  |  7,393.6  |  121.6  |  3,910.0  |  2.5%  | n/a  |  6.0%  | n/a\n1988  |  233.3  |  7,413.9  |  142.4  |  4,524.5  |  -2.0%  | n/a  |  6.5%  | n/a\n1989  |  225.5  |  7,077.1  |  91.4  |  2,867.3  |  -7.0%  | n/a  |  8.0%  | n/a\n1990  |  230.8  |  7,094.5  |  158.0  |  4,857.8  |  -1.3%  | n/a  |  7.6%  | n/a\n1991  |  263.6  |  7,996.3  |  212.0  |  6,429.5  |  10.5%  | n/a  |  6.5%  | n/a\n1992  |  297.4  |  8,899.4  |  255.8  |  7,653.7  |  10.3%  | n/a  |  7.1%  | 25.0%\n1993  |  323.5  |  9,537.8  |  264.4  |  7,796.2  |  6.3%  | n/a  |  11.6%  |  26.9%\n1994  |  349.7  |  10,178.7  |  287.8  |  8,378.7  |  5.8%  | n/a  |  13.3%  |  28.4%\n1995  |  346.8  |  9,972.8  |  288.5  |  8,295.1  |  -2.8%  | n/a  |  18.9%  |  30.7%\n1996  |  372.7  |  10,589.9  |  304.3  |  8,645.5  |  5.5%  | n/a  |  18.8%  |  32.6%\n1997  |  409.9  |  11,512.5  |  327.4  |  9,196.5  |  8.1%  | n/a  |  16.8%  |  31.7%\n1998  |  430.5  |  11,955.7  |  334.2  |  9,283.2  |  3.9%  |  0.9%  |  14.8%  |  34.1%\n1999  |  421.8  |  11,587.1  |  317.0  |  8,709.1  |  -3.4%  |  -1.2%  |  16.1%  |  38.9%\n2000  |  427.9  |  11,633.0  |  317.8  |  8,638.5  |  -0.8%  |  -0.9%  |  17.1%  |  40.8%\n2001  |  418.3  |  11,256.7  |  300.4  |  8,085.4  |  -4.4%  |  -1.1%  |  19.2%  |  48.0%\n2002  |  378.5  |  10,089.1  |  112.5  |  2,997.6  |  -10.9%  |  25.9%  |  22.5%  |  147.2%\n2003  |  420.5  |  11,104.7  |  142.4  |  3,761.1  |  9.0%  |  13.4%  |  17.3%  |  125.2%\n2004  |  470.3  |  12,303.2  |  164.9  |  4,314.1  |  8.9%  |  4.4%  |  13.6%  |  117.9%\n2005  |  528.0  |  13,681.2  |  199.3  |  5,163.6  |  8.9%  |  9.6%  |  11.6%  |  80.3%\n2006  |  588.1  |  15,090.3  |  232.9  |  5,976.1  |  8.0%  |  10.9%  |  10.2%  |  70.8%\n2007  |  658.4  |  16,728.5  |  287.9  |  7,315.7  |  9.0%  |  8.8%  |  8.5%  |  62.1%\n2008  |  698.2  |  17,567.3  |  363.5  |  9,146.8  |  4.1%  |  8.6%  |  7.9%  |  53.8%\n2009  |  661.1  |  16,472.3  |  334.6  |  8,337.8  |  -5.9%  |  6.3%  |  8.7%  |  55.4%\n2010  |  736.8  |  18,063.9  |  424.7  |  10,413.0  |  10.1%  |  10.5%  |  7.8%  |  43.5%\n2011  |  797.3  |  19,322.2  |  527.6  |  12,787.8  |  6.0%  |  9.8%  |  7.2%  |  38.9%\n2012  |  819.7  |  19,641.4  |  579.7  |  13,889.8  |  -1.0%  |  10.0%  |  7.2%  |  40.4%\n2013  |  849.6  |  20,131.7  |  611.5  |  14,488.8  |  2.4%  |  10.6%  |  7.1%  |  43.5%\n2014  |  839.9  |  19,683.8  |  563.6  |  13,208.8  |  -2.5%  | n/a  |  7.3%  |  44.7%\n2015  |  867.2  |  20,105.2  |  642.5  |  14,895.3  |  2.7%  | n/a  |  6.5%  |  52.6%\n2016  |  885.2  |  20,307.9  |  556.8  |  12,772.9  |  -2.1%  | n/a  |  8.5%  |  53.1%\n2017  |  1,039.3  |  23,597.1  |  643.9  |  14,618.3  |  2.8%  |  25.7%  |  8.4%  |  57.0%\n2018  |  1,036.3  |  23,290.6  |  524.4  |  11,786.4  |  -2.6%  |  34.3%  |  9.2%  |  85.2%\n2019  |  1,033.7  |  23,007.8  |  451.8  |  10,054.0  |  -2.0%  |  53.5%  |  9.8%  |  88.8%\n2020  |  942.2  |  20,792.5  |  389.1  |  8,571.9  |  -9.9%  |  42.0%  |  11.6%  |  102.8%\n2021  |  1,083.4  |  23,817.0  |  486.7  |  10,631.7  |  10.7%  |  48.4%  |  8.7%  |  80.8%\n2022  |  1,226.2  |  26,483.6  |  630.6  |  13,619.9  |  5.0%  |  72.4%  |  6.8%  | __84.7%\n2023  |  1,239.5  |  26,506.1  |  621.8  |  13,297.4  |  -2.5%  |  121.7%  |  7.4%  | __89.5%\n2024  | _1,302.5_ | _27,576.3_ | _632.6_ | _13,394.3_ | _2.8%_ |  93.7%  |  7.2%  | ___79.9%_\n2025  | _1,371.9_ | _28,758.8_ | _635.9_ | _13,330.5_ | _3.3%_ | _54.1%_ | _7.2%_ | _76.8%_\n2026  | _1,440.5_ | _29,897.4_ | _660.3_ | _13,704.4_ | _3.0%_ | _42.1%_ |  7.0%  | _75.6%_\n2027  | _1,507.2_ | _30,971.6_ | _695.3_ | _14,288.0_ | _2.8%_ | _37.1%_ | _7.0%_ | _73.3%_\n2028  | _1,573.4_ | _32,014.0_ | _728.1_ | _14,813.3_ | _2.5%_ | _32.5%_ | _7.0%_ | _69.5%_"
  },
  {
    "chapter_name": "Economy of Argentina",
    "chapter_id": "1",
    "section_number": "2.1",
    "section_name": "Agriculture",
    "text": "Soy field in Argentina's fertile Pampas. The versatile legume makes up about\nhalf the nation's crop production. Vineyard in Mendoza Province. The country\nis the fifth largest producer in the world.\n\nArgentina is one of the world's major agricultural producers, ranking among\nthe top producers in most of the following, exporters of beef, citrus fruit,\ngrapes, honey, maize, sorghum, soybeans, squash, sunflower seeds, wheat, and\nyerba mate. Agriculture accounted for 9% of GDP in 2010, and around one fifth\nof all exports (not including processed food and feed, which are another\nthird). Commercial harvests reached 103 million tons in 2010, of which over 54\nmillion were oilseeds (mainly soy and sunflower), and over 46 million were\ncereals (mainly maize, wheat, and sorghum).\n\nArgentina is the largest producer in the world of yerba mate, one of the 5\nlargest producers in the world of soy, maize, sunflower seed, lemon and pear,\none of the 10 largest producers in the world of barley, grape, artichoke,\ntobacco and cotton, and one of the 15 largest producers in the world of wheat,\nsugarcane, sorghum and grapefruit.\n\nIn 2018, Argentina was the 3rd largest producer of soy in the world, with 37.7\nmillion tons produced (behind only the US and Brazil); the 4th largest\nproducer of maize in the world, with 43.5 million tons produced (behind only\nthe US, China and Brazil); the 12th largest producer of wheat in the world,\nwith 18.5 million tons produced; the 11th largest producer in the world of\nsorghum, with 1.5 million tons produced; the 10th largest producer of grape in\nthe world, with 1.9 million tons produced, besides having produced 19 million\ntons of sugarcane, mainly in the province of Tucumán \\- Argentina produces\nnear 2 million tons of sugar with the produced cane. In the same year\nArgentina produced 4.1 million tons of barley, being one of the 20 largest\nproducers in the world of this cereal. The country is also one of the world's\nlargest producers of sunflower seed: in 2010, it was the 3rd largest producer\nin the world with 2.2 million tons. In 2018, Argentina also produced 2.3\nmillion tons of potato, almost 2 million tons of lemon, 1.3 million tons of\nrice, 1 million tons of orange, 921 thousand tons of peanut, 813 thousand tons\nof cotton, 707 thousand tons of onion, 656 thousand tons of tomato, 565\nthousand tons of pear, 510 thousand tons of apple, 491 thousand tons of oats,\n473 thousand tons of beans, 431 thousand tons of tangerine, 302 thousand tons\nof yerba mate, 283 thousand tons of carrot, 226 thousand tons of peach, 194\nthousand tons of cassava, 174 thousand tons of olives, 174 thousand tons of\nbanana, 148 thousand tons of garlic, 114 thousand tons of grapefruit, 110\nthousand tons of artichoke, in addition to smaller productions of other\nagricultural products.\n\nIn livestock, Argentina was, in 2019, the 4th world producer of beef, with a\nproduction of 3 million tons (only behind USA, Brazil and China), the 4th\nworld producer of honey, the 10th world producer of wool, the world's 13th\nlargest producer of chicken meat, the world's 23rd largest producer of pork,\nthe 18th largest producer of cow's milk and the world's 14th largest producer\nof chicken egg.\n\nSoy and its byproducts, mainly animal feed and vegetable oils, are major\nexport raw materials with one fourth of the total; cereals added another 10%.\nCattle-raising is also a major industry, though mostly for domestic\nconsumption; beef, leather and dairy were 5% of total exports. Sheep-raising\nand wool are important in Patagonia, though these activities have declined by\nhalf since 1990. Biodiesel, however, has become one of the fastest growing\nagro-industrial activities, with over US$2 billion in exports in 2011.\n\nFruits and vegetables made up 4% of exports: apples and pears in the Río Negro\nvalley; rice, oranges and other citrus in the northwest and Mesopotamia;\ngrapes and strawberries in Cuyo (the west), and berries in the far south.\nCotton and tobacco are major crops in the Gran Chaco, sugarcane and chile\npeppers in the northwest, and olives and garlic in the west. Yerba mate tea\n(Misiones), tomatoes (Salta) and peaches (Mendoza) are grown for domestic\nconsumption. Organic farming is growing in Argentina, and the nearly 3 million\nhectares (7.5 million acres) of organic cultivation is second only to\nAustralia. Argentina is the world's fifth-largest wine producer, and fine wine\nproduction has taken major leaps in quality. A growing export, total\nviticulture potential is far from having been met. Mendoza is the largest wine\nregion, followed by San Juan.\n\nGovernment policy towards the lucrative agrarian sector is a subject of, at\ntimes, contentious debate in Argentina. A grain embargo by farmers protesting\nan increase in export taxes for their products began in March 2008, and,\nfollowing a series of failed negotiations, strikes and lockouts largely\nsubsided only with the 16 July, defeat of the export tax-hike in the Senate.\n\nArgentine fisheries bring in about a million tons of catch annually, and are\ncentered on Argentine hake, which makes up 50% of the catch; pollock, squid,\nand centolla crab are also widely harvested. Forestry has long history in\nevery Argentine region, apart from the pampas, accounting for almost 14\nmillion m3 of roundwood harvests. Eucalyptus, pine, and elm (for cellulose)\nare also grown, mainly for domestic furniture, as well as paper products (1.5\nmillion tons). Fisheries and logging each account for 2% of exports.\n\nThe Vaca Muerta tight oil (shale oil) field holds 2.58×109 m3 (16.2×10~~^~~ 9\nbbl) of oil and 8.7×10~~^~~ 12 m3 (308×10~~^~~ 12 cu ft) of natural gas. It is\nestimated to be the third largest in the world."
  },
  {
    "chapter_name": "Economy of Argentina",
    "chapter_id": "1",
    "section_number": "2.2",
    "section_name": "Natural resources",
    "text": "Mining and other extractive activities, such as gas and petroleum, are growing\nindustries, increasing from 2% of GDP in 1980 to around 4% today. The\nnorthwest and San Juan Province are the main regions of activity. Coal is\nmined in Santa Cruz Province. Metals and minerals mined include borate,\ncopper, lead, magnesium, sulfur, tungsten, uranium, zinc, silver, titanium,\nand gold, whose production was boosted after 1997 by the Bajo de la Alumbrera\nmine in Catamarca Province and Barrick Gold investments a decade later in San\nJuan. Metal ore exports soared from US$200 million in 1996 to US$1.2 billion\nin 2004, and to over US$3 billion in 2010.\n\nIn 2019, Argentina was the 4th largest world producer of lithium, the 9th\nlargest world producer of silver, the 17th largest world producer of gold and\nthe 7th largest world producer of boron.\n\nAround 35 million m3 each of petroleum and petroleum fuels are produced, as\nwell as 50 billion m3 of natural gas, making the nation self-sufficient in\nthese staples, and generating around 10% of exports. The most important oil\nfields lie in Patagonia and Cuyo. A network of pipelines send raw product to\nBahía Blanca, center of the petrochemical industry, and to the La Plata-\nGreater Buenos Aires-Rosario industrial belt."
  },
  {
    "chapter_name": "Economy of Argentina",
    "chapter_id": "1",
    "section_number": "2.3",
    "section_name": "Industry",
    "text": "The World Bank lists the top producing countries each year, based on the total\nvalue of production. According to the 2019 list, Argentina has the 31st most\nvaluable industry in the world (57.7 billion dollars), behind Mexico, Brazil\nand Venezuela, but ahead of Colombia, Peru and Chile.\n\nIn 2019, Argentina was the 31st world producer of steel, the 28th producer of\nvehicles, the 22nd world producer of beer, the 4th world producer of soybean\noil and the 3rd world producer of sunflower oil, among other industrial\nproducts.\n\nManufacturing is the largest single sector in the nation's economy (15% of\nGDP), and is well-integrated into Argentine agriculture, with half the\nnation's industrial exports being agricultural in nature. Based on food\nprocessing and textiles during its early development in the first half of the\n20th century, industrial production has become highly diversified in\nArgentina. Leading sectors by production value are: food processing and\nbeverages; motor vehicles and auto parts; refinery products, and biodiesel;\nchemicals and pharmaceuticals; steel and aluminium; and industrial and farm\nmachinery; electronics and home appliances. These latter include over three\nmillion big ticket items,[_vague_] as well as an array of electronics, kitchen\nappliances and cellular phones, among others.\n\nArgentina's auto industry produced 791,000 motor vehicles in 2013, and\nexported 433,000 (mainly to Brazil, which in turn exported a somewhat larger\nnumber to Argentina); Argentina's domestic new auto market reached a record\n964,000 in 2013. This marked a peak in vehicle production, by 2021 production\nhad fallen to 434,753 vehicles. Vehicles remain Argentina's top export to\nBrazil, accounting for $3.1bil in exports in 2021.\n\nBeverages are another significant sector, and Argentina has long been among\nthe top five wine producing countries in the world; beer overtook wine\nproduction in 2000, and today leads by nearly two billion liters a year to\none. Other manufactured goods include: glass and cement; plastics and tires;\nlumber products; textiles; tobacco products; recording and print media;\nfurniture; apparel and leather.\n\nMost manufacturing is organized in the 314 industrial parks operating\nnationwide as of 2012, a fourfold increase over the past decade. Nearly half\nthe industries are based in the Greater Buenos Aires area, although Córdoba,\nRosario, and Ushuaia are also significant industrial centers; the latter city\nbecame the nation's leading center of electronics production during the 1980s.\nThe production of computers, laptops, and servers grew by 160% in 2011, to\nnearly 3.4 million units, and covered two-thirds of local demand. Argentina\nhas also become an important manufacturer of cell phones, providing about 80%\nof all devices sold in the country. Farm machinery, another important rubric\nhistorically dominated by imports, was similarly replaced by domestic\nproduction, which covered 60% of demand by 2013. Production of cell phones,\ncomputers, and similar products is actually an \"assembly\" industry, with the\nmajority of the higher technology components being imported, and the designs\nof products originating from foreign countries. High labour costs for\nArgentina assembly work tend to limit product sales penetration to Latin\nAmerica, where regional trade treaties exist.\n\nConstruction permits nationwide covered over 15 million m2 (160 million ft2)\nin 2013. The construction sector accounts for over 5% of GDP, and two-thirds\nof construction is for residential buildings.\n\nArgentine electric output totaled over 133 billion kWh in 2013. This was\ngenerated in large part through well developed natural gas and hydroelectric\nresources. Nuclear energy is also of high importance, and the country is one\nof the largest producers and exporters, alongside Canada and Russia of\ncobalt-60, a radioactive isotope widely used in cancer therapy."
  },
  {
    "chapter_name": "Economy of Argentina",
    "chapter_id": "1",
    "section_number": "2.4",
    "section_name": "Services",
    "text": "| This section needs to be **updated**. Please help update this article to\nreflect recent events or newly available information. _( November 2024)_\n---|---\n\nThe service sector is the largest contributor to total GDP, accounting for\nover 60%.[_citation needed_] Argentina enjoys a diversified service sector,\nwhich includes well-developed social, corporate, financial, insurance, real\nestate, transport, communication services, and tourism.\n\nThe telecommunications sector has been growing at a fast pace, and the economy\nbenefits from widespread access to communications services. These include: 77%\nof the population with access to mobile phones, 95% of whom use smartphones;\nInternet (over 32 million users, or 75% of the population); and broadband\nservices (accounting for nearly all 14 million accounts). Regular telephone\nservices, with 9.5 million lines, and mail services are also robust. Total\ntelecom revenues reached more than $17.8 billion in 2013, and while only one\nin three retail stores in Argentina accepted online purchases in 2013,\ne-commerce reached US$4.5 billion in sales.\n\nTrade in services remained in deficit, however, with US$15 billion in service\nexports in 2013 and US$19 billion in imports. Business Process Outsourcing\nbecame the leading Argentine service export, and reached US$3 billion.\nAdvertising revenues from contracts abroad were estimated at over US$1.2\nbillion.\n\nTourism is an increasingly important sector and provided 4% of direct economic\noutput (over US$17 billion) in 2012; around 70% of tourism sector activity by\nvalue is domestic."
  },
  {
    "chapter_name": "Economy of Argentina",
    "chapter_id": "1",
    "section_number": "2.4.1",
    "section_name": "Banking",
    "text": "| This section needs to be **updated**. Please help update this article to\nreflect recent events or newly available information. _( November 2024)_\n---|---\nView of Buenos Aires Central Business District from the Costanera Sur\nEcological Reserve\n\nArgentine banking, whose deposits exceeded US$120 billion in December 2012,\ndeveloped around public sector banks, but is now dominated by the private\nsector. The private sector banks account for most of the 80 active\ninstitutions (over 4,000 branches) and holds nearly 60% of deposits and loans,\nand as many foreign-owned banks as local ones operate in the country. The\nlargest bank in Argentina by far, however, has long been the public Banco de\nla Nación Argentina. Not to be confused with the Central Bank, this\ninstitution now accounts for 30% of total deposits and a fifth of its loan\nportfolio.\n\nDuring the 1990s, Argentina's financial system was consolidated and\nstrengthened. Deposits grew from less than US$15 billion in 1991 to over US$80\nbillion in 2000, while outstanding credit (70% of it to the private sector)\ntripled to nearly US$100 billion.\n\nThe banks largely lent US dollars and took deposits in Argentine pesos, and\nwhen the peso lost most of its value in early 2002, many borrowers again found\nthemselves hard pressed to keep up. Delinquencies tripled to about 37%. Over a\nfifth of deposits had been withdrawn by December 2001, when Economy Minister\nDomingo Cavallo imposed a near freeze on cash withdrawals. The lifting of the\nrestriction a year later was bittersweet, being greeted calmly, if with some\numbrage, at not having these funds freed at their full U.S. dollar value. Some\nfared worse, as owners of the now-defunct Velox Bank defrauded their clients\nof up to US$800 million.\n\nCredit in Argentina is still relatively tight. Lending has been increasing 40%\na year since 2004, and delinquencies are down to less than 2%. Still, credit\noutstanding to the private sector is, in real terms, slightly below its 1998\npeak, and as a percent of GDP (around 18%) quite low by international\nstandards. The prime rate, which had hovered around 10% in the 1990s, hit 67%\nin 2002. Although it returned to normal levels quickly, inflation, and more\nrecently, global instability, have been affecting it again. The prime rate was\nover 20% for much of 2009, and around 17% since the first half of 2010.\n\nPartly a function of this and past instability, Argentines have historically\nheld more deposits overseas than domestically. The estimated US$173 billion in\noverseas accounts and investment exceeded the domestic monetary base (M3) by\nnearly US$10 billion in 2012."
  },
  {
    "chapter_name": "Economy of Argentina",
    "chapter_id": "1",
    "section_number": "2.4.2",
    "section_name": "Tourism",
    "text": "Tour bus in Buenos Aires\n\nAccording to World Economic Forum's 2017 Travel & Tourism Competitiveness\nReport, tourism generated over US$22 billion, or 3.9% of GDP, and the industry\nemployed more than 671,000 people, or approximately 3.7% of the total\nworkforce. Tourism from abroad contributed US$5.3 billion, having become the\nthird largest source of foreign exchange in 2004. Around 5.7 million foreign\nvisitors arrived in 2017, reflecting a doubling in visitors since 2002 despite\na relative appreciation of the peso.\n\nArgentines, who have long been active travelers within their own country,\naccounted for over 80%, and international tourism has also seen healthy growth\n(nearly doubling since 2001). Stagnant for over two decades, domestic travel\nincreased strongly in the last few years[_which?_], and visitors are flocking\nto a country seen as affordable, exceptionally diverse, and safe.\n\nForeign tourism, both to and from Argentina, is increasing as well. INDEC\nrecorded 5.2 million foreign tourist arrivals and 6.7 million departures in\n2013; of these, 32% arrived from Brazil, 19% from Europe, 10% from the United\nStates and Canada, 10% from Chile, 24% from the rest of the Western\nHemisphere, and 5% from the rest of the world. Around 48% of visitors arrived\nby commercial flight, 40% by motor travel (mainly from neighboring Brazil),\nand 12% by sea. Cruise liner arrivals are the fastest growing type of foreign\ntourism to Argentina; a total of 160 liners carrying 510,000 passengers\narrived at the Port of Buenos Aires in 2013, an eightfold increase in a just a\ndecade."
  },
  {
    "chapter_name": "Economy of Argentina",
    "chapter_id": "1",
    "section_number": "2.5",
    "section_name": "GDP by value added",
    "text": "Supply sector (% of GDP in current prices) | 1993–2001 | 2002–2005 | 2006–2009 | 2010–2013\n---|---|---|---|---\nAgriculture, forestry, and fishing | 5.4 | 10.3 | 7.3 | 7.3\nMining | 2.0 | 5.9 | 4.8 | 4.2\nManufacturing | 18.5 | 23.2 | 19.8 | 16.8\nPublic utilities | 2.2 | 1.7 | 2.3 | 3.1\nConstruction | 5.5 | 3.9 | 6.2 | 5.6\nCommerce and tourism | 17.3 | 14.0 | 15.6 | 14.4\nTransport and communications | 8.3 | 8.7 | 7.3 | 6.7\nFinancial services | 4.2 | 4.4 | 3.2 | 3.4\nReal estate and business services | 16.5 | 11.7 | 13.7 | 12.9\nPublic administration and defense | 6.3 | 5.4 | 5.6 | 7.4\nHealth and education | 8.4 | 6.9 | 8.9 | 11.9\nPersonal and other services | 5.4 | 3.9 | 5.3 | 6.3\nTotal | 100.0 | 100.0 | 100.0 | 100.0\n\n1. **^** New methodology; not strictly comparable to earlier data"
  },
  {
    "chapter_name": "Economy of Argentina",
    "chapter_id": "1",
    "section_number": "2.6",
    "section_name": "Energy",
    "text": "A YPF refinery Atucha II Nuclear Power Plant under construction\n\nElectricity generation in Argentina totaled 133.3 billion kWh in 2013. The\nelectricity sector in Argentina constitutes the third largest power market in\nLatin America. It mainly still relies on centralised generation by natural gas\npower generation (51%), hydroelectricity (28%), and oil-fired generation\n(12%). Resource estimates of unconventional shale gas and tight oil in the\nVaca Muerta oil field and elsewhere are estimated to be the world's third-\nlargest. In 2017, Argentina was the 18th largest producer in the world (and\nthe largest producer in Latin America) of natural gas. In 2020, the country\nwas the 28th largest producer of oil in the world, extracting 70,000 m3\n(440,300 bbl) per day.\n\nDespite the country's large untapped wind and solar potential new renewable\nenergy technologies and distributed energy generation are barely exploited.\nWind energy is the fastest growing among new renewable sources. Fifteen wind\nfarms have been developed since 1994 in Argentina, the only country in the\nregion to produce wind turbines. The 55 MW of installed capacity in these in\n2010 will increase by 895 MW upon the completion of new wind farms begun that\nyear. Solar power is being promoted with the goal of expanding installed solar\ncapacity from 6 MW to 300, and total renewable energy capacity from 625 MW to\n3,000 MW. At the end of 2021 Argentina was the 21st country in the world in\nterms of installed hydroelectric power (11.3 GW), the 26th country in the\nworld in terms of installed wind energy (3.2 GW) and the 43rd country in the\nworld in terms of installed solar energy (1.0 GW).\n\nArgentina is in the process of commissioning large centralised energy\ngeneration and transmission projects. An important number of these projects\nare being financed by the government through trust funds, while independent\nprivate initiative is limited as it has not fully recovered yet from the\neffects of the Argentine economic crisis.[_citation needed_]\n\nThe first of the three nuclear reactors was inaugurated in 1974, and in 2015\nnuclear power generated 5% of the country's energy output.\n\nThe electricity sector was unbundled in generation, transmission and\ndistribution by the reforms carried out in the early 1990s. Generation occurs\nin a competitive and mostly liberalized market, in which 75% of the generation\ncapacity is owned by private utilities. In contrast, the transmission and\ndistribution sectors are highly regulated and much less competitive than\ngeneration."
  },
  {
    "chapter_name": "Economy of Argentina",
    "chapter_id": "1",
    "section_number": "3",
    "section_name": "Infrastructure",
    "text": "Railway workers laying track on the Belgrano Railway, following state\ninvestment Long-distance passenger train operated by Trenes Argentinos\nAeroparque Jorge Newbery in Buenos Aires\n\nArgentina's transport infrastructure is relatively advanced, and at a higher\nstandard than the rest of Latin America. There are over 230,000 km (144,000\nmi) of roads (not including private rural roads) of which 72,000 km (45,000\nmi) are paved, and 2,800 kilometres (1,700 mi) are expressways, many of which\nare privatized tollways. Having tripled in length in the last decade,\nmultilane expressways now connect several major cities with more under\nconstruction. Expressways are, however, currently inadequate to deal with\nlocal traffic, as over 12 million motor vehicles were registered nationally as\nof 2012 (the highest, proportionately, in the region).\n\nThe railway network has a total length of 37,856 kilometres (23,523 mi),\nthough at the network's peak this figure was 47,000 km (29,204 mi). After\ndecades of declining service and inadequate maintenance, most intercity\npassenger services shut down in 1992 following the privatization of the\ncountry's railways and the breaking up of the state rail company, while\nthousands of kilometers fell into disuse. Outside Greater Buenos Aires most\nrail lines still in operation are freight related, carrying around 23 million\ntons a year. The metropolitan rail lines in and around Buenos Aires remained\nin great demand owing in part to their easy access to the Buenos Aires\nUnderground, and the commuter rail network with its 833 kilometres (518 mi)\nlength carries around 1.4 million passengers daily.\n\nIn April 2015, by overwhelming majority the Argentine Senate passed a law\nwhich re-created Ferrocarriles Argentinos as Nuevos Ferrocarriles Argentinos,\neffectively re-nationalising the country's railways. In the years leading up\nto this move, the country's railways had seen significant investment from the\nstate, purchasing new rolling stock, re-opening lines closed under\nprivatization and re-nationalising companies such as the Belgrano Cargas\nfreight operator. Some of these re-opened services include the General Roca\nRailway service to Mar del Plata, the Tren a las Nubes tourist train and the\nGeneral Mitre Railway service from Buenos Aires to Córdoba. while brand new\nservices include the Posadas-Encarnación International Train.\n\nInaugurated in 1913, the Buenos Aires Underground was the first underground\nrail system built in Latin America, the Spanish speaking world and the\nSouthern Hemisphere. No longer the most extensive in South America, its 60\nkilometres (37 mi) of track carry a million passengers daily.\n\nArgentina has around 11,000 km (6,835 mi) of navigable waterways, and these\ncarry more cargo than do the country's freight railways. This includes an\nextensive network of canals, though Argentina is blessed with ample natural\nwaterways as well, the most significant among these being the Río de la Plata,\nParaná, Uruguay, Río Negro, and Paraguay rivers. The Port of Buenos Aires,\ninaugurated in 1925, is the nation's largest; it handled 11 million tons of\nfreight and transported 1.8 million passengers in 2013.\n\nAerolíneas Argentinas is the country's main airline, providing both extensive\ndomestic and international service. LADE is a military-run commercial airline\nthat flies extensive domestic services. The nation's 33 airports handled air\ntravel totalling 25.8 million passengers in 2013, of which domestic flights\ncarried over 14.5 million; the nation's two busiest airports, Jorge Newbery\nand Ministro Pistarini International Airports, boarded around 9 million\nflights each."
  },
  {
    "chapter_name": "Economy of Argentina",
    "chapter_id": "1",
    "section_number": "4",
    "section_name": "Foreign trade",
    "text": "In 2022, Argentina was the 44th largest exporter (by merchandise exports) in\nthe world (US$88 billion), 0.4% of the global total.\n\nArgentine exports are fairly well diversified. However, although agricultural\nraw materials are over 20% of the total exports, agricultural goods still\naccount for over 50% of exports when processed foods are included. Soy\nproducts alone (soybeans, vegetable oil) account for almost one fourth of the\ntotal. Cereals, mostly maize and wheat, which were Argentina's leading export\nduring much of the twentieth century, make up less than one tenth now.\n\nIndustrial goods today account for over a third of Argentine exports. Motor\nvehicles and auto parts are the leading industrial export, and over 12% of the\ntotal merchandise exports. Chemicals, steel, aluminum, machinery, and plastics\naccount for most of the remaining industrial exports. Trade in manufactures\nhas historically been in deficit for Argentina, however, and despite the\nnation's overall trade surplus, its manufacturing trade deficit exceeded US$30\nbillion in 2011. Accordingly, the system of non-automatic import licensing was\nextended in 2011, and regulations were enacted for the auto sector\nestablishing a model by which a company's future imports would be determined\nby their exports (though not necessarily in the same rubric).\n\nA net energy importer until 1987, Argentina's fuel exports began increasing\nrapidly in the early 1990s and today account for about an eighth of the total;\nrefined fuels make up about half of that. Exports of crude petroleum and\nnatural gas have recently been around US$3 billion a year. Rapidly growing\ndomestic energy demand and a gradual decline in oil production, resulted in a\nUS$3 billion energy trade deficit in 2011 (the first in 17 years) and a US$6\nbillion energy deficit in 2013.\n\nArgentine imports have historically been dominated by the need for industrial\nand technological supplies, machinery, and parts, which have averaged US$50\nbillion since 2011 (two-thirds of total imports). Consumer goods including\nmotor vehicles make up most of the rest. Trade in services has historically in\ndeficit for Argentina, and in 2013 this deficit widened to over US$4 billion\nwith a record US$19 billion in service imports. The nation's chronic current\naccount deficit was reversed during the 2002 crisis, and an average current\naccount surplus of US$7 billion was logged between 2002 and 2009; this surplus\nlater narrowed considerably, and has been slightly negative since 2011."
  },
  {
    "chapter_name": "Economy of Argentina",
    "chapter_id": "1",
    "section_number": "4.1",
    "section_name": "Imports and exports",
    "text": "Year  | Goods exports\n(billion US$) | Goods imports\n(in billion US$) | Net trade\n(in billion US$)\n---|---|---|---\n2023  | $66.8  | $69.8  | −$2.9\n2020  | $55.0  | $40.3  | $14.6\n2015  | $56.8  | $57.6  | −$0.8\n2010  | $68.3  | $54.2  | $14.2\n2000  | $26.3  | $23.9  | $2.5\n1990  | $12.4  | $3.7  | $8.6\n1980  | $8.0  | $9.4  | −$1.4"
  },
  {
    "chapter_name": "Economy of Argentina",
    "chapter_id": "1",
    "section_number": "4.2",
    "section_name": "Major trade partners",
    "text": "The following table shows the largest trading partners for Argentina in 2022\nby total trade value in billions of USD:\n\nCountry  | Total trade value  | Import value  | Export value  | Balance\n---|---|---|---|---\nBrazil | 28.70  | 16.03  | 12.67  | -3.36\nChina | 25.53  | 17.51  | 8.02  | -9.49\nUnited States | 17.01  | 10.33  | 6.68  | -3.65\nIndia | 6.40  | 1.85  | 4.55  | 2.70\nChile | 5.71  | .778  | 4.94  | 4.16\nVietnamㅤㅤ  | 4.47  | 1.24  | 3.23  | 1.99\nNetherlands | 4.46  | .886  | 3.57  | 2.68\nGermany | 3.60  | 2.72  | .884  | -1.83\nParaguay | 3.28  | 1.96  | 1.32  | -.635\nSpain | 2.99  | 1.26  | 1.73  | .473"
  },
  {
    "chapter_name": "Economy of Argentina",
    "chapter_id": "1",
    "section_number": "5",
    "section_name": "Foreign investment",
    "text": "Foreign direct investment in Argentina is divided nearly evenly between\nmanufacturing (36%), natural resources (34%), and services (30%). The chemical\nand plastics sector (10%) and the automotive sector (6%) lead foreign\ninvestment in local manufacturing; oil and gas (22%) and mining (5%), in\nnatural resources; telecommunications (6%), finance (5%), and retail trade\n(4%), in services. Spain was the leading source of foreign direct investment\nin Argentina, accounting for US$22 billion (28%) in 2009; the U.S. was the\nsecond leading source, with $13 billion (17%); and China grew to become the\nthird-largest source of FDI by 2011. Investments from the Netherlands, Brazil,\nChile, and Canada have also been significant; in 2012, foreign nationals held\na total of around US$112 billion in direct investment.\n\nSeveral bilateral agreements play an important role in promoting U.S. private\ninvestment. Argentina has an Overseas Private Investment Corporation (OPIC)\nagreement and an active program with the U.S. Export-Import Bank. Under the\n1994 U.S.–Argentina Bilateral Investment Treaty, U.S. investors enjoy national\ntreatment in all sectors except shipbuilding, fishing, nuclear-power\ngeneration, and uranium production. The treaty allows for international\narbitration of investment disputes.\n\nForeign direct investment (FDI) in Argentina, which averaged US$5.7 billion\nfrom 1992 to 1998 and reached in US$24 billion in 1999 (reflecting the\npurchase of 98% of YPF stock by Repsol), fell during the crisis to US$1.6\nbillion in 2003. FDI then accelerated, reaching US$8 billion in 2008. The\nglobal crisis cut this figure to US$4 billion in 2009; but inflows recovered\nto US$6.2 billion in 2010. and US$8.7 billion in 2011, with FDI in the first\nhalf of 2012 up by a further 42%.\n\nFDI volume remained below the regional average as a percent of GDP even as it\nrecovered, however; Kirchner Administration policies and difficulty in\nenforcing contractual obligations had been blamed for this modest performance.\nThe nature of foreign investment in Argentina nevertheless shifted\nsignificantly after 2000, and whereas over half of FDI during the 1990s\nconsisted in privatizations and mergers and acquisitions, foreign investment\nin Argentina became the most technologically oriented in the region – with 51%\nof FDI in the form of medium and high-tech investment (compared to 36% in\nBrazil and 3% in Chile)."
  },
  {
    "chapter_name": "Economy of Argentina",
    "chapter_id": "1",
    "section_number": "6",
    "section_name": "Issues",
    "text": "The economy recovered strongly from the 2001–02 crisis, and was the 21st\nlargest in purchasing power parity terms in 2011; its per capita income on a\npurchasing power basis was the highest in Latin America. A lobby representing\nUS creditors who refused to accept Argentina's debt-swap programmes has\ncampaigned to have the country expelled from the G20. These holdouts include\nnumerous vulture funds which had rejected the 2005 offer, and had instead\nresorted to the courts in a bid for higher returns on their defaulted bonds.\nThese disputes had led to a number of liens against central bank accounts in\nNew York and, indirectly, to reduced Argentine access to international credit\nmarkets.\n\nThe government under President Mauricio Macri announced to be seeking a new\nloan from the International Monetary Fund in order to avoid another economic\ncrash similar to the one in 2001. The May 2018 announcement comes at a time of\nhigh inflation and falling interest rates. The loan would reportedly be worth\n$30 billion.\n\nFollowing 25 years of boom and bust stagnation, Argentina's economy doubled in\nsize from 2002 to 2013, and officially, income poverty declined from 54% in\n2002 to 5% by 2013; an alternative measurement conducted by CONICET found that\nincome poverty declined instead to 15.4%. Poverty measured by living\nconditions improved more slowly, however, decreasing from 17.7% in the 2001\nCensus to 12.5% in the 2010 Census. Argentina's unemployment rate similarly\ndeclined from 25% in 2002 to an average of around 7% since 2011 largely\nbecause of both growing global demand for Argentine raw materials and strong\ngrowth in domestic activity.\n\nGiven its ongoing dispute with holdout bondholders, the government has become\nwary of sending assets to foreign countries (such as the presidential plane,\nor artworks sent to foreign exhibitions) in case they might be impounded by\ncourts at the behest of holdouts.\n\nThe government has been accused of manipulating economic statistics."
  },
  {
    "chapter_name": "Economy of Argentina",
    "chapter_id": "1",
    "section_number": "6.1",
    "section_name": "Reliability of official CPI estimates",
    "text": "Official CPI inflation figures released monthly by INDEC have been a subject\nof political controversy since 2007 through 2015. Official inflation data are\ndisregarded by leading union leaders, even in the people sector, when\nnegotiating pay rises. Some private-sector estimates put inflation for 2010 at\naround 25%, much higher than the official 10.9% rate for 2010. Inflation\nestimates from Argentina's provinces are also higher than the government's\nfigures. The government backed up the validity of its data, but has called in\nthe International Monetary Fund to help it design a new nationwide index to\nreplace the current one.\n\nThe official government CPI is calculated based on 520 products, however the\ncontroversy arises from these products not being specified, and thus how many\nof those products are subject to price caps and subsidies. Economic analysts\nhave been prosecuted for publishing estimates that disagree with official\nstatistics. The government enforces a fine of up to 500,000 pesos for\nproviding what it calls \"fraudulent inflation figures\". Beginning in 2015, the\ngovernment again began to call for competitive bids from the private sector to\nprovide a weekly independent inflation index."
  },
  {
    "chapter_name": "Economy of Argentina",
    "chapter_id": "1",
    "section_number": "6.2",
    "section_name": "Inflation",
    "text": "Argentina money supply increases year over year. Daily data points.\n\nHigh inflation has been a weakness of the Argentine economy for decades.\nInflation has been unofficially estimated to be running at around 25% annually\nsince 2008, despite official statistics indicating less than half that figure;\nthese would be the highest levels since the 2002 devaluation. A committee was\nestablished in 2010 in the Argentine Chamber of Deputies by opposition\nDeputies Patricia Bullrich, Ricardo Gil Lavedra, and others to publish an\nalternative index based on private estimates. Food price increases,\nparticularly that of beef, began to outstrip wage increases in 2010, leading\nArgentines to decrease beef consumption per capita from 69 kg (152 lb) to 57\nkg (125 lb) annually and to increase consumption of other meats.\n\nConsumer inflation expectations of 28 to 30% led the national mint to buy\nbanknotes of its highest denomination (100 pesos) from Brazil at the end of\n2010 to keep up with demand. The central bank pumped at least 1 billion pesos\ninto the economy in this way during 2011.\n\nAs of June 2015[update], the government said that inflation was at 15.3%;\napproximately half that of some independent estimates. Inflation remained at\naround 18.6% in 2015 according to an International Monetary Fund estimate; but\nfollowing a sharp devaluation enacted by the Mauricio Macri administration on\n17 December, inflation reignited during the first half of 2016 – reaching 42%\naccording to the Finance Ministry.\n\nSupermarkets in Argentina have adopted electronic price tags, allowing prices\nto be updated more quickly.\n\nIn the second quarter of 2019, reports suggested that the economy of the\ncountry is sinking, inflation is rising and the currency is depreciating.\nDespite the country receiving one of the largest IMF financial support\nprogrammes ever given to any nation, Argentina's poverty rose to 32% from 26%\nthe previous year. In August 2019, as an attempt to stabilise the economy, the\ngovernment decided to impose restrictions on foreign currency purchases.\n\nThe inflation rate in Argentina rose to 52.3 percent in February 2022 from\n50.7 percent in the prior month, the steepest increase since September. In\nAugust the interest rate was hiked to 69.5% as inflation further deteriorated\nhitting a 20-year high at 70% driven by many factors among them the 2021–2022\ninflation surge and forecasted to top 90% by the end of the year. Inflation\nhit past 100% in February 2023 for the first time since 1991. On October 12,\n2023, Argentina's central bank again increased the benchmark interest rate\nfrom 118% to 133% since September's inflation report (12.7% monthly and 138%\nannually) was worse than forecasted.\n\nArgentine workers have protested the inflation holding funerals to mourn the\n\"death of (their) wages\". Photographer Irina Werning wrote the following\nsentence \"inflation destroys savings, impedes planning, and discourages\ninvestment.\" taking about the protest\n\nAfter Milei's landslide victory in the presidential elections held on October\n2023, large efforts were made to curb the inflation rate, with major\nsuccesses. in January of 2022, the monthly inflation rate kept increasing from\n2.4% to a peak of 25% just before Milei's inauguration. Soon after coming to\npower, he devalued the peso by 50% in order to cut the wide gap between the\nofficial exchange rate (which was the theoretical evaluation of the peso) and\nthe market exchange rate (the rate which is used in practice). In a year he\nbrought it back down to a monthly 2.4%. However, because there was still a\nsignificant gap between the official and market exchange rates, Milei had\nenacted a decision to have a 2% monthly devaluation of the peso. This is an\nactive and intentional contributant to the inflation rate, meaning that the\nreal, monetary inflation rate is only 0.4%.\n\nIn 2024, the Argentinian Peso appreciated by 44.2% against the dollar,\noutperforming all other currencies. In contrast, the second best performing\ncurrency against the dollar is the Lira, which gained 21.2%, less than half of\nthe Peso's increase. These actions aimed to stabilize an economy teetering on\nthe brink of hyperinflation. The peso's strengthening doubled average wages in\ndollar terms to $990."
  },
  {
    "chapter_name": "Economy of Argentina",
    "chapter_id": "1",
    "section_number": "6.3",
    "section_name": "Income distribution",
    "text": "In relation to other Latin American countries, Argentina has a moderate to low\nlevel of income inequality. Its Gini coefficient is of about 0.407 (2022). The\nsocial gap is worst in the suburbs of the capital, where beneficiaries of the\neconomic rebound live in gated communities, and many of the poor live in slums\nknown as villas miserias.\n\nIn the mid-1970s, the most affluent 10% of Argentina's population had an\nincome 12 times that of the poorest 10%. That figure had grown to 18 times by\nthe mid-1990s, and by 2002, the peak of the crisis, the income of the richest\nsegment of the population was 43 times that of the poorest. These heightened\nlevels of inequality had improved to 26 times by 2006, and to 16 times at the\nend of 2010. Economic recovery after 2002 was thus accompanied by significant\nimprovement in income distribution: in 2002, the richest 10% absorbed 40% of\nall income, compared to 1.1% for the poorest 10%; by 2010, the former received\n29% of income, and the latter, 1.8%.\n\nArgentina has an inequality-adjusted human development index of 0.729,\ncompared to 0.578 and 0.709 for neighboring Brazil and Chile, respectively.\nThe 2010 Census found that poverty by living conditions still affect 1 in 8\ninhabitants, however; and while the official, household survey income poverty\nrate (based on U$S 100 per person per month, net) was 4.7% in 2013, the\nNational Research Council estimated income poverty in 2010 at 22.6%, with\nprivate consulting firms estimating that in 2011 around 21% fell below the\nincome poverty line. The World Bank estimated that, in 2013, 3.6% subsisted on\nless than US$3.10 per person per day."
  }
]