[
  {
    "chapter_name": "Economy of Romania",
    "chapter_id": "1",
    "section_number": "1",
    "section_name": "Introduction",
    "text": "The **economy of Romania** is a developing mixed economy, with a high degree\nof complexity. It ranks 12th in the European Union by total nominal GDP and\n7th largest when adjusted by purchasing power (PPP). The World Bank notes that\nRomania's efforts are focused on accelerating structural reforms and\nstrengthening institutions in order to further converge with the European\nUnion. The country's economic growth has been one of the highest in the EU\nsince 2010, with 2022 seeing a better-than-expected 4.8% increase.\n\nIn recent years, it witnessed growth rates such as: 4.8% in 2016, 7.1% in\n2017, 4.4% in 2018 and 4.1% in 2019. In 2020, its GDP per capita in purchasing\npower standards reached 72% of the European Union average, up from 44% in\n2007, the highest growth rate in the EU27. Romania's economy ranks 35th in the\nworld by its total GDP (PPP), with a Int$784 billion annual output (2023\nest.).\n\nThe country is a leading destination in Central and Eastern Europe for foreign\ndirect investment: the cumulative FDI since 1989 totals more than $170\nbillion. Romania is the largest electronics producer in the region. In the\npast 20 years Romania has also grown into a major center for mobile\ntechnology, information security, and related hardware research. The country\nis a regional leader in fields such as IT and motor vehicle production.\nBucharest, the capital city, is one of the leading financial and industrial\ncentres in Eastern Europe."
  },
  {
    "chapter_name": "Economy of Romania",
    "chapter_id": "1",
    "section_number": "0.1",
    "section_name": "Before World War II",
    "text": "The economy of Romania entered modernity with the Treaty of Adrianople in\n1829, ending centuries of Turkish control. Economic growth was stimulated by\nseveral milestones: the discovery and industrial exploitation of oil in 1857,\nthe political union between Wallachia and Moldavia in 1859, land reforms,\nadoption of a local currency, the leu (1867), the state independence (1877),\nas well as the building of an extensive rail-road system under king Carol I.\n\nAfter the dissolution of neighbouring Russian and Austro-Hungarian empires\nfollowing World War I, several Romanian-speaking provinces (Transylvania,\nBessarabia, Banat, Bukovina) united with the Kingdom of Romania, forming the\nRomanian state in its modern form. The application of radical agricultural\nreforms and the passing of a new constitution created a democratic framework\nand allowed for quick economic growth (industrial production doubled between\n1923 and 1938, despite the effects of the Great Depression in Romania).\n\nUntil World War II, Romania was Europe's second-largest oil and food producer."
  },
  {
    "chapter_name": "Economy of Romania",
    "chapter_id": "1",
    "section_number": "0.2",
    "section_name": "Communist period",
    "text": "After 1945, Soviet-occupied Romania became a member of the Eastern Bloc and\nswitched to a Soviet-style command economy. During this period the country\nexperienced rapid industrialisation in an attempt to create a \"multilaterally\ndeveloped socialist society\". Economic growth was further fuelled by foreign\ncredits in the 1970s, eventually leading to a growing foreign debt, which\npeaked at $11–12 billion.\n\nRomania's debt was completely paid off during the 1980s by implementing severe\nausterity measures which deprived Romanians of basic consumer goods. In 1989,\nbefore the Romanian Revolution, Romania had a GDP of about 800 billion lei, or\n$53.6 billion. Around 58% of the country's gross national income came from\nindustry, and another 15% came from agriculture. The minimum wage was 2,000\nlei, or approx. $57."
  },
  {
    "chapter_name": "Economy of Romania",
    "chapter_id": "1",
    "section_number": "0.3",
    "section_name": "Free market transition",
    "text": "The end of the communist period marked the beginning of a sharp economic\ndownturn. Romania's weight in the global economy dropped to 0.3% in 1993, down\nfrom 0.8% in 1983.\n\nPrivatisation of industry started with the 1992 transfer of 30% of the shares\nof some 6,000 state-owned enterprises to five private ownership funds, in\nwhich each adult citizen received certificates of ownership. The remaining 70%\nownership of the enterprises was transferred to a state ownership fund, with a\nmandate to sell off its shares at the rate of at least 10% per year. The\nprivatisation law also called for direct sale of some 30 specially selected\nenterprises and the sale of \"assets\" (i.e., commercially viable component\nunits) of larger enterprises.\n\nAs of 2008, inflation stood at 7.8%, up from 4.8% in 2007 estimated by the BNR\nat coming within 6% for the year 2006 (the year-on-year CPI, published in\nMarch 2007, is 3.66%). Also, since 2001, the economy has grown steadily at\naround 6–8%. Therefore, the PPP per capita GDP of Romania in 2008 was\nestimated to be between $12,200 and $14,064.\n\nRomania was the largest U.S. trading partner in Central-Eastern Europe until\nNicolae Ceaușescu's 1988 renunciation of Most Favored Nation (non-\ndiscriminatory) trading status, which resulted in higher U.S. tariffs on\nRomanian products. Congress approved restoration of the MFN status effective 8\nNovember 1993, as part of a new bilateral trade agreement. Tariffs on most\nRomanian products dropped to zero in February 1994 with the inclusion of\nRomania in the Generalized System of Preferences (GSP). Major Romanian exports\nto the U.S. include shoes and clothing, steel, and chemicals.\n\nRomania signed an Association Agreement with the EU in 1992 and a free trade\nagreement with the European Free Trade Association (EFTA) in 1993, codifying\nRomania's access to European markets and creating the basic framework for\nfurther economic integration. Romania formally joined the EU in 2007.\n\nDuring the later part of the Ceaușescu period, Romania had earned significant\ncontracts from several developing countries, notably Iraq, for oil-related\nprojects. In August 2005 Romania agreed to forgive 43% of the US$1.7 billion\ndebt owed by an Iraq still largely occupied by the military forces of the\nU.S.-led \"Coalition of the Willing\", making Romania the first country outside\nof the Paris Club of wealthy creditor nations to forgive Iraqi debts.\n\nGrowth in 2000–07 was supported by exports to the EU, primarily to Italy and\nGermany, and a strong recovery of foreign and domestic investment. Domestic\ndemand is playing an ever more important role in underpinning growth as\ninterest rates drop and the availability of credit cards and mortgages\nincreases. Current account deficits of around 2% of GDP are beginning to\ndecline[_citation needed_] as demand for Romanian products in the European\nUnion increases. Accession to the EU gives further impetus and direction to\nstructural reform.\n\nIn early 2004 the government passed increases in the value-added tax (VAT) and\ntightened eligibility for social benefits with the intention to bring the\npublic finance gap down to 4% of GDP by 2006, but more difficult pension and\nhealthcare reforms will have to wait until after the next elections.\nPrivatisation of the state-owned bank Banca Comercială Română took place in\n2005. Intensified restructuring among large enterprises, improvements in the\nfinancial sector, and effective use of available EU funds is expected to\naccelerate economic growth. However, the Romanian economy was affected by the\n2008 financial crisis and contracted in 2009.\n\nAfter communism, Romania needed capital infusion, entrepreneurial and\nmanagerial skills, the fastest way to obtain that was through foreign direct\ninvestment (FDI). As of 2018, total FDI in Romania was 81 billion EUR, 63% of\ntotal (51 billion) are greenfield investments. Top ten FDI stock by country of\norigin in 2018 were: Netherlands (23.9%), Germany (12.7%), Austria (12.2%),\nItaly (9.5%), Cyprus (6.2%), France (6%), Switzerland (4.5%), Luxembourg\n(4.2%), Belgium (2.2%) and United Kingdom (2.1%)."
  },
  {
    "chapter_name": "Economy of Romania",
    "chapter_id": "1",
    "section_number": "0.4",
    "section_name": "Investments in Romania",
    "text": "The level of investment remains above EU average. Investment accounts for\nalmost 25% of GDP in Romania as opposed to 19% of GDP in the EU, in 2016.\n\nLocally, UniCredit, one of the region's leading banking firms, announced in\nOctober 2023 that it will merge its Romanian affiliate with the recently\npurchased Alpha bank in Romania (for €300 million), creating Romania's third-\nlargest lender.\n\nRomania's Recovery and Resilience Plan dedicates over €6 billion to\ndigitalisation efforts, encompassing public administration, connectivity,\ncybersecurity, digital skills, and the development of an integrated e-health\nand telemedicine system. The European Investment Bank Project Advisory Support\nprogramme aids Romania in advancing digitalisation through collaborations with\nthe National Agency for Public Procurement and the Ministry of Research,\nInnovation, and Digitalisation\n\nThis assistance includes evaluating ICT projects and supporting the rollout of\na €600 million government cloud initiative, aimed at enhancing\ninteroperability, reducing bureaucracy, and bolstering cybersecurity."
  },
  {
    "chapter_name": "Economy of Romania",
    "chapter_id": "1",
    "section_number": "0.5",
    "section_name": "EU membership (2007)",
    "text": "**Eurozone participation**\n\nEuropean Union member states\n\n(special territories not shown)\n\n20 in the eurozone\n\n1 in ERM II, without an opt-out (Bulgaria)\n\n1 in ERM II, with an opt-out (Denmark)\n\n5 not in ERM II, but committed to join the eurozone on meeting the convergence\ncriteria (Czech Republic, Hungary, Poland, Romania, and Sweden)\n\nNon–EU member states\n\n\n\n4 using the euro with a monetary agreement (Andorra, Monaco, San Marino, and\nVatican City)\n\n2 using the euro unilaterally (Kosovo and Montenegro)\n\n* v\n* t\n* e\n\nOn 1 January 2007 Romania and Bulgaria entered the EU, giving the Union access\nto the Black Sea. This led to some immediate international trade\nliberalisation. Romania is part of the European single market which represents\nmore than 447 million consumers. Several domestic commercial policies are\ndetermined by agreements among European Union members and by EU legislation.\nThis is to be contrasted with enormous current account deficits. Low interest\nrates guarantee availability of funds for investment and consumption. For\nexample, a boom in the real estate market started around 2000 and has not\nsubsided yet. At the same time annual inflation in the economy is variable and\nduring the mid-2000s (2003–2008) has seen a low of 2.3% and high of 7.8%.\n\nRomania adopted 1 January 2005 a flat tax of 16% to improve tax collection\nrates. Romania subsequently enjoyed the lowest fiscal burden in the European\nUnion, until Bulgaria also switched to a flat tax of 10% in 2007. Since 2018\nthe flat rate was lowered to 10%.\n\nRomania posted 6% economic growth in 2016, the highest among European Union\nmember states. According to Bloomberg, the country's economic growth advanced\nat the fastest pace since 2008. It is now considered the next tech-startup hub\ncountry in EU. Nowadays, that Romania's digital infrastructure ranks higher\nthan other eastern and central European countries makes it an attractive place\nto start a tech business."
  },
  {
    "chapter_name": "Economy of Romania",
    "chapter_id": "1",
    "section_number": "0.6",
    "section_name": "GDP",
    "text": "IMF for 2022 (October) published the following data:\n\nYear | 2022 | 2023 | 2024 | 2025 | 2026 | 2027\n---|---|---|---|---|---|---\n$/per capita (PPP) | 38 | 40,673 | 43,100 | 45,445 | 47,940 | 50,573\n$/per capita (Nominal) | 15 | 16,228 | 17,566 | 18,935 | 20,263 | 21,665\n\nIn the Romanian press the economy has been referred to as the \"Tiger of the\nEast\" during the 2000s. Romania is a country of considerable economic\npotential: over 10 million hectares of agricultural land, diverse energy\nsources (coal, oil, natural gas, hydro, nuclear, and wind), a substantial, if\naging, manufacturing base and opportunities for expanded development in\ntourism on the Black Sea and in the mountains."
  },
  {
    "chapter_name": "Economy of Romania",
    "chapter_id": "1",
    "section_number": "0.7",
    "section_name": "Investments",
    "text": "Net investments in Romania's economy totaled RON 33.6 billion (EUR 7.2\nbillion) in the first half of 2018, up by 5.8% compared to the same period of\n2017, according to the National Statistics Institute (INS).\n\nIn the same year (2018) foreign direct investment (FDI) was 81 billion, 63%\n(51 billion) being \"green field\""
  },
  {
    "chapter_name": "Economy of Romania",
    "chapter_id": "1",
    "section_number": "0.8",
    "section_name": "Data",
    "text": "The following table shows the main economic indicators in 1980–2022 (with IMF\nstaff estimates in 2023–2028). Inflation under 5% is in green.\n\nYear  | GDP\n(in Bil. US$ PPP) | GDP per capita\n(in US$ PPP) | GDP\n(in Bil. Bil. US$nominal) | GDP per capita\n(in US$ nominal) | GDP growth\n(real) | Inflation rate\n(in Percent) | Unemployment\n(in Percent) | Government debt\n(in % of GDP)\n---|---|---|---|---|---|---|---|---\n1980  | 114.1  | 5,087  | 46.1  | 2,052  | 3.3%  | 1.5%  | —  | —\n1981  | 125.1  | 5,541  | 55.3  | 2,450  | 0.1%  | 2.2%  | —  | —\n1982  | 138.0  | 6,084  | 55.4  | 2,441  | 3.9%  | 16.9%  | —  | —\n1983  | 152.0  | 6,674  | 48.4  | 2,125  | 6.0%  | 4.7%  | —  | —\n1984  | 167.0  | 7,300  | 39.1  | 1,710  | 6.0%  | −0.3%  | —  | —\n1985  | 172.0  | 7,490  | 48.3  | 2,101  | −0.1%  | −0.2%  | 4.0%  | —\n1986  | 179.7  | 7,783  | 52.3  | 2,264  | 2.4%  | 0.7%  | 3.9%  | —\n1987  | 185.7  | 7,994  | 58.5  | 2,517  | 0.8%  | 1.1%  | 3.7%  | —\n1988  | 191.2  | 8,191  | 60.5  | 2,593  | −0.5%  | 2.6%  | 3.7%  | —\n1989  | 187.2  | 7,990  | 54.2  | 2,314  | −5.8%  | 0.9%  | 3.4%  | —\n1990  | 183.3  | 7,814  | 38.5  | 1,641  | −5.6%  | 127.9%  | 3.4%  | —\n1991  | 165.0  | 7,045  | 29.1  | 1,241  | −12.9%  | 161.1%  | 3.5%  | —\n1992  | 154.0  | 6,599  | 19.8  | 847  | −8.8%  | 210.4%  | 5.4%  | —\n1993  | 160.0  | 6,896  | 26.6  | 1,147  | 1.5%  | 256.1%  | 9.2%  | —\n1994  | 169.9  | 7,365  | 30.4  | 1,317  | 3.9%  | 136.7%  | 11.0%  | —\n1995  | 185.8  | 8,105  | 35.8  | 1,563  | 7.1%  | 32.3%  | 9.9%  | —\n1996  | 196.7  | 8,627  | 35.7  | 1,565  | 3.9%  | 38.8%  | 7.3%  | —\n1997  | 188.0  | 8,289  | 35.6  | 1,571  | −6.1%  | 154.8%  | 7.9%  | —\n1998  | 180.9  | 8,018  | 42.6  | 1,885  | −4.8%  | 59.1%  | 9.6%  | —\n1999  | 181.4  | 8,076  | 36.0  | 1,600  | −1.2%  | 45.8%  | 7.2%  | —\n2000  | 190.9  | 8,501  | 37.4  | 1,667  | 2.9%  | 45.7%  | 7.6%  | 29.5%\n2001  | 205.1  | 9,145  | 40.4  | 1,800  | 5.1%  | 34.5%  | 7.4%  | 27.4%\n2002  | 220.2  | 10,083  | 46.0  | 2,108  | 5.7%  | 22.5%  | 8.3%  | 27.3%\n2003  | 229.7  | 10,620  | 57.8  | 2,672  | 2.3%  | 15.4%  | 7.8%  | 24.9%\n2004  | 260.1  | 12,091  | 75.1  | 3,487  | 10.3%  | 11.9%  | 8.0%  | 21.3%\n2005  | 280.1  | 13,140  | 98.5  | 4,608  | 4.7%  | 9.0%  | 7.1%  | 17.8%\n2006  | 312.9  | 14,718  | 122.1  | 5,744  | 8.0%  | 6.6%  | 7.2%  | 12.7%\n2007  | 344.5  | 16,301  | 174.8  | 8,273  | 7.2%  | 4.8%  | 6.3%  | 12.4%\n2008  | 384.1  | 18,613  | 215.6  | 10,446  | 9.4%  | 7.8%  | 5.6%  | 13.0%\n2009  | 365.1  | 17,861  | 174.6  | 8,540  | −5.5%  | 5.6%  | 8.4%  | 22.5%\n2010  | 355.0  | 17,493  | 170.3  | 8,391  | −3.9%  | 6.1%  | 9.0%  | 30.2%\n2011  | 378.8  | 18,754  | 192.8  | 9,546  | 4.5%  | 5.8%  | 9.1%  | 32.6%\n2012  | 397.3  | 19,771  | 179.2  | 8,919  | 1.9%  | 3.3%  | 8.7%  | 36.2%\n2013  | 393.2  | 19,641  | 189.8  | 9,481  | 0.2%  | 4.0%  | 9.0%  | 39.2%\n2014  | 410.8  | 20,592  | 200.0  | 10,025  | 4.1%  | 1.1%  | 8.6%  | 40.5%\n2015  | 428.6  | 21,570  | 177.9  | 8,951  | 3.2%  | −0.6%  | 8.4%  | 39.4%\n2016  | 470.9  | 23,831  | 185.3  | 9,378  | 2.9%  | −1.6%  | 7.2%  | 39.5%\n2017  | 530.8  | 27,020  | 210.5  | 10,717  | 8.2%  | 1.3%  | 6.1%  | 37.1%\n2018  | 576.3  | 29,504  | 243.5  | 12,465  | 6.0%  | 4.6%  | 5.2%  | 36.2%\n2019  | 609.2  | 31,379  | 251.0  | 12,928  | 3.8%  | 3.8%  | 4.9%  | 36.6%\n2020  | 594.4  | 30,751  | 251.7  | 13,021  | −3.7%  | 2.6%  | 6.1%  | 49.4%\n2021  | 657.5  | 34,245  | 285.6  | 14,874  | 5.9%  | 5.0%  | 5.6%  | 51.1%\n2022  | 737.3  | 38,721  | 301.8  | 15,851  | 4.8%  | 13.8%  | 5.6%  | 48.7%\n2023  | 783.9  | 41,633  | 348.9  | 18,530  | 2.4%  | 10.5%  | 5.6%  | 48.3%\n2024  | 830.5  | 44,484  | 376.7  | 20,175  | 3.6%  | 5.8%  | 5.4%  | 49.3%\n2025  | 878.0  | 47,441  | 405.2  | 21,893  | 3.7%  | 4.2%  | 5.3%  | 50.3%\n2026  | 927.5  | 50,509  | 429.7  | 23,398  | 3.7%  | 3.0%  | 5.2%  | 51.4%\n2027  | 978.1  | 53,684  | 450.9  | 24,749  | 3.6%  | 2.6%  | 5.1%  | 52.8%\n2028  | 1,031.9  | 57,075  | 469.6  | 25,974  | 3.5%  | 2.5%  | 5.0%  | 54.2%"
  },
  {
    "chapter_name": "Economy of Romania",
    "chapter_id": "1",
    "section_number": "0.9",
    "section_name": "National budget",
    "text": "The planned national budget for 2017 is 422 billion lei ($103 billion), with\nan estimated budget deficit to GDP of 1.1%."
  },
  {
    "chapter_name": "Economy of Romania",
    "chapter_id": "1",
    "section_number": "0.10",
    "section_name": "Growing middle class",
    "text": "Romania has a growing middle and upper classes with relatively high per-capita\nincome. World Bank estimated that in 2002 99% of the urban and 94% of the\nrural population had access to electricity. In 2004, 91% of the urban and only\n16% of the rural population had access to improved water supply and 94% of the\nurban population had access to improved sanitation. In 2017 there were about\n22.5 million mobile phone users in Romania and about 18 million with internet\naccess.\n\nIn February 2024, the gross average monthly wage was RON 8,871 (€1910), and\nthe net average monthly wage was RON 5,556 (€1180)."
  },
  {
    "chapter_name": "Economy of Romania",
    "chapter_id": "1",
    "section_number": "0.11",
    "section_name": "Neighbours",
    "text": "Countries tend to benefit from sharing borders with developed markets as this\nfacilitates trade and development. Below is a table of Romania's neighbouring\ncountries, their GDP per capita, and trade values between the pairs. In 2017,\n11.58% of Romanian exports went to its neighbours; while 12.95% of imports\ncame from these five countries. For comparison, Germany alone accounted for\n23% of Romania's exports and 20.1% of its imports.\n\nCountry  | GDP per capita,\n(current US$) 2022 | Difference\nin %\n---|---|---\nHungary  | 18,390 | +16.5\nRomania  | 15,786\nBulgaria  | 13,974 | −11.5\nSerbia  | 9,537 | −39.6\nMoldova  | 5,714 | −63.8\nUkraine  | 4,534 | −71.3"
  },
  {
    "chapter_name": "Economy of Romania",
    "chapter_id": "1",
    "section_number": "1",
    "section_name": "Labour",
    "text": "In 2022, the economically active population was of 8270.8 thousand persons, of\nwhich 94.4% were employed persons and 5.6% unemployed.\n\nThe employment rate of working age population (15-64 years) was 63.1%, having\nhigher values for men (71.5%, as against 54.4% for women) and urban area\n(68.6% in urban area, as against 56.3% in rural area). 19.7% of young people\n(aged 15-24 years) and 46.7% of elderly people (aged 55-64 years) were\nemployed. The employment rate for persons aged 15-64 was higher for those with\nsuperior level of education (89.5%) than for those with medium level (64.6%)\nand those with low education (36.6%). The employment rate for the population\naged 20-64 years was 68.5%. Employment rate had higher values for men (77.7%\nas against only 59.1% for women) and for persons in urban area (74.0% as\nagainst 61.8% for persons in rural area).\n\nThe unemployment rate was 5.6%. By gender, the gap between the two rates was\n1.0 percentage point (6.0% for men as against 5.0% for women), while by\nresidential area it was 5.7 percentage points (8.9% for rural area as compared\nto 3.2% for urban area). The unemployment rate had the highest level (22.8%)\namong young people (aged 15-24 years). The unemployment affects to a greater\nextent the graduates of medium and low level of education, for which the\nunemployment rate was 5.2%, respectively 14.2% higher as compared with the\nrate registered for unemployed with superior level of education (1.7%).\n\n5,7\n\n3,2\n\n4,5\n\n3,0\n\n2,7\n\n8,5\n\n4,2\n\n6,0\n\n5,5\n\n3,2\n\n3,9\n\n2,3\n\n5,3\n\n5,3\n\n0,5\n\n1,0\n\n3,4\n\n8,3\n\n3,6\n\n3,2\n\n2,2\n\n6,2\n\n7,3\n\n3,2\n\n3,5\n\n7,3\n\n3,1\n\n4,3\n\n3,9\n\n2,4\n\n2,4\n\n3,8\n\n1,2\n\n5,2\n\n1,3\n\n3,8\n\n2,2\n\n3,1\n\n1,1\n\n0,6\n\n2,5\n\n3,9\n\nNote: Counties highlighted in purple on the map had long-term unemployment\nrates below 3% in March 2023, those in blue fell within the range of 3% to 5%,\ncounties in orange fell within the range of 5% to 7%, and counties in red had\nunemployment rates of 7% and above.\n\nAccording to the latest monthly report of the National Institute of Statistics\nin Romania, the average monthly salary in November 2023 was 7,766 lei (1,562\neuros) gross or 4,765 lei (958 euros) net.\n\n€736\n\n€741\n\n€749\n\n€946\n\n€856\n\n€760\n\n€705\n\n€841\n\n€769\n\n€749\n\n€738\n\n€843\n\n€764\n\n€767\n\n€981\n\n€1210\n\n€795\n\n€738\n\n€851\n\n€780\n\n€887\n\n€843\n\n€842\n\n€727\n\n€833\n\n€776\n\n€877\n\n€759\n\n€772\n\n€923\n\n€1013\n\n€853\n\n€1168\n\n€786\n\n€775\n\n€783\n\n€788\n\n€774\n\n€827\n\n€1142\n\n€747\n\n€722\n\nNote: Counties highlighted in purple on the map had an average net monthly\nsalary (after tax) of €900 and above in November 2023, those in blue fell\nwithin the range of €899 to €750, and counties in orange had average net\nmonthly salaries below €750."
  },
  {
    "chapter_name": "Economy of Romania",
    "chapter_id": "1",
    "section_number": "1.1",
    "section_name": "Minimum wage in Romania",
    "text": "The minimum gross wage in the Romanian economy amounts to RON 4050 (≈EUR 814)\nfrom 1 January 2025. The same minimum wage applies to employees with a\nseniority of over 15 years."
  },
  {
    "chapter_name": "Economy of Romania",
    "chapter_id": "1",
    "section_number": "1.2",
    "section_name": "Wealth per adult",
    "text": "In 2021, the median wealth per adult in Romania was estimated by Credit Suisse\nat USD **20,389**. Average wealth per adult was USD 42,351.\n\n35% of the 15.1 million Romanian adults had a wealth of less than USD 10,000.\nThis is an improvement from 40% in 2018."
  },
  {
    "chapter_name": "Economy of Romania",
    "chapter_id": "1",
    "section_number": "2",
    "section_name": "Tourism",
    "text": "Romania is a popular tourist destination, with more than 15.7 million domestic\nand foreign tourists in 2018.\n\nRomania's tourism took a great hit during the 2020 COVID-19 pandemic, with a\ndrop of as much as 68.7% of foreign visitors in 2020, but it's beginning to\nrecover in 2022.\n\nRomania has cities of great cultural interest (Sibiu, Bucharest, Constanța,\nBrașov, Iași, Timișoara, Cluj-Napoca or Alba Iulia), beaches and seaside\nresorts, ski resorts, and well-preserved rural regions appreciated for their\nbeauty and tranquillity. Romania is the destination of many religious\npilgrimages,[_citation needed_] hosting several thousands visitors each year."
  },
  {
    "chapter_name": "Economy of Romania",
    "chapter_id": "1",
    "section_number": "3",
    "section_name": "Currency",
    "text": "One new leu bank-note\n\nThe **leu** (pronounced [ˈlew]), plural: **lei** ([ˈlej]); (ISO 4217 code RON;\nnumeric code 946), \"leo\" (lion) in English is the currency of Romania. It is\nsubdivided into 100 _bani_ (singular: _ban_). On 1 July 2005, Romania\nunderwent a currency reform, switching from the previous leu (ROL) to a new\nleu (RON). 1 RON is equal to 10,000 ROL. Romania joined the European Union on\n1 January 2007 and initially hoped to adopt the euro in 2014, but with the\ndeepening of the Euro crisis and with its own problems, such as a low\nworkforce productivity, postponed its adoption plans indefinitely.\n\nAs of April 2025, 1 RON is worth about 0.2006 EUR and US$0.2278. Romania is\nexpected to adopt the euro in 2026."
  },
  {
    "chapter_name": "Economy of Romania",
    "chapter_id": "1",
    "section_number": "3.1",
    "section_name": "Fulfillment of the Maastricht criteria",
    "text": "Romania, as a member state of the European Union, is required to adopt the\ncommon European currency, the Euro. For this reason Romania must fulfil the\nfive Maastricht criteria, of which it met none as of June 2020.\n\n\n\nConvergence criteria Assessment month  | Country  | HICP inflation rate | Excessive deficit procedure | Exchange rate  | Long-term interest rate | Compatibility of legislation\n---|---|---|---|---|---|---\nBudget deficit to GDP | Debt-to-GDP ratio | ERM II member  | Change in rate\n2024 ECB Report  | Reference values  | Max. 3.3%\n(as of May 2024) | None open (as of 19 June 2024) | Min. 2 years\n(as of 19 June 2024) | Max. ±15%\n(for 2023) | Max. 4.8%\n(as of May 2024) | Yes\n(as of 27 March 2024)\nMax. 3.0%\n(Fiscal year 2023) | Max. 60%\n(Fiscal year 2023)\n\n\n\n2025 ECB Report  | Reference values  | Max. 2.8%\n(as of April 2025) | None open (as of 19 May 2025) | Min. 2 years\n(as of 19 May 2025) | Max. ±15%\n(for 2024) | Max. 5.1%\n(as of April 2025) | Yes\n(as of 15 April 2025)\nMax. 3.0%\n(Fiscal year 2024) | Max. 60%\n(Fiscal year 2024)\n**Romania** | 7.6%  | Open  | No  | −0.3%  | 6.4%  | No\n6.6%  | 48.8%\n\n**Criterion fulfilled**\n\n**Criterion potentially fulfilled** : If the budget deficit exceeds the 3%\nlimit, but is \"close\" to this value (the European Commission has deemed 3.5%\nto be close by in the past), then the criteria can still potentially be\nfulfilled if either the deficits in the previous two years are significantly\ndeclining towards the 3% limit, or if the excessive deficit is the result of\nexceptional circumstances which are temporary in nature (i.e. one-off\nexpenditures triggered by a significant economic downturn, or by the\nimplementation of economic reforms that are expected to deliver a significant\npositive impact on the government's future fiscal budgets). However, even if\nsuch \"special circumstances\" are found to exist, additional criteria must also\nbe met to comply with the fiscal budget criterion. Additionally, if the debt-\nto-GDP ratio exceeds 60% but is \"sufficiently diminishing and approaching the\nreference value at a satisfactory pace\" it can be deemed to be in compliance.\n\n**Criterion not fulfilled**\n\nNotes\n\n1. **^** The rate of increase of the 12-month average HICP over the prior 12-month average must be no more than 1.5% larger than the unweighted arithmetic average of the similar HICP inflation rates in the 3 EU member states with the lowest HICP inflation. If any of these 3 states have a HICP rate significantly below the similarly averaged HICP rate for the eurozone (which according to ECB practice means more than 2% below), and if this low HICP rate has been primarily caused by exceptional circumstances (i.e. severe wage cuts or a strong recession), then such a state is not included in the calculation of the reference value and is replaced by the EU state with the fourth lowest HICP rate.\n2. **^** The arithmetic average of the annual yield of 10-year government bonds as of the end of the past 12 months must be no more than 2.0% larger than the unweighted arithmetic average of the bond yields in the 3 EU member states with the lowest HICP inflation. If any of these states have bond yields which are significantly larger than the similarly averaged yield for the eurozone (which according to previous ECB reports means more than 2% above) and at the same time does not have complete funding access to financial markets (which is the case for as long as a government receives bailout funds), then such a state is not to be included in the calculation of the reference value.\n3. **^** The change in the annual average exchange rate against the euro.\n4. **^** Reference values from the Convergence Report of June 2024.\n5. ^ _**a**_ _**b**_ Belgium, Denmark, and the Netherlands were the reference states.\n6. ^ _**a**_ _**b**_ The maximum allowed change in rate is ± 2.25% for Denmark.\n7. **^** Reference values from the Convergence Report of June 2025.\n8. ^ _**a**_ _**b**_ Finland, Ireland, and Italy were the reference states."
  },
  {
    "chapter_name": "Economy of Romania",
    "chapter_id": "1",
    "section_number": "4",
    "section_name": "Natural resources",
    "text": "Romania is an oil and gas producer. The pipeline network in Romania included\n2,427 km for crude oil, 3,850 km for petroleum products, and 3,508 km for\nnatural gas in 2006. Several major new pipelines are planned, especially the\nNabucco Pipeline for Caspian oilfields, the longest one in the world. Romania\ncould cash in four billion dollars from the Constanta-Trieste pipeline.\n\nRomania has considerable[_vague_] natural resources for a country of its size,\nincluding coal, iron ore, copper, chromium, uranium, antimony, mercury, gold,\nbarite, borate, celestine (strontium), emery, feldspar, limestone, magnesite,\nmarble, perlite, pumice, pyrites (sulfur), clay, arable land and hydropower.\n\nEnergy needs are also met by importing bituminous and anthracite coal and\ncrude petroleum. In 2019 over 21 million metric tonnes of coal, an estimated\n1300 tonnes of zinc, 460,000 tonnes of alumina and 3.4 million tonnes of crude\nsteel were mined. Lesser amounts of copper, lead, gold, silver and kaolin were\nalso mined."
  },
  {
    "chapter_name": "Economy of Romania",
    "chapter_id": "1",
    "section_number": "4.1",
    "section_name": "Energy",
    "text": "The Iron Gate I Hydro Power Plant, a joint venture between Romania and Serbia\n\nThe energy sector is dominated by state-owned companies such as\nTermoelectrica, Hidroelectrica and Nuclearelectrica. Fossil fuels are the\ncountry's primary source of energy, followed by hydroelectric power."
  },
  {
    "chapter_name": "Economy of Romania",
    "chapter_id": "1",
    "section_number": "4.1.1",
    "section_name": "Nuclear energy in Romania",
    "text": "Due to dependency on oil and gas imports from Russia, the country has placed\nan increasingly heavy emphasis on nuclear energy since the 1980s. The\nCernavodă Nuclear Power Plant is the only one of its kind in Romania, although\nthere are plans to build a second one in Transylvania, possibly after 2020.\n\nFor domestic heating and cooking 48% of rural and small-town households use\ndirectly burned solid fuel (almost exclusively domestically produced wood) as\nthe main energy source.\n\nWind power had an installed capacity of 76 MW in 2008, and 3028 MW in 2016.\nThe country has the largest wind power potential in Southeast Europe, with\nDobruja listed as the second-best place in Europe to construct wind farms. As\na result, there are currently[_when?_] investor connection requests for over\n12,000 MW. There are also plans to build a number of solar power stations,\nsuch as the Covaci Solar Park, which will be one of the largest in the world."
  },
  {
    "chapter_name": "Economy of Romania",
    "chapter_id": "1",
    "section_number": "5",
    "section_name": "Physical infrastructure",
    "text": "A1 motorway near Orăștie\n\nThe volume of traffic in Romania, especially goods transportation, has\nincreased in recent years due to its strategic location in South-East Europe.\nIn the past few decades, much of the freight traffic shifted from rail to\nroad. A further strong increase of traffic is expected in the future.\n\nAs of December 2023, 1,065.9 km (662.3 mi) of motorways are in use with a\nsmall portion of Lugoj-Deva (between Margina and Holdea) to be finished while\nSibiu-Pitești is still tendering. The railway network, which was significantly\nexpanded during the Communist years, is the fourth largest in Europe.\n\nBucharest is the only city in Romania which has an underground railway system,\ncomprising both the Bucharest Metro and the light rail system managed by Regia\nAutonomă de Transport București. Although construction was planned to begin in\n1941, due to geo-political factors, the Bucharest Metro was only opened in\n1979. Now it is one of the most accessed systems of the Bucharest public\ntransport network with an average ridership of 800,000 passengers during the\nworkweek. In total, the network is 71 km long and has 53 stations."
  },
  {
    "chapter_name": "Economy of Romania",
    "chapter_id": "1",
    "section_number": "6",
    "section_name": "Sectors of the economy",
    "text": "In 2022, the sector with the highest number of companies registered in Romania\nis Services with 351,621 companies followed by Retail Trade with 239,404\ncompanies."
  },
  {
    "chapter_name": "Economy of Romania",
    "chapter_id": "1",
    "section_number": "6.1",
    "section_name": "Gas and natural resources",
    "text": "Romania has become a natural gas exporter. Romanian Scientist, Lazar Edeleanu,\nhad managed, for the first time in the world, to refine oil based products\nwith sulphur dioxide, in other words separation from the oil of some\nhydrocarbon groups, without their chemical alteration."
  },
  {
    "chapter_name": "Economy of Romania",
    "chapter_id": "1",
    "section_number": "6.2",
    "section_name": "Agriculture",
    "text": "Agriculture employs about 26% of the population (one of the highest rates in\nEurope) and contributes about 4.3% of GDP. The Bărăgan is characterized by\nlarge wheat farms. Dairy products, pork, poultry, and apple production are\nconcentrated in the western region.\n\nBeef production is located in central Romania, while the production of fruits,\nvegetables, and wine ranges from central to southern Romania. Romania is a\nlarge producer of many agricultural products and is currently expanding its\nforestry and fishery industries. The implementation of the reforms and the\nUruguay Round of the General Agreement on Tariffs and Trade (GATT) have\nresulted in reforms in the agricultural sector of the economy."
  },
  {
    "chapter_name": "Economy of Romania",
    "chapter_id": "1",
    "section_number": "6.2.1",
    "section_name": "Fishing",
    "text": "Fishing is an economic mainstay in parts of eastern Romania and along the\nBlack Sea coast, with important fish markets in places such as Constanta,\nGalați and Tulcea. Fish such as European anchovy, sprat, pontic shad, mullet,\ngoby, whiting, garfish, Black-Sea Turbot or horse mackerel are landed at ports\nsuch as Constanta.\n\nThere has been a large scale decrease in employment in the fishing industry\nwithin Romania due to the EU's Common Fisheries Policy, which places\nrestrictions on the total tonnage of catch that can be landed, caused by\noverfishing in the Black Sea. Along with the decline of sea-fishing,\ncommercial fish farms – especially in salmon, have increased in prominence in\nthe rivers and lochs of the east of Romania. Inland waters are rich in fresh\nwater fish such as salmon, trout, and in particular, carp which traditionally\nhas been the most popular fish, including its eggs (_icre_), fresh or canned."
  },
  {
    "chapter_name": "Economy of Romania",
    "chapter_id": "1",
    "section_number": "6.2.2",
    "section_name": "Car industry",
    "text": "2018 Dacia Duster"
  },
  {
    "chapter_name": "Economy of Romania",
    "chapter_id": "1",
    "section_number": "6.2.3",
    "section_name": "IT and other Industry",
    "text": "Romania has been successful in developing its industrial sector in recent\nyears. Industry and construction accounted for 32% of gross domestic product\n(GDP) in 2003, a comparatively large share even without taking into account\nrelated services. The sector employed 26.4% of the workforce. Romania excels\nin the production of automobiles, machine tools, and chemicals. In 2013, some\n410,997 automobiles were produced in Romania, up from 78,165 in 2000. As of\n2018, the turnover generated by Romania's automobile industry was estimated at\n28 billion Euros, with 230,000 Romanians employed in the sector.\n\nIn 2004 Romania enjoyed one of the largest world market share in machine tools\n(5.3%). Romanian-based companies such as Dacia, Petrom, Rompetrol,\nBitdefender, Romstal and Mobexpert have expanded operations throughout the\nregion. However, small- to medium-sized manufacturing firms form the bulk of\nRomania's industrial sector.\n\nIndustrial output growth was 6.9% year-on-year in December 2009, making it the\nhighest in the EU-27 zone which averaged −1.9%.\n\nRomania has the third-highest percentage of women working in information and\ncommunications technologies (ICT) in Europe. 29% of their workforce is made up\nof women."
  },
  {
    "chapter_name": "Economy of Romania",
    "chapter_id": "1",
    "section_number": "6.3",
    "section_name": "Services",
    "text": "In 2003 the service sector constituted 55% of gross domestic product (GDP),\nand employed 51.3% of the workforce. The subcomponents of services are\nfinancial, renting, and business activities (20.5%); trade, hotels and\nrestaurants, and transport (18%); and other service activities (21.7%). The\nservice sector in Romania has expanded in recent years, employing some 47% of\nRomanians and accounting for slightly more than half of GDP.\n\nThe largest employer is the retail sector, employing almost 12% of Romanians.\nThe retail industry is mainly concentrated in a relatively small number of\nchain stores clustered together in shopping malls. In recent years the rise of\nbig-box stores, such as Cora (hypermarket) (of France) and Carrefour (a French\nsubsidiary), have led to fewer workers in this sector and a migration of\nretail jobs to the suburbs."
  },
  {
    "chapter_name": "Economy of Romania",
    "chapter_id": "1",
    "section_number": "7",
    "section_name": "Biotechnology industry",
    "text": "Romania is aggressively promoting and developing its biotechnology industry.\nHundred of millions of dollars were invested into the sector to build up\ninfrastructure, fund research and development and to recruit top international\nscientists to Romania. Romania features one of the world's newest competitive\nbio-industries, in key areas as pharmacogenomics, protein engineering, glyco-\nengineering, tissue engineering, bio-informatics, genome medicine and\npreventive medicine. Romania is devoting substantial resources to developing\nuniversities and R&D facilities, increasing bioventure startups, growing bio-\nclusters (communities of biotechnology companies and institutions) and\ndeveloping human resources, all with the goal of making it one of the world's\nmost advanced biotechnology regions.[_citation needed_]"
  },
  {
    "chapter_name": "Economy of Romania",
    "chapter_id": "1",
    "section_number": "8",
    "section_name": "Regional variation",
    "text": "The strength of the Romanian economy varies from region to region. PPP, and\nGDP per capita is the highest in Bucharest. The following table shows the\nhighest GDP per capita of the other 4 counties, with data supplied by CNP.\n[_citation needed_]\n\nRank  | County  | GDP per capita (2022)\n(EUR)\n---|---|---\n1  | Bucharest | 57,189\n2  | Timiș | 29,996\n3  | Constanța | 27,608\n4  | Cluj | 25,682\n5  | Brașov | 23,908\n6  | Arad | 21,000\n\nThe highest GDP per capita is found in Bucharest and surrounding Ilfov County.\nValues well above the national average are found in Timiș, Argeș, Brașov,\nCluj, Constanța, Arad, Sibiu and Prahova. Values well below the national\naverage are found in: Vaslui, Botoșani, Călărași, Neamț, Vrancea, Suceava,\nGiurgiu, Mehedinți, Olt and Teleorman.\n\nSkyscrapers in Bucharest"
  },
  {
    "chapter_name": "Economy of Romania",
    "chapter_id": "1",
    "section_number": "9",
    "section_name": "Foreign trade",
    "text": "In 2017, Romania's largest trading partner was Germany, followed by Italy.\nRomania's main imports and exports are electrical machinery, motor vehicles &\nparts and industrial machinery. While Romania imports substantial quantities\nof grain, it is largely self-sufficient in other agricultural products and\nfood stuffs, due to the fact that food must be regulated for sale in the\nRomania retail market, and hence imports almost no food products from other\ncountries.\n\nRomania imported in 2006 food products of 2.4 billion euros, up almost 20%\nversus 2005, when the imports were worth slightly more than 2 billion euros.\nThe EU is Romania's main partner in the trade with agri-food products. The\nexports to this destination represent 64%, and the imports from the EU\ncountries represent 54%. Other important partners are the CEFTA countries,\nTurkey, Republic of Moldova and the USA. Despite a decline of the arms\nindustry in the post-communist era, Romania is a significant exporter of\nmilitary equipment, accounting for 3–4% of the world total in 2007. EU members\nare represented by a single official at the World Trade Organization.\n\nDuring the first trimester of 2010, Romanian exports increased by 21%, one of\nthe largest rates in the European Union. The trade deficit stood at roughly 2\nbillion EUR, the eighth largest in the EU. The annual trade deficit has\nwidened every year since 2014, standing at about EUR 18.77B in 2020."
  },
  {
    "chapter_name": "Economy of Romania",
    "chapter_id": "1",
    "section_number": "10",
    "section_name": "Miscellaneous data",
    "text": "**Households with access to fixed and mobile telephone access**\n\n* _landline telephone_ – 76% (2017)\n* _mobile telephone_ – 115% (2017)\n\n**Broadband penetration rate**\n\n* 79% (2019)\n\n**Individuals using computer and internet**\n\n* _computer_ – 74% (2017)\n* _internet_ – 87% (2017)"
  }
]