[
  {
    "chapter_name": "Economy of Indonesia",
    "chapter_id": "1",
    "section_number": "1",
    "section_name": "Introduction",
    "text": "The **economy of Indonesia** is a mixed economy with dirigiste\ncharacteristics, and it is one of the emerging market economies in the world\nand the largest in Southeast Asia. As an upper-middle income country and\nmember of the G20, Indonesia is classified as a newly industrialized country.\nIndonesia nominal GDP reached 22.139 quadrillion rupiah in 2024, it is the\n16th largest economy in the world by nominal GDP and the 7th largest in terms\nof GDP (PPP). Indonesia's internet economy reached US$77 billion in 2022, and\nis expected to cross the US$130 billion mark by 2025.\n\nIndonesia depends on the domestic market and government budget spending and\nits ownership of state-owned enterprises (the central government owns 844\ncompanies). Indonesian state-owned companies have assets valued at more than 1\ntrillion USD as of 2024.\n\nThe administration of prices of a range of basic goods (including rice and\nelectricity) also plays a significant role in Indonesia's market economy.\nHowever, a mix of micro, medium and small companies contribute around 61.7% of\nthe economy and significant major private-owned companies and foreign\ncompanies are also present.\n\nIn the aftermath of the 1997 Asian financial crisis, the government took\ncustody of a significant portion of private sector assets through the\nacquisition of nonperforming bank loans and corporate assets through the debt\nrestructuring process, and the companies in custody were sold for\nprivatization several years later. Since 1999, the economy has recovered, and\ngrowth accelerated to over 4–6% in the early 2000s. In 2012, Indonesia was the\nsecond fastest-growing G20 economy, behind China, and the annual growth rate\nfluctuated around 5% in the following years. Indonesia faced a recession in\n2020 when the economic growth collapsed to −2.07% due to the COVID-19\npandemic, its worst economic performance since the 1997 crisis.\n\nIn 2022, gross domestic product expanded by 5.31%, due to the removal of\nCOVID-19 restrictions as well as record-high exports driven by stronger\ncommodity prices.\n\nIndonesia is predicted to be the 4th largest economy in the world by 2045.\nJoko Widodo (Jokowi) has stated that his cabinet's calculations showed that by\n2045, Indonesia will have a population of 309 million people. By Jokowi's\nestimate, there would be economic growth of 5−6% and GDP of US$9.1 trillion.\nIndonesia's GDP per capita is expected to reach US$29,000."
  },
  {
    "chapter_name": "Economy of Indonesia",
    "chapter_id": "1",
    "section_number": "0.1",
    "section_name": "Sukarno era",
    "text": "In the years immediately following the proclamation of Indonesian\nindependence, both the Japanese occupation and the conflict between Dutch and\nRepublican forces had crippled the country's production, with exports of\ncommodities such as rubber and oil being reduced to 12 and 5% of their pre-WW2\nlevels, respectively. The first Republican government-controlled bank, the\nIndonesian State Bank (_Bank Negara Indonesia_ , BNI) was founded on 5 July\n1946. It initially acted as the manufacturer and distributor of ORI (_Oeang\nRepublik Indonesia_ /Money of the Republic of Indonesia), a currency issued by\nthe Republican Government which was the predecessor of Rupiah. Despite this,\ncurrency issued during the Japanese occupation and by Dutch authorities was\nstill in circulation, and the simplicity of the ORI made its counterfeiting\nrelatively easy, worsening matters. Between 1949 and 1960, Indonesia\nexperienced several economic disruptions. The country's independence\nrecognized by the Netherlands, the dissolution of the United States of\nIndonesia in 1950, the subsequent liberal democracy period, the\nnationalization of _De Javasche Bank_ into the modern Bank Indonesia, and the\ntakeover of Dutch corporate assets following the West New Guinea dispute,\nwhich all resulted in the devaluation of Dutch banknotes into half their\nvalue.\n\nDuring the guided democracy era in the 1960s, the economy deteriorated\ndrastically as a result of political instability. The government was\ninexperienced in implementing macroeconomic policies, which resulted in severe\npoverty and hunger. By the time of Sukarno's downfall in the mid-1960s, the\neconomy was in chaos with 1,000% annual inflation, shrinking export revenues,\ncrumbling infrastructure, factories operating at minimal capacity, and\nnegligible investment. Nevertheless, Indonesia's post-1960 economic\nimprovement was considered remarkable when taking into consideration how few\nindigenous Indonesians in the 1950s had received a formal education under\nDutch colonial policies."
  },
  {
    "chapter_name": "Economy of Indonesia",
    "chapter_id": "1",
    "section_number": "0.2",
    "section_name": "New Order",
    "text": "Following President Sukarno's downfall, the New Order administration brought a\ndegree of discipline to economic policy that quickly brought inflation down,\nstabilized the currency, rescheduled foreign debt, and attracted foreign aid\nand investment. (See Inter-Governmental Group on Indonesia and Berkeley\nMafia). Indonesia was until recently Southeast Asia's only member of OPEC, and\nthe 1970s oil price rise provided an export revenue windfall that contributed\nto sustained high economic growth rates, averaging over 7% from 1968 to 1981.\n\nWith high levels of regulation and dependence on declining oil prices, growth\nslowed to an average of 4.5% per annum between 1981 and 1988. A range of\neconomic reforms was introduced in the late 1980s, including a managed\ndevaluation of the rupiah to improve export competitiveness, and deregulation\nof the financial sector. Foreign investment flowed into Indonesia,\nparticularly into the rapidly developing export-oriented manufacturing sector,\nand from 1989 to 1997, the Indonesian economy grew by an average of over 7%.\nGDP per capita grew 545% from 1970 to 1980 as a result of the sudden increase\nin oil export revenues from 1973 to 1979. High levels of economic growth\nmasked several structural weaknesses in the economy. It came at a high cost in\nterms of weak and corrupt governmental institutions, severe public\nindebtedness through mismanagement of the financial sector, rapid depletion of\nnatural resources, and culture of favors and corruption in the business elite.\n\nCorruption particularly gained momentum in the 1990s, reaching to the highest\nlevels of the political hierarchy as Suharto became the most corrupt leader\naccording to Transparency International. As a result, the legal system was\nweak, and there was no effective way to enforce contracts, collect debts, or\nsue for bankruptcy. Banking practices were very unsophisticated, with\ncollateral-based lending the norm and widespread violation of prudential\nregulations, including limits on connected lending. Non-tariff barriers, rent-\nseeking by state-owned enterprises, domestic subsidies, barriers to domestic\ntrade and export restrictions all created economic distortions.\n\nThe 1997 Asian financial crisis that began to affect Indonesia became an\neconomic and political crisis. The initial response was to float the rupiah,\nraise key domestic interest rates, and tighten fiscal policy. In October 1997,\nIndonesia and the International Monetary Fund (IMF) reached an agreement on an\neconomic reform program aimed at macroeconomic stabilization and the\nelimination of some of the country's most damaging economic policies, such as\nthe National Car Program and the clove monopoly, both involving family members\nof Suharto. The rupiah remained weak, however, and Suharto was forced to\nresign in May 1998 after massive riots erupted. In August 1998, Indonesia and\nthe IMF agreed on an Extended Fund Facility (EFF) under President B. J.\nHabibie that included significant structural reform targets. President\nAbdurrahman Wahid took office in October 1999, and Indonesia and the IMF\nsigned another EFF in January 2000. The new program also has a range of\neconomic, structural reform, and governance targets.\n\nThe effects of the crisis were severe. By November 1997, rapid currency\ndepreciation had seen public debt reach US$60 billion, imposing severe strains\non the government's budget. In 1998, real GDP contracted by 13.1%, and the\neconomy reached its low point in mid-1999 with 0.8% real GDP growth. Inflation\nreached 72% in 1998 but slowed to 2% in 1999. The rupiah, which had been in\nthe RP 2,600/USD1 range at the start of August 1997 fell to 11,000/USD1 by\nJanuary 1998, with spot rates around 15,000 for brief periods during the first\nhalf of 1998. It returned to the 8,000/USD1 range at the end of 1998 and has\ngenerally traded in the Rp 8,000–10,000/USD1 range ever since, with\nfluctuations that are relatively predictable and gradual. However, the rupiah\nbegan devaluing past 11,000 in 2013, and as of November 2016 is around 13,000\nRp/USD1."
  },
  {
    "chapter_name": "Economy of Indonesia",
    "chapter_id": "1",
    "section_number": "0.3",
    "section_name": "Reform era",
    "text": "Since an inflation target was introduced in 2000, the GDP deflator and the CPI\nhave grown at an average annual pace of 10¾% and 9%, respectively, similar to\nthe pace recorded in the two decades prior to the 1997 crisis, but well below\nthe pace in the 1960s and 1970s. Inflation has also generally trended lower\nthrough the 2000s, with some of the fluctuations in inflation reflecting\ngovernment policy initiatives such as the changes in fiscal subsidies in 2005\nand 2008, which caused large temporary spikes in CPI growth.\n\nHistorical GDP per capita development of Indonesia Share of world GDP (PPP)\n---\nYear  | Share\n1980 | 1.24%\n1990 | 1.68%\n2000  | 1.7%\n2010  | 2.07%\n2020  | 2.31%\n2025  | 2.42%\n\nIn late 2004, Indonesia faced a 'mini-crisis' due to international oil prices\nrises and imports. The currency exchange rate reached Rp 12,000/USD1 before\nstabilizing. Under President Susilo Bambang Yudhoyono (SBY), the government\nwas forced to cut its massive fuel subsidies, which were planned to cost $14\nbillion in October 2005.\n\nAs of February 2007, the unemployment rate was 9.75%. Despite a slowing global\neconomy, Indonesia's economic growth accelerated to a ten-year high of 6.3% in\n2007. This growth rate was sufficient to reduce poverty from 17.8% to 16.6%\nbased on the government's poverty line and reversed the recent trend towards\njobless growth, with unemployment falling to 8.46% in February 2008. Unlike\nmany of its more export-dependent neighbors, Indonesia has managed to skirt\nthe recession helped by strong domestic demand (which makes up about two-\nthirds of the economy) and a government fiscal stimulus package of about 1.4%\nof GDP. After India and China, Indonesia was the third-fastest growing economy\nin the G20. With the $512 billion economy expanded 4.4% in the first quarter\nfrom a year earlier and last month, the IMF revised its 2009 Indonesia\nforecast to 3–4% from 2.5%. Indonesia enjoyed stronger fundamentals with the\nauthorities implemented wide-ranging economic and financial reforms, including\na rapid reduction in public and external debt, strengthening of corporate and\nbanking sector balance sheets and reducing bank vulnerabilities through higher\ncapitalization and better supervision.\n\nIn 2012, Indonesia's real GDP growth reached 6%, then it steadily decreased\nbelow 5% until 2015. After Joko Widodo succeeded SBY, the government took\nmeasures to ease regulations for foreign direct investments to stimulate the\neconomy. Indonesia managed to increase their GDP growth slightly above 5% in\n2016–2017. However, the government is currently still facing problems such as\ncurrency weakening, decreasing exports and stagnating consumer spending. The\ncurrent unemployment rate for 2019 is at 5.3%.\n\nBetween 2019 and 2020, Indonesia's economy faced significant challenges due to\nthe COVID-19 pandemic. The country's GDP contracted by 2.1% in 2020, marking\nits first annual decline in over two decades. This downturn was attributed to\nstrict public health measures, including large-scale social restrictions\n(PSBB), which disrupted economic activities, particularly in major urban\ncenters like Jakarta and West Java. Despite these challenges, the government\nimplemented fiscal stimulus packages and social assistance programs to\nmitigate the pandemic's impact on vulnerable populations. By the third quarter\nof 2020, signs of recovery emerged, with the pace of economic contraction\nslowing to 3.5% year-over-year, driven by a partial rebound in consumption and\ninvestment.\n\nIn 2021, Indonesia's economy began to recover, recording a growth rate of\n4.4%, supported by improved domestic demand and positive spillovers from a\nstronger global economy. The recovery was further bolstered by the\ngovernment's efforts to accelerate the COVID-19 vaccination rollout and\nimplement policies aimed at boosting economic activity. Growth accelerated to\n5.0% in 2022, driven by reduced uncertainty and the assumption that the\nvaccine rollout would reach a critical mass of the population.\n\nIn October 2024, Prabowo Subianto assumed the presidency, inheriting an\neconomy with steady growth but facing structural challenges. His\nadministration introduced ambitious policies aimed at boosting economic growth\nto 8%, including a $28 billion annual free school meals program and plans to\nretire all fossil fuel power plants within 15 years. To fund these\ninitiatives, the government implemented significant budget cuts totaling $18.8\nbillion, affecting various sectors such as public works, education, and\nhealth. These austerity measures led to public unrest and raised concerns\nabout the potential impact on infrastructure projects and public services.\nAdditionally, the presence of entrenched criminal networks, known as _preman_\n, along with certain mass organizations (ormas), posed significant challenges\nto foreign investment and economic reforms. These groups have been involved in\nactivities such as extortion, intimidation, and obstruction of industrial\noperations, particularly in key economic zones like Bekasi, Karawang, and\nBatam. Such actions have led to financial losses estimated up to $137.8\nbillion and have deterred potential investors, undermining efforts to create a\nconducive investment climate.\n\nBetween 2019 and 2025, the IDR experienced significant fluctuations influenced\nby both domestic and global factors. In 2020, during the COVID-19 pandemic,\nthe rupiah weakened sharply, reaching around Rp 16,500 per US dollar due to\ncapital outflows and economic crash. As the economy began to recover in 2021\nand 2022, the currency stabilized, trading between Rp 14,000 and Rp 15,000 per\ndollar. However, in 2023 and 2024, the rupiah faced renewed pressure,\ndepreciating to levels around Rp 16,200 per dollar by April 2024. This\ndepreciation was attributed to political uncertainties ahead of the\npresidential election and concerns over fiscal policies.\n\nIn 2025, the rupiah's performance remained volatile. Early in the year, it\nreached a five-year low, prompting Bank Indonesia to intervene in the foreign\nexchange market to stabilize the currency. The central bank maintained its\nbenchmark interest rate at 5.75% in March to support the rupiah and control\ninflation. By May, with signs of stabilization, Bank Indonesia cut the rate to\n5.50% to stimulate economic growth, as the rupiah had appreciated over 3% from\nits April lows."
  },
  {
    "chapter_name": "Economy of Indonesia",
    "chapter_id": "1",
    "section_number": "1",
    "section_name": "Data",
    "text": "| This section needs to be **updated**. The reason given is: 2023 and 2024\nneed to be updated. Please help update this article to reflect recent events\nor newly available information. _( January 2025)_\n---|---\n\nThe following table shows the main economic indicators in 1980–2022 (with IMF\nstaff estimates in 2023–2028). Inflation under 5% is in green.\n\nYear  | GDP\n(in Bil. US$PPP) | GDP per capita\n(in US$ PPP) | GDP\n(in Bil. US$nominal) | GDP per capita\n(in US$ nominal) | GDP growth\n(real) | Inflation rate\n(in Percent) | Unemployment\n(in Percent) | Government debt\n(in % of GDP)\n---|---|---|---|---|---|---|---|---\n1980  | 189.7  | 1,286.3  | 99.3  | 673.2  | 9.9%  | 18.0%  | n/a  | n/a\n1981  | 223.4  | 1,485.6  | 110.8  | 737.0  | 7.6%  | 12.2%  | n/a  | n/a\n1982  | 242.6  | 1,581.6  | 113.8  | 741.9  | 2.2%  | 9.5%  | n/a  | n/a\n1983  | 262.7  | 1,679.3  | 103.1  | 659.5  | 4.2%  | 11.8%  | n/a  | n/a\n1984  | 292.7  | 1,835.4  | 107.2  | 672.2  | 7.6%  | 10.5%  | 1.6%  | n/a\n1985  | 313.8  | 1,929.2  | 107.1  | 658.2  | 3.9%  | 4.7%  | 2.2%  | n/a\n1986  | 343.1  | 2,068.7  | 101.2  | 610.2  | 7.2%  | 5.8%  | 2.8%  | n/a\n1987  | 374.7  | 2,215.4  | 95.2  | 562.9  | 6.6%  | 9.3%  | 2.6%  | n/a\n1988  | 415.0  | 2,406.0  | 107.3  | 621.9  | 7.0%  | 8.1%  | 2.9%  | n/a\n1989  | 470.5  | 2,674.6  | 122.6  | 696.9  | 9.1%  | 6.4%  | 2.9%  | n/a\n1990  | 532.0  | 2,965.9  | 138.3  | 770.8  | 9.0%  | 7.8%  | 2.6%  | n/a\n1991  | 599.1  | 3,285.4  | 154.6  | 847.6  | 8.9%  | 9.4%  | 2.7%  | n/a\n1992  | 652.7  | 3,521.1  | 168.3  | 907.8  | 6.5%  | 7.5%  | 2.8%  | n/a\n1993  | 721.4  | 3,827.8  | 190.9  | 1,013.1  | 8.0%  | 9.7%  | 2.8%  | n/a\n1994  | 792.3  | 4,135.8  | 213.7  | 1,115.6  | 7.5%  | 8.5%  | 4.5%  | n/a\n1995  | 875.4  | 4,495.1  | 244.2  | 1,254.0  | 8.2%  | 9.4%  | 7.4%  | n/a\n1996  | 961.2  | 4,878.9  | 274.7  | 1,394.5  | 7.8%  | 8.0%  | 5.0%  | n/a\n1997  | 1,023.7  | 5,136.9  | 260.7  | 1,308.1  | 4.7%  | 6.2%  | 4.8%  | n/a\n1998  | 899.3  | 4,461.3  | 115.3  | 572.1  | -13.1%  | 58.4%  | 5.5%  | n/a\n1999  | 919.2  | 4,507.9  | 169.2  | 829.6  | 0.8%  | 20.5%  | 6.4%  | n/a\n2000  | 986.8  | 4,784.3  | 179.5  | 870.2  | 5.0%  | 3.7%  | 6.1%  | 87.4%\n2001  | 1,045.8  | 4,999.0  | 174.5  | 834.1  | 3.6%  | 11.5%  | 8.1%  | 73.7%\n2002  | 1,109.9  | 5,230.8  | 212.8  | 1,002.9  | 4.5%  | 11.9%  | 9.1%  | 62.3%\n2003  | 1,185.9  | 5,510.4  | 255.4  | 1,186.8  | 4.8%  | 6.8%  | 9.7%  | 55.6%\n2004  | 1,279.0  | 5,859.4  | 279.6  | 1,280.7  | 5.0%  | 6.1%  | 9.9%  | 51.3%\n2005  | 1,394.2  | 6,297.4  | 310.8  | 1,403.9  | 5.7%  | 10.5%  | 11.2%  | 42.6%\n2006  | 1,516.3  | 6,752.5  | 396.3  | 1,764.8  | 5.5%  | 13.1%  | 10.3%  | 35.8%\n2007  | 1,656.1  | 7,271.3  | 470.1  | 2,064.2  | 6.3%  | 6.3%  | 9.1%  | 38.1%\n2008  | 1,813.5  | 7,850.3  | 558.6  | 2,418.0  | 7.4%  | 9.9%  | 8.4%  | 30.3%\n2009  | 1,910.9  | 8,155.8  | 577.5  | 2,465.0  | 4.7%  | 4.8%  | 7.9%  | 26.5%\n2010  | 2,057.2  | 8,656.8  | 755.3  | 3,178.1  | 6.4%  | 5.1%  | 7.1%  | 24.5%\n2011  | 2,229.5  | 9,213.2  | 892.6  | 3,688.5  | 6.2%  | 5.3%  | 6.6%  | 23.1%\n2012  | 2,413.4  | 9,833.7  | 919.0  | 3,744.5  | 6.0%  | 4.0%  | 6.1%  | 23.0%\n2013  | 2,535.0  | 10,188.3  | 916.6  | 3,684.0  | 5.6%  | 6.4%  | 6.3%  | 24.9%\n2014  | 2,622.3  | 10,399.0  | 891.1  | 3,533.6  | 5.0%  | 6.4%  | 5.9%  | 24.7%\n2015  | 2,647.7  | 10,359.3  | 860.7  | 3,367.7  | 4.9%  | 6.4%  | 6.2%  | 27.0%\n2016  | 2,744.9  | 10,618.7  | 932.1  | 3,605.7  | 5.0%  | 3.5%  | 5.6%  | 28.0%\n2017  | 2,894.1  | 11,073.5  | 1,015.5  | 3,885.5  | 5.1%  | 3.8%  | 5.5%  | 29.4%\n2018  | 3,116.6  | 11,798.0  | 1,042.7  | 3,947.2  | 5.2%  | 3.3%  | 5.2%  | 30.4%\n2019  | 3,331.6  | 12,481.9  | 1,119.5  | 4,194.1  | 5.0%  | 2.8%  | 5.2%  | 30.6%\n2020  | 3,302.1  | 12,220.7  | 1,062.2  | 3,931.0  | -2.1%  | 2.0%  | 7.1%  | 36.1%\n2021  | 3,582.4  | 13,158.6  | 1,187.7  | 4,362.7  | 3.7%  | 1.6%  | 6.5%  | 37.9%\n2022  | 4,036.9  | 14,687.0  | 1,318.8  | 4,798.1  | 5.3%  | 4.2%  | 5.9%  | 37.3%\n2023  | 4,393.4  | 15,835.8  | 1,417.4  | 5,108.9  | 5.0%  | 3.6%  | 5.3%  | 36.4%\n2024  | 4,715.4  | 16,842.9  | 1,542.4  | 5,509.1  | 5.0%  | 2.5%  | 5.2%  | 36.2%\n2025  | 5,049.2  | 17,876.1  | 1,670.6  | 5,914.7  | 5.0%  | 2.5%  | 5.1%  | 36.0%\n2026  | 5,402.2  | 18,961.9  | 1,805.3  | 6,336.5  | 5.0%  | 2.5%  | 5.1%  | 35.7%\n2027  | 5,773.4  | 20,096.3  | 1,949.9  | 6,787.2  | 5.0%  | 2.3%  | 5.1%  | 35.6%\n2028  | 6,171.7  | 21,309.7  | 2,093.5  | 7,228.3  | 5.0%  | 1.6%  | 5.1%  | 35.4%\n\n* Grey colors are estimations"
  },
  {
    "chapter_name": "Economy of Indonesia",
    "chapter_id": "1",
    "section_number": "2",
    "section_name": "Structure",
    "text": "Indonesia’s economy in 2023, as measured by Gross Domestic Product (GDP) at\ncurrent market prices, reached IDR 20,892.4 trillion. The highest growth on\nthe production side was Transportation and Storage at 13.96%. During 2023, the\nIndonesian economy continued to grow spatially. The group of provinces\naccording to the islands, the provinces with the highest growth were Maluku\nand Papua, Sulawesi, and Kalimantan with growth (c-to-c) of 6.94%, 6.37% and\n5.43%. Meanwhile, the group of provinces on Jawa Island which contributed\n57.05% to the national economy recorded a growth of 4.96% (c-to-c)."
  },
  {
    "chapter_name": "Economy of Indonesia",
    "chapter_id": "1",
    "section_number": "2.1",
    "section_name": "Composition",
    "text": "Composition  | Sector  | 2022 output  | 2023 output  | Constant Growth\n[_clarification needed_] | Contribution to 2023 output\n---|---|---|---|---|---\n(trillion rupiahs)\n**Agriculture** | **Agriculture** | 2,428.9  | 2,617.7  | 1.30%  | 12.53%  | 12.53%\n**Industrial** | **Mining and Quarrying** | 2,393.4  | 2,198.0  | 6.12%  | 10.52%  | 40.18%\n**Manufacturing** | 3,591.8  | 3,900.1  | 4.64%  | 18.67%\n**Electricity and Gas** | 204.7  | 218.2  | 4.91%  | 1.04%\n**Water** | 12.5  | 13.3  | 4.90%  | 0.06%\n**Construction** | 1,913.0  | 2,072.4  | 4.85%  | 9.92%\n**Services** | **Wholesale and Retail Trade** | 2,516.7  | 2,702.4  | 4.85%  | 12.94%  | 42.91%\n**Transportation and Storage** | 983.5  | 1,231.2  | 13.96%  | 5.89%\n**Accommodation and Food Services** | 472.0  | 526.3  | 10.01%  | 2.52%\n**Information and Communication** | 812.7  | 883.6  | 7.59%  | 4.23%\n**Financial and Insurance Activities** | 809.4  | 869.2  | 4.77%  | 4.16%\n**Real Estate** | 488.3  | 505.5  | 1.43%  | 2.42%\n**Business Activities** | 341.4  | 383.1  | 8.24%  | 1.83%\n**Public Administration and Defense** | 604.9  | 616.4  | 1.50%  | 2.95%\n**Education** | 566.5  | 583.6  | 1.78%  | 2.79%\n**Human Health and Social Work** | 236.2  | 252.0  | 4.66%  | 1.21%\n**Other Services** | 354.2  | 405.2  | 10.52%  | 1.94%\n| **Tax Less Subsidies** | 858.0  | 914.2  | 4.94%  | 4.38%  | 4.38%\n_**Indonesia**_ | _**Total**_ | _**19,588.1**_ | _**20,892.4**_ | _**5.05%**_ | _**100.00%**_ | _**100.00%**_"
  },
  {
    "chapter_name": "Economy of Indonesia",
    "chapter_id": "1",
    "section_number": "2.2",
    "section_name": "Agriculture",
    "text": "Vast palm oil plantation. Currently, Indonesia is the world's largest producer\nof palm oil.\n\nAgriculture is a key sector which contributed to 14.43% of GDP. Currently,\nthere are around 30% of the land area used for agriculture and employed about\n49 million people (41% of the total workforce). Primary agriculture\ncommodities include rice, cassava (tapioca), peanuts, natural rubber, cocoa,\ncoffee, palm oil, copra; poultry, beef, pork, and eggs. Palm oil production is\nvital to the economy as Indonesia is the world's biggest producer and consumer\nof the commodity, providing about half of the world's supply. Plantations in\nthe country stretch across 6 million hectares as of 2007, with a replanting\nplan set for an additional 4.7 million to boost productivity in 2017. There\nare a number of negative social and environmental impacts of palm oil\nproduction in Southeast Asia."
  },
  {
    "chapter_name": "Economy of Indonesia",
    "chapter_id": "1",
    "section_number": "2.2.1",
    "section_name": "Seafood",
    "text": "In 2015, the total production of seafood reached about 22.31 million metric\ntons, valued at around 18.10 billion US dollars. For capture of wild fish\n(both inland and marine), the production trend was steady in 2011–2015, while\nthere was a steep increase in the production from aquaculture during the same\nperiod."
  },
  {
    "chapter_name": "Economy of Indonesia",
    "chapter_id": "1",
    "section_number": "2.3",
    "section_name": "Oil and mining",
    "text": "Ore trucks in the mining area in West Sumbawa, West Nusa Tenggara. The\nGrasberg mine has one of the largest reserves of gold and copper in the world.\nIt is located in Mimika Regency, Papua, Indonesia near Puncak Jaya, the\nhighest mountain in the country.\n\nIndonesia was the only South East Asian member of the Organization of\nPetroleum Exporting Countries (OPEC) until its suspension in 2009. The country\ncurrently remains a net oil importer despite its large petroleum production\nindustry. In 1999, crude and condensate output averaged 1.5 million barrels\n(240,000 m3) per day, and in 1998, the oil and gas sector including refining,\ncontributed approximately 9% to GDP. As of 2005, crude oil and condensate\noutput were 1.07 million barrels (170,000 m3) per day. It indicates a\nsubstantial decline from the 1990s, due primarily to ageing oil fields and a\nlack of investment in oil production equipment. This decline in production has\nbeen accompanied by a substantial increase in domestic consumption, about 5.4%\nper year, leading to an estimated US$1.2 billion cost for importing oil in\n2005. The state owns all petroleum and mineral rights. Foreign firms\nparticipate through production-sharing and work contracts. Oil and gas\ncontractors are required to finance all exploration, production, and\ndevelopment costs in their contract areas and are entitled to recover\noperating, exploration, and development costs out of the oil and gas produced.\nIndonesia had previously subsidized fuel prices to keep prices low, costing\nUS$7 billion in 2004. SBY has mandated a significant reduction of government\nsubsidy of fuel prices in several stages. The government has stated that cuts\nin subsidies are aimed at reducing the budget deficit to 1% of GDP in 2005,\ndown from around 1.6% last year. At the same time, the government has offered\none-time subsidies for qualified citizens, to alleviate hardships.\n\nIndonesia is the world's largest tin market. Although mineral production\ntraditionally centered on bauxite, silver, and tin, it is expanding its\ncopper, nickel, gold, and coal output for export markets. In mid-1993, the\nDepartment of Mines and Energy reopened the coal sector to foreign investment,\nresulting in a joint venture between Indonesian coal producer and BP and Rio\nTinto. Total coal production reached 74 million metric tons in 1999, including\nexports of 55 million tons, and in 2011, production was 353 million. As of\n2014, Indonesia is the third-largest producer with a total output of 458 Mt\nand export of 382 Mt. At this rate, the reserves will be used up in 61 years\nuntil 2075. Not all of the productions can be exported due to Domestic Market\nObligation (DMO) regulation, which should fulfill the domestic market. In\n2012, the DMO was 24.72%. Starting from 2014, no low-grade coal exports are\nallowed, so the upgraded brown coal process that cranks up the calorie value\nof coal from 4,500 to 6,100 kcal/kg will be built in South Kalimantan and\nSouth Sumatra. Indonesia is also the world's largest producer of nickel, and\nthe second-largest producer of cobalt in 2022.\n\nTwo US firms operate three copper/gold mines in Indonesia, with a Canadian and\nBritish firm holding significant other investments in nickel and gold,\nrespectively. India's fortune groups like Vedanta Resources and Tata Group\nalso have substantial mining operations in Indonesia. In 1998, the value of\nIndonesian gold and copper production was $1 billion and $843 million\nrespectively. Receipts from gold, copper, and coal accounted for 84% of the $3\nbillion earned in 1998 by the mineral mining sector. With the addition of\nAlumina project that produces 5% of the world's alumina production, Indonesia\nwould be the world's second-largest Alumina producer. The project will not\nmake the ores to become aluminum, as there are 100 types of Alumina\nderivatives that can be developed further by other companies in Indonesia.\n\nJoko Widodo's administration continued the resource nationalism policy of SBY,\nnationalizing some assets controlled by multinational companies such as\nFreeport McMoRan, TotalEnergies and Chevron. In 2018, in a move aimed to cut\nimports, oil companies operating in Indonesia were ordered to sell their crude\noil to state-owned Pertamina."
  },
  {
    "chapter_name": "Economy of Indonesia",
    "chapter_id": "1",
    "section_number": "2.4",
    "section_name": "Manufacturing",
    "text": "Industrial area in Batam\n\nIndonesia's manufacturing sector has historically played a key role in the\ncountry's economic development and now contributes to 20 percent of GDP. The\ngovernment has ambitious plans to propel the country into the top ten biggest\neconomies in the world by 2030, with manufacturing at the heart of this goal.\nThe main areas of production include textiles and garments, food and beverages\n(F&B), electronics, automotive, and chemicals, with the majority of\nmanufacturers in this sector consisting of micro, small, or medium-sized\nenterprises. The sector has posted a consistent four percent growth year-on-\nyear since 2016 and registered 147 trillion rupiah (US$8.9 billion) in\ninvestments from January to September 2019.\n\nIndonesia recently became the 10th-largest manufacturing nation in the world.\nIts large manufacturing sector accounts for almost a quarter of the nation's\ntotal GDP and employs over a fifth of Indonesia's working age population\n(around 25 million workers). Put into perspective, Indonesia's manufacturing\nsector is now larger than the manufacturing sectors of the United Kingdom,\nRussia and Mexico. Industry sector (including manufacturing) which accounts\nfor 21% of local workers (having become more prominent in recent years).\nIndonesia's labour pool is estimated at 120 million people, and is growing\nannually by approximately 2.4 million. As the economy has progressed beyond\nits predominantly agricultural base to a mixed composition, more workers –\nparticularly women – are now employed in manufacturing and service-related\nprofessional industries.\n\nWith its rapidly growing middle class and competitive workforce, more foreign\ninvestors than ever before are taking advantage of Indonesia's strong\nmanufacturing sector. However, the sector has significant challenges,\nincluding intense international competition, particularly from China,\nincreasing labour costs, high transportation and logistics costs, difficulties\ngetting credit, and varying levels of transparency and clarity in regulations."
  },
  {
    "chapter_name": "Economy of Indonesia",
    "chapter_id": "1",
    "section_number": "2.5",
    "section_name": "Renewable energy",
    "text": "Indonesia has significant potential for developing renewable energy, however,\nthe country continues to rely heavily on the use of fossil fuels in domestic\nelectricity production. Continued investment in and reliance on fossil fuels,\nsuch as coal, may result in fossil fuels becoming stranded assets, leading to\nsignificant investments lost that the country could have received from\nrenewable energy investors."
  },
  {
    "chapter_name": "Economy of Indonesia",
    "chapter_id": "1",
    "section_number": "2.6",
    "section_name": "Automotive industry",
    "text": "In 2010, Indonesia sold 7.6 million motorcycles, which were mainly produced in\nthe country with almost 100% local components. Honda led the market with a\n50.95% market share, followed by Yamaha with 41.37%. In 2011, the retail car\nsales total was 888,335 units, a 19.26% increase from last year. Toyota\ndominated the domestic car market (35.34%), followed by Daihatsu and\nMitsubishi Motors with 15.44% and 14.56%, respectively. Since 2011, some local\ncarmakers have introduced some Indonesian national cars which can be\ncategorized as Low-Cost Green Car (LCGC). In 2012, sales increased\nsignificantly by 24%, making it the first time that there were more than one\nmillion units in automobile sales.\n\nIndonesian export destinations, 2006.\n\nIn August 2014, Indonesia exported 126,935 Completely Build Up (CBU) vehicle\nunits and 71,000 Completely Knock Down (CKD) vehicle units, while total\nproduction reached 878,000 vehicle units, constituting 22.5% of total output.\nAutomotive export is more than double of its import. By 2020, it is predicted\nthat the automotive exports will be the third after CPO and shoe export. In\nAugust 2015, Indonesia exported 123,790 motorcycles. In the same year, Yamaha\nMotor Company, which exported 82,641, announced to make Indonesia as a base of\nexporting of its products.\n\nIn 2017, the country produced almost 1.2 million motor vehicles, ranking it as\nthe 18th largest producer in the world. Nowadays, Indonesian automotive\ncompanies can produce cars with a high ratio of local content (80%–90%).\n\nIn 2018, the country produced 1.34 million cars and exported 346,000 cars,\nmainly to the Philippines and Vietnam."
  },
  {
    "chapter_name": "Economy of Indonesia",
    "chapter_id": "1",
    "section_number": "2.7",
    "section_name": "Finance, real estate and business",
    "text": "The Indonesian rupiah (IDR) banknotes denominations in circulation since 2016\n\nThere are 50 million small businesses in Indonesia, with online usage growth\nof 48% in 2010. Google announced that it would open a local office in\nIndonesia before 2012. According to Deloitte in 2011, Internet-related\nactivities have generated 1.6% of the GDP. It is bigger than electronic and\nelectrical equipment exports and liquefied natural gas at 1.51% and 1.45%\nrespectively.\n\nUp to the end of June 2011, the fixed state assets were Rp 1,265 trillion\n($128 billion). The value of state stocks was Rp 50 trillion ($5 billion)\nwhile other state assets were Rp 24 trillion ($2.4 billion).\n\nIn 2015, financial services covered Rp 7,2 trillion. Fifty domestic and\nforeign conglomerations held around 70.5%. Fourteen of it were vertical\nconglomerations, 28 were horizontal, and eight are mixed. Thirty-five entities\nare mainly in the bank industries, 13 were in non-bank industries and one each\nin special financial industries and capital market industries."
  },
  {
    "chapter_name": "Economy of Indonesia",
    "chapter_id": "1",
    "section_number": "2.8",
    "section_name": "Others",
    "text": "The Indonesian Textile Association has reported that in 2013, the textile\nsector is likely to attract investment of around $175 million. In 2012, the\ninvestment in this sector was $247 million, of which only $51 million was for\nnew textile machinery. Exports from the textile sector in 2012 were $13.7\nbillion.\n\nIn 2011, Indonesia released 55,010 working visas for foreigners, an increase\nof 10% compared to 2010, while the number of foreign residents in Indonesia,\nexcluding tourists and foreign emissaries was 111,752, rose by 6% compared to\nlast year. Those who received visas for six months to one year were mostly\nChinese, Japanese, South Koreans, Indians, Americans and Australians. A few of\nthem were entrepreneurs who made new businesses. Malaysia is the most common\ndestination of Indonesian migrant workers (including illegal workers). In\n2010, according to a World Bank report, Indonesia was among the world's top\nten remittance-receiving countries with a value totaling $7 billion. In May\n2011, six million Indonesian citizens were working overseas, 2.2 million of\nwhom reside in Malaysia and another 1.5 million in Saudi Arabia."
  },
  {
    "chapter_name": "Economy of Indonesia",
    "chapter_id": "1",
    "section_number": "2.9",
    "section_name": "GDP by provinces",
    "text": "There are 34 provinces in Indonesia. Below are the top 15 provinces in\nIndonesia ranked by GDP in 2019:\n\nRank  | Province  | Region  | GDP\n(in billion Rp)  | GDP nominal  | GDP PPP\n---|---|---|---|---|---\n(in billion $) | (in billion $)\n\\-  | **Indonesia** | **South East Asia** | 16,073,257  | 1,136.72  | 3,329.17\n1  |  Jakarta | Java | 2,840,828  | 200.91  | 588.42\n2  |  East Java | Java | 2,352,425  | 166.37  | 487.27\n3  |  West Java | Java | 2,125,158  | 150.30  | 440.19\n4  |  Central Java | Java | 1,362,457  | 96.35  | 282.18\n5  |  North Sumatra | Sumatra | 801,733  | 56.70  | 166.06\n6  |  Riau | Sumatra | 765,198  | 54.12  | 158.51\n7  |  Banten | Java | 664,963  | 47.03  | 137.74\n8  |  East Kalimantan | Kalimantan | 653,677  | 46.23  | 135.40\n9  |  South Sulawesi | Sulawesi | 504,747  | 35.70  | 104.56\n10  |  South Sumatra | Sumatra | 455,233  | 32.19  | 94.28\n11  |  Lampung | Sumatra | 360,664  | 25.51  | 74,71\n12  |  Riau Islands | Sumatra | 268,080  | 18.96  | 55.53\n13  |  Bali | Lesser Sunda Islands | 252,598  | 17.86  | 52.31\n14  |  West Sumatra | Sumatra | 246,423  | 17.42  | 51.01\n15  |  Jambi | Sumatra | 217,712  | 15.40  | 45.10"
  },
  {
    "chapter_name": "Economy of Indonesia",
    "chapter_id": "1",
    "section_number": "2.10",
    "section_name": "Trade statistics",
    "text": "Year  | Goods exports\n(billion US$) | Goods imports\n(in billion US$) | Net trade\n(in billion US$)\n---|---|---|---\n2023  | $257.7  | $211.5  | $46.2\n2020  | $163.4  | $135.1  | $28.3\n2015  | $149.1  | $135.1  | $14.1\n2010  | $150.0  | $118.9  | $31.0\n2000  | $65.4  | $40.4  | $25.0\n1990  | $26.8  | $21.5  | $5.4"
  },
  {
    "chapter_name": "Economy of Indonesia",
    "chapter_id": "1",
    "section_number": "2.11",
    "section_name": "ASEAN",
    "text": "Until the end of 2010, intra-ASEAN trade was still low as trade involved\nmainly exports to countries outside the region, with the exception of Laos and\nMyanmar, whose foreign trade was ASEAN-oriented. In 2009, realised foreign\ndirect investment (FDI) was US$37.9 billion and increased two-fold in 2010 to\nUS$75.8 billion.\n\nThe ASEAN Framework Agreement on Trade in Services (AFAS) was adopted at the\nASEAN Summit in Bangkok in December 1995. Under the agreement, member states\nenter into successive rounds of negotiations to liberalise trade in services\nwith the aim of submitting increasingly higher levels of commitment. ASEAN has\nconcluded seven packages of commitments under AFAS.\n\nMutual Recognition Agreements (MRAs) have been agreed upon by ASEAN for eight\nprofessions: physicians, dentists, nurses, architects, engineers, accountants,\nsurveyors, and tourism professionals. Individuals in these professions will be\nfree to work in any ASEAN states effective 31 December 2015.\n\nIn addition, six member states (Malaysia, Vietnam (2 exchanges), Indonesia,\nPhilippines, Thailand, and Singapore) have collaborated on integrating their\nstock exchanges, which includes 70% of its transaction values with the goal to\ncompete with international exchanges.\n\nSingle market will also include the ASEAN Single Aviation Market (ASEAN-SAM),\nthe region's aviation policy geared towards the development of a unified and\nsingle aviation market in Southeast Asia. It was proposed by the ASEAN Air\nTransport Working Group, supported by the ASEAN Senior Transport Officials\nMeeting, and endorsed by the ASEAN Transport Ministers. It is expected to\nliberalise air travel between member states allowing ASEAN airlines to benefit\ndirectly from the growth in air travel, and also free up tourism, trade,\ninvestment, and service flows. This policy supersedes existing unilateral,\nbilateral, and multilateral air services agreements among member states which\nare inconsistent with its provisions."
  },
  {
    "chapter_name": "Economy of Indonesia",
    "chapter_id": "1",
    "section_number": "2.12",
    "section_name": "Japan",
    "text": "Indonesia and Japan signed the Indonesia–Japan Economic Partnership Agreement\n(IJEPA), which had come into effect on 1 July 2008. The agreement was\nIndonesia's first bilateral free-trade agreement to ease the cross-border flow\nof goods and people as well as investment between both countries. In 2012,\nthere were between 1,200 and 1,300 Japanese corporates operating in Indonesia,\nwith some 12,000 Japanese nationals living in Indonesia. Japan has been\ninvesting in Indonesia for decades, particularly in the automotive, electronic\ngoods, energy, and mining sectors. Prior to the formation of the Indonesian\nRepublic, the Japanese had viewed Indonesia as an important source of natural\nresources. The Japanese need of natural resources was among the reasons that\nled the nation to advance further to the south in their military conquests\nduring World War II. Today Indonesia is Japan's major supplier for natural\nrubber, liquefied natural gas, coal, minerals, paper pulp, seafood such as\nshrimp and tuna, and coffee. Traditionally Indonesia has been regarded as a\nmajor market of Japanese automotive and electronic goods. For Japanese\nbusinesses, Indonesia has been a location for low-cost manufacturing\noperations as well as being the source of various natural resources required\nby those operations. Approximately 1,000 Japanese companies operate in\nIndonesia which employ approximately 300,000 people. Major Japanese factories\nare concentrated east of Jakarta with high concentrations in Bekasi, Cikarang\nand Karawang, West Java."
  },
  {
    "chapter_name": "Economy of Indonesia",
    "chapter_id": "1",
    "section_number": "2.13",
    "section_name": "China",
    "text": "Trade with China has increased since the 1990s, and in 2014, China became\nIndonesia's second-largest export destination after Japan. Trade between China\nand Indonesia is on the rise, especially after the implementation of ACFTA\nsince early 2010. Indeed, while in 2003 trade between Indonesia and China\nreached only US$3.8 billion, in 2010 it multiplied almost 10 times and reached\nUS$36.1 billion. China's transformation into Fastest growing country in the\n21st century has led to an increase of foreign investments in the bamboo\nnetwork, a network of overseas Chinese businesses operating in the markets of\nSoutheast Asia that share common family and cultural ties. However the free\ntrade with China has caused much anxiety in Indonesia, since inflows of cheap\nproducts from China could harm Indonesian industry. Indonesian private sector\nand civil society organizations vigorously lobbied the Indonesian government\nand members of parliament, insisting that Indonesia should either pull out of\nthe agreement or renegotiate its terms with Beijing.\n\nChina has remained on top of Indonesia's key major trading partners, serving\nas the country's largest export and import market. China serves as Indonesia's\nlargest export destination after overtaking Japan and United States, reaching\nUS$16.8 billion. China is also Indonesia's most important source of imports,\nreaching US$30.8 billion, or 22.7% of Indonesian imports in 2016. The balance\nhowever was in favour of China as Indonesia booked a trade deficit of US$14\nbillion in 2016.\n\nFrom China's perspective, since 2010 ASEAN as a whole has become its fourth-\nlargest trading partner after the European Union, Japan and the United States.\nAmong ASEAN member countries, Indonesia was China's fourth-largest trading\npartner, which, according to data as of May 2010 from the Ministry of Commerce\nof the People's Republic of China, amounted to US$12.4 billion, after Malaysia\n(US$22.2 billion), Singapore (US$17.9 billion) and Thailand (US$15.7 billion).\nWith China's economic rise, Indonesia has been intensifying its trade\nrelationship with China to counterbalance its ties with the West. By 2020,\nChina had become Indonesia's largest export destination."
  },
  {
    "chapter_name": "Economy of Indonesia",
    "chapter_id": "1",
    "section_number": "2.14",
    "section_name": "South Korea",
    "text": "In the past, the relations were only developed around trade and investments,\nsuch as the forestry and garment sectors. Today the cooperation has been\nexpanded to a number of mega projects and advanced industries. With US$27\nbillion in bilateral trade, South Korea became the fourth biggest trading\npartner of Indonesia in 2012. It became the third-biggest foreign investor in\nIndonesia, with US$1.94 billion in investment.\n\nThere are large numbers of South Korean companies that have been investing and\noperating in Indonesia, such as Miwon (Daesang Corporation), Lotte, Yong Ma,\nHankook, Samsung, LG, Kia Motors and Hyundai. In 2011, Hankook announced a\nUS$353 million investment into a production plant located in Bekasi, West\nJava, Indonesia.\n\nIn 2019, trade between Indonesia and South Korea was worth $15.65 billion, and\nbetween 2015 and 2019 South Korean companies invested nearly $7 billion in\nIndonesia. In December 2020, Indonesia and South Korea signed a comprehensive\neconomic partnership. It is equivalent to a free trade agreement, though\nfocuses on a broader scope of economic cooperation. Under the deal, Indonesia\nwill scrap 94.8% of tariffs on South Korean products while South Korea will\nscrap 95.8% of tariffs on Indonesian products."
  },
  {
    "chapter_name": "Economy of Indonesia",
    "chapter_id": "1",
    "section_number": "2.15",
    "section_name": "United States",
    "text": "At the beginning of the post-Suharto era, US exports to Indonesia in 1999\ntotaled $2 billion, down significantly from $4.5 billion in 1997. The main\nexports were construction equipment, machinery, aviation parts, chemicals, and\nagricultural products. US imports from Indonesia in 1999 totaled $9.5 billion\nand consisted primarily of clothing, machinery and transportation equipment,\npetroleum, natural rubber, and footwear. Financial assistance to Indonesia is\ncoordinated through the Consultative Group on Indonesia (CGI) formed in 1989.\nIt includes 19 donor countries and 13 international organizations that meet\nannually to coordinate donor assistance. In 2019, as Indonesia's share of\nglobal trade exceeded 0.5 percent, the United States Trade Representatives\ndecided not to classify Indonesia as a \"developing country.\" Despite a\nrevocation of this status, the Indonesian government has assured that this\nwould not change the current Generalized System of Preferences facilities that\nIndonesia had enjoyed from the United States."
  },
  {
    "chapter_name": "Economy of Indonesia",
    "chapter_id": "1",
    "section_number": "2.16",
    "section_name": "European Union",
    "text": "The EU and Indonesia have built robust commercial relations, with bilateral\ntrade amounting to approximately €25 billion in 2012 resulting in a sizeable\n€5.7 billion trade surplus for Indonesia with the EU. In the past few years\ntrade between EU and Indonesia has been marked by an upward trend. Whereas\ntotal trade was worth almost €16 billion in 2009, by 2011 it had already\nreached €23.5 billion. For the EU, Indonesia is the 24th largest import source\n(share 0.9%) and the 30th largest export destination (share 0.6%). Inside the\nASEAN-region, Indonesia ranks fourth in terms of total trade. The EU is\nIndonesia's 4th largest trading partner after Japan, China and Singapore,\nrepresenting almost 10% of its total external trade. The EU is the second\nlargest investor in the Indonesian economy. Indonesia mostly exports to the EU\nagricultural products and processed resources, mainly palm oil, fuels and\nmining products, textiles and furniture. EU exports to Indonesia consist\nmainly of high-tech machinery and transport equipment, chemicals and various\nmanufactured goods. Essentially, trade flows between Indonesia and the EU\ncomplement each other. After negotiations on a free trade agreement with ASEAN\ngot increasingly difficult, the EU began pursuing negotiations with individual\nASEAN states. The EU and Indonesia are currently working towards an ambitious\nComprehensive Economic Partnership Agreement covering trade, investment and\nservices."
  },
  {
    "chapter_name": "Economy of Indonesia",
    "chapter_id": "1",
    "section_number": "2.17",
    "section_name": "India",
    "text": "On 25 January 2011, after talks by Indian Prime Minister Manmohan Singh and\nvisiting President of Indonesia Susilo Bambang Yudhoyono, India and Indonesia\nhad signed business deals worth billions of dollars and set an ambitious\ntarget of doubling trade over the next five years. India also has further\neconomic ties with Indonesia through its free trade agreement with ASEAN, of\nwhich Indonesia is a member. The two countries target to achieve bilateral\ntrade of $25 billion by 2015, with cumulative Indian investments of $20\nbillion in Indonesia."
  },
  {
    "chapter_name": "Economy of Indonesia",
    "chapter_id": "1",
    "section_number": "2.18",
    "section_name": "International trade agreements",
    "text": "Economy  | Agreement  | Abbreviation  | Concluded  | Signed  | Effective  | Legal text\n---|---|---|---|---|---|---\nASEAN | ASEAN Trade in Goods Agreement | ATIGA  |  | 28 January 1992  | 1 January 1993  | [1]\nAustralia | Indonesia–Australia Comprehensive Economic Partnership Agreement | IACEPA  | 26 December 2012  | 4 March 2019  | 5 July 2020  | [2]\nChile | Indonesia–Chile Comprehensive Economic Partnership Agreement | ICCEPA  | May 2014  | 14 December 2017  | 8 October 2019  | [3]\nEFTA | Indonesia–EFTA Comprehensive Economic Partnership Agreement | IECEPA  | 31 January 2011  | 16 December 2018  | 1 November 2021  | [4][5]\nIran | Indonesia–Iran Preferential Trade Agreement | IIPTA  |  | 23 November 2023  |  | [6][7]\nJapan | Indonesia–Japan Economic Partnership Agreement | IJEPA  | 20 August 2007  | 20 August 2007  | 1 July 2008  | [8] Archived 13 January 2023 at the Wayback Machine\nSouth Korea | Indonesia–Korea Comprehensive Economic Partnership Agreement | IKCEPA  | 12 July 2012  | 18 December 2020  | 1 January 2023  | [9][10]\nMozambique | Indonesia–Mozambique Preferential Trade Agreement | IMPTA  | April 2018  | 28 August 2019  | June 2022  | [11] Archived 13 January 2023 at the Wayback Machine\nPakistan | Indonesia–Pakistan Preferential Trade Agreement | IPPTA  | 24 November 2005  | 3 February 2012  | 13 September 2013  | [12]\nPalestine | Indonesia–Palestine Trade Facilitation for Certain Products |  |  | 12 December 2017  | 25 April 2018  | [13]\nUnited Arab Emirates | Indonesia–UAE Comprehensive Economic Partnership Agreement | IUAECEPA  |  | 1 July 2022  | 1 September 2023  | [14][15]\nChina | ASEAN–China Free Trade Area | ACFTA  | 4 November 2000  | 29 November 2004  | 1 July 2005  | [16]\nHong Kong | ASEAN–Hong Kong, China Free Trade Area | AHKFTA  | 11 July 2014  | 12 November 2017  | 13 October 2019  | [17]\nIndia | ASEAN–India Free Trade Area | AIFTA  | 7 March 2004  | 13 August 2009  | 1 January 2010  | [18]\nJapan | ASEAN–Japan Comprehensive Economic Partnership | AJCEP  | 14 April 2005  | 14 April 2008  | 1 February 2009  | [19]\nSouth Korea | ASEAN–Korea Free Trade Area | AKFTA  | 30 November 2004  | 24 August 2006  | 1 January 2010  | [20]\nAustralia\nNew Zealand | ASEAN–Australia–New Zealand Free Trade Area | AANZFTA  | 21 February 2005  | 27 February 2009  | 1 January 2010  | [21]\nASEAN\nChina\nJapan\nSouth Korea\nAustralia\nNew Zealand | Regional Comprehensive Economic Partnership | RCEP  | 20 November 2012  | 3 November 2022  | 3 November 2022  | [22]\nIndonesia\nBangladesh\nEgypt\nIran\nMalaysia\nNigeria\nPakistan\nTurkey | Preferential Tariff Arrangement-Group of Eight Developing Countries | PTA-D8  |  | 13 May 2006  | 25 August 2011  | [23]\nOIC | Trade Prefential System-Organisation of Islamic Conference | TPS-OIC  | April 2004  | 1 January 2014  | 1 July 2022  | [24]"
  },
  {
    "chapter_name": "Economy of Indonesia",
    "chapter_id": "1",
    "section_number": "2.19",
    "section_name": "Trade agreements under negotiation",
    "text": "* Indonesia-Pakistan Free Trade Agreement ( Indonesia- Pakistan FTA); Negotiations launched: January 2019\n* Indonesia-Canada Comprehensive Economic Partnership Agreement ( Indonesia- Canada CEPA); Negotiations launched: 20 June 2020\n* Indonesia-European Union Comprehensive Economic Partnership Agreement ( Indonesia- EU CEPA); Negotiations launched: 18 July 2016\n* Indonesia-Tunisia Preferential Trade Agreement ( Indonesia- Tunisia PTA); Negotiations launched: 25 June 2018\n* Indonesia-Morocco Preferential Trade Agreement ( Indonesia- Morocco PTA); Negotiations Launched: 23 January 2019\n* Indonesia-Eurasian Economic Union Free Trade Agreement ( Indonesia- Eurasian Economic Union FTA); Negotiations Launched: 3 April 2023\n* Indonesia-Peru Comprehensive Economic Partnership Agreement ( Indonesia- Peru CEPA); Negotiations Launched: 15 August 2023\n* Indonesia-Türkiye Comprehensive Economic Partnership Agreement ( Indonesia- Turkey CEPA); Negotiations Launched: 6 July 2017\n* Indonesia-India Comprehensive Economic Cooperation Arrangement ( Indonesia- India CECA); Negotiations Launched: 4 October 2011\n* ASEAN-Canada FTA ( ASEAN- Canada FTA); Negotiations Launched: 17 November 2021"
  },
  {
    "chapter_name": "Economy of Indonesia",
    "chapter_id": "1",
    "section_number": "3",
    "section_name": "Macro-economic trend",
    "text": "This is a chart of trend of Indonesia's GDP at market prices by the IMF with\nfigures in millions of rupiah.\n\nYear | GDP | USD exchange\n(rupiah) | Inflation\nrate (%) | Nominal GDP\nper capita\n(as % of US) | GDP PPP\nper capita\n(as % of US)\n---|---|---|---|---|---\n1980 | 60,143.191 | 627 | 18.0 | 3.90 | 5.93\n1985 | 112,969.792 | 1,111 | 4.7 | 2.82 | 5.98\n1990 | 233,013.290 | 1,843 | 7.8 | 2.45 | 12.90\n1995 | 502,249.558 | 2,249 | 9.4 | 3.57 | 15.76\n2000 | 1,389,769,700 | 8,396 | 3.8 | 2.15 | 13.05\n2005 | 2,678,664,096 | 9,705 | 10.5 | 2.86 | 14.17\n2010 | 6,422,918,230 | 8,555 | 5.1 | 6.44 | 17.54\n2015 | 11,531,700,000 | 13,824 | 6.4 | 5.86 | 18.02\n2020 | 15,434,200,000 | 14,105 | 1.7 | 6.35 | 18.89\n\nFor purchasing power parity comparisons, the exchange rate for 1 US dollar is\nset at 3,094.57 rupiah.\n\nAverage net wage in Indonesia varies by sector. In February 2017 the\nelectricity, gas, and water sector has the highest average net wage, while the\nagriculture sector has the lowest."
  },
  {
    "chapter_name": "Economy of Indonesia",
    "chapter_id": "1",
    "section_number": "4",
    "section_name": "Investment",
    "text": "Indonesia Stock Exchange building in Jakarta.\n\nSince the late 1980s, Indonesia has made significant changes to its regulatory\nframework to encourage economic growth. This growth was financed mostly from\nprivate investment, both foreign and domestic. US investors dominated the oil\nand gas sector and undertook some of Indonesia's largest mining projects. In\naddition, the presence of US banks, manufacturers, and service providers\nexpanded, especially after the industrial and financial sector reforms of the\n1980s. Other major foreign investors included India, Japan, the UK, Singapore,\nthe Netherlands, Qatar, Hong Kong, Taiwan and South Korea.\n\nThe 1997 crisis made continued private financing imperative but problematic.\nNew foreign investment approvals fell by almost two-thirds between 1997 and\n1999. The crisis further highlighted areas where additional reform was needed.\nFrequently cited areas for improving the investment climate were the\nestablishment of a functioning legal and judicial system, adherence to\ncompetitive processes, and adoption of internationally acceptable accounting\nand disclosure standards. Despite improvements of laws in recent years,\nIndonesia's intellectual property rights regime remains weak, and lack of\neffective enforcement is a significant concern. Under Suharto, Indonesia had\nmoved towards the private provision of public infrastructure, including\nelectric power, toll roads, and telecommunications. The 1997 crisis brought to\nlight a severe weakness in the process of dispute resolution, however,\nparticularly in the area of private infrastructure projects. Although\nIndonesia continued to have the advantages of a large labour force, abundant\nnatural resources and modern infrastructure, private investment in new\nprojects largely ceased during the crisis.\n\nAs of 28 June 2010, the Indonesia Stock Exchange had 341 listed companies with\na combined market capitalization of $269.9 billion. As of November 2010, two-\nthirds of the market capitalization was in the form of foreign funds, and only\naround 1% of the population have stock investments. Efforts are further being\nmade to improve the business and investment environment. Within the World\nBank's Doing Business Survey, Indonesia rose to 122 out of 178 countries in\n2010, from 129 in the previous year. Despite these efforts, the rank is still\nbelow regional peers, and an unfavorable investment climate persists. For\nexample, potential foreign investors and their executive staff cannot maintain\ntheir own bank accounts in Indonesia, unless they are tax-paying local\nresidents (paying tax in Indonesia for their worldwide income).[_citation\nneeded_]\n\nFrom 1990 to 2010, Indonesian companies have been involved in 3,757 mergers\nand acquisitions as either acquirer or target with a total known value of $137\nbillion. In 2010, 609 transactions were announced, which is a new record.\nNumbers had increased by 19% compared to 2009. The value of deals in 2010 was\nUS$17 billion, which is the second-highest number ever. In 2012, Indonesia\nrealized total investments of $32.5 billion, surpassing its annual target $25\nbillion, as reported by Investment Coordinating Board (BKPM) on 22 January.\nThe primary investments were in the mining, transport and chemicals sectors.\nIn 2011, the Indonesian government announced a new _Masterplan_ (known as the\n_MP3EI_ , or _Masterplan Percepatan dan Perluasan Pembangunan Ekonomi\nIndonesia_ , the _Masterplan to Accelerate and Expand Economic Development in\nIndonesia_). The aim was to encourage increased investment, particularly in\ninfrastructure projects across Indonesia.\n\nIndonesia regained its investment grade rating from Fitch Rating in late 2011,\nand from Moody's Rating in early 2012, after losing it in the 1997 crisis,\nduring which Indonesia spent more than Rp. 450 trillion ($50 billion) to bail\nout lenders from banks.[_citation needed_] Fitch raised Indonesia's long-term\nand local currency debt rating to BBB− from BB+ with both ratings is stable.\nFitch also predicted that the economy would grow at least 6% on average per\nyear through 2013, despite a less conducive global economic climate. Moody's\nraised Indonesia's foreign and local currency bond ratings to Baa3 from Ba1\nwith a stable outlook. In May 2017, S&P Global raised Indonesia's investment\ngrade from BB+ to BBB− with a stable outlook, due to the economy experiencing\na rebound in exports and strong consumer spending during early 2017."
  },
  {
    "chapter_name": "Economy of Indonesia",
    "chapter_id": "1",
    "section_number": "4.1",
    "section_name": "Foreign Direct Investment (FDI)",
    "text": "Indonesia's foreign direct investment surged 44.2% on a yearly basis in 2022,\nwith the base metals sector drawing in the biggest inflows. Indonesia's\nreceived 654.4 trillion rupiah worth of FDI last year, or equivalent to $45.6\nbillion in the investment ministry's official calculation, which assumes an\nexchange rate of 14,350 to the dollar. The data excludes investment in the\nbanking and oil and gas sectors. Foreign direct investment in base metals and\nmining reached $11 billion and $5.1 billion, respectively, last year, the\nbiggest recipients of FDI. The biggest sources were Singapore, China and Hong\nKong. Total investment, including from domestic sources, reached 1,207.2\ntrillion rupiah ($81.02 billion), roughly in line with the government's\ntarget. FDI in the final quarter of last year was up 43.3% on an annual basis,\namounting to 175.2 trillion rupiah in rupiah terms, or $12.2 billion in the\nofficial U.S. dollar equivalent.\n\nList of the 10 largest foreign investment origin countries in Indonesia :\n\nRank | Country | FDI 2022\nin billion USD | FDI 2024\nin billion USD | increase\n---|---|---|---|---\n1 |  Singapore | $10.54 | $20.04 |  90.13%\n2 |  Hong Kong | $3.91 | $8.22 |  110.23%\n3 |  China | $5.18 | $8.11 |  56.56%\n4 |  Malaysia | $2.21 | $4.24 |  91.86%\n5 |  USA | $2.12 | $3.70 |  74.53%\n6 |  Japan | $2.76 | $3.46 |  25.36%\n7 |  South Korea | $1.66 | $2.99 |  80.12%\n8 |  Netherlands | $1.09 | $1.98 |  81.65%\n9 |  British Virgin Islands | - | $0.78 |\n10 |  UK | $0.51 | $0.75 |  47.06%\n\nForeign direct investment into Indonesia (excluding investment in banking and\nthe oil and gas sectors) increased 20.2 percent year-on-year to a new record\npeak of IDR 177 trillion (US$11.96 billion) in the Q1 of 2023, amid efforts by\nthe government to ease business and licensing rules. Singapore (US$4.3\nbillion) was the biggest source of investment, followed by Hong Kong (US$1.5\nbillion), China (US$1.2 billion), and Japan (US$1 billion) while base metals\nwere the biggest recipient amid efforts to boost investment in processed\nminerals. In total, Indonesia recorded IDR 328.9 trillion of foreign and\ndomestic investment during the first quarter, up 16.5 percent from a year\nearlier, boosted by a rise in investment in base metals, transportation, and\nthe mining sector. For 2023, the government has set a target to draw IDR 1,400\ntrillion (US$95.5 billion) of investment from domestic and foreign sources."
  },
  {
    "chapter_name": "Economy of Indonesia",
    "chapter_id": "1",
    "section_number": "4.2",
    "section_name": "Fortune Global 500",
    "text": "Indonesia has 1 company that rank in the Fortune Global 500 ranking for 2023.\n\nWorld Rank  | Company  | Industry  | Sales ($M)  | Profits ($M)  | Assets ($M)  | Employees\n---|---|---|---|---|---|---\n141  | Pertamina | Oil and gas | 84,888  | 3,810  | 78,050  | 34,183"
  },
  {
    "chapter_name": "Economy of Indonesia",
    "chapter_id": "1",
    "section_number": "4.3",
    "section_name": "Forbes Global 2000",
    "text": "Indonesia has 9 companies that rank in the Forbes Global 2000 ranking for\n2024.\n\nWorld Rank  | Company  | Industry  | Sales\n(billion $)  | Profits\n(billion $)  | Assets\n(billion $)  | Market Value\n(billion $)\n---|---|---|---|---|---|---\n308 | Bank Rakyat Indonesia | Banking | 14.95 | 3.94 | 125.45 | 46.50\n373 | Bank Mandiri | Banking | 11.62 | 3.60 | 136.49 | 38.08\n457 | Bank Central Asia | Banking | 7.46 | 3.26 | 91.08 | 75.33\n912 | Telkom Indonesia | Telecom | 9.82 | 1.58 | 18.17 | 18.56\n944 | Bank Negara Indonesia | Banking | 5.43 | 1.37 | 67.28 | 12.09\n1,194 | Bayan Resources | Mining | 3.30 | 1.03 | 2.85 | 39.59\n1,591 | Chandra Asri | Chemical manufacturing | 2.13 | -0.07 | 5.37 | 49.34\n1,605 | Amman Mineral | Mining | 2.03 | 0.25 | 9.86 | 46.59\n1,738 | Adaro Energy | Energy | 6.12 | 1.56 | 10.47 | 5.55"
  },
  {
    "chapter_name": "Economy of Indonesia",
    "chapter_id": "1",
    "section_number": "5",
    "section_name": "Public expenditure",
    "text": "In 2015, total public spending was Rp 1,806 trillion (US$130.88 billion, 15.7%\nof GDP). Government revenues, including those from state-owned enterprises\n(BUMN), totaled Rp 1,508 trillion (US$109.28 billion, 13.1% of GDP) resulting\nin a deficit of 2.6%. Since the 1997 crisis that caused an increase in debt\nand public subsidies and a decrease in development spending, Indonesia's\npublic finances have undergone a major transformation. As a result of a series\nmacroeconomic policies, including a low budget deficit, Indonesia is\nconsidered to have moved into a situation of financial resources sufficiency\nto address development needs. Decentralization, enacted during the Habibie\nadministration, has changed the manner of government spending, which has\nresulted in around 40% of public funds being transferred to regional\ngovernments by 2006.\n\nIn 2005, rising international oil prices led to the government's decision of\nslashing fuel subsidies. It led to an extra US$10 billion for government\nspending on development, and by 2006, there were an additional 5 billion due\nto steady growth, and declining debt service payments. It was the country's\nfirst \"fiscal space\" since the revenue windfall during the 1970s oil boom. Due\nto decentralization and fiscal space, Indonesia has the potential to improve\nthe quality of its public services. Such potential also enables the country to\nfocus on further reforms, such as the provision of targeted infrastructure.\nCareful management of allocated funds has been described as Indonesia's main\nissue in public expenditure.\n\nIn 2018, President Joko Widodo substantially increased the amount of debt by\ntaking foreign loans. Indonesia has increased the debt by Rp 1,815 trillion\ncompared to his predecessor, SBY. He has insisted that the loan is used for\nproductive long-term projects such as building roads, bridges, and airports.\nFinance Minister Sri Mulyani also stated that despite an increase of foreign\nloans and debt, the government has also increased the budget for\ninfrastructure development, healthcare, education, and budget given to\nregencies and villages. The government is insisting that foreign debt is still\nunder control, and complying with relevant laws that limit debt to be under\n60% of GDP."
  },
  {
    "chapter_name": "Economy of Indonesia",
    "chapter_id": "1",
    "section_number": "6",
    "section_name": "Regional performance",
    "text": "Based on the regional administration implementation performance evaluation of\n2009, by order, the best performance were:\n\n* 3 provinces: North Sulawesi, South Sulawesi, and Central Java;\n* 10 regencies: Jombang, Bojonegoro and Pacitan in East Java Province, Sragen in Central Java, Boalemo in Gorontalo, Enrekang in South Sulawesi, Buleleng in Bali, Luwu Utara in South Sulawesi, Karanganyar in Central Java, and Kulon Progo in Yogyakarta;\n* 10 cities: Surakarta and Semarang in Central Java, Banjar in West Java, Yogyakarta city in Yogyakarta, Cimahi in West Java, Sawahlunto in West Sumatra, Probolinggo and Mojokerto in East Java, and Sukabumi and Bogor in West Java.\n\nBased on JBIC Fiscal Year 2010 survey (22nd Annual Survey Report) found that\nin 2009, Indonesia has the highest satisfaction level in net sales and profits\nfor Japanese companies."
  },
  {
    "chapter_name": "Economy of Indonesia",
    "chapter_id": "1",
    "section_number": "7",
    "section_name": "Wealth",
    "text": "Countries by total wealth (trillions of USD) (2020)"
  },
  {
    "chapter_name": "Economy of Indonesia",
    "chapter_id": "1",
    "section_number": "7.1",
    "section_name": "National net wealth",
    "text": "**National net wealth** , also known as **national net worth** , is the total\nsum of the value of a nation's assets minus its liabilities. It refers to the\ntotal value of net wealth possessed by the citizens of a nation at a set point\nin time. This figure is an important indicator of a nation's ability to take\non debt and sustain spending and is influenced not only by real estate prices,\nequity market prices, exchange rates, liabilities and incidence in a country\nof the adult population but also by human resources, natural resources and\ncapital and technological advancements, which may create new assets or render\nothers worthless in the future. According to Credit Suisse, Indonesia has\nnational net wealth of approximately $3.199 trillion, or about 0.765% of world\nnet wealth, placing Indonesia at 17th, above Russia, Brazil, and Sweden."
  },
  {
    "chapter_name": "Economy of Indonesia",
    "chapter_id": "1",
    "section_number": "7.2",
    "section_name": "High-net-worth individuals",
    "text": "According to Asia Wealth Report, Indonesia has the highest growth rate of\nhigh-net-worth individuals (HNWI) predicted among the 10 largest Asian\neconomies. The 2015 Knight Frank Wealth Report reported that in 2014 there\nwere 24 individuals with a net worth above US$1 billion. 18 of them lived in\nJakarta while the others were spread among other large cities in Indonesia.\n192 persons can be categorized as centamillionaires with over US$100 million\nof wealth and 650 persons as high-net-worth individuals whose wealth exceeded\nUS$30 million."
  },
  {
    "chapter_name": "Economy of Indonesia",
    "chapter_id": "1",
    "section_number": "7.3",
    "section_name": "Embezzlement and corrupt bureaucracy",
    "text": "As the result of a revised law in 2019, the anti-graft agency (KPK) has been\nviewed more negatively by the public.\n\nCorruption is pervasive in the Indonesian government, affecting many fields\nthat are central to barrier the country's economic development from local\ngovernments, the police, the private sector even various ministerial\ninstitutions which are close to the president. It is related to problems of\nhuman capacities and technical resources remains a major challenge in merging\neffectiveness and integrity in public administration, especially in regencies\nand cities. A 2018 World Economic Forum survey reports that corruption is the\nmost problematic issue regarding doing business in Indonesia, as well as\ninefficient government bureaucracy policies. The survey also showed that 70%\nof entrepreneurs believe that corruption has grown in Indonesia, while low\ntrust in the private sector is a major obstacle to foreign investment in the\ncountry.\n\nIn 2019, a controversial bill regarding the anti-corruption body (Corruption\nEradication Commission (KPK)) reduced the commission's effectiveness in\ntackling widespread corruption problems and stripped its independence was\npassed despite massive protests across the country. There were 26 points in\nthe revised law that crippled the commission and might further undermine\nefforts to eradicate corruption in Indonesia."
  },
  {
    "chapter_name": "Economy of Indonesia",
    "chapter_id": "1",
    "section_number": "7.4",
    "section_name": "Labour unrest",
    "text": "As of 2011, labour militancy was growing with a major strike at the Grasberg\nmine, the world's largest gold mine as well as the second-largest copper mine,\nand numerous strikes elsewhere. A common issue was the attempts by foreign-\nowned enterprises to evade Indonesia's strict labour laws by calling their\nemployees' contract workers. _The New York Times_ expressed concern that\nIndonesia's cheap labor advantage might be lost. However, a large pool of the\nunemployed who will accept substandard wages and conditions remains available.\nOne factor in the increase of militancy is increased awareness via the\nInternet of prevailing wages in other countries, and the generous profits\nforeign companies are making in Indonesia.\n\nOn 1 September 2015, thousands of workers in Indonesia staged large\ndemonstrations across the country in pursuit of higher wages and improved\nlabour laws. Approximately 35,000 people rallied in total. They demanded a 22%\nto 25% increase in the minimum wage by 2016 and lower prices on essential\ngoods, including fuel. The unions also want the government to ensure job\nsecurity and ensure the fundamental rights of the workers.\n\nIn 2020, thousands of workers across the country held a massive march to\nprotest against the Omnibus Law on Job Creation that included several\ncontroversial rules, which revised minimum wages, lowered severance pay,\nrelaxed firing rules, among other disadvantaging regulations for labors and\nfactory workers."
  },
  {
    "chapter_name": "Economy of Indonesia",
    "chapter_id": "1",
    "section_number": "7.5",
    "section_name": "Inequality",
    "text": "Economic disparity and the flow of natural resource profits to Jakarta has led\nto discontent and contributed to separatist movements in areas such as Aceh\nand Papua. Geographically, the poorest fifth regions account for just 8% of\nconsumption, while the wealthiest fifth account for 45%. While there are new\nlaws on decentralization that may address the problem of uneven growth and\nsatisfaction partially, there are many hindrances in putting this new policy\ninto practice. At a 2011 Makassar Indonesian Chamber of Commerce and Industry\n(Kadin) meeting, Disadvantaged Regions Minister said there are 184 regencies\nclassified as disadvantaged areas, with around 120 in eastern Indonesia. 1% of\nIndonesia's population has 49.3% of the country's $1.8 trillion wealth, down\nfrom 53.5%. However, it is ranked fourth after Russia (74.5%), India (58.4%)\nand Thailand (58%)."
  },
  {
    "chapter_name": "Economy of Indonesia",
    "chapter_id": "1",
    "section_number": "7.6",
    "section_name": "Inflation",
    "text": "Inflation has long been a problem in Indonesia. Because of political turmoil,\nthe country once suffered hyperinflation, with 1,000% annual inflation between\n1964 and 1967, resulting in severe poverty and hunger. Even though the economy\nrecovered quickly during the first decade of the New Order administration\n(1970–1981), never once was the inflation less than 10% annually. The\ninflation slowed during the mid-1980s; however, the economy was also languid\ndue to the decrease in oil price that reduced its export revenue dramatically.\nThe economy was again experiencing rapid growth between 1989 and 1997 due to\nthe improving export-oriented manufacturing sector. Still, the inflation rate\nwas higher than economic growth, and this caused a widening gap among\nIndonesians. Inflation peaked in 1998 during the 1997 crisis at over 58%,\ncausing poverty to rise to the levels of the 1960s. During the economic\nrecovery and growth in recent years, the government has been trying to lower\nthe inflation rate. However, it seems that inflation has been affected by\nglobal fluctuation and domestic market competition. As of 2010, the inflation\nrate was approximately 7%, when its economic growth was 6%. To date, inflation\nis affecting the Indonesian lower middle class, especially those who are not\nable to afford food after price hikes. At the end of 2017, Indonesia's\ninflation rate was 3.61%, or higher than the government-set forecast of\n3.0–3.5%."
  }
]