[
  {
    "chapter_name": "Economy of Ivory Coast",
    "chapter_id": "1",
    "section_number": "1",
    "section_name": "Introduction",
    "text": "The **economy of Ivory Coast** is stable and currently growing, in the\naftermath of political instability in recent decades. The Ivory Coast's\neconomy is largely market-based and depends heavily on the agricultural\nsector. Almost 70% of the Ivorian people are engaged in some form of\nagricultural activity. The economy grew 82% in the 1960s, reaching a peak\ngrowth of 360% in the 1970s, but this proved unsustainable and it shrank by\n28% in the 1980s and a further 22% in the 1990s. This decline, coupled with\nhigh population growth, resulted in a steady fall in living standards. The\ngross national product per capita, now rising again, was about US$727 in 1996.\nIt was substantially higher two decades before. Real GDP growth is expected to\naverage 6.5% in 2024–25.\n\nAfter several years of lagging performance, the Ivorian economy began a\ncomeback in 1994, due to the devaluation of the CFA franc and improved prices\nfor cocoa and coffee, growth in non-traditional primary exports such as\npineapples and rubber, limited trade and banking liberalization, offshore oil\nand gas discoveries, and generous external financing and debt rescheduling by\nmultilateral lenders and France. The 50% devaluation of franc zone currencies\non 12 January 1994 caused a one-time jump in the inflation rate to 26% in\n1994, but the rate fell sharply from 1996–1999. Moreover, government adherence\nto donor-mandated reforms led to a jump in growth to 5% annually in 1996–99. A\nmajority of the population remains dependent on smallholder cash crop\nproduction."
  },
  {
    "chapter_name": "Economy of Ivory Coast",
    "chapter_id": "1",
    "section_number": "1",
    "section_name": "History",
    "text": "| **This section is empty.** You can help by adding to it. _( September 2021)_\n---|---"
  },
  {
    "chapter_name": "Economy of Ivory Coast",
    "chapter_id": "1",
    "section_number": "2",
    "section_name": "Infrastructure",
    "text": "By developing-country standards, Ivory Coast has an outstanding\ninfrastructure. There is a network of more than 13,000 kilometres (8,000 mi)\nof paved roads; modern telecommunications services, including a public data\ncommunications network; cellular phones and Internet access; two active ports,\none of which, Abidjan, is the most modern in West Africa; rail links-in the\nprocess of being upgraded-both within the country and to Burkina Faso; regular\nair service within the region and to and from Europe; and real estate\ndevelopments for commercial, industrial, retail, and residential use. Ivory\nCoast's location and connections to neighboring countries makes it a preferred\nplatform for foreigners to conduct West African business operations. The city\nof Abidjan is one of the most modern and liveable cities in the region.\n\nThe government's public investment plan accords priority to investment in\nhuman capital, and to provide for significant spending on the economic\ninfrastructure needed to sustain growth.\n\nIn the new environment of government disengagement from productive activities\nand in the wake of recent privatizations, anticipated investments in the\npetroleum, electricity, water, and telecommunications sectors, and in part of\nthe transport sector, will be financed without any direct government\nintervention.\n\nMean wages were $1.05 per man-hour in 2009."
  },
  {
    "chapter_name": "Economy of Ivory Coast",
    "chapter_id": "1",
    "section_number": "3",
    "section_name": "Agriculture",
    "text": "Ivory Coast produced, in 2018:\n\n* 7.2 million tonnes of yam (3rd largest producer in the world, only behind Nigeria and Ghana)\n* 5 million tons of cassava (14th largest producer in the world)\n* 2.1 million tons of palm oil\n* 2.1 million tons of rice\n* 1.9 million tons of cocoa (largest producer in the world)\n* 1.9 million tons of sugar cane\n* 1.8 million tons of plantain (8th largest producer in the world)\n* 1 million tons of maize\n* 688 thousand tons of cashew nuts (3rd largest producer in the world, behind Vietnam and India)\n* 461 thousand tons of natural rubber\n* 397 thousand tons of banana\n* 316 thousand tons of cotton\n\nThis is in addition to smaller productions of other agricultural products,\nlike coffee (88 thousand tons) and pineapple (50 thousand tons).\n\nIvory Coast is among the world's largest producers and exporters of cocoa\nbeans and palm oil. Consequently, the economy is highly sensitive to\nfluctuations in international prices for these products and to weather\nconditions. Despite attempts by the government to diversify the economy, it is\nstill largely dependent on agriculture and related activities. Forced labor by\nchildren bought and sold as slaves are endemic in cacao production."
  },
  {
    "chapter_name": "Economy of Ivory Coast",
    "chapter_id": "1",
    "section_number": "4",
    "section_name": "Energy",
    "text": "Côte d'Ivoire's energy supply relies on several hydroelectric stations and\ngas-to-power plants that make use of the country's hydraulic and natural gas\nresources. Over recent years, the country has also sought to develop its solar\nindustry and is setting up several solar PV plants to diversify its energy\nmix.\n\nCôte d'Ivoire also holds oil and natural gas resources offshore, though\nproduction has remained small compared to other African neighbours such as\nGhana or Nigeria. For example, in 2021, it only produced about 25,000 barrels\nof oil per day.\n\nSince 2021, the Italian energy company Eni has made multiple oil and gas\ndiscoveries in the offshore Baleine Field and begun their development. In\nDecember 2024, its production facilities there entered their second phase,\ngenerating 70m cubic feet of gas and 60,000 barrels of oil per day."
  },
  {
    "chapter_name": "Economy of Ivory Coast",
    "chapter_id": "1",
    "section_number": "5",
    "section_name": "Mining",
    "text": "In 2019, the country was the 9th largest world producer of manganese.\n\nIn the production of gold, in 2017 the country produced 20.3 tons."
  },
  {
    "chapter_name": "Economy of Ivory Coast",
    "chapter_id": "1",
    "section_number": "6",
    "section_name": "Rubber",
    "text": "Ivory Coast has emerged as a significant player in the global rubber market.\nIn 2022, the nation produced 1.55 million tonnes of natural rubber, surpassing\nVietnam to become the world's third-largest producer. This significant\nincrease from 815,000 tonnes in 2019 can be attributed to several factors,\nincluding a shift by Ivorian farmers from cacao to rubber cultivation. This\nshift is driven by the potential benefits of European sustainability\nregulations, which will take effect in 2025."
  },
  {
    "chapter_name": "Economy of Ivory Coast",
    "chapter_id": "1",
    "section_number": "7",
    "section_name": "Tourism",
    "text": "Hotel Ivoire in Abidjan includes a casino.\n\nIvory Coast has made progress in diversifying its economy, and since the\n1970s, has steadily expanded the facilities offered to tourists. Resort\nlodgings in coastal areas have been developed. There are numerous hotels in\nAbidjan, including international chains such as Novotel and Sofitel."
  },
  {
    "chapter_name": "Economy of Ivory Coast",
    "chapter_id": "1",
    "section_number": "8",
    "section_name": "External trade and investment",
    "text": "Ivoirian exports in 2006\n\nForeign direct investment (FDI) plays a key role in the Ivorian economy,\naccounting for between 40% and 45% of total capital in Ivorian firms. France\nis overwhelmingly the most important foreign investor. In recent\nyears[_when?_], French investment has accounted for about one-quarter of the\ntotal capital in Ivorian enterprises, and between 55% and 60% of the total\nstock of foreign investment capital.\n\nThe stock market capitalisation of listed companies in Ivory Coast was $2,327\nmillion in 2005 by the World Bank.\n\nIn March 2025, Côte d'Ivoire was scheduled to carry out its first bond issue\nin CFA Francs on the international market."
  },
  {
    "chapter_name": "Economy of Ivory Coast",
    "chapter_id": "1",
    "section_number": "8.1",
    "section_name": "Main indicators",
    "text": "The following table shows the main economic indicators in 1980–2023.\n\nYear  | GDP\n(in billion US$ PPP) | GDP per capita\n(in US$ PPP) | GDP\n(in billion US$ nominal) | GDP growth (real)  | Inflation (in percent)  | Government debt\n(in % of GDP)\n---|---|---|---|---|---|---\n1980  | 20.7  | 2,585  | 13.9  | 5.2%  | 8.8%  | ...\n1985  | 27.4  | 2,874  | 9.5  | 3.6%  | 1.8%  | ...\n1990  | 34.3  | 3,051  | 14.9  | −1.0%  | −0.7%  | ...\n1995  | 40.8  | 2,882  | 15.2  | 5.6%  | 14.1%  | ...\n2000  | 52.9  | 3,279  | 14.9  | −2.1%  | 2.5%  | 74%\n2005  | 59.3  | 3,235  | 23.6  | 1.7%  | 3.9%  | 58%\n2006  | 62.1  | 3,300  | 24.6  | 1.5%  | 2.5%  | 57%\n2007  | 64.9  | 3,361  | 28.2  | 1.8%  | 1.9%  | 53%\n2008  | 67.8  | 3,424  | 33.6  | 2.5%  | 6.3%  | 51%\n2009  | 70.5  | 3,468  | 33.7  | 3.3%  | 1.0%  | 46%\n2010  | 72.8  | 3,489  | 34.4  | 2.0%  | 1.4%  | 46%\n2011  | 70.7  | 3,303  | 35.5  | −4.2%  | 4.9%  | 50%\n2012  | 78.2  | 3,563  | 37.0  | 10.1%  | 1.3%  | 25%\n2013  | 86.4  | 3,834  | 43.2  | 9.3%  | 2.6%  | 25%\n2014  | 97.9  | 4,237  | 48.9  | 8.8%  | 0.4%  | 27%\n2015  | 108.1  | 4,558  | 45.8  | 8.8%  | 1.2%  | 29%\n2016  | 113.7  | 4,672  | 48.4  | 7.2%  | 0.6%  | 31%\n2017  | 120.2  | 4,814  | 52.5  | 7.4%  | 0.6%  | 33%\n2018  | 129.0  | 5,038  | 58.5  | 4.8%  | 0.6%  | 35%\n2019  | 139.9  | 5,324  | 59.9  | 6.5%  | 0.8%  | 38%\n2020  | 144.2  | 5,348  | 63.1  | 1.7%  | 2.4%  | 46%\n2021  | 161.2  | 5,828  | 71.8  | 7.0%  | 4.2%  | 51%\n2022  | 184.0  | 6,486  | 70.2  | 6.7%  | 5.2%  | 57%\n2023  | 202.6  | 6,960  | 79.4  | 6.2%  | 4.3%  | 57%"
  },
  {
    "chapter_name": "Economy of Ivory Coast",
    "chapter_id": "1",
    "section_number": "8.2",
    "section_name": "Other data",
    "text": "**GDP – composition by sector:** agriculture: 17.4% industry: 28.8% services:\n53.8% (2017 est.)\n\n**Labor force:** 8.747 million (60% agricultural) (2017 est.)\n\n**Unemployment rate:** 9.4% (2013 est.)\n\n**Population below poverty line:** 46.3% (2015 est.)\n\n**Household income or consumption by percentage share:** lowest 10%: 2.2%\nhighest 10%: 31.8% (2008)\n\n**Distribution of family income – Gini index:** 41.5 (2008)\n\n**Investment (gross fixed):** 8.7% of GDP (2005 est.)\n\n**Budget:** revenues: $7.121 billion, expenditures: $8.886 billion (2017 est.)\n\n**Agriculture – products:** coffee, cocoa beans, bananas, palm kernels, corn,\nrice, manioc (tapioca), sweet potatoes, sugar, cotton, rubber; timber\n\n**Industries:** foodstuffs, beverages; wood products, oil refining, gold\nmining, truck and bus assembly, textiles, fertilizer, building materials,\nelectricity\n\n**Industrial production growth rate:** 7% (2017 est.)\n\n**Electricity – production:** 8.262 billion kWh (2015 est.)\n\n**Electricity – consumption:** 5.669 billion kWh (2015 est.)\n\n**Electricity – exports:** 872 million kWh (2015 est.)\n\n**Electricity – imports:** 23 million kWh (2015 est.)\n\n**Oil – production:** 30,000 bbl/day (2016 est.)\n\n**Oil – consumption:** 20,000 bbl/d (3,200 m3/d) (2003 est.)\n\n**Oil – exports:** 34,720 bbl/day (2014 est.)\n\n**Oil – imports:** 65,540 bbl/day (2014 est.)\n\n**Oil – proved reserves:** 100 million bbl (1 January 2017 est.)\n\n**Natural gas – production:** 2.063 billion cu m (2015 est.)\n\n**Natural gas – consumption:** 2.063 billion cu m (2015 est.)\n\n**Natural gas – exports:** 0 cu m (2013 est.)\n\n**Natural gas – imports:** 0 cu m (2013 est.)\n\n**Natural gas – proved reserves:** 28.32 billion cu m (1 January 2017 est.)\n\n**Current account balance:** $-$490 million (2017 est.)\n\n**Exports:** $11.08 billion (2017 est.)\n\n**Exports – commodities:** cocoa, coffee, timber, petroleum, cotton, bananas,\npineapples, palm oil, fish\n\n**Exports – partners:** Netherlands 11.8%, US 7.9%, France 6.4%, Belgium 6.4%,\nGermany 5.8%, Burkina Faso 4.5%, India 4.4%, Mali 4.2% (2017)\n\n**Imports:** $8.789 billion (2017 est.)\n\n**Imports – commodities:** fuel, capital equipment, foodstuffs\n\n**Imports – partners:** Nigeria 15%, France 13.4%, China 11.3%, US 4.3% (2017)\n\n**Reserves of foreign exchange and gold:** $4.688 billion (31 December 2017\nest.)\n\n**Debt – external:** $12.38 billion (31 December 2017 est.)\n\n**Economic aid – recipient:** ODA, $1 billion (1996 est.)\n\n**Currency (code):** Communaute Financiere Africaine franc (XOF); note –\nresponsible authority is the Central Bank of the West African States\n\n**Exchange rates:** Communaute Financiere Africaine francs (XOF) per US dollar\n– 594.3 (2017 est.) 593.01 (2016 est.) 593.01 (2015 est.) 591.45 (2014 est.)\n494.42 (2013 est.)\n\n**Fiscal year** : calendar year"
  }
]