[
  {
    "chapter_name": "Economy of Palau",
    "chapter_id": "1",
    "section_number": "1",
    "section_name": "Introduction",
    "text": "| **This article has multiple issues.** Please help **improve it** or discuss these issues on the **talk page**. _(Learn how and when to remove these messages)_ | | This article needs to be **updated**. Please help update this article to reflect recent events or newly available information. _( October 2022)_  \n---|---  \n| This article **needs additional citations forverification**. Please help\nimprove this article by adding citations to reliable sources. Unsourced\nmaterial may be challenged and removed.  \n_Find sources:_ \"Economy of Palau\" – news **·** newspapers **·** books **·**\nscholar **·** JSTOR _( May 2019)__(Learn how and when to remove this message)_  \n---|---  \n  \n_(Learn how and when to remove this message)_  \n  \nThe **economy ofPalau** consists primarily of tourism, fishing and subsistence\nagriculture. The government is the major employer of the work force, relying\nheavily on financial assistance from the United States. The population enjoys\na per capita income of more than twice that of the Philippines and much of\nMicronesia. Long-term prospects for the tourist sector have been greatly\nbolstered by the expansion of air travel in the Pacific and the rising\nprosperity of leading East Asian countries.\n\nPalau's per capita GDP of $17,000 makes it one of the wealthier Pacific Island\nstates. Nominal GDP increased by an annual average of nearly 14% from 1983 to\n1990, and by an annual rate of over 10% from 1991 to 1997. Growth turned\nsharply negative in 1998 and 1999 as a result of the 1997 Asian financial\ncrisis."
  },
  {
    "chapter_name": "Economy of Palau",
    "chapter_id": "1",
    "section_number": "1",
    "section_name": "Industries",
    "text": "Tourism is Palau's main industry. Activity focuses on scuba diving and\nsnorkeling among the islands' rich marine environment, including the Floating\nGarden Islands to the west of Koror. Major scuba diving sites include German\nChannel and Blue Corner. The number of visitors—85% of whom come from Japan,\nTaiwan, and the U.S.—reached nearly 67,000 in 1997, more than quadruple the\nlevel of a decade earlier. Tourism earned $67 million in foreign exchange for\nPalau in 1996, (which is 1,000 dollars per person) accounting for roughly half\nof GDP. Arrivals from Asian countries dropped in 1998 and 1999 due to the\nregional economic downturn and the depreciation of many Asian currencies\nagainst the dollar, which made Palau's dollar-denominated prices more\nexpensive.\n\nThe service sector dominates the Palauan economy, contributing more than 80%\nof GDP and employing three-quarters of the work force. The government alone\nemploys nearly 30% of workers. One of the government's main responsibilities\nis administering external assistance. Under the terms of the Compact of Free\nAssociation with the United States, Palau will receive more than $450 million\nin assistance over 15 years, $30 million per year, and is eligible to\nparticipate in more than 40 federal programs. The first grant of $142 million\nwas made in 1994. Further annual payments in lesser amounts will be made\nthrough 2009. U.S. grants in 1999 totaled $24 million.\n\nConstruction is the most important industrial activity, contributing over 9%\nof GDP. Several large infrastructure projects, including the rebuilding of the\nbridge connecting Koror and Babeldaob Islands after its collapse in 1996 and\nthe construction of a highway around the rim of Babeldaob, boosted activity at\nthe end of the 1990s.\n\nAgriculture is mainly on a subsistence level, the principal crops being\ncoconuts, root crops, and bananas. Fishing is a potential source of revenue,\nbut the islands' tuna output dropped by over one-third during the 1990s.\n\nThere are no Patent Laws in Palau. Gazetteer – Patents Archived 2018-09-26 at\nthe Wayback Machine"
  },
  {
    "chapter_name": "Economy of Palau",
    "chapter_id": "1",
    "section_number": "2",
    "section_name": "Economic challenges",
    "text": "The main economic challenge confronting Palau is to ensure the long-term\nviability of its economy by reducing its reliance on foreign assistance. Palau\nhas created a trust fund to be drawn upon after the cessation of Compact\ngrants, the value of which had grown to $140 million by the beginning of 2009.\nAlso, in the late 1990s, Palau was affected by the 1997 Asian Financial\nCrisis, and their economy suffered. The island took a huge hit during the\nCOVID-19 pandemic with global travel restrictions putting tourism to a halt.\nThe Asian Development Bank projects that the GDP of Palau contracted by 9.5%\nin 2020.\n\nHistorically, the United States has provided substantial assistance to Palau.\nJapan and Taiwan have provided funding for infrastructure projects in Palau."
  },
  {
    "chapter_name": "Economy of Palau",
    "chapter_id": "1",
    "section_number": "3",
    "section_name": "Tourism challenges",
    "text": "In order to tackle mass tourism, the Palau Legacy Project, a sustainable\ntourism body, created a visa policy for the island of Palau to protect the\nnation from environmental damage. The \"Palau Pledge\" was the most awarded\ncampaign of 2018 according to the WARC Creative 100 index."
  },
  {
    "chapter_name": "Economy of Palau",
    "chapter_id": "1",
    "section_number": "3.1",
    "section_name": "Income",
    "text": "**Gross Domestic Product (GDP)** : purchasing power parity – $132 million\n(2009 est.) (GDP estimate includes U.S. subsidy)\n\n**GDP – real growth rate** : 1% (2009 est.)\n\n**GDP – per capita** : purchasing power parity – $8 500 (2009 est.)\n\n**GDP – composition by sector**\n\n* _agriculture_ : N/A\n* _industry_ : N/A\n* _services_ : N/A\n\n**Population below poverty line** : N/A\n\n**Household income or consumption by percentage share**\n\n* _lowest 10%_ : N/A\n* _highest 10%_ : N/A"
  },
  {
    "chapter_name": "Economy of Palau",
    "chapter_id": "1",
    "section_number": "3.2",
    "section_name": "Inflation",
    "text": "**Inflation rate (consumer prices)** : 3.4% (2000 est.)"
  },
  {
    "chapter_name": "Economy of Palau",
    "chapter_id": "1",
    "section_number": "3.3",
    "section_name": "Workforce",
    "text": "**Labor force** : 10 200 (2000)\n\n**Labor force – by occupation**\n\n* _Agriculture_ : 20%\n* _Industry_ : N/A\n* _Services_ : N/A\n\n(1990)\n\n**Unemployment rate** : 4.2% (2000 est.)"
  },
  {
    "chapter_name": "Economy of Palau",
    "chapter_id": "1",
    "section_number": "3.4",
    "section_name": "Budget",
    "text": "* _Revenues_ : $57.81 million\n* _Expenditures_ : $80.8 million, including capital expenditures of $17.1 million (FY 98/99 est.)"
  },
  {
    "chapter_name": "Economy of Palau",
    "chapter_id": "1",
    "section_number": "3.5",
    "section_name": "Industries",
    "text": "Dominant industries include tourism, craft items (from shell, wood, pearls),\nconstruction, and garment making.\n\n**Industrial production growth rate** : N/A"
  },
  {
    "chapter_name": "Economy of Palau",
    "chapter_id": "1",
    "section_number": "3.6",
    "section_name": "Electricity",
    "text": "**Electricity – production** : 200 MWh (1996)\n\n**Electricity – production by source**\n\n* _Fossil fuels_ : 85%\n* _Hydro_ : 15%\n* _Nuclear_ : 0%\n* _Other_ : 0%\n\n(1996)\n\n**Electricity – consumption** : 200 MWh (1996)\n\n**Electricity – exports** : 0 kWh (1996)\n\n**Electricity – imports** : 0 kWh (1996)"
  },
  {
    "chapter_name": "Economy of Palau",
    "chapter_id": "1",
    "section_number": "3.7",
    "section_name": "Trade",
    "text": "**Agriculture – products** : coconuts, copra, cassava (tapioca), sweet\npotatoes\n\n**Exports** : $18 million (f.o.b., 2001)\n\n**Exports – commodities** : trochus (type of shellfish), tuna, copra,\nhandicrafts\n\n**Exports – partners** : Japan 70.1%, South Korea 15.1% United States 7.1%\n(2019)\n\n**Imports** : $99 million (f.o.b., 2001 est.)\n\n**Imports – commodities** : machinery and equipment, fuels, metals, foodstuffs\n\n**Imports – partners** : South Korea 18.7%, China 18.2%, Taiwan 16.9%, United\nStates 16.5%, Japan 16%, (2019)"
  },
  {
    "chapter_name": "Economy of Palau",
    "chapter_id": "1",
    "section_number": "3.8",
    "section_name": "Debt and aid",
    "text": "**Debt – external** : $18.4 Billion (2014 estimate). Palau ranks as one of the\ncountries with the highest external debt as a share of GDP.\n\n**Economic aid – recipient** : $155.8 million. Note: the Compact of Free\nAssociation with the U.S., entered into after the end of the UN trusteeship on\n1 October 1994, provides Palau with up to $700 million in U.S. aid over 15\nyears in return for furnishing military facilities."
  }
]