[
  {
    "chapter_name": "Economy of Nigeria",
    "chapter_id": "1",
    "section_number": "1",
    "section_name": "Introduction",
    "text": "Change in per capita GDP of Nigeria, 1950–2018. Figures are inflation-adjusted\nto 2011 International Geary-Khamis dollars.\n\nThe **economy of Nigeria** is a middle-income, mixed economy and emerging\nmarket with expanding manufacturing, financial, service, communications,\ntechnology, and entertainment sectors. It is ranked as the 53rd-largest\neconomy in the world in terms of nominal GDP, the second largest in Africa in\nterms of purchasing power parity, and the 27th-largest in terms of purchasing\npower parity.\n\nThe country's re-emergent manufacturing sector became the largest on the\ncontinent in 2013, and it produces a large proportion of goods and services\nfor the region of West Africa. Nigeria's debt-to-GDP ratio was 36.63% in 2021\naccording to the IMF.\n\nAlthough oil revenues contributed 2/3 of state revenues, oil only contributes\nabout 9% to the GDP. Nigeria produces about 2.7% of the world's oil supply.\nAlthough the petroleum sector is important, as Nigeria's government revenues\nstill heavily rely on this sector, it remains a small part of the country's\noverall economy. The largely subsistence agricultural sector has not kept up\nwith the country's rapid population growth. Nigeria was once a large net\nexporter of food, but currently imports some of its food products.\nMechanization has led to a resurgence in the manufacturing and exporting of\nfood products, and there was consequently a move towards food sufficiency. In\n2006, Nigeria came to an agreement with the Paris Club to buy back the bulk of\nits owed debts from them, in exchange for a cash payment of roughly US$12\nbillion.\n\nAccording to a report by Citigroup, published in February 2011, Nigeria had\nthe highest average GDP growth in the world between 2010 and 2050. Nigeria is\none of two countries from Africa among the 11 Global Growth Generators\ncountries."
  },
  {
    "chapter_name": "Economy of Nigeria",
    "chapter_id": "1",
    "section_number": "1",
    "section_name": "Overview",
    "text": "In 2014, Nigeria rebased its GDP to account for fast-growing contributors such\nas telecommunications, banking, and its film industry to its economy. Human\ncapital is underdeveloped, as Nigeria ranked 161 out of 189 countries in the\nUnited Nations Development Index in 2019—and non-energy-related infrastructure\nis inadequate.\n\nNigeria has advanced efforts to provide universal primary education, and\nprotect the environment.\n\nA requirement for achieving many of its objectives is reducing endemic\ncorruption, which obstructs development and stains Nigeria's business\nenvironment. However, while broad-based progress has been slow, these efforts\nare becoming visible in international surveys of corruption. Nigeria's ranking\nhas mostly improved since 2001, ranking 154 out of 180 countries in\nTransparency International's 2021 Corruption Perceptions Index.\n\nThe Nigerian economy suffers from an ongoing supply crisis in the power\nsector. Despite a rapidly growing economy, some of the world's largest\ndeposits of coal, oil, and gas and the country's status as Africa's largest\noil producer, power supply difficulties are frequently experienced by\nresidents. Two-thirds of Nigerians expect living conditions to improve in the\ncoming decades. According to the National Bureau of Statistics (NBS) Nigeria's\nGDP grew by 3.19% in Q2 2024. The non-oil sector drove growth, expanding by\n4.13%, while the oil sector contracted by -3.83%."
  },
  {
    "chapter_name": "Economy of Nigeria",
    "chapter_id": "1",
    "section_number": "2",
    "section_name": "Economic history",
    "text": "The following table shows the main economic indicators in 1990–2023 (with IMF\nstaff estimates in 2024–2029). Inflation under 10% is in green.\n\nYear  | GDP\n(in bn. US$PPP) | GDP per capita\n(in US$ PPP) | GDP\n(in bn. US$nominal) | GDP per capita\n(in US$ nominal) | GDP growth\n(real) | Inflation rate\n(in Percent) | Government debt\n(in % of GDP)\n---|---|---|---|---|---|---|---\n1990  | 165.5  | 1,739  | 62.2  | 653  | n/a  | n/a  | 71.7%\n1991  | 170.2  | 1,743  | 60.1  | 616  | -0.6%  | n/a  | 75.0%\n1992  | 177.9  | 1,776  | 52.3  | 522  | 2.2%  | n/a  | 70.2%\n1993  | 185.0  | 1,801  | 56.8  | 553  | 1.6%  | n/a  | 71.0%\n1994  | 189.4  | 1,799  | 80.1  | 761  | 0.3%  | n/a  | 55.9%\n1995  | 197.0  | 1,825  | 132.2  | 1,225  | 1.9%  | n/a  | 34.0%\n1996  | 208.7  | 1,886  | 172.7  | 1,560  | 4.1%  | 29.3%  | 25.2%\n1997  | 218.5  | 1,925  | 187.9  | 1,656  | 2.9%  | 10.7%  | 24.1%\n1998  | 226.4  | 1,947  | 209.7  | 1,803  | 2.5%  | 7.9%  | 22.3%\n1999  | 230.8  | 1,935  | 57.5  | 482  | 0.5%  | 6.6%  | 64.9%\n2000  | 249.1  | 2,037  | 67.8  | 555  | 5.5%  | 6.9%  | 57.6%\n2001  | 271.7  | 2,167  | 73.1  | 583  | 6.7%  | 18.9%  | 53.1%\n2002  | 316.2  | 2,459  | 94.0  | 731  | 14.6%  | 12.9%  | 43.3%\n2003  | 353.1  | 2,677  | 102.9  | 780  | 9.5%  | 14.0%  | 42.1%\n2004  | 400.4  | 2,959  | 130.3  | 963  | 10.4%  | 15.0%  | 35.5%\n2005  | 441.9  | 3,182  | 169.6  | 1,222  | 7.0%  | 17.9%  | 18.9%\n2006  | 486.2  | 3,411  | 222.8  | 1,563  | 6.7%  | 8.2%  | 9.4%\n2007  | 535.9  | 3,662  | 262.2  | 1,792  | 7.3%  | 5.4%  | 8.1%\n2008  | 585.5  | 3,897  | 330.3  | 2,198  | 7.2%  | 11.6%  | 7.3%\n2009  | 638.4  | 4,137  | 297.5  | 1,927  | 8.4%  | 12.5%  | 8.6%\n2010  | 718.9  | 4,535  | 369.1  | 2,328  | 11.3%  | 13.7%  | 9.4%\n2011  | 769.6  | 4,727  | 414.1  | 2,544  | 4.9%  | 10.8%  | 17.4%\n2012  | 817.4  | 4,888  | 461.0  | 2,756  | 4.3%  | 12.2%  | 17.6%\n2013  | 876.2  | 5,101  | 515.0  | 2,998  | 5.4%  | 8.5%  | 18.3%\n2014  | 947.7  | 5,372  | 568.5  | 3,223  | 6.3%  | 8.0%  | 17.5%\n2015  | 981.9  | 5,421  | 492.4  | 2,719  | 2.7%  | 9.0%  | 20.3%\n2016  | 975.2  | 5,244  | 404.6  | 2,176  | -1.6%  | 15.7%  | 23.4%\n2017  | 1,000.7  | 5,242  | 375.7  | 1,969  | 0.8%  | 16.5%  | 24.3%\n2018  | 1,041.7  | 5,318  | 421.7  | 2,153  | 1.9%  | 12.1%  | 27.7%\n2019  | 1,123.3  | 5,590  | 474.5  | 2,361  | 2.2%  | 11.4%  | 29.2%\n2020  | 1,145.7  | 5,558  | 432.7  | 2,099  | -1.8%  | 13.2%  | 34.5%\n2021  | 1,200.1  | 5,677  | 441.6  | 2,089  | 3.6%  | 17.0%  | 35.7%\n2022  | 1,327.5  | 6,124  | 476.5  | 2,198  | 3.3%  | 18.8%  | 39.7%\n2023  | 1,414.6  | 6,367  | 363.8  | 1,637  | 2.9%  | 24.7%  | 46.4%\n2024  | 1,489.8  | 6,543  | 199.7  | 877  | 2.9%  | 32.5%  | 51.3%\n2025  | 1,564.9  | 6,706  | 195.0  | 835  | 3.2%  | 25.0%  | 50.0%\n2026  | 1,641.5  | 6,866  | 224.8  | 940  | 3.0%  | 15.2%  | 48.9%\n2027  | 1,727.6  | 7,054  | 239.4  | 978  | 3.3%  | 15.4%  | 48.5%\n2028  | 1,818.0  | 7,248  | 261.0  | 1,040  | 3.3%  | 14.0%  | 49.0%\n2029  | 1,912.8  | 7,447  | 268.9  | 1,047  | 3.3%  | 14.0%  | 49.3%\nYear | Gross domestic product,\n(PPP, in billions) | US dollar exchange | Inflation index\n(2000=100) | Per capita income\n(as % of USA)\n---|---|---|---|---\n1980 | *58 | 1 Naira | 1.30 | 7%\n1985 | *82 | 3 Naira | 3.20 | 5%\n1990 | *118 | 9 Naira | 8.10 | 2.5%\n1995 | *155 | 50 Naira | 56 | 3%\n2000 | 170 | 100 Naira | 100 | 3.5%\n2005 | 291 | 130 Naira | 207 | 4%\n2010 | 392 | 150 Naira | 108 | 5%\n2012 | 451 | 158 Naira | 121 | 7%\n2014 | 972 | 180 Naira | 10 | 11%\n2015 | 1,089 | 220 Naira | 10 | 10%\n2016 | 1,093 | 280 Naira | 17 | 10%\n2017 | 1,125 | 360 Naira | 5 (est) | 10%\n\nNOTES:\n\nThe US dollar exchange rate is an estimated average of the official rate\nthroughout a year and does not reflect the parallel market rate at which the\ngeneral population accesses foreign exchange. This rate ranged from a high of\n520 in March 2017 to a low of 350 in August 2017, due to a scarcity of forex\n(oil earnings had dropped by half), and speculative activity as alleged by the\nCentral Bank. All the while the official rate was pegged at 360.\n\nPer capita income (as % of USA) is calculated using data from estimates in the\nPPP link above, and census estimates, based on growth rates between census\nperiods. For instance, 2017 GDPs were 1,125 billion (Nigeria) vs. 19,417\nbillion (USA) and populations were estimated at 320 million vs 190 million.\nThe ratio is, therefore (1125/19417) / (190/320), which roughly comes to\n0.0975. These are estimates and are intended to get a feel for the relative\nwealth and standard of living, as well as the market potential of its middle\nclass.\n\nThis is a chart of trends of the global ranking of the Nigerian economy, in\ncomparison with other countries of the world, derived from the historical List\nof countries by GDP (PPP).\n\nYear | 2005 | 2006 | 2007 | 2008 | 2009 | 2010 | 2011 | 2012 | 2013 | 2014 | 2015 | 2016 | 2017 (est.)\n---|---|---|---|---|---|---|---|---|---|---|---|---|---\nRanking | 52 | 47 | 38 | 37 | 34 | 31 | 31 | 30 | 23 | 20 | 21 | 22 | 23\n\nThis chart shows the variance in the parallel exchange rate at which the\nDollar can be obtained with Naira in Lagos, with \"Best\" being cheaper for a\nNigerian (i.e. stronger Naira).\n\nYear | 2015 | 2016 | 2017 | 2018 | 2019\n---|---|---|---|---|---\nBest | 195 | 345 | 350 | 370 | 380\nWorst | 237 | 490 | 520 | 430 | 490\n\nFor purchasing power parity comparisons, the US dollar is exchanged at US$1 to\n314.27 Nigerian naira (as of 2017).\n\nThe current GDP per capita of Nigeria expanded 132% in the sixties reaching a\npeak growth of 283% in the seventies. But this proved unsustainable, and it\nconsequently shrank by 66% in the 1980s. In the 1990s, diversification\ninitiatives finally took effect and decadal growth was restored to 10%.\nAlthough GDP on a PPP basis did not increase until the 2000s.\n\nIn 2012, the GDP was composed of the following sectors: agriculture: 40%;\nservices: 30%; manufacturing: 15%; oil: 14%. By 2015, the GDP was composed of\nthe following sectors: agriculture: 18%; services: 55%; manufacturing: 16%;\noil: 8%\n\nIn 2005 Nigeria's inflation rate was an estimated 15.6%. Nigeria's goal under\nthe National Economic Empowerment Development Strategy (NEEDS) program is to\nreduce inflation to the single digits. By 2015, Nigeria's inflation stood at\n9%. In 2005, the federal government had expenditures of US$13.54 billion but\nrevenues of only US$12.86 billion, resulting in a budget deficit of 5%. By\n2012, expenditures stood at $31.61 billion, while revenues were $54.48\nbillion. In 2024, the Central Bank of Nigeria (CBN) raised the Monetary Policy\nRate (MPR) again, this time to 18.5%, the 6th consecutive increase since\nSeptember 2022."
  },
  {
    "chapter_name": "Economy of Nigeria",
    "chapter_id": "1",
    "section_number": "3",
    "section_name": "Agriculture",
    "text": "Nigerian farmers in the Middle Belt (2006). 30% of Nigerians are employed in\nagriculture.\n\nThe agricultural sector suffers from extremely low productivity, reflecting\nreliance on antiquated methods. Agriculture has failed to keep pace with\nNigeria's rapid population growth, so the country, which once exported food,\nnow imports a significant amount of food to sustain itself. However, efforts\nare being made towards making the country food sufficient again. Africa's most\npopulous country has failed to grow more food for its fast-rising population\nwho must be fed with staples ranging from rice, beans, maize etc."
  },
  {
    "chapter_name": "Economy of Nigeria",
    "chapter_id": "1",
    "section_number": "3.1",
    "section_name": "Crop production",
    "text": "Plant based food production in Nigeria, 2020, in million tonnes\n\nNigeria ranks sixth worldwide and first in Africa in farm output. The sector\naccounts for about 18% of GDP and almost one-third of employment. Though\nNigeria is no longer a major exporter, due to local consumer boom, it is still\na major producer of many agricultural products. Further agricultural products\ninclude palm oil and rubber."
  },
  {
    "chapter_name": "Economy of Nigeria",
    "chapter_id": "1",
    "section_number": "3.1.1",
    "section_name": "Roots and tubers",
    "text": "Roots economy in the South and cereal economy in the North of Nigeria\n\nCounting by weight, this \"underground food\" is the largest group of food\nproduced in Nigeria, with 118 million tonnes in 2020. This group includes yam,\ncassava, potatoes and sweet potatoes. These food products are cultivated\nmostly in the south of Nigeria (\"Roots economy\")."
  },
  {
    "chapter_name": "Economy of Nigeria",
    "chapter_id": "1",
    "section_number": "3.1.2",
    "section_name": "Cereals",
    "text": "The group of sorghum, pear millet etc. is the second-largest group of food\nproduced in Nigeria, with 28.6 million tonnes in 2020. 50% or 14 million\ntonnes of this is sorghum. The sugar cane production adds another 1.5 million\ntonnes to this. Cereals are mostly cultivated in the savannah zone of the\ncountry, and on the 23rd of June Nigeria's grain market report, the\nInternational Grains Council (IGC) placed Nigeria's total 2022-23 grains\nproduction at 21.6 million tonnes, this specific figure was reviewed from the\nprevious month's forecast which was 21.1 million, It set the production in the\nyear 2021–22 at 21.5 million which demonstrates and proves that there is an\nincrease in the production of grains on the 23rd of June 2022 – 2023."
  },
  {
    "chapter_name": "Economy of Nigeria",
    "chapter_id": "1",
    "section_number": "3.1.3",
    "section_name": "Rice and paddy",
    "text": "Peanut, oil palm, cocoa and cotton production in Nigeria.\n\nThe third-largest group of food produced in Nigeria is rice and paddy. In\n2020, 8.2 million tonnes were produced."
  },
  {
    "chapter_name": "Economy of Nigeria",
    "chapter_id": "1",
    "section_number": "3.1.4",
    "section_name": "Oil crops",
    "text": "Nigeria produced a good 4 million tonnes of oil crops in 2020. These are e.g.\nsoybeans, sunflower seed, canola and peanuts."
  },
  {
    "chapter_name": "Economy of Nigeria",
    "chapter_id": "1",
    "section_number": "3.1.5",
    "section_name": "Citrus fruit",
    "text": "Nigeria produced close to 4 million tonnes of citrus fruit in 2020. Main\nNigerian citrus fruits are tangerine, grape, lemon and lime."
  },
  {
    "chapter_name": "Economy of Nigeria",
    "chapter_id": "1",
    "section_number": "3.1.6",
    "section_name": "Cocoa",
    "text": "Cocoa production, mostly from obsolete varieties and overage trees has\nincreased from around 180,000 tons annually to 350,000 tons."
  },
  {
    "chapter_name": "Economy of Nigeria",
    "chapter_id": "1",
    "section_number": "3.1.7",
    "section_name": "More products",
    "text": "Beans, melons, pepper and vegetables are grown on chopping fields. Oil palms,\nrubber and bananas are grown for export. Palm oil plays a major role in\nNigeria's burgeoning personal care products industry."
  },
  {
    "chapter_name": "Economy of Nigeria",
    "chapter_id": "1",
    "section_number": "3.1.8",
    "section_name": "Cattle",
    "text": "Livestock in Kano fruit market, Nigeria\n\nIn total, about 15 million head are kept. In addition, about five million pigs\nare kept. Small livestock such as sheep, goats and chickens are kept mainly\nfor subsistence."
  },
  {
    "chapter_name": "Economy of Nigeria",
    "chapter_id": "1",
    "section_number": "3.1.9",
    "section_name": "Poultry and Eggs",
    "text": "An estimated 42% of Nigerians own chicken. As a result, poultry and eggs\nrepresent a popular commodity within the food industry. 46% of the poultry is\nkept in an extensive / free-range system. 300 thousand tonnes of poultry meat\nand 650 thousand tonnes of eggs are produced annually in Nigeria (estimation)."
  },
  {
    "chapter_name": "Economy of Nigeria",
    "chapter_id": "1",
    "section_number": "3.2",
    "section_name": "Fishing",
    "text": "A man catching fish\n\nIn 2003, Nigeria recorded a fish production of 505.8 metric tons. In 2015,\nproduction stood at 1 027 000 tonnes."
  },
  {
    "chapter_name": "Economy of Nigeria",
    "chapter_id": "1",
    "section_number": "3.3",
    "section_name": "Timber",
    "text": "Roundwood removals totaled slightly less than 70 million cubic meters, and\nsawn wood production was estimated at 2 million cubic meters.\n\nThe paper industry in Nigeria has a long history that dates back to the 1960s\nand 1970s, when the government established three integrated pulp and paper\nmills: the Nigerian Paper Mill in Jebba; the Nigeria Newsprint Manufacturing\nCompany, Oku Iboku; and the Iwopin Pulp and Paper Company. These mills were\nmeant to meet the domestic demand for paper products and reduce import\ndependence.\n\nHowever, these mills have faced various challenges over the years, such as\nlack of maintenance, obsolete equipment, inadequate power supply, and scarcity\nof raw materials. As a result, they have either become moribund or are\noperating at low capacity. According to a report by allAfrica.com, only the\nJebba mill still has a shoath of life.\n\nThe local production of paper products in Nigeria is estimated at 265,000\nmetric tons per year, while the domestic demand is estimated at 3 million\nmetric tons per annum. This means that Nigeria relies heavily on importation\nof paper products to meet its needs, which costs the country about N182\nbillion annually. Importing paper products also exposes the country to\nfluctuations in foreign exchange rates and international market prices."
  },
  {
    "chapter_name": "Economy of Nigeria",
    "chapter_id": "1",
    "section_number": "3.3.1",
    "section_name": "Peeling / Milling",
    "text": "Until now, Nigeria exported unhusked rice but imported husked rice, the\ncountry's staple food. The rice mill in Imota, near Lagos, is expected to do\nthe relevant processing domestically, improve the balance of trade and the\nlabour market, and save unnecessary costs for transport and middlemen. It\nbegan operations in 2023 at low levels, and is expected to employ 250,000\npeople and produce 2.4 million 50-kg bags of rice annually when fully\noperational."
  },
  {
    "chapter_name": "Economy of Nigeria",
    "chapter_id": "1",
    "section_number": "3.3.2",
    "section_name": "Coconut oil milling and refining",
    "text": "A multi-billion Naira coconut oil refinery, first of its kind in Africa\nstarted business in Akwa Ibom State. The  _St.Gabriel Coconut Refinery_ in\nMkpat Enin was inaugurated in May 2022. The governor of Akwa Ibom promised to\ncommence immediate training of indigenous hands to man the refinery, said the\nfacility has a daily capacity to crack 1,000,000 coconuts and will employ no\nfewer than 3,000 direct and indirect staff. Coconut oil goes for $1,326 per\nbarrel, according to Governor Emmanuel."
  },
  {
    "chapter_name": "Economy of Nigeria",
    "chapter_id": "1",
    "section_number": "3.3.3",
    "section_name": "Dairy and meat",
    "text": "Nigeria has 19 million head of cattle, the largest number in Africa. Yet the\ndairy sector in Nigeria is only able to supply less than 10% of the country's\ndemand for dairy products (as of June 2021), a gap expected to grow in line\nwith population growth.\n\nFan Milk, a Danone Group company, manufacturer of popular frozen dairy and ice\ncream brands, unveiled its newly completed model dairy in Odeda, Ogun state,\nin June 2022. This dairy farm is Danone's first investment in dairy farming in\nsub-Saharan Africa to boost local milk production in Nigeria. Fan Milk will\nlaunch a world-class dairy farm and training institute, leveraging the\nexpertise of parent company Danone.\n\nIn Lekki's Free Trade Zone, the Dano Milk Factory (Arla) opened in 2022. - In\n2021 farmer owned dairy co-operative Arla Foods started to build a dairy farm\nin Kaduna state with 200 hectares. It will keep 400 dairy cows and will have\nmodern milking parlors and technology, also grass lands and living facilities\nfor 25 employees."
  },
  {
    "chapter_name": "Economy of Nigeria",
    "chapter_id": "1",
    "section_number": "3.3.4",
    "section_name": "Bakery, household cereals, etc.",
    "text": "Nigeria's bread sector is growing rapidly, with 72 percent dominated by small-\nand medium-scale bakers, according to a 2016 KPMG report. The bakery market of\nNigeria is a $621 million industry.\n\n_\"Fresh bread and miscellaneous bakery\"_ is the bakery product group with the\nhighest consumption (8.5M tonnes), which is 91% of total volume. _\"Fresh bread\nand miscellaneous bakery\"_ exceeded the figures recorded for the second-\nlargest product group \"gingerbread, sweet biscuits and waffles\" (689K tonnes),\nmore than tenfold. The Nigerian bakery product market size is expected to show\nsignificant growth in the forecast period 2020–2026.\n\nPrimera Food in cooperation with Michael Foods started production of noodles\non a big scale in Ogun state in 2022.\n\nKellogg's opened a production plant for her products in the Lekki Free Trade\nZone in Lagos in 2022. It is the second factory Kellogg's has built in Africa.\n\nIn Jos, NASCO Foods produces biscuits and corn flakes. In 2022 they expanded\ntheir Jos factory."
  },
  {
    "chapter_name": "Economy of Nigeria",
    "chapter_id": "1",
    "section_number": "3.4",
    "section_name": "Mining",
    "text": "The mining of minerals in Nigeria accounts for 0.3% of its gross domestic\nproduct. The domestic mining industry is largely underdeveloped, and minerals\nthat it could produce domestically, such as salt or iron ore, are imported.\nRights to ownership of mineral resources is held by the Federal Government of\nNigeria, which grants titles for mineral exploration, mining, and sale of\nmineral resources.\n\nMining regulation is handled by the Ministry of Solid Minerals Development,\nwhich oversees the management of all mineral resources. Mining law is codified\nin the Federal Minerals and Mining Act of 1999."
  },
  {
    "chapter_name": "Economy of Nigeria",
    "chapter_id": "1",
    "section_number": "3.5",
    "section_name": "Oil",
    "text": "Dangote oil refinery\n\nThe types of crude oil exported by Nigeria are Bonny light oil, Forcados crude\noil, Qua Ibo crude oil and Brass River crude oil. The U.S. remains Nigeria's\nlargest buyer of crude oil, accounting for 40% of the country's total oil\nexports; Nigeria provides about 10% of overall U.S. oil imports and ranks as\nthe fifth-largest source of U.S. imported oil.\n\nThe United Kingdom is Nigeria's largest trading partner followed by the United\nStates. The stock of U.S. investment is nearly $7 billion, mostly in the\nenergy sector. ExxonMobil and Chevron are the two largest U.S. corporations in\noffshore oil and gas production."
  },
  {
    "chapter_name": "Economy of Nigeria",
    "chapter_id": "1",
    "section_number": "3.6",
    "section_name": "Natural gas pipeline Nigeria–Morocco",
    "text": "The supply of natural gas to Europe, which is threatened by the Russian\ninvasion of Ukraine, is pushing projects to transport Nigerian natural gas via\npipelines to Morocco or Algeria. In December 2022, Morocco's National Office\nof Hydrocarbons and Mines signed Momoranda of Understanding with Nigeria,\nGambia, Guinea Bissau, Guinea, Sierra Leone, and Ghana to start building the\npipeline through the countries."
  },
  {
    "chapter_name": "Economy of Nigeria",
    "chapter_id": "1",
    "section_number": "3.7",
    "section_name": "Process and Industrial Developments dispute",
    "text": "Process and Industrial Developments Ltd (P&ID) entered into a 20-year contract\nwith the Nigerian government for natural gas supply and processing. Nigeria\nwas to provide the gas, which PI&D was to refine so that it could be used to\npower the Nigerian electrical grid. PI&D could keep valuable byproducts for\nits own use. In 2012, PI&D demanded arbitration in London, alleging that\nNigeria had not supplied the agreed quantity of gas or to construct the\ninfrastructure it had agreed to build. The arbitral tribunal awarded damages\nof more than £4.8 billion. The compensation was valued £8.15 billion with\ninterest when the case was heard in London High Court in December 2022."
  },
  {
    "chapter_name": "Economy of Nigeria",
    "chapter_id": "1",
    "section_number": "3.8",
    "section_name": "Cement",
    "text": "Dangote and BUA are the dominating companies in the cement market of Nigeria.\nIn May 2022, BUA opened a new, large-scale cement plant in Sokoto, including\nits own 50 MW power station."
  },
  {
    "chapter_name": "Economy of Nigeria",
    "chapter_id": "1",
    "section_number": "3.9",
    "section_name": "Oil-based products",
    "text": "Historically, Nigeria has exported crude oil, but imported the majority of\npetroleum products consumed in the country. In September 2024, Dangote Oil\nRefinery began operations with capacity to produce 650,000 barrels (~103 m\nliters) of petrol per day and the potential to significantly reduce Nigeria's\nreliance on imported petroleum products. NNPC, Nigeria's state-owned oil firm,\nis the sole customer of the refinery."
  },
  {
    "chapter_name": "Economy of Nigeria",
    "chapter_id": "1",
    "section_number": "3.10",
    "section_name": "Fertiliser and paint",
    "text": "On 3 May 2022, after years of construction, a fertiliser production plant was\ncommissioned near Lagos that will be able to produce 3 million tonnes of\nfertiliser a year. With no more Russian fertiliser coming onto the world\nmarket in 2022 due to the invasion of Ukraine, Nigeria is filling a gap in the\nmarket. \"The fertiliser market is a seller's market\", enthused company boss\nDangote at the plant's opening. \"People are begging for us to sell and we are\nchoosy about who we sell to\".\n\nNot far from the Dangote refinery, BASF opened a factory in Lekki. BASF is\nmostly known for fertilisers, paints, and lacquers."
  },
  {
    "chapter_name": "Economy of Nigeria",
    "chapter_id": "1",
    "section_number": "3.11",
    "section_name": "Bodycare products, cleaning detergents",
    "text": "The Colgate factory in the Lekki Free Trade Zone close to Lagos started to\nproduce body care products in 2022."
  },
  {
    "chapter_name": "Economy of Nigeria",
    "chapter_id": "1",
    "section_number": "3.12",
    "section_name": "Pharmaceutical industry",
    "text": "Nigeria hosts about 60 percent of the pharmaceutical production capacity in\nAfrica (status 2022) and is projected to grow between $60 billion to $70\nbillion after COVID-19, experts say. The pharmaceutical industry in Nigeria\nhas headroom for growth and can potentially reach $4 billion over the next 10\nyears. Goldstein Market Intelligence analyst forecast the Nigeria\npharmaceuticals market size is set to grow at a CAGR of 9.1% over the forecast\nyears of 2017–2030. Most large pharmaceutical companies in Nigeria are located\nin Lagos.\n\nThe pharmaceutical producer with the most employees in Nigeria appears to be\n_Emzor Pharmaceutical Industries Ltd_. They produce more than 140\npharmaceutical products, including painkillers, vitamins, haematinics,\nantimalarials, tussives, antibiotics, anthelmintics, antihistamines, antacids\nand cardioprotectants.\n\n_Fidson Healthcare Plc_ produces painkillers, anti-allergies, blood pressure\nmedicines, digestive aids, sleeping pills and cough syrup. _May & Baker Nig.\nPlc_ produces remedies against malaria, hypertension, diabetes, depressions\nand pain. _Swiss Pharma Nigeria_ produces pharmaceutical products of BAYER.\n\nInnoson Vehicle Manufacturing in Nweri"
  },
  {
    "chapter_name": "Economy of Nigeria",
    "chapter_id": "1",
    "section_number": "3.13",
    "section_name": "Vehicle industry",
    "text": "Nigerians buy 720,000 cars per year. Of those, less than 20% of these are\nproduced within Nigeria itself.\n\n__Indigenous manufacturers__\n\nInnoson Vehicle Manufacturing is located in Nnewi. It produces buses, SUVs and\nsince May 2022 tricycles which are locally known as \"kekes\".\n\n_Nord Automobiles Ltd_ has two assembly plants: one in Sangotedo, where all\neight models are currently assembled; a plant in Epe is still under\nconstruction. The company currently manufactures its own plastic parts and\nplans to add steel stamping in the future.\n\n30 km north-east of Lagos _Proforce Ltd._ produces armoured vehicles. Proforce\nsold an unknown number of armoured vehicles to Belarus in March 2022. This is\nthe first time that vehicles manufactured in Nigeria have been supplied to a\nEuropean country.\n\n_Jet Motor Company_ in Epe, Lagos State, is producing Nigeria's first\nelectric-powered delivery trucks in partnership with GIG Logistics.\n\nIn Idah, Kogi State, _Electric Motor Vehicle Company_ manufactures\nelectrically powered vehicles. The company is owned by Prince Mustapha Mona\nAudu, a Glasgow-educated computer specialist and son of a former governor. In\nMay 2022, Audu unveiled the four-seater _Adoja_ , which he claims is the most\nenvironmentally friendly vehicle in Nigeria.\n\n__Foreign manufacturers__\n\nThe _Stallion Group_ assembles 45,000 Volkswagen models in Lagos per annum.\n\n_Peugeot Automobiles Nigeria (PAN)_ operates in Kaduna. In April 2022, Peugeot\nleft the conglomerate and Aliko Dangote bought its shares. The company name\nwas changed to DPAN. DPAN will assemble mainly the Chinese brands Chery and\nHiger using pre-produced parts. A new production line, Greenfield, will\nincrease the output to 120 cars per day."
  },
  {
    "chapter_name": "Economy of Nigeria",
    "chapter_id": "1",
    "section_number": "3.14",
    "section_name": "Toolmaking industry",
    "text": "In Oshogbo, there is a modest toolmaking industry. Products are e.g. CNC\nturning machines and industrial drilling machines, but also stud bolts and\nflanges. Target market is the oil industry in the Niger delta."
  },
  {
    "chapter_name": "Economy of Nigeria",
    "chapter_id": "1",
    "section_number": "3.15",
    "section_name": "Electronics",
    "text": "The most successful manufacturer of laptops in Nigeria is, by their own\nadmission, the indigenous Zinox Technologies in Lagos."
  },
  {
    "chapter_name": "Economy of Nigeria",
    "chapter_id": "1",
    "section_number": "3.16",
    "section_name": "Steel production",
    "text": "According to its website, Ajaokuta Steel Company Limited produces 1.3 million\ntonnes of steel per year. Steel plants in Katsina, Jos and Osogbo no longer\nappear to be active."
  },
  {
    "chapter_name": "Economy of Nigeria",
    "chapter_id": "1",
    "section_number": "4",
    "section_name": "Services",
    "text": "Nigeria ranks 27th worldwide and first in Africa in services output.\n\nFinancial district in Lagos"
  },
  {
    "chapter_name": "Economy of Nigeria",
    "chapter_id": "1",
    "section_number": "4.1",
    "section_name": "Finance sector",
    "text": "Nigeria is the largest financial market in Africa. As of November 2018, 21\ncommercial banks were licensed by the Central Bank of Nigeria (CBN). Nigeria\nhas a relatively well-developed banking sector by regional standards, with\nregionally high level of banking penetration (44.2% vs. regional average of\n17.8% for West Africa) and robust use of advanced financial instruments in the\nlocal economy. The country is also well connected to international financial\nmarkets and following the 2016–17 oil crisis, the country has seen an\nincreasing influx of foreign capital over the past 12–18 months – capital\nimportation in Nigeria jumped to US$6.3 billion in Q1–18 (594% yoy growth) vs.\n$12.3 billion for full year 2017 and $5.1 billion in 2016). However, the\ncountry is weighed down by high lending rates, which limits access to credit\nfor smaller firms, particularly in the non-oil economy. In 2024, the country's\nNational Assembly denied that it had proposed to strip the central bank of the\npower to set interest rates.\n\nNigeria leads the fintech sector, accounting for 28% of all fintech companies\non the continent. As of January 2024, Africa has over 1,263 active fintech\ncompanies."
  },
  {
    "chapter_name": "Economy of Nigeria",
    "chapter_id": "1",
    "section_number": "4.2",
    "section_name": "Telecommunication",
    "text": "The Nigerian Communications Commissions (NCC) said on January 14, 2022, the\ntelecommunications sector contributed 12.45per cent to Nigeria's Gross\nDomestic Product (GDP). The commission through its chief executive officer\n(CEO), Prof Umar Garba Danbatta, during his convocation lecture, titled,\n\"Empowering the Nigeria Youth Through Information and Communications\nTechnology (ICT)\" held at Fountain University, Osogbo, made this known. Prof\nGarba disclosed that the ICT sector has been consistently contributing above\n10% of Nigeria's GDP for over 10 years. He noted, \"Nigeria is Africa's largest\nICT market with 82per cent of the continent's telecoms subscribers and 29per\ncent of internet usage.\"\n\nNigeria ranks 11th in the world in the absolute number of internet users and\n7th in the absolute number of mobile phones."
  },
  {
    "chapter_name": "Economy of Nigeria",
    "chapter_id": "1",
    "section_number": "4.3",
    "section_name": "Transport sector, forwarding, shipment",
    "text": "Keke in Ikeja, Lagos\n\nDue to Nigeria's location in the centre of Africa, transport plays a major\nrole in the national service sector.\n\nThe Buhari administration made improvements to the infrastructure after 2015.\nExtensive road repairs and new construction have been carried out gradually as\nstates in particular spend their share of increased government allocations.\nRepresentative of these improvements is the Second Niger Bridge at Onitsha,\nwhich is nearly completed in May 2022.\n\nSince 2009, Nigeria has been laying new railway tracks. These are operated by\nthe state-owned Nigerian Railway Corporation. This has apparently generated a\nsurplus since 2019, despite the covid epidemic.\n\nPrincipal ports are at Lagos (Apapa and Tin Can Island), Port Harcourt (Onne),\nand Calabar. A deep seaport in Lekki, 50 km east of Lagos, is about to open in\n2022.\n\nFive of Nigeria's airports (Lagos, Kano, Port Harcourt, Enugu and Abuja)\ncurrently fly to international destinations. The new national airline,\n\"Nigeria Air\", was scheduled to start operations in mid-2022. It was suspended\nindefinitely in 2024."
  },
  {
    "chapter_name": "Economy of Nigeria",
    "chapter_id": "1",
    "section_number": "4.3.1",
    "section_name": "Movie industry, Television, Streaming",
    "text": "From Nollywood, films and soaps are broadcast to the whole of Africa. Nigeria\nis the second largest film nation in the world after India and ahead of the\nUS."
  },
  {
    "chapter_name": "Economy of Nigeria",
    "chapter_id": "1",
    "section_number": "4.3.2",
    "section_name": "Music industry",
    "text": "Perhaps Nigeria's most famous musician is the inventor of Afrobeat Fela\nAnikulapo Kuti, who gave legendary concerts with his band \"Africa 70\" at the\n\"Shrine\" in Lagos. Other characteristic musical styles include Jùjú, Apala,\nFuji and Sakara. In the field of pop music, Nigerian musicians living in\nEurope such as Sade Adu or Dr. Alban were very successful in the 1980s and\n1990s. In Europe, Nneka is one of the best-known Nigerian pop musicians. One\nof the very few Nigerian artists living in Nigeria who has had commercial\nsuccess in Europe is D'Banj. He even reached the European singles charts in\nsummer 2012 with Oliver Twist. Wizkid reached number 1 in 2016 alongside\nDrake."
  },
  {
    "chapter_name": "Economy of Nigeria",
    "chapter_id": "1",
    "section_number": "4.3.3",
    "section_name": "Social media",
    "text": "Nigerians are passionate users of social media. In 2021 Nigerians spent 3\nhours and 41 minutes on social media in average every day. This is much higher\nthan the global average of 2 hours 22 minutes. The number of active social\nmedia users in Nigeria increased in 2021 by 22 percent, compared with a global\naverage increase of 13 per cent. WhatsApp and Facebook are the most used\nsocial media platforms in Nigeria."
  },
  {
    "chapter_name": "Economy of Nigeria",
    "chapter_id": "1",
    "section_number": "4.4",
    "section_name": "Fashion",
    "text": "The _Lagos Leather Fair_ is the largest leather fair in West Africa. Nigeria\nis the sixth largest leather exporter in the world, with brands such as Prada,\nGucci and Louis Vuitton sourcing their goods here. Fashion journalist Waridi\nSchrobsdorff even puts ‘Milan, Paris, Lagos’ on the same level on news channel\nN-tv."
  },
  {
    "chapter_name": "Economy of Nigeria",
    "chapter_id": "1",
    "section_number": "4.5",
    "section_name": "Tourism",
    "text": "The temple of Yoruba goddess Oshun at Osun-Osogbo, an attraction for pilgrims\nand tourists alike African bush elephants in Yankari National Park, Bauchi\nState Multidisciplinary technologist Ade Olufeko inside Sungbo's Eredo in 2017\nTourism in Nigeria centers largely on events, due to the country's ample\namount of ethnic groups, but also includes rainforests, savannah, waterfalls,\nand other natural attractions. Tourists spent US$2.6 billion in Nigeria in\n2015. This dropped to US$1.5 billion in 2017."
  },
  {
    "chapter_name": "Economy of Nigeria",
    "chapter_id": "1",
    "section_number": "5",
    "section_name": "Data",
    "text": "**Electricity – production:** 18.89 billion kWh (2009)\n\n**Electricity – production by source:**\n_fossil fuel:_ 61.69%\n_hydro:_ 38.31%\n_nuclear:_ 0%\n_other:_ <.1% (1998)\n\n**Electricity - consumption:** 17.66 billion kWh (2009)\n\n**Electricity - exports:** 40 million kWh (2003)\n\n**Electricity - imports:** 0 kWh (1998)\n\n**Oil - production:** 2.35 million barrels per day (374×10~~^~~ 3 m3/d) (July\n2006 est.)\n\n**Oil - consumption:** 310,000 bbl/d (49,000 m3/d) (2003 est.)"
  },
  {
    "chapter_name": "Economy of Nigeria",
    "chapter_id": "1",
    "section_number": "6",
    "section_name": "Overseas remittances",
    "text": "A major source of foreign exchange earnings for Nigeria are remittances sent\nhome by Nigerians living abroad.\n\nAccording to the International Organization for Migration, Nigeria witnessed a\ndramatic increase in remittances sent home from overseas Nigerians, going from\nUS$2.3 billion in 2004 to $17.9 billion in 2007, representing 6.7% of GDP. The\nUnited States accounts for the largest portion of official remittances,\nfollowed by the United Kingdom, Italy, Canada, Spain and France. On the\nAfrican continent, Egypt, Equatorial Guinea, Chad, Libya, and South Africa are\nimportant source countries of remittance flows to Nigeria, while China is the\nbiggest remittance-sending country in Asia."
  },
  {
    "chapter_name": "Economy of Nigeria",
    "chapter_id": "1",
    "section_number": "7",
    "section_name": "Labour force",
    "text": "In 2015, Nigeria had a labour force of 74 million. In 2003, the unemployment\nrate was 10.8% overall; by 2015, unemployment stood at 6.4%.\n\nSince 1999, the Nigerian Labor Congress (NLC) a union umbrella organization,\nhas called six general strikes to protest domestic fuel price increases.\nHowever, in March 2005 the government introduced legislation ending the NLC's\nmonopoly over union organizing. In December 2005, the Nigerian Labour Congress\n(NLC) was lobbying for an increase in the minimum wage for federal workers.\nThe existing minimum wage, which was introduced six years earlier but has not\nbeen adjusted since, has been whittled away by inflation to only US$42.80 per\nmonth.\n\nAccording to the International Organization for Migration, the number of\nimmigrants residing in Nigeria has more than doubled in recent decades – from\n477,135 in 1991 to 971,450 in 2005. The majority of immigrants in Nigeria\n(74%) are from neighbouring Economic Community of West African States\n(ECOWAS), and that this number has increased considerably over the last\ndecade, from 63% in 2001 to 97% in 2005.\n\nThe government has to pay a high interest rate on bonds in part because of the\nhigh fertility rate; there are many children and less savings."
  },
  {
    "chapter_name": "Economy of Nigeria",
    "chapter_id": "1",
    "section_number": "7.1",
    "section_name": "Human capital",
    "text": "As of 2019, Nigeria's HDI (Human Development Index) is ranked 161st at 0.539.\nThe comparative value for Sub-Saharan Africa is 0.547, 0.926 for the US, and\n0.737 for the world average.\n\nThe value for the education index is 0.499, compared to the average in the US\nof 0.900. The expected years of schooling in Nigeria is 10.0 (16.3 in the US),\nwhile the mean years of schooling for adults over 25 years is 6.7 years (13.4\nyears in the US). Additionally, Nigeria is also facing a relatively high\ninequality, worsening the problem regarding the formation of human capital."
  },
  {
    "chapter_name": "Economy of Nigeria",
    "chapter_id": "1",
    "section_number": "7.2",
    "section_name": "Child labour",
    "text": "Child labour in Nigeria\n\nChild labour in Nigeria is the employment of children under the age of 18 in a\nmanner that restricts or prevents them from basic education and development.\nChild labour is pervasive in every state of the country. In 2006, the number\nof child workers was estimated at 15 million. Poverty is a major factor that\ndrives child labour in Nigeria. In poor families, child labour is a major\nsource of income for the family.Nigeria has over 62.9 million children aged\n5-17, making up 30.3% of the population, according to data from the NCFLS,\nwhich surveyed 16,418 households nationwide.\n\nAbout 6 million of Nigeria's children do not go to school at all. In the\ncurrent conditions, these children do not have the time, energy or resources\nto go to school. Domestic servants were the least visible form of child\nlabour, and often sexually harassed. Amongst informal economy and public\nplaces, street vending employed 64%. Midst informal enterprises in semipublic\nplaces, children were often observed as mechanics and bus conductors."
  },
  {
    "chapter_name": "Economy of Nigeria",
    "chapter_id": "1",
    "section_number": "7.3",
    "section_name": "Inflation",
    "text": "| This section **possibly containsoriginal research**. Please improve it by\nverifying the claims made and adding inline citations. Statements consisting\nonly of original research should be removed. _( April 2017)__(Learn how and\nwhen to remove this message)_\n---|---\nInflation and gdp growth in Nigeria, 2015 - 2021, Source: National Bureau of\nStatistics\n\nIn 2016, the black-market exchange rate of the Naira was about 60% above the\nofficial rate. The central bank releases about $200 million each week at the\nofficial exchange rate. However, some companies cite that budgets now include\na 30% \"premium\" to be paid to central bank officials to get dollars.\n\nNigeria's inflation rate rose to 15.63 per cent in December 2021 compared to\n15.40 per cent in November, the National Bureau of Statistics announced on\nJanuary 17, 2022. The statistics office said the prices of goods and services,\nmeasured by the Consumer Price Index, increased by 15.63 per cent in December\n2021 when compared to December 2020. According to the NBS, this rise in the\nfood index was caused by increases in prices of bread and cereals, food\nproducts, meat, fish, potatoes, yam and other tubers, soft drinks and fruits.\n\nIn 2024 President Bola Tinubu sought to increase the 2024 budget by $13.7\nbillion to $77.3 billion. The proposed additional funds were $7.1 billion for\ninfrastructure projects and $6.7 billion for recurrent expenditure."
  },
  {
    "chapter_name": "Economy of Nigeria",
    "chapter_id": "1",
    "section_number": "8",
    "section_name": "Foreign economic relations",
    "text": "Nigeria's foreign economic relations revolve around its role in supplying the\nworld economy with oil and natural gas, even as the country seeks to diversify\nits exports, harmonize tariffs in line with a potential customs union sought\nby the Economic Community of West African States (ECOWAS), and encourage\ninflows of foreign portfolio and direct investment. In October 2005, Nigeria\nimplemented the ECOWAS common external tariff, which reduced the number of\ntariff bands.\n\nPrior to this revision, tariffs constituted Nigeria's second largest source of\nrevenue after oil exports. In 2005 Nigeria achieved a major breakthrough when\nit reached an agreement with the Paris Club to eliminate its bilateral debt\nthrough a combination of write-downs and buybacks. Nigeria joined the\nOrganization of the Petroleum Exporting Countries in July 1971 and the World\nTrade Organization in January 1995.\n\nIf the global transition to renewable energy is completed and international\ndemand for Nigeria's petroleum resources ceases, Nigeria will be significantly\nweakened. It is ranked 149 out of 156 countries in the index of Geopolitical\nGains and Losses after energy transition (GeGaLo)."
  },
  {
    "chapter_name": "Economy of Nigeria",
    "chapter_id": "1",
    "section_number": "8.1",
    "section_name": "External trade",
    "text": "Nigeria's exports in 2006\n\nIn 2017, Nigeria imported about US$34.2 billion of goods. In 2017 the leading\nsources of imports were China (28%), the Belgium-Luxembourg (8.9%), the\nNetherlands (8.3%), South Korea (6.4%), the United States (6.0%) and the India\n(4.6%). Principal imports were manufactured goods, machinery and transport\nequipment, chemicals, and food and live animals.\n\nIn 2017, Nigeria exported about US$46.68 billion worth of goods. In 2017, the\nleading destinations for exports were India (18%), the United States (14%),\nSpain (9.7%), France (6.0%) and the Netherlands (4.9%). In 2017 oil accounted\nfor 83% of merchandise exports. Natural rubber and cocoa are the country's\nmajor agricultural exports.\n\nIn 2005, Nigeria posted a US$26 billion trade surplus, corresponding to almost\n20% of gross domestic product. In 2005, Nigeria achieved a positive current\naccount balance of US$9.6 billion. The Nigerian currency is the naira (NGN).\nAs of June 2006, the exchange rate was about US$1=NGN128.4. As of June 2019,\nit stands at US$1 =NGN357. In recent years, Nigeria has expanded its trade\nrelations with other developing countries such as India. Nigeria is the\nlargest African crude oil supplier to India – it annually exports 400,000\nbarrels per day (64,000 m3/d) to India valued at US$10 billion annually.\n\nIndia is the largest purchaser of Nigeria's oil which fulfills 20% to 25% of\nIndia's domestic oil demand. Indian oil companies are also involved in oil\ndrilling operations in Nigeria and have plans to set up refineries there.\n\nThe trade volume between Nigeria and the United Kingdom rose by 35% from\nUS$6.3 billion in 2010 to US$8.5 billion in 2011.\n\nIn Q1 2024, Nigeria's exports were dominated by petroleum products, including\ncrude oil and liquefied natural gas. Major export destinations included China,\nIndia, and the Netherlands.\n\nThis period saw a notable increase in energy exports, reinforcing Nigeria's\nrole as a key player in the global energy market. The Apapa Port in Lagos\nhandled the bulk of these exports, showcasing the port's significance in the\ncountry's trade infrastructure."
  },
  {
    "chapter_name": "Economy of Nigeria",
    "chapter_id": "1",
    "section_number": "8.2",
    "section_name": "Foreign trade statistics",
    "text": "Year  | Goods Export\n(million US$) | Goods Imports\n(in million US$) | Net trade\n(in million US$)\n---|---|---|---\n2023  | $55,820  | $47,746  | $8,075\n2022  | $64,227  | $58,229  | $5,998\n2021  | $46,859  | $51,421  | $-4,561\n2020  | $35,944  | $52,346  | $-16,402\n2019  | $64,978  | $62,110  | $2,868\n2018  | $61,221  | $40,754  | $20,467\n2017  | $45,817  | $32,669  | $13,148\n2016  | $34,701  | $35,240  | $-536\n2015  | $45,888  | $52,335  | $-6,447\n2010  | $79,618  | $49,520  | $30,098\n2000  | $19,132  | $8,717  | $10,415\n1990  | $13,585  | $4,932  | $8,653\n1980  | $25,945  | 14,728  | $11,217"
  },
  {
    "chapter_name": "Economy of Nigeria",
    "chapter_id": "1",
    "section_number": "8.3",
    "section_name": "External debt",
    "text": "In 2012, Nigeria's external debt was an estimated $5.9 billion and N5.6\ntrillion domestic, putting total debt at $44 billion.\n\nIn April 2006, Nigeria became the first African country to fully pay off its\ndebt owed to the Paris Club. This was structured as a debt write off of\napproximately $18 billion and a cash payment of approximately $12 billion."
  },
  {
    "chapter_name": "Economy of Nigeria",
    "chapter_id": "1",
    "section_number": "8.4",
    "section_name": "Foreign investment",
    "text": "In 2012, Nigeria received a net inflow of US$85.73 billion foreign direct\ninvestment (FDI), much of which came from Nigerians in the diaspora. Most FDI\nis directed toward the energy and banking sectors. Any public designed to\nencourage inflow of foreign capital is capable of generating employment\nopportunities within the domestic economy. The Nigerian Enterprises Promotion\n(NEP) Decree of 1972 (revised in 1977) was intended to reduce foreign\ninvestment in the Nigerian economy.\n\nThe stock market capitalisation of listed companies in Nigeria was valued at\n$97.75 billion on 15 February 2008 by the Nigerian Stock Exchange."
  },
  {
    "chapter_name": "Economy of Nigeria",
    "chapter_id": "1",
    "section_number": "8.5",
    "section_name": "Swiss Banks to return Abacha Stolen Funds",
    "text": "The Swiss foreign ministry says it has done all it can to ensure that funds\nstolen by the late Nigerian dictator Sani Abacha were used properly in his\nhomeland. The authorities were responding to allegations that $200 million\n(SFr240 million) of $700 million handed back by the Swiss Banks to Nigeria had\nbeen misappropriated."
  }
]