[
  {
    "chapter_name": "Economy of Dominica",
    "chapter_id": "1",
    "section_number": "1",
    "section_name": "Introduction",
    "text": "| This article **needs additional citations forverification**. Please help\nimprove this article by adding citations to reliable sources. Unsourced\nmaterial may be challenged and removed.  \n_Find sources:_ \"Economy of Dominica\" – news **·** newspapers **·** books\n**·** scholar **·** JSTOR _( December 2020)__(Learn how and when to remove\nthis message)_  \n---|---  \n  \nThe **economy ofDominica** is reliant upon agriculture, particularly bananas,\nwith the financial services industry and citizenship by investment scheme\nbecoming increasingly the island's largest source of income. Banana production\nemploys, directly or indirectly, upwards of one-third of the work force. This\nsector is highly vulnerable to weather conditions and to external events\naffecting commodity prices. The value of banana exports fell to less than 25%\nof merchandise trade earnings in 1998 compared to about 44% in 1994.\n\nIn view of the European Union's announced phase-out of preferred access of\nbananas to its markets, agricultural diversification is a priority. Dominica\nhas made some progress, with the export of small quantities of citrus fruits\nand vegetables and the introduction of coffee, patchouli, aloe vera, cut\nflowers, and exotic fruits such as mangoes, guavas, and papayas. Dominica has\nalso had some success in increasing its manufactured exports, with soap as the\nprimary product. Dominica also recently entered the offshore financial\nservices market.\n\nBecause Dominica is mostly volcanic and has few beaches, development of\ntourism has been slow compared with that on neighboring islands. Nevertheless,\nDominica's high, rugged mountains, rainforests, freshwater lakes, hot springs,\nwaterfalls, and diving spots make it an attractive destination. Cruise ship\nstopovers have increased following the development of modern docking and\nwaterfront facilities in the capital. Eco-tourism also is a growing industry\non the island.\n\nDominica is a member of the Eastern Caribbean Currency Union (ECCU). The\nEastern Caribbean Central Bank (ECCB) issues a common currency (the East\nCaribbean dollar) to all eight members of the ECCU. The ECCB also manages\nmonetary policy, and regulates and supervises commercial banking activities in\nits member countries. Dominica is a beneficiary of the U.S. Caribbean Basin\nInitiative (CBI). Its 1996 exports to the U.S. were $7.7 million, and its U.S.\nimports were $34 million. Dominica is also a member of the 15-member Caribbean\nCommunity (CARICOM) and of the Organisation of Eastern Caribbean States\n(OECS)."
  },
  {
    "chapter_name": "Economy of Dominica",
    "chapter_id": "1",
    "section_number": "0.1",
    "section_name": "Agriculture",
    "text": "About 22.6% of the total land area is arable. Agricultural production was on\nthe decline even before the 1979 hurricane disaster. The main crop of Dominica\nis bananas, the output of which had fallen to 29,700 tons in 1978. As a result\nof Hurricane David, production hit a low of 15,700 tons in 1979. Agriculture\nsuffered a further blow from Hurricane Allen in August 1980. However, after\noutside financial support began to rehabilitate the sector, production rose to\n27,800 tons in 1981 and totaled 30,000 tons in 1999. Additionally, there are\nother products like citrus, coconuts, cocoa, herbal oils and extracts.\n\nAgriculture accounts for about 20% of GDP and employs about 40% of the labor\nforce. Agricultural exports amounted to $19.1 million in 2001. Most crops are\nproduced on small farms, the 9,000 owners of which are banded together in\nabout 10 cooperatives; there are also several large farms that produce mostly\nbananas for export. Other major crops are coconuts and citrus fruits which are\ngrown in commercial quantities. Production for 1999 included coconuts, 11,000\ntons; grapefruit, 21,000 tons; lemons and limes, 1,000 tons; and oranges,\n8,000 tons. Fruits and vegetables are produced mostly for local consumption."
  },
  {
    "chapter_name": "Economy of Dominica",
    "chapter_id": "1",
    "section_number": "0.2",
    "section_name": "Animal husbandry",
    "text": "There are about 2,000 hectares (4,900 acres) of pasture land, comprising 2.7%\nof the total land area. The island does not produce sufficient meat, poultry,\nor eggs for local consumption so there are large imports of animal products.\nIn 2001 there were an estimated 540 head of cattle, 9,700 goats, 7,600 sheep,\nand 5,000 hogs. In 2001, production of meat totaled 1,300 tons; and milk,\n6,100 tons."
  },
  {
    "chapter_name": "Economy of Dominica",
    "chapter_id": "1",
    "section_number": "0.3",
    "section_name": "Fishing",
    "text": "Before Hurricane David, some 2,000 persons earned a living fishing in coastal\nwaters, producing about 1,000 tons of fish a year and meeting only about one-\nthird of the local demand. The hurricane destroyed almost all of the island's\n470 fishing boats; afterward, only about a dozen vessels could be\nreconstructed for use. In 2000, the catch was 1,150 tons, up from 552 tons in\n1991.\n\nThere is a relatively large fishing industry in Dominica, but it is not\nmodernized and almost exclusively serves the domestic market. A successful\nexperiment in fresh-water prawn farming, supported by Taiwanese aid, has\nproduced substantial amounts of prawns for the domestic and local markets.\nJapan has provided support for a fish landing and processing plant in Roseau."
  },
  {
    "chapter_name": "Economy of Dominica",
    "chapter_id": "1",
    "section_number": "0.4",
    "section_name": "Forestry",
    "text": "Dominica has the potential for a lumber industry. Some 46,000 hectares\n(110,000 acres) are classified as forest, representing 61% of the total land\narea. In 1962, Canadian experts produced a study indicating that over a\n40-year period the island could produce a yearly output of 22,000 cu m\n(800,000 cu ft) of lumber. Before Hurricane David, annual output had reached\nabout 7,500 cu m (265,000 cu ft). There are some 280 hectares (690 acres) of\ngovernment land allocated to commercial forestry and about 100 hectares (250\nacres) of forestland in private hands. Commercially valuable woods include\nmahogany, blue and red mahoe, and teak. Total imports of forest products in\n2000 amounted to $10.3 million."
  },
  {
    "chapter_name": "Economy of Dominica",
    "chapter_id": "1",
    "section_number": "0.5",
    "section_name": "Mining",
    "text": "Dominica's mining sector played a minor role in its economy. Pumice was the\nmajor commodity extracted from the island for export, and Dominica produced\nclay, limestone, volcanic ash, and sand and gravel, primarily for the\nconstruction industry. There is some mining potential in Dominica, especially\nin the island's northeast where there are believed to be deposits of copper."
  },
  {
    "chapter_name": "Economy of Dominica",
    "chapter_id": "1",
    "section_number": "1",
    "section_name": "Secondary industries",
    "text": "Dominica's small manufacturing sector is almost entirely dependent on\nagriculture, and the island has built up a handful of successful industries\nspecializing in soaps and other agricultural byproducts. The largest\nmanufacturer is Dominica Coconut Products, controlled by Colgate-Palmolive,\nwhich produces soap from coconuts. The factory has an agreement to sell an\nestimated 3 million bars of soap each year to Royal Caribbean Cruise Lines.\nDominican soap is also exported throughout the region, but has recently\nencountered intensified competition from other regional producers, especially\nin the important export markets of Jamaica and Trinidad and Tobago.\n\nThere are four plants to process limes and other citrus fruits; two bottling\nplants; two distilleries; four small apparel plants; and four small furniture\nfactories. Dominica exports water to its Caribbean neighbors; shoes, cement\nblocks, furniture, and soap and toiletries are also exported. Home industries\nproduce some leather work, ceramics, and straw products.\n\nSince the 1990s, the small manufacturing sector has been expanding at a modest\npace, including electronic assembly, rum, candles, and paints. The Trafalgar\nHydro Electric Power Station is now operational, making the island virtually\nenergy self-sufficient. Industry accounted for 23% of GDP in 2001.\n\nDominica has not yet been able to attract significant numbers of foreign\nmanufacturers, partly because its wage rates are relatively high and partly\nbecause its infrastructure is not suited to high-volume manufacturing. Like\nother islands, it seeks to attract investors with tax concessions and other\nfinancial inducements, but several offshore manufacturing plants have closed\nafter their duty-free concessions expired, normally a 10-year span."
  },
  {
    "chapter_name": "Economy of Dominica",
    "chapter_id": "1",
    "section_number": "1.1",
    "section_name": "Tourism",
    "text": "**Tourism in Dominica** is mostly centered around Eco Tourism. It consists of\nhiking, bird watching, canyoning, kayaking etc. Being the Nature Isle of the\nCaribbean, it stands true to its name as there are numerous outdoor activities\nbased in nature. With the impact of COVID-19, the island has halted its\nCarnival and Independence Celebrations since mid 2020, which are two of its\nlargest financial contributors in the tourism sector."
  },
  {
    "chapter_name": "Economy of Dominica",
    "chapter_id": "1",
    "section_number": "1.2",
    "section_name": "Financial services",
    "text": "The Commonwealth of Dominica has become in recent years a major international\nfinancial hub, and is quickly becoming one of the largest banking centres in\nthe world, and offshore services are also becoming its main source of income.\nThere are a number of service providers. These include global financial\ninstitutions including Scotiabank, Royal Bank of Canada, First Caribbean\nInternational Bank;\n\nThe largest Financial sectors are \"offshore banking, payment processing\ncompanies, and general corporate activities\". Regulation and supervision of\nthe financial services industry is the responsibility of the Financial Service\nUnit of the Commonwealth of Dominica (FSU) under the supervision of the\nMinistry of Finance.\n\nStarting in the mid-late 1990s, offshore financial centres, such as the\nCommonwealth of Dominica, came under increasing pressure from the OECD for\ntheir allegedly harmful tax regimes, where the OECD wished to prevent low-tax\nregimes from having an advantage in the global marketplace. The OECD\nthreatened to place the Commonwealth of Dominica and other financial centres\non a \"black list\" and impose sanctions against them. However, the Commonwealth\nof Dominica successfully avoided being placed on the OECD blacklist by\ncommitting to regulatory reform to improve transparency and begin information\nexchange with OECD member countries about their citizens.\n\nDominica has tried to expand its base by building up offshore financial\nservices. So far, a relatively small number of offshore banks and other\ninternational business companies have registered in Dominica, but the\ngovernment is trying to attract more by making registration economical and\neasy. A Dominica-based International Business Company (IBC) can, for instance,\nbe formed over the Internet, and the government has also granted operating\nlicenses to several Internet gambling companies."
  },
  {
    "chapter_name": "Economy of Dominica",
    "chapter_id": "1",
    "section_number": "2",
    "section_name": "Facts at a glance",
    "text": "| This article needs to be **updated**. Please help update this article to\nreflect recent events or newly available information. _( July 2019)_\n---|---\n\n**GDP:** purchasing power parity - $485 million (2006 est.)\n\n**GDP - real growth rate:** 3.2% (2007 est.)\n\n**GDP - per capita:** purchasing power parity - $3,800 (2005 est.)\n\n**GDP - composition by sector:**\n_agriculture:_ 17.7%\n_industry:_ 32.8%\n_services:_ 49.5% (2004 est.)\n\n**Population below poverty line:** 29% (2009 est.)\n\n**Household income or consumption by percentage share:**\n_lowest 10%:_ NA%\n_highest 10%:_ NA%\n\n**Inflation rate (consumer prices):** -0.1% (2005 est.)\n\n**Labor force:** 25,000 (2000 est.)\n\n**Labor force - by occupation:**\n_agriculture:_ 40%\n_industry:_ 32%\n_services:_ 28% (2000 est.)\n\n**Unemployment rate:** 23% (2003 est.)\n\n**Budget:**\n_revenues:_ $73.9 million\n_expenditures:_ $84.4 million (2001)\n\n**Industries:** soap, coconut oil, tourism, copra, furniture, cement blocks,\nshoes\n\n**Industrial production growth rate:** -10% (1997 est.)\n\n**Electricity - production:** 80 million kWh (2005)\n\n**Electricity - production by source:**\n_fossil fuel:_ 50%\n_hydro:_ 50%\n_nuclear:_ 0%\n_other:_ 0% (1998)\n\n**Electricity - consumption:** 74.4 million kWh (2005)\n\n**Electricity - exports:** 0 kWh (2005)\n\n**Electricity - imports:** 0 kWh (2005)\n\n**Agriculture - products:** bananas, citrus, mangoes, root crops, coconuts,\ncocoa; forest and fishery potential not exploited\n\n**Exports:** $94 million f.o.b. (2006)\n\n**Exports - commodities:** bananas 50%, soap, bay oil, vegetables, grapefruit,\noranges\n\n**Exports - partners:** United Kingdom 24.8%, Jamaica 12.3%, Antigua and\nBarbuda 9.8%, Guyana 8.3%, China 7.9%, Trinidad and Tobago 5.4%, Saint Lucia\n4.5% (2006)\n\n**Imports:** $296 million f.o.b. (2006)\n\n**Imports - commodities:** manufactured goods, machinery and equipment, food,\nchemicals\n\n**Imports - partners:** United States 25.3%, China 22.7%, Trinidad and Tobago\n13.8%, South Korea 4.8% (2006)\n\n**Debt - external:** $213 million (2004)\n\n**Economic aid - recipient:** $15.17 million (2005 est.)\n\n**Currency:** 1 East Caribbean dollar (EC$) = 100 cents\n\n**Exchange rates:** East Caribbean dollars per US dollar - 2.7 (2007), 2.7\n(2006), 2.7 (2005), 2.7 (2004), 2.7 (2003)\n\n**Fiscal year:** 1 July - 30 June"
  }
]