[
  {
    "chapter_name": "Economy of Bosnia and Herzegovina",
    "chapter_id": "1",
    "section_number": "1",
    "section_name": "Introduction",
    "text": "The **economy of Bosnia and Herzegovina** is a developing, upper-middle income\neconomy. Bosnia and Herzegovina declared independence from socialist\nYugoslavia on 1 March 1992. The main trading partners are Germany, Italy,\nAustria, Turkey and neighboring countries in Southeast Europe."
  },
  {
    "chapter_name": "Economy of Bosnia and Herzegovina",
    "chapter_id": "1",
    "section_number": "1",
    "section_name": "Overview",
    "text": "Bosnia and Herzegovina is an upper middle-income country which has\naccomplished a great deal since the mid-1990s. It is an EU candidate country\nand is embarking on a new growth model after a period of slow growth and the\n2008 financial crisis. Bosnia and Herzegovina is a small, open economy,\ndominated by services, which accounted for 55% of gross domestic product (GDP)\nin 2016, with a moderately developed industrial and manufacturing sector (23%\nand 12%, respectively), and a limited agricultural base (about 6% of GDP).\n\nThe konvertibilna marka (convertible mark or BAM) - the national currency\nintroduced in 1998 - is pegged to the euro, and confidence in the currency and\nthe banking sector has increased. Implementation of privatization, however,\nhas been slow, and local entities only reluctantly support national-level\ninstitutions. Banking reform accelerated in 2001 as all ; foreign banks,\nprimarily from Western Europe, now control most of the banking sector. A\nsizable current account deficit and a very high unemployment rate remain the\ntwo most serious economic problems. The country receives substantial amounts\nof reconstruction assistance and humanitarian aid from the international\ncommunity but will have to prepare for an era of declining assistance.\n\nThe United States Embassy in Sarajevo, Bosnia and Herzegovina produces the\nCountry Commercial Guide – an annual report that delivers a comprehensive look\nat Bosnia and Herzegovina's commercial and economic environment, using\neconomic, political, and market analysis.\n\nAccording to Serbian American economist, Branko Milanović, Bosnia and\nHerzegovina did the best job in the transition from socialism to capitalism\nwhen compared to the other republics of the former Yugoslavia. From 1985 until\n2021, Bosnia and Herzegovina performed the best on the annual average GDP\ngrowth per capita (1.6%), Slovenia (1.4%), Croatia (1%), Serbia without Kosovo\n(0.9%) and North Macedonia (0.5%).\n\nAt the time of the Socialist Federal Republic of Yugoslavia (SFRY), Bosnia and\nHerzegovina was an important mineral processing centre and provided the other\nrepublics with basic mineral commodities in exchange for current consumption\ngoods. While large amounts of public capital investments poured in during the\n1970s, productivity levels remained low, often due to the limited capacity of\npublic managers. Under former republican premier Džemal Bijedić, and Yugoslav\npresident Tito, metal-product industries were promoted in the republic,\nresulting in the development of a large share of Yugoslavia's metal products\nplants.\n\nMerging small firms into larger agglomerates was a common practice in the SFRY\nto preserve employment levels. As a result, four large conglomerates emerged\nin Bosnia and Herzegovina over time: Energoinvest (energy sector), Unis\n(automotive and defence industry, which partnered with Volkswagen in the early\n1970s), Šipad (wood processing) and RMK Zenica (steel industry, later acquired\nby ArcelorMittal). Construction and defence were important industries in the\nBosnian economy, despite their low efficiency and, ultimately, excess supply.\nThe defence industry was particularly developed in the southern districts and\naround Mostar, which was also a relevant metallurgical centre (Aluminij\nMostar). Machinery production was concentrated in the north, particularly\naround Banja Luka. The Tuzla district was renowned for its chemical industry.\nThe automotive industry, which developed in the 1950s with the production of\nvehicle components, extended later on to passenger and commercial vehicles,\nwith plants in Sarajevo, Mostar and Banja Luka. Agriculture was not highly\ndeveloped, despite its importance for employment and the presence of the large\nAgrokomerc conglomerate based at the north-west border with Croatia.\n\nTito had pushed the development of metal industries, and electro-energetic\nsector, in the republic with the result that Bosnia and Herzegovina were a\nhost of large numbers of industrial firms. Some of them were worked with World\nbrand names, companies like Coca-Cola, Pepsi, Marlboro, Volkswagen and SKF.\nBig Companies like Energoinvest, UNIS, Hidrogradnja, Vranica, RMK Zenica, TAS\nSarajevo, FAMOS Sarajevo and BNT Novi Travnik, have yearly income in billions\nof USD$ at that time. Building sector companies bringing large amounts of\nincome in USD$. Unemployment at that time is very low. Work force is highly\nskilled, with highly professional, educated managers, engineers, science\nexperts, which use western world's newest technologies in large scale areas.\nBefore the war, Yugoslav premier Ante Marković, made some preparations for\nprivatization, in economy, finance, and industry sectors, but the war ceased\ndevelopment in these actions.\n\nThe economy suffered heavily from the war in Bosnia and Herzegovina, with over\n€200 billion in material damages and GDP (excluding services) reduced by 90%\nbetween 1990 and 1995. Today, most of the above-mentioned companies have been\nprivatised. The economy remains fragile, primarily consumption driven and\nvulnerable to external fluctuations. This was seen with the global economic\ncrisis, which pushed Bosnia and Herzegovina into recession in 2009 and 2012\n(with GDP growth of -3% and -0.8%, respectively) and severe floods in 2014,\nwhich caused damage of approximately 15% of GDP. Since 2015, annual GDP growth\nhas increased to more than 3%. Still, the country registered a current account\ndeficit of 4.7% of GDP in 2017, decreasing from 5.3% in 2015, resulting from a\nreduction in its trade deficit, which nevertheless remains large (17.4% of GDP\nin 2017).\n\nA Central Bank of Bosnia and Herzegovina was established in late 1997, debt\nnegotiations were held with the London Club in December 1997 and with the\nParis Club in October 1998, and a new currency, the Bosnia and Herzegovina\nconvertible mark, was introduced in mid-1998. In 1999, the Convertible Mark\ngained wider acceptance, and the Central Bank dramatically increased its\nreserve holdings. Due to Bosnia's strict currency board regime attaching the\nBosnian mark to the Euro, inflation has remained low in the entire country.\n\nWith an uneasy peace in place, output recovered in 1996–99 at high percentage\nrates from a low base; but output growth slowed in 2000–02. The country\nreceives substantial amounts of reconstruction assistance and humanitarian aid\nfrom the international community. Support for East European Democracy (SEED)\nassistance accounts for 20%-25% of economic growth in Bosnia and Herzegovina.\nHowever, growth has been uneven throughout the post-war period, with the\nFederation outpacing the RS.[_clarification needed_] According to World Bank\nestimates, GDP growth was 62% in the Federation and 25% in the RS in 1996, 35%\nin the Federation and flat in the RS in 1997, and continued growth in the\nFederation in 1998.\n\nThe movement has been slow, but considerable progress has been made in\neconomic reform since peace was re-established. Banking reform lagged, as did\nthe implementation of privatization. Many companies (mainly factories) that\nwere privatized faced massive problems, causing the owners to reduce salaries\nand deny the workers their salaries, and some of the new owners and tycoons\ndestroyed those factories."
  },
  {
    "chapter_name": "Economy of Bosnia and Herzegovina",
    "chapter_id": "1",
    "section_number": "1.1",
    "section_name": "Macro-Economic",
    "text": "The following table shows the main economic indicators in 1997–2025.\n\nYear  | GDP\n(in Bil. US$ PPP) | GDP per capita\n(in US$ PPP) | GDP\n(in Bil. US$ nominal) | GDP per capita (in US$ nominal) | GDP growth\n(real)  | Unemployment rate\n(in Percent)  | Debt\n---|---|---|---|---|---|---|---\n1996  | 11.394  | 3,027  | 3.584  | 952  |  |  |\n1997  | 14.239  | 3,811  | 4.578  | 1,225  | 22.9%  | 44,6%  |\n1998  | 16.389  | 4,391  | 5.281  | 1,415  |  | 29.3%  | 54.3%\n1999  | 18.406  | 4,917  | 5.766  | 1,540  |  | 31.1%  | 56%\n2000  | 19.659  | 5,241  | 5.554  | 1,480  | 4.4%  | 31.1%  | 34.6%\n2001  | 20.577  | 5,479  | 5.784  | 1,540  |  | 31.1%  | 35.2%\n2002  | 21.954  | 5,840  | 6.711  | 1,785.  |  | 31.1%  | 31.2%\n2003  | 23.251  | 6,183  | 8.477  | 2,254  |  | 31.1%  | 27.6%\n2004  | 25.369  | 6,741  | 10.157  | 2,699  |  | 31.1%  | 25.5%\n2005  | 27.273  | 7,241  | 10.935  | 2,903  | 4,2%  | 31.1%  | 25.5%\n2006  | 29.714  | 7,885  | 12.460  | 3,306  | 5.7%  | 31.1%  | 21.2%\n2007  | 32.342  | 8,597  | 15.323  | 4,073  | 6.0%  | 32.4%  | 18.7%\n2008  | 34.806  | 9,271  | 18.712  | 4,984  | 5.6%  | 34%  | 30.9%\n2009  | 34.743  | 9,299  | 17.601  | 4,711  | −0.8%  | 35%  | 35%\n2010  | 35.431  | 9,565  | 17.164  | 4,633  | 0.8%  | 34%  | 40.8%\n2011  | 36.495  | 9,971  | 18.629  | 5,089  | 0.9%  | 31%  | 39.6%\n2012  | 37.104  | 10,292  | 17.207  | 4,773  | −0.7%  | 30%  | 42.2%\n2013  | 38.975  | 11,003  | 18.155  | 5,125  | 2.4%  | 31%  | 42.5%\n2014  | 39.732  | 11,410  | 18.522  | 5,319  | 1.2%  | 32%  | 45.9%\n2015  | 41.195  | 12,013  | 16.210  | 4,727  | 3.1%  | 35%  | 45.5%\n2016  | 44.253  | 13,069  | 16.910  | 4,994  | 3.2%  | 25.4%  | 44.1%\n2017  | 46.394  | 13,836  | 18.081  | 5,392  | 2.7%  | 20.5%  | 39.5%\n2018  | 50.333  | 14,829  | 20.184  | 6,073  | 3.5%  | 19.4%  | 34.3%\n2019  | 54.960  | 15,625  | 20.203  | 6,120  | 3.9%  | 15.7%  | 32.5%\n2020  | 54.012  | 15,231  | 19.789  | 6,034  | −6.5%  | 19%  | 36.5%\n2021  | 60.180  | 16,584  | 23.673  | 6,800  | 5%  | 17.5%  | 34.5%\n2022  | 67.190  | 18,517  | 24.520  | 7,059  | 3.2%  | 15.7%  | 29.7%\n2023  | 70.780  | 19,633  | 26.945  | 7,778  | 4%  | 13.1%  | 28.6%\n2024  | 74.280  | 20,622  | 28.404  | 8,220  | 3%  | 11.7%  | 28,1%\n2025  | 77.897  | 22,610  | 29.864  | 8,668  | 3%  | 11.7%  | 25,4%"
  },
  {
    "chapter_name": "Economy of Bosnia and Herzegovina",
    "chapter_id": "1",
    "section_number": "2",
    "section_name": "Present",
    "text": "Exports of Bosnia and Herzegovina during 2006.\n\n**Overall value offoreign direct investment (1999–2011):**\n\n* 1999: €166 million\n* 2000: €159 million\n* 2001: €133 million\n* 2002: €282 million\n* 2003: €338 million\n* 2004: €534 million\n* 2005: €421 million\n* 2006: €556 million\n* 2007: €1.628 billion\n* 2008: €1.083 billion\n* 2009: €434 million\n* 2010: €359 million\n* 2011: €313 million\n* 2022: €730 million\n\nFrom 1994 to 2011, €6.4 billion were invested in the country.\n\n**The top investor countries (1994–2007)** :\n\n* Austria (€1,294 million)\n* Serbia (€773 million)\n* Croatia (€434 million)\n* Slovenia (€427 million)\n* Switzerland (€337 million)\n* Germany (€270 million)\n* Italy (€94.29 million)\n* Netherlands (€63.52 million)\n* United Arab Emirates (€56.70 million)\n* Turkey (€54.81 million)\n* All Other Countries (€892.54 million)\n\n**Foreign investments by sector for (1994–2007):**\n\n* 37.7% Manufacturing\n* 21% Banking\n* 4.9% Services\n* 9.6% Trade\n* 0.30% Transport\n* 1% Tourism\n\nBy some estimates, grey economy is 25.5% of GDP."
  },
  {
    "chapter_name": "Economy of Bosnia and Herzegovina",
    "chapter_id": "1",
    "section_number": "2.0.1",
    "section_name": "2017",
    "text": "In 2017, exports grew by 17% when compared to the previous year, totaling\n€5.65 billion. The total volume of foreign trade in 2017 amounted to €14.97\nbillion and increased by 14% compared to the previous year. Imports of goods\nincreased by 12% and amounted to €9.32 billion. The coverage of imports by\nexports has increased by 3% compared to the previous year and now it is 61\npercent. In 2017, Bosnia and Herzegovina mostly exported car seats,\nelectricity, processed wood, aluminium and furniture. In the same year, it\nmostly imported crude oil, automobiles, motor oil, coal and briquettes.\n\nThe unemployment rate in 2017 was 20.5%, but The Vienna Institute for\nInternational Economic Studies is predicting falling unemployment rate for the\nnext few years. In 2018, the unemployment should be 19.4% and it should\nfurther fall to 18.8% in 2019. In 2020, the unemployment rate should go down\nto 18.3%.\n\nOn 31 December 2017, the Council of Ministers of Bosnia and Herzegovina issued\nthe report on public debt of Bosnia and Herzegovina, stating that the public\ndebt was reduced by €389.97 million, or by more than 6% when compared to\nDecember 31, 2016. By the end of 2017, public debt was €5.92 billion, which\namounted to 35.6 percent of GDP.\n\nAs of 31 December 2017, there were 32,292 registered companies in the country,\nwhich together had revenues of €33.572 billion that same year.\n\nIn 2017, the country received €397.35 million in foreign direct investment,\nwhich equals to 2.5% of the GDP.\n\nIn 2017, Bosnia and Herzegovina ranked 3rd in the world in terms of the number\nof new jobs created by foreign investment, relative to the number of\ninhabitants.\n\nIn 2017, 1,307,319 tourists visited Bosnia-Herzegovina, an increase of 13.7%,\nand had 2,677,125 overnight hotel stays, a 12.3% increase from the previous\nyear. Also, 71.5% of the tourists came from foreign countries."
  },
  {
    "chapter_name": "Economy of Bosnia and Herzegovina",
    "chapter_id": "1",
    "section_number": "2.0.2",
    "section_name": "2018",
    "text": "In 2018, Bosnia and Herzegovina exported goods worth 11.9 billion KM (€6.07\nbillion), which is 7.43% higher than in the same period in 2017, while imports\namounted to 19.27 billion KM (€9.83 billion), which is 5.47% higher.\n\nThe average price of new apartments sold in the country in the first six\nmonths of 2018 is 1,639 km (€886.31) per square meter. This represents a jump\nof 3.5% from the previous year.\n\nOn June 30, 2018, public debt of Bosnia and Herzegovina amounted to about\n€6.04 billion, of which external debt is 70.56 percent, while the internal\ndebt is 29.4 percent of total public indebtedness. The share of public debt in\ngross domestic product was 34.92 percent.\n\nIn 2018, 1,465,412 tourists visited Bosnia-Herzegovina, an increase of 12.1%,\nand had 3,040,190 overnight hotel stays, a 13.5% increase from the previous\nyear. Also, 71.2% of the tourists came from foreign countries.\n\nIn 2018, the total value of mergers and acquisitions in Bosnia and Herzegovina\namounted to €404.6 million.\n\nIn 2018, 99.5 percent of enterprises in Bosnia and Herzegovina used computers\nin their business, while 99.3 percent had internet connections, according to a\nsurvey conducted by the Bosnia and Herzegovina Statistics Agency.\n\nIn 2018, Bosnia and Herzegovina received 783.4 million KM (€400.64 million) in\ndirect foreign investment, which was equivalent to 2.3% of GDP.\n\nIn 2018, the Central Bank of Bosnia and Herzegovina made a profit of 8,430,875\nkm (€4,306,347)."
  },
  {
    "chapter_name": "Economy of Bosnia and Herzegovina",
    "chapter_id": "1",
    "section_number": "2.0.3",
    "section_name": "2019",
    "text": "The World Bank estimates that the economy grew by 2.8% in 2019.\n\nBosnia and Herzegovina was placed 83rd on the Index of Economic Freedom for\n2019. The total rating for Bosnia and Herzegovina is 61.9. This position\nrepresents some progress relative to the 91st place in 2018. This result is\nbelow the regional level, but still above the global average, making Bosnia\nand Herzegovina a \"moderately free\" country.\n\nOn 31 January 2019, total deposits in Bosnian banks were KM 21.9 billion\n(€11.20 billion), which represents 61.15% of nominal GDP.\n\nIn the second quarter of 2019, the average price of new apartments sold in\nBosnia and Herzegovina was 1,606 km (€821.47) per square meter.\n\nIn the first six months of 2019, exports amounted to 5.829 billion KM (€2.98\nbillion), which is 0.1% less than in the same period of 2018, while imports\namounted to 9.779 billion KM (€5.00 billion), which is by 4.5% more than in\nthe same period of the previous year.\n\nIn the first seven months of 2019, 906,788 tourists visited the country, an\n11.7% jump from the previous year.\n\nIn the first six months of 2019, foreign direct investment amounted to 650.1\nmillion KM (€332.34 million)."
  },
  {
    "chapter_name": "Economy of Bosnia and Herzegovina",
    "chapter_id": "1",
    "section_number": "2.0.4",
    "section_name": "2020–2022",
    "text": "2020 saw a contraction in the economy of around 4.7%, caused by the COVID-19\npandemic, with increased costs by the government, before bouncing back in\n2021. Employment rates have been climbing, however youth unemployment in 2022\nwas still over 33%."
  },
  {
    "chapter_name": "Economy of Bosnia and Herzegovina",
    "chapter_id": "1",
    "section_number": "2.0.5",
    "section_name": "2023",
    "text": "As of 30 November 2023, Bosnia and Herzegovina had 1.3 million registered\nmotor vehicles."
  },
  {
    "chapter_name": "Economy of Bosnia and Herzegovina",
    "chapter_id": "1",
    "section_number": "2.1",
    "section_name": "Sarajevo",
    "text": "ARIA shopping and business center, also the headquarters of Al Jazeera Balkans\n\nSarajevo industries now include tobacco products, furniture, hosiery,\nautomobiles, and communication equipment. Companies based in Sarajevo include\nBH Telecom, Bosnalijek, Energopetrol, FlyBosnia, Sarajevo Tobacco Factory, and\nSarajevska Pivara (Sarajevo Brewery).\n\nSarajevo has a strong tourist industry and was named by Lonely Planet one of\nthe top 50 \"Best Cities in the World\" in 2006. Sports-related tourism uses the\nlegacy facilities of the 1984 Winter Olympics, especially the skiing\nfacilities on the nearby mountains of Bjelašnica, Igman, Jahorina, Trebević,\nand Treskavica. Sarajevo's 600 years of history, influenced by both Western\nand Eastern empires, is also a strong tourist attraction. Sarajevo has hosted\ntravellers for centuries, because it was an important trading center during\nthe Ottoman and Austria-Hungarian empires.\n\nToday, Sarajevo is one of the fastest developing cities in the region. Various\nnew modern buildings have been built, most significantly the Bosmal City\nCenter, ARIA Centar and the Avaz Twist Tower, which is one of the tallest\nskyscraper in the Balkans. A new highway was recently (2006–2011) completed\nbetween Sarajevo and the city of Kakanj. Due to growth in population, tourism\nand airport traffic the service sector in the city is developing fast and\nwelcoming new investors from various businesses.\n\nSarajevo has one of the most representable commercial infrastructures in\nSouth-East Europe. The Sarajevo City Center is one of the biggest shopping\ncentres in South-East Europe, after its completion in 2014. Airport Center\nSarajevo which will be connected directly to the new airport terminal will\noffer a great variety of brands, products and services.\n\nIn 1981, Sarajevo's GDP per capita was 133% of the Yugoslav average.\n\nIn 2011, Sarajevo's GDP was estimated to be 16.76 billion US$ by the Central\nBank of Bosnia and Herzegovina, comprising 37% of the total GDP of the\ncountry."
  },
  {
    "chapter_name": "Economy of Bosnia and Herzegovina",
    "chapter_id": "1",
    "section_number": "2.2",
    "section_name": "Mostar",
    "text": "The construction of the largest trade center in Herzegovina – \"Brodomerkur\"\n\nMostar's economy relies heavily on tourism, aluminium and metal industry,\nbanking services and telecommunication sector. The city is the seat of some of\nthe country's largest corporations.\n\nAlong with Sarajevo, it is the largest financial center in Bosnia and\nHerzegovina, with two out of three largest banks in the country having their\nheadquarters in Mostar. Bosnia-Herzegovina has three national electric, postal\nand telecommunication service corporations; These three companies banks and\nthe aluminium factory make a vast portion of overall economic activity in the\ncity.\n\nAluminij is one of the most influential companies in the city, region, but\nalso country. In relation to the current manufacturing capacity it generates\nan annual export of more than €150 million. The partners with which the\nAluminij does business are renowned global companies, from which the most\nimportant are: Venture Coke Company L.L.C. (Venco-Conoco joint Venture) from\nthe US, Glencore International AG from Switzerland, Debis International\ntrading GmbH, Daimler-Chrysler and VAW Aluminium Technologie GmbH from\nGermany, Hydro ASA from Norway, Fiat from Italy, and TLM-Šibenik from\nCroatia[5]. Mostar area alone receives an income of €40 million annually from\nAluminij."
  },
  {
    "chapter_name": "Economy of Bosnia and Herzegovina",
    "chapter_id": "1",
    "section_number": "2.3",
    "section_name": "Prijedor",
    "text": "Prijedor regional location.\n\nPrijedor is the sixth largest city in Bosnia and Herzegovina. It is an\neconomically prosperous municipality hosting a wide range of industries,\nservices and educational institutions. The city's geographical location close\nto major European capitals has made it an important industrial and commercial\nhub nationally. It has a developed financial sector, 11 international banks\nare represented, 5 microcredit organizations and a foundation for development.\nThe city's huge economic potential is in the strategic geographical location\nbeing close to Zagreb, Belgrade, Budapest and Vienna. Giving it one of the\nbest climates for economic expansion in Bosnia and Herzegovina.\n\nThe agricultural land around the city, raw minerals in the municipality and\ngrowth of high educated population in the city proper gives it a unique\ncombination of both being able to produce sophisticated industrial products,\nfood and service branches.\n\nCompanies\n\nZenica host today the Bosnian part of ArcelorMittal Steel Company, former RMK\nZenica, which employ about 3000 workers, steel company from Luxembourg with\nover 320,000 employees in more than 60 countries. It also has companies\nspecialized in the chemical industry such as Ferrox a.d., producing iron\noxides-pigments. BosnaMontaza AD., one of Bosnias most specialized steel\nmanufacturers, manufacturing: steel construction, pipelines, reservoirs,\ntechnological equipment, cranes and energy plants. Other companies such as the\nCroatian food company Kraš has one of its biggest facilities in Bosnia and\nHerzegovina in Prijedor, producing confectionery products under the brand\nnames MIRA and Kraš. Brand names such as \"Prijedorčanka\" is one of the leading\nproducers of the alcoholic beverage Rakija in Bosnia and Herzegovina. Prijedor\nis also a big enterprise producing cellulose and paper for export.\n\nIn 2022, the sector with the highest number of companies registered in Bosnia\nand Herzegovina is Services with 39,707 companies followed by Retail Trade and\nWholesale Trade with 12,060 and 11,970 companies respectively.\n\nAgricultural sector\n\nLake Saničani fish farm\n\nAmong this Prijedor has a fruit growing production, gardening production, crop\nfarming production, mill and bakery industries, stock farming production,\nprocessing industries and a milk industry.\n\nLake Saničani, near Prijedor, is one of the biggest commercial fish-farming\nlakes in the southern Europe.\n\nPrijedor municipality takes up 8340.6 hectares (5845.0 private property and\n2495.6 state property). Plowed fields and gardens take up 340.26 hectares,\norchards 23.86 hectares and vineyards 5 hectares. All cultivated soil takes up\n402.06 hectares.\n\nService sector\n\nThe service sector in Prijedor is growing rapidly and this reflects in the\ngrowth of hotels, stores, roads, educational facilities and shoppings centers\nthat are being built in the city. Making it a growing commercial hub in Bosnia\nand Hercegovina."
  },
  {
    "chapter_name": "Economy of Bosnia and Herzegovina",
    "chapter_id": "1",
    "section_number": "2.4",
    "section_name": "Banja Luka",
    "text": "Banja Luka west transit\n\nAlthough the city itself was not directly affected by the Bosnian War in the\nearly 1990s, its economy was. For four years, Banja Luka fell behind the world\nin key areas such as technology, resulting in a rather stagnant economy.\nHowever, in recent years, the financial services sector has gained in\nimportance in the city. In 2002, the trading began on the newly established\nBanja Luka Stock Exchange. The number of companies listed, the trading volume\nand the number of investors have increased significantly. A number of big\ncompanies such as Telekom Srpske, Rafinerija ulja Modriča, Banjalučka Pivara\nand Vitaminka are all listed on the exchange and are traded regularly.\nInvestors, apart from those from Slovenia, Croatia and Serbia, now include a\nnumber of investment funds from the European Union, Norway, the United States,\nJapan and China.\n\nA number of financial services regulators, such as the Indirect Taxation\nAuthority of Bosnia and Herzegovina, Republika Srpska Securities Commission\nand the RS Banking Agency are headquartered in Banja Luka. This, along with\nthe fact that some of the major banks in Bosnia, the Deposit Insurance Agency\nand the Value-added tax (VAT) Authority are all based in the city, has helped\nBanja Luka establish itself as a major financial centre of the country.\n\nIn 1981 Banja Luka's GDP per capita was 97% of the Yugoslav average."
  },
  {
    "chapter_name": "Economy of Bosnia and Herzegovina",
    "chapter_id": "1",
    "section_number": "3",
    "section_name": "Energy",
    "text": "The country has been a heavy user of energy compared with the EU, with\nartificially low prices providing a disincentive to make savings. Heavily\nreliant on lignite coal for power generation, in 2021 Bosnia and Herzegovina\nis one of very few countries still making plans to expand coal energy\ngeneration.\n\nStatistics\n\n**2020 energy statistics** Production capacities for electricity\n(billion kWh)  | Type | Amount\n---|---\nFossil fuel | 26.27\nHydro | 14.81\nWind power | 0.62\nSolar | 0.12\nBiomass | 0.04\nTotal | 41.86\n|  Electricity\n(billion kWh)  | Category | Amount\n---|---\nConsumption | 11.66\nProduction | 16.96\nImport | 3.27\nExport | 7.32\n|  Natural Gas\n(billion m3)  | Consumption | 0.218\n---|---\nImport | 0.218\n\n**CO 2 emissions:**\n20.95 million tons"
  },
  {
    "chapter_name": "Economy of Bosnia and Herzegovina",
    "chapter_id": "1",
    "section_number": "3.1",
    "section_name": "Renewable power",
    "text": "Wind and Solar\n\nThe first wind farm was built in 2018.\n\nThe 2030 plan envisages 1.5 GW of solar power and 0.5 GW of wind power\ncapacity being built.\n\nHydro power\n\nIn 2021 the country had around 2076 MW of installed hydropower capacity larger\nthan 10 MW, with 180 MW of small hydropower units."
  },
  {
    "chapter_name": "Economy of Bosnia and Herzegovina",
    "chapter_id": "1",
    "section_number": "3.2",
    "section_name": "Fossil fuels",
    "text": "Coal\n\nIn 2021, electricity production came from five main lignite coal power plants\ngenerating up to 2065 MW.\n\nTuzla Thermal Power Plant was supposed to close unit 4 in 2022 however the\ngovernment has extended this lignite coal generators life. Kakanj Power\nStation was also supposed to have closed unit 5 in 2022 under the 2006 Energy\nCommunity Treaty.\n\nUnder the 2030 plan a number of coal power stations will close or convert to\nbiomass.\n\n* Breza coal mine\n* Gacko coal mine\n* Kakanj coal mine\n\n|\n\n* Kamengrad coal mine\n* Kongora coal mine\n* Stanari coal mine\n\n|\n\n* Tušnica coal mine\n* Ugljevik coal mine\n* Zenica coal mine\n\n\n---|---|---"
  },
  {
    "chapter_name": "Economy of Bosnia and Herzegovina",
    "chapter_id": "1",
    "section_number": "4",
    "section_name": "Tourism",
    "text": "Stari Most in Mostar, a UNESCO World Heritage Site\n\nThe tourism sector has been recovering and helping the economy altogether in\nthe process, with popular winter skiing destinations as well as summer\ncountryside tourism. Bosnia and Herzegovina has been a top performer in recent\nyears in terms of tourism development; tourist arrivals have grown by an\naverage of 24% annually from 1995 to 2000. The European region's solid growth\nin arrivals in 2007 was due in significant part to Southern and Mediterranean\nEurope's strong performance (+7%). In particular, Bosnia and Herzegovina were\namong the stronger players with a growth of 20%.\n\nIn 2012, Bosnia and Herzegovina had 747,827 tourists an increase of 9% and\n1,645,521 overnight stays which is a 9,4% increase from 2012. 58.6% of the\ntourists came from foreign countries.\n\nAccording to an estimate of the World Tourism Organization, Bosnia and\nHerzegovina will have the third highest tourism growth rate in the world\nbetween 1995 and 2020.\n\nOf particular note is the diaspora population which often returns home during\nthe summer months, bringing in an increase in retail sales and food service\nindustry.\n\nIn 2017, 1,307,319 tourists visited Bosnia and Herzegovina, an increase of\n13.7%, and had 2,677,125 overnight hotel stays, a 12.3% increase from the\nprevious year. Also, 71.5% of the tourists came from foreign countries."
  },
  {
    "chapter_name": "Economy of Bosnia and Herzegovina",
    "chapter_id": "1",
    "section_number": "5",
    "section_name": "Challenges of doing business",
    "text": "While business regulations are of comparable strictness as in most countries\nin Central Europe, many problems persist. Post-war high percentage of\nunemployment (16.85%) remains high, and the economical progress is very slow.\nComplicated bureaucracy system, complex procedures and often misconducted\naudition and regulation by public officers also make for volatile and insecure\nbusiness environment, which is considered major hindrance to foreign\ninvestment into the country's industrial and manufacturing potential.\n\nThe workforce is comparably cheap, with average net salary being €580, and\naverage gross salary being €891, (as of June 2022[update]) and good skilled,\nespecially in sectors present in pre-war economy. However, with slow but\npersistent know-how obsolescence, workforce exodus, high unemployment and long\naverage time outside labor market for the unemployed, need a foreign-owned\nbusiness investing in industry sectors where the country could be competitive.\n\nBosnia and Herzegovina is also lacking a good e-governance structure, as well\nas good methods to enforce administrative accountability, both of which are\nconsidered necessary for more conductive business climate. Today[_when?_] it\ntakes between 3–5 weeks to register a company in the country (and in some\nbusiness sectors it can still take months to acquire all required permits,\nmostly due to administrative inefficiency), and many other business related\nadministrative procedures are similarly convoluted and time-consuming.\n\nPolitical corruption is one of the more acute problems in Bosnia and\nHerzegovina, and along with size of administration and its inefficiency, the\nbiggest detriment to tax money being spent where it should be spent – on\nservices to the population and the economy.\n\nBosnia and Herzegovina has been preparing for an era of declining\ninternational assistance. Country's most immediate task remains economic\nrevitalization to create jobs and income. After the 2014 riots, both\nadministrations have shyly started the reform, dealing with some of the many\npressing issues to local economy, but the overall process is still considered\nslow and tenuous by the populace and local as well as foreign economic\nanalysts."
  },
  {
    "chapter_name": "Economy of Bosnia and Herzegovina",
    "chapter_id": "1",
    "section_number": "6",
    "section_name": "Infrastructure",
    "text": "Motorway on the Pan-European Corridor Vc between Sarajevo and Visoko\n\nThe Bosnian government has issued an international tender for the construction\nof the 350 km long Pan-European Corridor Vc in Bosnia and Herzegovina which\nwill passes along the route Budapest-Osijek-Sarajevo-Ploče. The highway along\nthis corridor is the most significant roadway in Bosnia and Herzegovina and\nthe shortest communication route between Central Europe and the Southern\nAdriatic. The routing of the road passes through the central part of the\ncountry in the north–south direction from Donji Svilaj to the border of B&H,\nnorth from the Croatian port of Ploče, following the rivers Bosna and Neretva.\nMore than 50% of the total population and the economic activity of Bosnia and\nHerzegovina lies within the zone of influence along this route.\n\nAs of August 2018, 200 km of the motorway has been completed.\n\nDue to annual growth of nearly 10% the Sarajevo International Airport\nextension of the passenger terminal, together with upgrading and expanding the\ntaxiway and apron is planned to start in Fall 2012. The existing terminal will\nbe expanded with 7.000 square metres. The upgraded airport will also be\ndirectly connected to the commercial retail center Sarajevo Airport Center\nmaking it easy for tourist and travellers to use the time before the flight\nfor some last minute shopping."
  },
  {
    "chapter_name": "Economy of Bosnia and Herzegovina",
    "chapter_id": "1",
    "section_number": "7",
    "section_name": "International rankings",
    "text": "World map representing Human Development Index categories (based on 2021 data, published in 2022)  Very high (≥ 0.800) High (0.700–0.799) Medium (0.550–0.699) |  Low (≤ 0.549) Data unavailable\n---|---\n\n* 74th in Human Development Index (2021)\n* 60th in inequality-adjusted Human Development Index (2021)\n* 97th in Democracy Index (2022)\n* 48th in Henley Passport Index (2023)\n* 81st in Human Capital Index (2020)\n* 88th in Quality of Nationality Index (2018)\n* 72nd in Legatum Prosperity Index (2023)\n* 63rd in Social Progress Index (2022)\n* 90th in Ease of Doing Business (2020)\n* 39th in Economic Complexity Index (2021)\n* 92nd in Global Competitiveness Report (2019)\n* 68th in Index of Economic Freedom (2023)\n* 61st in Global Peace Index (2023)\n* 110th in Corruption Perceptions Index (2022)"
  }
]