[
  {
    "chapter_name": "Economy of Senegal",
    "chapter_id": "1",
    "section_number": "1",
    "section_name": "Introduction",
    "text": "The headquarters of the Central Bank of West African States, Dakar. A jet of\nthe national airline, Air Senegal International. A sugar processing plant of\nthe _Compagnie sucrière sénégalaise_ at Richard Toll. The main street of the\ntourist resort town of Saly. Many small businesses, like this tyre repair shop\nin Touba, are financed through the Mouride Islamic brotherhood. Paris _Salon\ninternational de l'Agriculture_ 2007: the government actively promotes\nagricultural exports to markets outside the developing world. Small scale\nfishing for local markets is visible all through the country. Here fishermen\nreturn to the beach at Soumbedioun, Dakar. A Rock phosphate surface mine in\nwestern Senegal, near Taïba.\n\nThe **economy of Senegal** is driven by mining, construction, tourism, fishing\nand agriculture, which are the main sources of employment in rural areas,\ndespite abundant natural resources in iron, zircon, gas, gold, phosphates, and\nnumerous oil discoveries recently. Senegal's economy gains most of its foreign\nexchange from fish, phosphates, groundnuts, tourism, and services. As one of\nthe dominant parts of the economy, the agricultural sector of Senegal is\nhighly vulnerable to environmental conditions, such as variations in rainfall\nand climate change, and changes in world commodity prices.\n\nDakar, the former capital of French West Africa, is also home to banks and\nother institutions which serve all of Francophone West Africa, and is a hub\nfor shipping and transport in the region.\n\nSenegal also has one of the best developed tourist industries in Africa.\nSenegal's economy depends on foreign assistance. It is a member of the World\nTrade Organization.\n\nThe main obstacles to the economic development of the country are its great\ncorruption with inefficient justice, very slow administrative formalities, and\na failing education sector."
  },
  {
    "chapter_name": "Economy of Senegal",
    "chapter_id": "1",
    "section_number": "1",
    "section_name": "History",
    "text": "The GDP per capita of Senegal shrank by 1.30% in the 1960s. However, it\nregistered a peak growth of 158% in the 1970s, and still expanded 43% in the\nturbulent 1980s. However, this proved unsustainable and the economy\nconsequently shrank by 40% in the 1990s."
  },
  {
    "chapter_name": "Economy of Senegal",
    "chapter_id": "1",
    "section_number": "1.1",
    "section_name": "IMF and 1990s economic reforms",
    "text": "Since the January 1994 CFA franc devaluation, the International Monetary Fund\n(IMF), the World Bank, and other multilateral and creditors have been\nsupporting the Government of Senegal's structural and sectoral adjustment\nprograms. The broad objectives of the program have been to facilitate growth\nand development by reducing the role of government in the economy, improving\npublic sector management, enhancing incentives for the private sector, and\nreducing poverty.\n\nIn January 1994, Senegal undertook a radical economic reform program at the\nbehest of the international donor community. This reform began with a 50%\ndevaluation of Senegal's currency, the CFA franc, which was linked at a fixed\nrate to the French franc. Government price controls and subsidies have been\nsteadily dismantled as another economic reform.\n\nThis currency devaluation had severe social consequences, because most\nessential goods were imported. Overnight, the price of goods such as milk,\nrice, fertilizer and machinery doubled. As a result, Senegal suffered a large\nexodus, with many of the most educated people and those who could afford it\nchoosing to leave the country.\n\nAfter an economic contraction of 2.1% in 1993, Senegal made an important\nturnaround, thanks to the reform program, with a growth in GDP averaging over\n5% annually during 1995–2004. Annual inflation had been pushed down to the low\nsingle digits.\n\nAs a member of the West African Economic and Monetary Union (WAEMU), Senegal\nis working toward greater regional integration with a unified external tariff\nand a more stable monetary policy. Senegal still relies heavily upon outside\ndonor assistance, however. Under the IMF's Highly Indebted Poor Countries debt\nrelief program, Senegal will benefit from eradication of two-thirds of its\nbilateral, multilateral, and private sector debt, contingent on the completion\nof privatization program proposed by the government and approved by the IMF."
  },
  {
    "chapter_name": "Economy of Senegal",
    "chapter_id": "1",
    "section_number": "2",
    "section_name": "Current state of economy",
    "text": "Two thirds of Senegalese expect living conditions to improve in the coming\ndecades."
  },
  {
    "chapter_name": "Economy of Senegal",
    "chapter_id": "1",
    "section_number": "2.1",
    "section_name": "External trade and investment",
    "text": "The fishing sector has replaced the groundnut sector as Senegal's export\nleader. Its export earnings reached U.S.$239 million in 2000. The industrial\nfishing operations struggle with high costs, and Senegalese tuna is rapidly\nlosing the French market to more efficient Asian competitors.\n\nPhosphate production, the second major foreign exchange earner, has been\nsteady at about U.S.$95 million. Exports of peanut products reached U.S.$79\nmillion in 2000 and represented 11% of total export earnings. Receipts from\ntourism, the fourth major foreign exchange earner, have picked up since the\nJanuary 1994 devaluation. In 2000, some 500,000 tourists visited Senegal,\nearning the country $120 million.\n\nSenegal's new _Agency for the Promotion of Investment_ (APIX) plays a pivotal\nrole in the government's foreign investment program. Its objective is to\nincrease the investment rate from its current level of 20.6% to 30%.\nCurrently, there are no restrictions on the transfer or repatriation of\ncapital and income earned, or investment financed with convertible foreign\nexchange. Direct U.S. investment in Senegal remains about U.S.$38 million,\nmainly in petroleum marketing, pharmaceuticals manufacturing, chemicals, and\nbanking. Economic assistance, about U.S.$350 million a year, comes largely\nfrom France, the IMF, the World Bank, and the United States. Canada, Italy,\nJapan, and Germany also provide assistance.\n\nSenegal has well-developed though costly port facilities, a major\ninternational airport serving 23 international airlines, and direct and\nexpanding telecommunications links with major world centers."
  },
  {
    "chapter_name": "Economy of Senegal",
    "chapter_id": "1",
    "section_number": "2.2",
    "section_name": "Indebtedness",
    "text": "With an external debt of U.S.$2,495 million, and with its economic reform\nprogram on track, Senegal qualified for the multilateral debt relief\ninitiative for Heavily Indebted Poor Countries (HIPC). Progress on structural\nreforms is on track, but the pace of reforms remains slow, as delays occur in\nimplementing a number of measures on the privatization program, good\ngovernance issues, and the promotion of private sector activity.\n\nMacroeconomic indicators show that Senegal turned in a respectable performance\nin meeting IMF targets in 2000: annual GDP growth increased to 5.7%, compared\nto 5.1% in 1999. Inflation was reported to be 0.7% compared to 0.8% in 1999,\nand the current account deficit (excluding transfers) was held at less than 6%\nof GDP."
  },
  {
    "chapter_name": "Economy of Senegal",
    "chapter_id": "1",
    "section_number": "2.3",
    "section_name": "Trade unions",
    "text": "Senegalese trade unions include The National Confederation of Senegalese\nWorkers (CNTS) and its affiliate the Dakar Dem Dikk Workers Democratic Union\n(Dakar Public Transport workers), The Democratic Union of Senegalese Workers\n(UTDS), The General Confederation Of Democratic Workers Of Senegal (CGTDS) and\nthe National Union of Autonomous Trade Unions of Senegal (UNSAS). Mean wages\nwere $0.99 per man-hour in 2009."
  },
  {
    "chapter_name": "Economy of Senegal",
    "chapter_id": "1",
    "section_number": "2.4",
    "section_name": "Stock exchange",
    "text": "Senegal's corporations are included in the Bourse Régionale des Valeurs\nMobilières SA (BRVM), a regional stock exchange serving the following eight\nWest African countries, and located in Abidjan, Cote d'Ivoire."
  },
  {
    "chapter_name": "Economy of Senegal",
    "chapter_id": "1",
    "section_number": "3",
    "section_name": "Regional and international economic groupings",
    "text": "* Organization of African Unity (OAU)/Africa Union\n* The Franc Zone\n* The Lomé Convention\n* Economic Community of West African States (ECOWAS)\n* Union économique et monétaire Ouest Africaine (UEMOA)\n* The African Groundnut Council\n* the Organisation pour la mise en valeur du fleuve Sénégal"
  },
  {
    "chapter_name": "Economy of Senegal",
    "chapter_id": "1",
    "section_number": "4",
    "section_name": "Statistics",
    "text": "Senegal's export destinations, 2006. Historical development of real GDP per\ncapita in Senegal, since 1950\n\nGDP (purchasing power parity)\n\nU.S.$43.24 billion (2017 est.)\n\nGDP (official exchange rate)\n\nU.S.$16.46 billion (2017 est.)\n\nGDP - real growth rate\n\n7.2% (2017 est.)\n\nGDP - per capita (PPP)\n\n$2,700 (2017 est.)\n\nGDP - composition by sector\n\nagriculture: 16.9% industry: 24.3% services: 58.8% (2017 est.)\n\nPopulation below poverty line\n\n46.7% (2011 est.)\n\nHousehold income or consumption by percentage share\n\nlowest 10%: 2.5% highest 10%: 31.1% (2011)\n\nInflation rate (consumer prices)\n\n1.4% (2017 est.)\n\nInvestment (gross fixed)\n\n41% of GDP (2006 est.)\n\nLabor force\n\n6.966 million (2017 est.)\n\nLabor force - by occupation\n\nagriculture: 77.5% industry and services: 22.5% (2007 est.)\n\nUnemployment rate\n\n48%; note - urban youth 40% (2001 est.)\n\nDistribution of family income - Gini index\n\n40.3 (2011)\n\nBudget\n\nrevenues\n\n\n\nU.S.$3.863 billion\n\nexpenditures\n\nU.S.$4.474 billion (2017 est.)\n\nPublic debt\n\n61.2% of GDP (2017 est.)\n\nIndustries\n\nagricultural and fish processing, phosphate mining, fertilizer production,\npetroleum refining, construction materials, ship construction and repair\n\nIndustrial production growth rate\n\n8.4% (2017 est.)\n\nElectricity - production\n\n3.673 billion kWh (2015 est.)\n\nElectricity - consumption\n\n3.014 billion kWh (2015 est.)\n\nElectricity - exports\n\n0 kWh (2016)\n\nElectricity - imports\n\n0 kWh (2016)\n\nOil - production\n\n0 bbl/d (0 m3/d) (2004 est.)\n\nOil - consumption\n\n35,000 bbl/d (5,600 m3/d) (2007 est.)\n\nNatural gas - production\n\n62 million cu m (2015 est.)\n\nNatural gas - consumption\n\n60 million cu m (2015 est.)\n\nNatural gas - exports\n\n0 cu m (2013 est.)\n\nNatural gas - imports\n\n0 cu m (2013 est.)\n\nCurrent Account Balance\n\nU.S.-$1.547 billion (2017 est.)\n\nAgriculture - products\n\npeanuts, millet, maize, sorghum, rice, cotton, tomatoes, green vegetables;\ncattle, poultry, pigs; fish\n\nExports\n\nU.S.$2.546 billion (2017 est.)\n\nExports - commodities\n\nfish, groundnuts (peanuts), petroleum products, phosphates, cotton\n\nExports - partners\n\nMali 14.8%, Switzerland 11.4%, India 6%, Cote dIvoire 5.3%, UAE 5.1%, Gambia,\nThe 4.2%, Spain 4.1% (2017)\n\nImports\n\nU.S.$5.227 billion (2017 est.)\n\nImports - commodities\n\nfood and beverages, capital goods, fuels\n\nImports - partners\n\nFrance 16.3%, China 10.4%, Nigeria 8%, India 7.2%, Netherlands 4.8%, Spain\n4.2% (2017)\n\nReserves of foreign exchange and gold\n\nU.S.$151.8 million (31 December 2017 est.)\n\nDebt - external\n\nU.S.$6.745 billion (31 December 2017 est.)\n\nEconomic aid - recipient\n\nU.S.$449.6 million (2003 est.)\n\nCurrency (code)\n\nCommunaute Financiere Africaine franc (XOF); note - responsible authority is\nthe Central Bank of West African States\n\nExchange rates\n\nCommunaute Financiere Africaine francs (XOF) per US dollar - 617.4 (2017),\n593.01 (2016), 593.01 (2015), 591.45 (2014), 494.42 (2013) 522.89 (2006),\n527.47 (2005), 528.29 (2004), 581.2 (2003), 696.99 (2002). In 2006, 1 € =\n655.82 XOF (West-African CFA), or 1 XOF = 0.001525 € / € to XOF / XOF to €\n\nFiscal year\n\ncalendar year"
  },
  {
    "chapter_name": "Economy of Senegal",
    "chapter_id": "1",
    "section_number": "4.1",
    "section_name": "Macro-economic trends",
    "text": "This is a chart of trend of gross domestic product of Senegal at market prices\nestimated by the International Monetary Fund with figures in millions of CFA\nFrancs.\n\nYear | Gross Domestic Product | US Dollar Exchange | Inflation Index (2000=100)\n---|---|---|---\n1980 | 652,221 | 211.27 CFA Francs | ?\n1985 | 1,197,462 | 449.32 CFA Francs | 66\n1990 | 1,603,679 | 272.27 CFA Francs | 66\n1995 | 2,309,091 | 499.15 CFA Francs | 93\n2000 | 3,192,019 | 709.96 CFA Francs | 100\n2005 | 4,387,230 | 526.55 CFA Francs | 107\n\nAverage wages in 2007 hover around $4–5 per day.\n\nThe following table shows the main economic indicators in 1980–2021. Inflation\nbelow 5% is in green\n\nYear  | GDP\n(in Bil. US$PPP) | GDP per capita\n(in US$ PPP) | GDP (in bil. US$ nominal) | GDP growth\n(real) | Inflation rate\n(in Percent) | Government debt\n(in % of GDP)\n---|---|---|---|---|---|---\n1980  | 6.0  | 1,069  | 4.3  | -0.8%  | 8.8%  | n/a\n1981  | 6.9  | 1,197  | 3.9  | 5.1%  | 5.8%  | n/a\n1982  | 8.0  | 1,333  | 3.9  | 7.8%  | 17.4%  | n/a\n1983  | 7.8  | 1,274  | 3.4  | -5.3%  | 11.7%  | n/a\n1984  | 8.4  | 1,330  | 3.4  | 3.7%  | 11.7%  | n/a\n1985  | 9.0  | 1,376  | 3.7  | 3.3%  | 13.0%  | n/a\n1986  | 9.4  | 1,404  | 5.2  | 3.1%  | 6.1%  | n/a\n1987  | 10.2  | 1,481  | 6.2  | 6.1%  | -4.1%  | n/a\n1988  | 10.5  | 1,479  | 6.2  | -0.6%  | -1.8%  | n/a\n1989  | 11.4  | 1,551  | 6.1  | 4.0%  | 0.4%  | n/a\n1990  | 11.7  | 1,553  | 7.1  | -0.7%  | 0.3%  | n/a\n1991  | 12.4  | 1,601  | 7.0  | 2.6%  | -1.8%  | n/a\n1992  | 12.9  | 1,613  | 7.4  | 1.2%  | 0.0%  | n/a\n1993  | 13.4  | 1,625  | 7.0  | 1.3%  | -0.7%  | n/a\n1994  | 13.6  | 1,610  | 4.7  | -0.2%  | 32.1%  | n/a\n1995  | 14.8  | 1,698  | 6.0  | 6.1%  | 8.1%  | n/a\n1996  | 15.3  | 1,717  | 6.3  | 1.9%  | 2.8%  | 71.0%\n1997  | 16.0  | 1,751  | 5.9  | 2.7%  | 1.8%  | 67.8%\n1998  | 17.1  | 1,833  | 6.4  | 6.0%  | 1.0%  | 18.8%\n1999  | 18.4  | 1,925  | 6.6  | 6.0%  | 0.8%  | 15.0%\n2000  | 19.6  | 1,997  | 6.0  | 3.9%  | 0.8%  | 57.5%\n2001  | 20.9  | 2,080  | 6.5  | 4.3%  | 3.1%  | 53.2%\n2002  | 21.2  | 2,063  | 7.0  | 0.1%  | 2.4%  | 52.0%\n2003  | 22.8  | 2,167  | 8.8  | 5.6%  | 0.0%  | 42.9%\n2004  | 24.5  | 2,270  | 10.1  | 4.6%  | 0.5%  | 38.0%\n2005  | 26.4  | 2,381  | 11.0  | 4.3%  | 1.7%  | 36.1%\n2006  | 27.9  | 2,447  | 11.7  | 2.3%  | 2.1%  | 17.5%\n2007  | 29.4  | 2,517  | 14.0  | 2.8%  | 5.9%  | 19.0%\n2008  | 31.1  | 2,590  | 16.9  | 3.7%  | 6.3%  | 19.1%\n2009  | 32.1  | 2,606  | 16.1  | 2.8%  | -2.2%  | 29.9%\n2010  | 33.6  | 2,653  | 16.1  | 3.4%  | 1.2%  | 34.6%\n2011  | 34.8  | 2,670  | 17.8  | 1.3%  | 3.4%  | 32.9%\n2012  | 36.7  | 2,739  | 17.7  | 4.0%  | 1.4%  | 34.5%\n2013  | 37.8  | 2,742  | 18.9  | 2.4%  | 0.7%  | 36.9%\n2014  | 40.1  | 2,831  | 19.8  | 6.2%  | -1.1%  | 42.4%\n2015  | 43.3  | 2,971  | 17.8  | 6.4%  | 0.9%  | 44.5%\n2016  | 46.1  | 3,076  | 19.0  | 6.4%  | 1.2%  | 47.5%\n2017  | 49.4  | 3,204  | 21.0  | 7.4%  | 1.1%  | 61.1%\n2018  | 53.7  | 3,389  | 23.1  | 6.2%  | 0.5%  | 61.5%\n2019  | 57.2  | 3,510  | 23.4  | 4.6%  | 1.0%  | 63.6%\n2020  | 58.7  | 3,504  | 24.5  | 1.3%  | 2.5%  | 69.2%\n2021  | 64.8  | 3,767  | 27.6  | 6.1%  | 2.2%  | 73.2%"
  }
]