[
  {
    "chapter_name": "Economy of the United Kingdom",
    "chapter_id": "1",
    "section_number": "1",
    "section_name": "Introduction",
    "text": "The United Kingdom has a highly developed social market economy. From 2017 to\n2025 it has been the sixth-largest national economy in the world measured by\nnominal gross domestic product (GDP), tenth-largest by purchasing power parity\n(PPP), and about 18th by nominal GDP per capita, constituting 2.4% of world\nGDP and 2.2% by purchasing power parity (PPP).\n\nThe United Kingdom has one of the most globalised economies and comprises\nEngland, Scotland, Wales and Northern Ireland. In 2022, the United Kingdom was\nthe fifth-largest exporter of goods and services in the world and the fourth-\nlargest importer. It also had the fourth-largest outward foreign direct\ninvestment, and the fifteenth-largest inward foreign direct investment. In\n2022, the United Kingdom's trade with the European Union accounted for 42% of\nthe country's exports and 48% of its total imports. The United Kingdom has a\nhighly efficient and strong social security system, which comprises roughly\n24.5% of GDP.\n\nThe service sector dominates, contributing 82% of GDP; the financial services\nindustry is particularly important, and London is the second-largest financial\ncentre in the world. Edinburgh was ranked 17th in the world, and 6th in Europe\nfor its financial services industry in 2021. The United Kingdom's technology\nsector is valued at US$1 trillion, third behind the United States and China.\nThe aerospace industry in the United Kingdom is the second-largest national\naerospace industry. Its pharmaceutical industry, the tenth-largest in the\nworld, plays an important role in the economy. Of the world's 500 largest\ncompanies, 17 are headquartered in the UK. The economy is boosted by North Sea\noil and gas production; its reserves were estimated at 2.5 billion barrels in\n2021, although it has been a net importer of oil since 2005. There are\nsignificant regional variations in prosperity, with South East England and\nNorth East Scotland being the richest areas per capita. The size of London's\neconomy makes it the wealthiest city by GDP per capita in Europe. In 2022, the\nUK spent around 2.8% of GDP on research and development.\n\nIn the 18th century, Britain was the first nation to industrialise. During the\n19th century, through its expansive colonial empire and technological\nsuperiority, Britain had a preeminent role in the global economy, accounting\nfor 9.1% of the world's GDP in 1870. The Second Industrial Revolution was also\ntaking place rapidly in the United States and the German Empire; this\npresented an increasing economic challenge for the UK, leading into the 20th\ncentury. The cost of fighting both the First and Second World Wars further\nweakened the UK's relative position. Despite a relative decline in its global\ndominance, in the 21st century the UK retains the ability to project\nsignificant power and influence around the world. During the Great Recession\nof 2008, the UK economy suffered a significant decline, followed by a period\nof weak growth.\n\nGovernment involvement is primarily exercised by His Majesty's Treasury,\nheaded by the Chancellor of the Exchequer, and the Department for Business and\nTrade. Since 1979, management of the economy has followed a broadly laissez-\nfaire approach. The Bank of England is the UK's central bank, and since 1997\nits Monetary Policy Committee has been responsible for setting interest rates,\nquantitative easing, and forward guidance."
  },
  {
    "chapter_name": "Economy of the United Kingdom",
    "chapter_id": "1",
    "section_number": "0.1",
    "section_name": "1945 to 1979",
    "text": "The WWII net losses in British national wealth amounted to 18.6% (£4.595\nbillion) of the prewar wealth (£24.68 billion), at 1938 prices. After the\nSecond World War, a new Labour government fully nationalised the Bank of\nEngland, civil aviation, telephone networks, railways, gas, electricity, and\nthe coal, iron and steel industries, affecting 2.3 million workers. Post-war,\nthe United Kingdom enjoyed a long period without a major recession; there was\na rapid growth in prosperity in the 1950s and 1960s, with unemployment staying\nlow and not exceeding 3.5% until the early 1970s. The annual rate of growth\nbetween 1960 and 1973 averaged 2.9%, although this figure was far behind some\nother European countries such as France, West Germany and Italy.\n\nDeindustrialisation meant the closure of operations in mining, heavy industry,\nand manufacturing, resulting in the loss of highly paid working-class jobs.\nThe UK's share of manufacturing output had risen from 9.5% in 1830 during the\nIndustrial Revolution to 22.9% in the 1870s. It fell to 13.6% by 1913, 10.7%\nby 1938, and 4.9% by 1973. Overseas competition, lack of innovation, trade\nunionism, the welfare state, loss of the British Empire, and cultural\nattitudes have all been put forward as explanations. It reached crisis point\nin the 1970s against the backdrop of a worldwide energy crisis, high\ninflation, and a dramatic influx of low-cost manufactured goods from Asia.\n\nDuring the 1973 oil crisis (which saw oil prices quadruple), the 1973–74 stock\nmarket crash, and the secondary banking crisis of 1973–75, the British economy\nfell into the 1973–75 recession and the government of Edward Heath was ousted\nby the Labour Party under Harold Wilson, which had previously governed from\n1964 to 1970. Wilson formed a minority government in March 1974 after the\ngeneral election on 28 February ended in a hung parliament. Wilson secured a\nthree-seat overall majority in a second election in October that year. The UK\nrecorded weaker growth than many other European nations in the 1970s; even\nafter the recession, the economy was blighted by rising unemployment and\ndouble-digit inflation, which exceeded 20% more than once and was rarely below\n10% after 1973.\n\nIn 1976, the UK was forced to apply for a loan of £2.3 billion from the\nInternational Monetary Fund. Denis Healey, then Chancellor of the Exchequer,\nwas required to implement public spending cuts and other economic reforms in\norder to secure the loan, and for a while the British economy improved, with\ngrowth of 4.3% in early 1979. Following the discovery of large North Sea oil\nreserves, the UK became a net exporter of oil by the end of the 1970s, which\ncontributed to a massive appreciation of the pound, making exports in general\nmore expensive and imports cheaper. Oil prices doubled between 1979 and 1980,\nfurther reducing manufacturing profitability. After the Winter of Discontent,\nwhen the UK was hit by numerous public sector strikes, the government of James\nCallaghan lost a vote of no confidence in March 1979. This triggered the\ngeneral election on 3 May 1979 which resulted in Margaret Thatcher's\nConservative Party forming a new government. In retrospect, the 1970s is\nconsidered to have been a \"lost decade\" for Britain economically (as well as\nculturally)."
  },
  {
    "chapter_name": "Economy of the United Kingdom",
    "chapter_id": "1",
    "section_number": "0.2",
    "section_name": "1979 to 1997",
    "text": "A new period of neo-liberal economics began with this election. During the\n1980s, many state-owned industries and utilities were privatised, taxes cut,\ntrade union reforms passed and markets deregulated. GDP fell by 5.9%\ninitially, but growth subsequently returned and rose to an annual rate of 5%\nat its peak in 1988, one of the highest rates of any country in Europe.\n\nThatcher's modernisation of the economy was far from trouble-free; her battle\nwith inflation, which in 1980 had risen to 21.9%, resulted in a substantial\nincrease in unemployment from 5.3% in 1979 to over 10.4% by the start of 1982,\npeaking at nearly 11.9% in 1984 – a level not seen in Britain since the Great\nDepression. The rise in unemployment coincided with the early 1980s global\nrecession, after which UK GDP did not reach its pre-recession rate until 1983.\nIn spite of this, Thatcher was re-elected in June 1983 with a landslide\nmajority. Inflation had fallen to 3.7%, while interest rates were relatively\nhigh at 9.56%. The increase in unemployment was largely due to the\ngovernment's economic policy which resulted in the closure of outdated\nfactories and coal pits. Manufacturing in England and Wales declined from\naround 38% of jobs in 1961 to around 22% in 1981. This trend continued for\nmost of the 1980s, with newer industries and the service sector enjoying\nsignificant growth. Many jobs were also lost as manufacturing became more\nefficient and fewer people were required to work in the sector. Unemployment\nhad fallen below 3 million by the time of Thatcher's third successive election\nvictory in June 1987; and by the end of 1989 it was down to 1.6 million.\n\nBritain's economy slid into another global recession in late 1990; it shrank\nby a total of 6% from peak to trough, and unemployment increased from around\n6.9% in spring 1990 to nearly 10.7% by the end of 1993. However, inflation\ndropped from 10.9% in 1990 to 1.3% three years later. The subsequent economic\nrecovery was extremely strong, and unlike after the early 1980s recession, the\nrecovery saw a rapid and substantial fall in unemployment, which was down to\n7.2% by 1997, although the popularity of the Conservative government had\nfailed to improve with the economic upturn. The government won a fourth\nsuccessive election in 1992 under John Major, who had succeeded Thatcher in\nNovember 1990, but soon afterwards came Black Wednesday, which damaged the\nConservative government's reputation for economic competence, and from that\nstage onwards, the Labour Party was ascendant in the opinion polls,\nparticularly in the immediate aftermath of Tony Blair's election as party\nleader in July 1994 after the sudden death of his predecessor John Smith.\n\nDespite two recessions, wages grew consistently by around 2% per year in real\nterms from 1980 until 1997, and continued to grow until 2008."
  },
  {
    "chapter_name": "Economy of the United Kingdom",
    "chapter_id": "1",
    "section_number": "0.3",
    "section_name": "1997 to 2009",
    "text": "In May 1997, Labour, led by Tony Blair, won the general election after 18\nyears of Conservative government. The Labour Government inherited a strong\neconomy with low inflation, falling unemployment, and a current account\nsurplus. Blair ran on a platform of New Labour which was characterised largely\nby the continuation of neo-liberal economic policies, but also supporting a\nstrong welfare state. In Britain it was largely viewed as a combination of\nsocialist and capitalist policies, being dubbed 'Third Way'. Four days after\nthe election, Gordon Brown, the new Chancellor of the Exchequer, gave the Bank\nof England the freedom to control monetary policy, which until then had been\ndirected by the government.\n\nDuring Blair's 10 years in office there were 40 successive quarters of\neconomic growth, lasting until the second quarter of 2008. GDP growth, which\nhad briefly reached 4% per year in the early 1990s, gently declining\nthereafter, was relatively anaemic compared to prior decades, such as the 6.5%\nper year peak in the early 1970s, although growth was smoother and more\nconsistent. Annual growth rates averaged 2.68% between 1992 and 2007, with the\nfinance sector accounting for a greater part than previously. The period saw\none of the highest GDP growth rates of any developed economy and the strongest\nof any European nation. At the same time, household debt rose from £420\nbillion in 1994 to £1 trillion in 2004 and £1.46 trillion in 2008 – more than\nthe entire GDP of the UK.\n\nThis extended period of growth ended in Q2 of 2008 when the United Kingdom\nentered the Great Recession brought about by the 2008 financial crisis. The UK\nwas particularly vulnerable to the crisis because its financial sector was the\nmost highly leveraged of any major economy. Beginning with the collapse of\nNorthern Rock, which was taken into public ownership in February 2008, other\nbanks had to be partly nationalised. The Royal Bank of Scotland Group, at its\npeak the fifth-largest bank in the world by market capitalisation, was\neffectively nationalised in October 2008. By mid-2009, HM Treasury had a\n70.33% controlling shareholding in RBS, and a 43% shareholding, through the UK\nFinancial Investments Limited, in Lloyds Banking Group. The Great Recession,\nas it came to be known, saw unemployment rise from just over 1.6 million in\nJanuary 2008 to nearly 2.5 million by October 2009.\n\nIn August 2008 the IMF warned that the country's outlook had worsened due to a\ntwin shock: financial turmoil and rising commodity prices. Both developments\nharmed the UK more than most developed countries, as it obtained revenue from\nexporting financial services while running deficits in goods and commodities,\nincluding food. In 2007, the UK had the world's third largest current account\ndeficit, due mainly to a large deficit in manufactured goods. In May 2008, the\nIMF advised the UK government to broaden the scope of fiscal policy to promote\nexternal balance. The UK's output per hour worked was on a par with the\naverage for the \"old\" EU-15 countries."
  },
  {
    "chapter_name": "Economy of the United Kingdom",
    "chapter_id": "1",
    "section_number": "0.4",
    "section_name": "2009 to 2020",
    "text": "In March 2009, the Bank of England (BoE) cut interest rates to a then-historic\nlow of 0.5% and began quantitative easing (QE) to boost lending and shore up\nthe economy. The UK exited the Great Recession in Q4 of 2009 having\nexperienced six consecutive quarters of negative growth, shrinking by 6.03%\nfrom peak to trough, making it the longest recession since records began and\nthe deepest since World War II. Support for Labour slumped during the\nrecession, and the general election of 2010 resulted in a coalition government\nbeing formed by the Conservatives and the Liberal Democrats.\n\nIn 2011, household, financial, and business debts stood at 420% of GDP in the\nUK. As the world's most indebted country, spending and investment were held\nback after the recession, creating economic malaise. However, it was\nrecognised that government borrowing, which rose from 52% to 76% of GDP, had\nhelped to avoid a 1930s-style depression. Within three years of the general\nelection, government cuts aimed at reducing the budget deficit had led to\npublic sector job losses well into six figures, but the private sector enjoyed\nstrong jobs growth.\n\nThe ten years following the Great Recession were characterised by extremes. In\n2015, employment was at its highest since records began, and GDP growth had\nbecome the fastest in the Group of Seven (G7) and Europe, but workforce\nproductivity was the worst since the 1820s, with any growth attributed to a\nfall in working hours. Output per hour worked was 18% below the average for\nthe rest of the G7. Real wage growth was the worst since the 1860s, and the\nGovernor of the Bank of England described it as a lost decade. Wages fell by\n10% in real terms in the eight years to 2016, whilst they grew across the OECD\nby an average of 6.7%. For 2015 as a whole, the current account deficit rose\nto a record high of 5.2% of GDP (£96.2bn), the highest in the developed world.\nIn Q4 2015, it exceeded 7%, a level not witnessed during peacetime since\nrecords began in 1772. The UK relied on foreign investors to plug the\nshortfall in its balance of payments. Homes had become less affordable, a\nproblem exacerbated by QE, without which house prices would have fallen by\n22%, according to the BoE's own analysis.\n\nA rise in unsecured household debt added to questions over the sustainability\nof the economic recovery in 2016. The BoE insisted there was no cause for\nalarm, despite having said two years earlier that the recovery was \"neither\nbalanced nor sustainable\". Following the UK's 2016 decision to leave the\nEuropean Union, the BoE cut interest rates to a new historic low of 0.25% for\njust over a year. It also increased the amount of QE since the start of the\nGreat Recession to £435bn. By Q4 2018 net borrowing in the UK was the highest\nin the OECD at 5% of GDP. Households had been in deficit for an unprecedented\nnine quarters in a row. Since the Great Recession, the country was no longer\nmaking a profit on its foreign investments. The Great Recession had a long\nterm effect on UK's growth; GDP growth slowed from an annual average of 3.0%\nbetween 1993 and 2007 to 1.5% between 2009 and 2023, while labour productivity\ngrowth slowed from an annual average of 1.9% between 1993 and 2008 to 0.4%\nbetween 2008 and 2023. As of early 2024, average wages in the UK adjusted by\ninflation are roughly the same as in 2008."
  },
  {
    "chapter_name": "Economy of the United Kingdom",
    "chapter_id": "1",
    "section_number": "0.5",
    "section_name": "2020 to present",
    "text": "In March 2020, in response to the COVID-19 pandemic, a temporary ban was\nimposed on non-essential business and travel in the UK. The BoE cut the\ninterest rate to 0.1%. Economic growth had been weak before the crisis, with\nzero growth in Q4 2019. By May, 23% of the British workforce was furloughed\n(temporarily laid off). Government schemes were launched to help affected\nworkers. In the first half of 2020, GDP shrank by 22.6%, the deepest recession\nin UK history and worse than any other G7 or European country. During 2020 the\nBoE purchased £450 billion of government bonds, taking the amount of\nquantitative easing since the start of the Great Recession to £895 billion.\nOverall, GDP shrank by 9.9% in 2020, making it the worst contraction since the\nGreat Frost paralysed the economy in 1709.\n\nIn 2021 consumer price inflation (CPI) began rising sharply due to higher\nenergy and transport costs. With annual inflation approaching 11%, the BoE\ngradually increased the base rate to 2.25% during the first nine months of\n2022. The UK was not alone: global inflation rates were the highest in 40\nyears owing to the pandemic and Russia's invasion of Ukraine, though as of\nSeptember 2022[update], the country had the highest domestic electricity\nprices and amongst the highest gas prices in Europe, contributing to a cost of\nliving crisis. In February 2022 the BoE began quantitative tightening (a\nreversal of QE) by not renewing mature government bonds and in November\nstarted offloading bonds to private investors, signalling the end to an era of\neasy borrowing. In October 2022 year-on-year CPI was at 11.1%, the worst for\n41 years, food price inflation was 16.2%, gas prices 130% and electricity 66%.\n\nIn August 2023, the ONS revised its analysis of Britain's economic performance\nand said that Britain's GDP had surpassed its pre-COVID-19 size in the final\nquarter of 2021, a much earlier recovery from the pandemic than previously\nestimated and ahead of other big European countries. The British economy was\n0.6% larger in the fourth quarter of 2021 than in the final quarter of 2019,\ncompared with an earlier estimate that it was 1.2% smaller. The new Labour\ngovernment elected in summer 2024 implemented the most significant enhancement\nof employment regulations in a generation. This included an increase in\nminimum wages and a wide array of rights."
  },
  {
    "chapter_name": "Economy of the United Kingdom",
    "chapter_id": "1",
    "section_number": "1",
    "section_name": "Economic charts",
    "text": "* GDP year-on-year growth, 1949–2020\n\n* Workforce distribution in Great Britain 1841–1911, and in England and Wales 1921–2011\n\n* Unemployment rates, 1881–2017\n\n* Recovery periods for each recession (measured as GDP per capita), 1920–2009\n\n* Productivity, 1971–2019\n\n* Interest rates, 1800–2020\n\n* Balance of trade, 1948–2020\n\n* Balance of trade in crude oil and petroleum, 1890–2015\n\n* United Kingdom bonds inverted yield curve 1988–1991"
  },
  {
    "chapter_name": "Economy of the United Kingdom",
    "chapter_id": "1",
    "section_number": "2",
    "section_name": "Government spending and economic management",
    "text": "The Bank of England, London\n\nGovernment involvement in the economy is primarily exercised by HM Treasury,\nheaded by the Chancellor of the Exchequer. In recent years, the UK economy has\nbeen managed in accordance with principles of market liberalisation and low\ntaxation and regulation. Since 1997, the Bank of England's Monetary Policy\nCommittee, headed by the Governor of the Bank of England, has been responsible\nfor setting interest rates at the level necessary to achieve the overall\ninflation target for the economy that is set by the Chancellor each year. The\nScottish Government, subject to the approval of the Scottish Parliament, has\nthe power to vary the basic rate of income tax payable in Scotland by plus or\nminus 3 pence in the pound, though this power has not yet been exercised.\n\nIn the 20-year period from 1986/87 to 2006/07 government spending in the UK\naveraged around 40% of GDP. In July 2007, the UK had government debt at 35.5%\nof GDP. As a result of the 2008 financial crisis and the Great Recession,\ngovernment spending increased to a historically high level of 48% of GDP in\n2009–10, partly as a result of the cost of a series of bank bailouts. In terms\nof net government debt as a percentage of GDP, at the end of June 2014 public\nsector net debt excluding financial sector interventions was £1304.6 billion,\nequivalent to 77.3% of GDP. For the financial year of 2013–2014 public sector\nnet borrowing was £93.7 billion. This was £13.0 billion higher than in the\nfinancial year of 2012–2013.\n\nTaxation in the United Kingdom may involve payments to at least two different\nlevels of government: local government and central government (HM Revenue &\nCustoms). Local government is financed by grants from central government\nfunds, business rates, council tax, and, increasingly, fees and charges such\nas those from on-street parking. Central government revenues are mainly from\nincome tax, national insurance contributions, value added tax, corporation tax\nand fuel duty."
  },
  {
    "chapter_name": "Economy of the United Kingdom",
    "chapter_id": "1",
    "section_number": "3",
    "section_name": "Sectors",
    "text": "The UK's Office for National Statistics' Blue Book divides the UK economy into\n10 broad categories, to list their contribution to the UK economy in terms of\nGross value added and employment income (as measured by employee\ncompensation). These are\n\nContributions to the UK economy by sector  Sector | GVA (£M) | % of GVA | Employee compensation (£M) | % of employee compensation\n---|---|---|---|---\nAgriculture | 16,206 | 0.8 | 4,887 | 0.4\nProduction | 259,522 | 12.7 | 143,992 | 12.5\nConstruction | 119,920 | 5.9 | 53,142 | 4.6\nDistribution | 335,709 | 16.4 | 235,682 | 20.4\nInformation | 131,244 | 6.4 | 87,369 | 7.6\nFinancial | 185,434 | 9.1 | 87,738 | 7.6\nReal Estate | 266,136 | 13.0 | 18,011 | 1.6\nProfessional | 264,877 | 12.9 | 176,238 | 15.2\nGovernment (including health and education) | 405,455 | 19.8 | 313,594 | 27.1\nOther Services | 62,133 | 3.0 | 35,499 | 3.1"
  },
  {
    "chapter_name": "Economy of the United Kingdom",
    "chapter_id": "1",
    "section_number": "3.1",
    "section_name": "Agriculture",
    "text": "Agriculture in the UK is intensive, highly mechanised, and efficient by\nEuropean standards.\n\nAgriculture in the UK is intensive, highly mechanised, and efficient by\nEuropean standards. The country produces around 65% of its food needs. The\nself-sufficiency level was just under 50% in the 1950s, peaking at 80% in the\n1980s, before declining to its present level at the turn of the 21st century.\n\nAgriculture added gross value of £12.18 billion to the economy in 2018, and\naround 467,000 people were employed in agriculture, hunting, forestry and\nfishing. It contributes around 0.5% of the UK's national GDP. Around two-\nthirds of production by value is devoted to livestock, and one-third to arable\ncrops. The agri-food sector as a whole (agriculture and food manufacturing,\nwholesale, catering, and retail) was worth £120 billion and accounts for 4\nmillion jobs in the UK."
  },
  {
    "chapter_name": "Economy of the United Kingdom",
    "chapter_id": "1",
    "section_number": "3.2",
    "section_name": "Construction",
    "text": "The construction industry of the United Kingdom employed around 2.3 million\npeople and contributed gross value of £123.2 billion to the economy in 2019.\n\nOne of the largest construction projects in the UK in recent years was\nCrossrail, costing an estimated £19 billion. It was the largest construction\nproject in Europe. Opened in 2022, it is a new railway line running east to\nwest through London and into the surrounding area, with a branch to Heathrow\nAirport. The main feature of the project is construction of 42 km (26 mi) of\nnew tunnels connecting stations in central London. High Speed 2 between London\nand the West Midlands is one of Europe's largest infrastructure projects.\nCrossrail 2 is a proposed rail route in the South East of England."
  },
  {
    "chapter_name": "Economy of the United Kingdom",
    "chapter_id": "1",
    "section_number": "3.2.1",
    "section_name": "Electricity, gas and water",
    "text": "This sector added gross value of £51.4 billion to the economy in 2018. The\nUnited Kingdom is expected to launch the building of new nuclear reactors to\nreplace existing generators and to boost the UK's energy reserves."
  },
  {
    "chapter_name": "Economy of the United Kingdom",
    "chapter_id": "1",
    "section_number": "3.2.2",
    "section_name": "Manufacturing",
    "text": "A Rolls-Royce Trent 1000 jet engine made in the UK\n\nIn the 1970s, manufacturing accounted for 25 per cent of the economy. Total\nemployment in manufacturing fell from 7.1 million in 1979 to 4.5 million in\n1992 and only 2.7 million in 2016, when it accounted for 10% of the economy.\n\nIn 2023, the manufacturing industry was worth £451.6 billion or $588 billion\nto the UK economy, according to the office of national statistics.\n\nManufacturing has increased in 36 of the last 50 years and was twice in 2007\nwhat it was in 1958.\n\nIn 2011, the UK manufacturing sector generated approximately £140.5 billion in\ngross value added and employed around 2.6 million people. Of the approximately\n£16 billion invested in R&D by UK businesses in 2008, approximately £12\nbillion was by manufacturing businesses. In 2008, the UK was the sixth-largest\nmanufacturer in the world measured by value of output.\n\nIn 2008, around 180,000 people in the UK were directly employed in the UK\nautomotive manufacturing sector. In that year the sector had a turnover of\n£52.5 billion, generated £26.6 billion of exports and produced around 1.45\nmillion passenger vehicles and 203,000 commercial vehicles. The UK is a major\ncentre for engine manufacturing, and in 2008 around 3.16 million engines were\nproduced in the country.\n\nThe aerospace industry of the UK is the second-largest aerospace industry in\nthe world (after the United States) and the largest in Europe. The industry\nemploys around 113,000 people directly and around 276,000 indirectly and has\nan annual turnover of around £20 billion. British companies with a major\npresence in the industry include BAE Systems and Rolls-Royce (the world's\nsecond-largest aircraft engine maker). European aerospace companies active in\nthe UK include Airbus, whose commercial aircraft, space, helicopter and\ndefence divisions employ over 13,500 people across more than 25 UK sites.\n\nThe pharmaceutical industry employs around 67,000 people in the UK and in 2007\ncontributed £8.4 billion to the UK's GDP and invested a total of £3.9 billion\nin research and development. In 2007 exports of pharmaceutical products from\nthe UK totalled £14.6 billion, creating a trade surplus in pharmaceutical\nproducts of £4.3 billion. The UK is home to GlaxoSmithKline and AstraZeneca,\nrespectively the world's third- and seventh-largest pharmaceutical companies."
  },
  {
    "chapter_name": "Economy of the United Kingdom",
    "chapter_id": "1",
    "section_number": "3.2.3",
    "section_name": "Mining, quarrying and hydrocarbons",
    "text": "The Blue Book 2013 reports that this sector added gross value of £31.4 billion\nto the UK economy in 2011. In 2007, the UK had a total energy output of 9.5\nquadrillion Btus (10 exajoules), of which the composition was oil (38%),\nnatural gas (36%), coal (13%), nuclear (11%) and other renewables (2%). In\n2009, the UK produced 1.5 million barrels per day (bbl/d) of oil and consumed\n1.7 million bbl/d. Production is now in decline and the UK has been a net\nimporter of oil since 2005. As of 2010 the UK has around 3.1 billion barrels\nof proven crude oil reserves, the largest of any EU member state.\n\nIn 2009, the UK was the 13th largest producer of natural gas in the world and\nthe largest producer in the EU. Production is now in decline and the UK has\nbeen a net importer of natural gas since 2004. In 2009 the UK produced 19.7\nmillion tons of coal and consumed 60.2 million tons. In 2005 it had proven\nrecoverable coal reserves of 171 million tons. It has been estimated that\nidentified onshore areas have the potential to produce between 7 billion\ntonnes and 16 billion tonnes of coal through underground coal gasification\n(UCG). Based on current UK coal consumption, these volumes represent reserves\nthat could last the UK between 200 and 400 years.\n\nThe UK is home to a number of large energy companies, including two of the six\noil and gas \"supermajors\" – BP and Shell plc. The UK is also rich in a number\nof natural resources, including coal, tin, limestone, iron ore, salt, clay,\nchalk, gypsum, lead and silica."
  },
  {
    "chapter_name": "Economy of the United Kingdom",
    "chapter_id": "1",
    "section_number": "3.3",
    "section_name": "Service industries",
    "text": "The service sector is the dominant sector of the UK economy, and it accounted\nfor 82% of GDP in 2023."
  },
  {
    "chapter_name": "Economy of the United Kingdom",
    "chapter_id": "1",
    "section_number": "3.3.1",
    "section_name": "Creative industries",
    "text": "The creative industries accounted for 7% of gross value added (GVA) in 2005\nand grew at an average of 6% per annum between 1997 and 2005. Key areas\ninclude London and the North West of England, which are the two largest\ncreative industry clusters in Europe. According to the British Fashion\nCouncil, the fashion industry's contribution to the UK economy in 2014 is £26\nbillion, up from £21 billion in 2009. The UK is home to the world's largest\nadvertising company, WPP."
  },
  {
    "chapter_name": "Economy of the United Kingdom",
    "chapter_id": "1",
    "section_number": "3.3.2",
    "section_name": "Education, health and social work",
    "text": "The Queen Elizabeth Hospital Birmingham is a university hospital affiliated\nwith the University of Birmingham. It has the largest single-floor critical\ncare unit in the world.\n\nAccording to The Blue Book 2013 the education sector added a gross value of\n£84.6 billion in 2011 whilst human health and social work activities added\n£104.0 billion in 2011.\n\nIn the UK the majority of the healthcare sector consists of the state funded\nand operated National Health Service (NHS), which accounts for over 80% of all\nhealthcare spending in the UK and has a workforce of around 1.7 million,\nmaking it the largest employer in Europe, and putting it amongst the largest\nemployers in the world. The NHS operates independently in each of the four\nconstituent countries of the UK. The NHS in England is by far the largest of\nthe four parts and had a turnover of £92.5 billion in 2008.\n\nIn 2007/08 higher education institutions in the UK had a total income of £23\nbillion and employed a total of 169,995 staff. In 2007/08 there were 2,306,000\nhigher education students in the UK (1,922,180 in England, 210,180 in\nScotland, 125,540 in Wales and 48,200 in Northern Ireland)."
  },
  {
    "chapter_name": "Economy of the United Kingdom",
    "chapter_id": "1",
    "section_number": "3.3.3",
    "section_name": "Financial and business services",
    "text": "The UK financial services industry added gross value of £116.4 billion to the\nUK economy in 2011. The UK's exports of financial and business services make a\nsignificant positive contribution towards the country's balance of payments.\n\nPaternoster Square, home of the London Stock Exchange\n\nLondon is a major centre for international business and commerce and is one of\nthe three \"command centres\" of the global economy (alongside New York City and\nTokyo).\n\nThere are over 500 banks with offices in London, and it is the leading\ninternational centre for banking, insurance, Eurobonds, transactions in\nforeign currencies and energy futures. London's financial services industry is\nprimarily based in the City of London and Canary Wharf. The City houses the\nLondon Stock Exchange, the London Metal Exchange, Lloyd's of London, and the\nBank of England. Canary Wharf began development in the 1980s and is now home\nto major financial institutions such as Barclays Bank, Citigroup and HSBC, as\nwell as the UK Financial Services Authority. London is also a major centre for\nother business and professional services, and four of the six largest law\nfirms in the world are headquartered there.\n\nSeveral other major UK cities have large financial sectors and related\nservices. Edinburgh has one of the largest financial centres in Europe and is\nhome to the headquarters of Lloyds Banking Group, NatWest Group and Standard\nLife. Leeds is the UK's largest centre for business and financial services\noutside London, and the largest centre for legal services in the UK after\nLondon.\n\nAccording to a series of research papers and reports published in the\nmid-2010s, Britain's financial firms provide sophisticated methods to launder\nbillions of pounds annually, including money from the proceeds of corruption\naround the world as well as the world's drug trade, thus making the city a\nglobal hub for illicit finance. According to a Deutsche Bank study published\nin March 2015, Britain was attracting circa one billion pounds of capital\ninflows a month not recorded by official statistics, up to 40 per cent\nprobably originating from Russia, which implies misreporting by financial\ninstitutions, sophisticated tax avoidance, and the UK's \"safe-haven\"\nreputation."
  },
  {
    "chapter_name": "Economy of the United Kingdom",
    "chapter_id": "1",
    "section_number": "3.3.4",
    "section_name": "Hotels and restaurants",
    "text": "The Blue Book 2013 reports that this industry added gross value of £36.6\nbillion to the UK economy in 2011. InterContinental Hotels Group (IHG),\nheadquartered in Denham, Buckinghamshire, is currently the world's largest\nhotelier, owning and operating hotel brands such as InterContinental, Holiday\nInn and Crowne Plaza."
  },
  {
    "chapter_name": "Economy of the United Kingdom",
    "chapter_id": "1",
    "section_number": "3.3.5",
    "section_name": "Informal",
    "text": "A study in 2014 found that sex work and associated services added over £5\nbillion to the economy each year."
  },
  {
    "chapter_name": "Economy of the United Kingdom",
    "chapter_id": "1",
    "section_number": "3.3.6",
    "section_name": "Public administration and defence",
    "text": "The Blue Book 2013 reports that this sector added gross value of £70.4 billion\nto the UK economy in 2011."
  },
  {
    "chapter_name": "Economy of the United Kingdom",
    "chapter_id": "1",
    "section_number": "3.3.7",
    "section_name": "Real estate and renting activities",
    "text": "The Trafford Centre shopping complex in Manchester was sold for £1.6 billion\nin 2011 in the largest property sale in British history.\n\nNotable real estate companies in the United Kingdom include British Land,\nLandsec and the Peel Group. The UK property market boomed for the seven years\nup to 2008, and in some areas property trebled in value over that period. The\nincrease in property prices had a number of causes: low interest rates, credit\ngrowth, economic growth, rapid growth in buy-to-let property investment,\nforeign property investment in London and planning restrictions on the supply\nof new housing.\n\nIn England and Wales between 1997 and 2016, average house prices increased by\n259%, while earnings increased by 68%. An average home cost 3.6 times annual\nearnings in 1997 compared to 7.6 in 2016. Rent has nearly doubled as a share\nof GDP since 1985, and is now larger than the manufacturing sector. In 2014,\nrent and imputed rent – an estimate of how much home-owners would pay if they\nrented their home – accounted for 12.3% of GDP."
  },
  {
    "chapter_name": "Economy of the United Kingdom",
    "chapter_id": "1",
    "section_number": "3.3.8",
    "section_name": "Tourism",
    "text": "The British Museum received 6.2 million visitors in 2019.\n\nWith over 40 million visits in 2019, inbound tourism contributed £28.5 billion\nto the British economy, although just over half of that money was spent in\nLondon, which was the third most visited city in the world (21.7 million),\nbehind second-placed Bangkok and first-placed Hong Kong.\n\nThe UK's 10 most significant inbound tourism markets in 2023:****\n\nRank  | Market  | Spend  | Visitors\n---|---|---|---\n1  | United States  | £6.3 billion  | 5,122,000\n2  | Germany  | £1.8 billion  | 2,957,000\n3  | France  | £1.6 billion  | 3,172,000\n4  | Australia  | £1.6 billion  | 1,169,000\n5  | Ireland  | £1.2 billion  | 2,889,000\n6  | Spain  | £1.1 billion  | 2,210,000\n7  | Netherlands  | £1.1 billion  | 1,960,000\n8  | Italy  | £973 million  | 1,696,000\n9  | Canada  | £970 million  | 1,003,000\n10  | United Arab Emirates  | £914 million  | 477,000"
  },
  {
    "chapter_name": "Economy of the United Kingdom",
    "chapter_id": "1",
    "section_number": "3.3.8.1",
    "section_name": "Effects of the COVID-19 pandemic",
    "text": "The travel restrictions and lockdowns necessitated by the pandemic negatively\naffected the entire hospitality/tourism section in 2020 with a 76% reduction\nin \"inbound tourism\" to the UK that year according to VisitBritain. The\nJanuary 2021 forecast for the year indicated an estimate that visits from\nother nations would be up \"21% on 2020 but only 29% of the 2019 level\". Some\nincrease was expected during 2021, slowly at first; the tourism authority\nconcluded that the number of visits was not expected to come \"even close to\nnormal levels\".\n\nThe same VisitBritain report also discussed the effects of the pandemic on\ndomestic travel within the UK in 2020, citing a significant reduction in\nspending, for an estimated decline of 62% over the previous year. As of\nJanuary 2021, the forecast for the year suggested that spending would increase\nby 79% over the previous year and that \"the value of spending will be back to\n84% of 2019 levels\" by the end of 2021.\n\nSome of the \"COVID-19 restrictions\" on domestic travel were to be loosened on\n12 April 2021 and the UK planned to begin relaxing some restrictions on travel\nfrom other nations in mid May. The latter plan became less certain as of 8\nApril 2021 when sources in the European Union stated on that a \"third wave of\nthe pandemic [was sweeping] the continent\"; the B117 variant was of particular\nconcern. Two days earlier, PM Boris Johnson had made it clear that \"We don't\nwant to see the virus being reimported into this country from abroad\". All\ntravel restrictions ended on 18 March 2022."
  },
  {
    "chapter_name": "Economy of the United Kingdom",
    "chapter_id": "1",
    "section_number": "3.3.9",
    "section_name": "Transport, storage and communication",
    "text": "The East Coast Main Line (ECML) is a 393-mile long (632 km) high-speed line\nbetween its southern terminus at London King's Cross station and Edinburgh\nWaverley via Peterborough, Doncaster, York, Darlington, Durham and Newcastle.\n\nThe transport and storage industry added a gross value of £59.2 billion to the\nUK economy in 2011 and the telecommunication industry added a gross value of\n£25.1 billion in the same year.\n\nThe UK has a total road network of 246,700 miles (397,025 km) with 31,400\nmiles (50,533 km) of major roads, including 2,300 miles (3,701 km) of\nmotorway. The railway infrastructure, in Great Britain, is owned by Network\nRail which has 19,291 miles (31,046 km) of railway lines, of which 9,866 miles\n(15,878 km) is open for traffic. There are a further 206.5 miles (332.3 km) of\ntrack in Northern Ireland, owned and operated by Northern Ireland Railways.\n\nThe government is to spend £56 billion on a new high-speed railway line, HS2,\nwith the first phase from London to Birmingham costing £27 billion. Crossrail\n(later branded the Elizabeth line), which was completed and officially opened\nin 2022, is Europe's largest infrastructure project with a £15 billion\nprojected cost.\n\nNational Highways is the government-owned company responsible for trunk roads\nand motorways in England apart from the privately owned and operated M6 Toll.\n\nIn the year from February 2017 to January 2018, UK airports handled a total of\n284.8 million passengers. In that period the three largest airports were\nLondon Heathrow Airport (78.0 million passengers), Gatwick Airport (45.6\nmillion passengers) and Manchester Airport (27.8 million passengers).\nHeathrow, located 14+1⁄2 miles (23.3 km) west of the capital, has the most\ninternational passenger traffic of any airport in the world. It is the hub for\nthe UK flag carrier British Airways and Virgin Atlantic. London's six\ncommercial airports form the world's largest city airport system measured by\npassenger traffic with 171 million passengers in 2017."
  },
  {
    "chapter_name": "Economy of the United Kingdom",
    "chapter_id": "1",
    "section_number": "3.3.10",
    "section_name": "Wholesale and retail trade",
    "text": "This sector includes the motor trade, auto repairs, personal and household\ngoods industries. The Blue Book 2013 reports that this sector added gross\nvalue of £151.8 billion to the UK economy in 2011.\n\nAs of 2016, high-street retail spending accounted for about 33% of consumer\nspending and 20% of GDP. Because 75% of goods bought in the United Kingdom are\nmade overseas, the sector only accounts for 5.7% of gross value added to the\nBritish economy. Online sales account for 22% of retail spending in the UK,\nthird highest in the world after China and South Korea, and double that of the\nUnited States.\n\nThe UK grocery market is dominated by four companies: Tesco (26.9% market\nshare), Sainsbury's (14.8%), Asda (14.3%) and Morrisons (8.8%) in March 2023,\nthese supermarkets are known as the \"Big Four\". However discount supermarkets\nsuch as Aldi and Lidl have grown in popularity, with Aldi's market share now\nworth 9.9%.\n\nLondon is a major retail centre and in 2010 had the highest non-food retail\nsales of any city in the world, with a total spend of around £64.2 billion.\nOutside of London, Manchester and Birmingham are also major retail\ndestinations, the UK is also home to many large out of town shopping centres\nlike Meadowhall, away from the main high streets in town and city centres.\nWhilst the big international names dominate most towns and cities have streets\nor areas with many often quirky independent businesses. The UK-based Tesco is\nthe fourth-largest retailer in Europe measured by turnover (after Swartz,\nAldi, and Carrefour in 2019)."
  },
  {
    "chapter_name": "Economy of the United Kingdom",
    "chapter_id": "1",
    "section_number": "4",
    "section_name": "Currency",
    "text": "London is the world capital for foreign exchange trading, with a global market\nshare of 43.1% in 2019 of the daily $6.6 trillion global turnover. The highest\ndaily volume, counted in trillions of US dollars, is reached when New York\nenters the trade.\n\nSterling is the currency of the UK, with its main unit, the pound, represented\nby the symbol \"£'. The Bank of England is the central bank, responsible for\nissuing currency. Banks in Scotland and Northern Ireland retain the right to\nissue their own notes, subject to retaining enough Bank of England notes in\nreserve to cover the issue. Sterling is also used as a reserve currency by\nother governments and institutions, and is the third-largest after the US\ndollar and the euro.\n\nThe UK chose not to join the euro at the currency's launch. The government of\nformer Prime Minister Tony Blair had pledged to hold a referendum to decide on\nmembership should \"five economic tests\" be met. Until relatively recently\nthere had been debate over whether or not the UK should abolish its currency\nand adopt the euro. In 2007 the Prime Minister, Gordon Brown, pledged to hold\na public referendum based on certain tests he set as Chancellor of the\nExchequer. When assessing the tests, Brown concluded that while the decision\nwas close, the United Kingdom should not yet join the euro. He ruled out\nmembership for the foreseeable future, saying that the decision not to join\nhad been right for the UK and for Europe. In particular, he cited fluctuations\nin house prices as a barrier to immediate entry. Public opinion polls have\nshown that a majority of Britons have been opposed to joining the single\ncurrency for some considerable time, and this position has hardened further in\nthe last few years. In 2005, more than half (55%) of the UK were against\nadopting the currency, while 30% were in favour. The possibility of joining\nthe euro has become a non-issue since the referendum decision to withdraw from\nthe European Union in 2016 and subsequent withdrawal in 2020."
  },
  {
    "chapter_name": "Economy of the United Kingdom",
    "chapter_id": "1",
    "section_number": "4.1",
    "section_name": "Exchange rates",
    "text": "Average for each year, in US dollars and euros per pound; and inversely: £ per\nUS$ and €. (Synthetic Euro XEU before 1999). These averages conceal wide\nintra-year spreads. The coefficient of variation gives an indication of this.\nIt also shows the extent to which the pound tracks the euro or the dollar.\nNote the effect of Black Wednesday in late 1992 by comparing the averages for\n1992 and for 1993.\n\n| Year  | £/US$  | US$/£  | C.var |  | £/XEU  | XEU/£ | C.var\n---|---|---|---|---|---|---|---\n1990 | £0.5633 | $1.775 |  |  | £0.7161 | ₠1.397 |\n1991 | £0.5675 | $1.762 |  |  | £0.7022 | ₠1.424 |\n1992 | £0.5699 | $1.755 |  |  | £0.7365 | ₠1.358 |\n1993 | £0.6663 | $1.501 |  |  | £0.7795 | ₠1.283 |\n1994 | £0.6536 | $1.53 |  |  | £0.7742 | ₠1.292 |\n1995 | £0.6338 | $1.578 |  |  | £0.82 | ₠1.22 |\n1996 | £0.6411 | $1.56 |  |  | £0.8029 | ₠1.245 |\n1997 | £0.6106 | $1.638 |  |  | £0.6909 | ₠1.447 |\n1998 | £0.6037 | $1.656 |  |  | £0.6779 | ₠1.475 |\n1999 | £0.6185 | $1.617 |  |  | £0.6595 | €1.516 |\n2000 | £0.6609 | $1.513 |  |  | £0.6099 | €1.64 |\n2001 | £0.6943 | $1.44 |  |  | £0.6223 | €1.607 |\n2002 | £0.6664 | $1.501 |  |  | £0.6289 | €1.59 |\n2003 | £0.6123 | $1.633 |  |  | £0.6924 | €1.444 |\n2004 | £0.5461 | $1.832 | 2.26% |  | £0.6787 | €1.474 | 1.92%\n| Year  | £/US$  | US$/£  | C.var |  | £/€  | €/£ | C.var\n---|---|---|---|---|---|---|---\n2005 | £0.55 | $1.82 | 3.47% |  | £0.6842 | €1.462 | 1.27%\n2006 | £0.5435 | $1.842 | 3.79% |  | £0.6821 | €1.466 | 1.11%\n2007 | £0.4999 | $2.001 | 1.97% |  | £0.6848 | €1.461 | 2.4%\n2008 | £0.5499 | $1.835 |  |  | £0.7964 | €1.226 |\n2009 | £0.641 | $1.566 |  |  | £0.8914 | €1.123 |\n2010 | £0.6474 | $1.546 | 1.27% |  | £0.8586 | €1.166 | 3.83%\n2011 | £0.6231 | $1.605 | 3.81% |  | £0.8684 | €1.151 | 1.286%\n2012 | £0.6310 | $1.585 | 2.74% |  | £0.8112 | €1.233 | 0.712%\n2013 | £0.6650 | $1.503 | 5.17% |  | £0.8496 | €1.177 | 4.54%\n2014 | £0.6320 | $1.582 | 5.25% |  | £0.8060 | €1.240 | 5.35%\n2015 | £0.6810 | $1.468 | 7.20% |  | £0.7262 | €1.377 | 11.04%\n2016 | £0.770 | $1.299 |  |  | £0.8193 | €1.2242 |\n2017 | £0.808 | $1.238 |  |  | £0.8766 | €1.1414 |\n2018 | £0.750 | $1.333 |  |  | £0.885 | €1.1301 |\n2019 | £0.748 | $1.337 |  |  | £0.8773 | €1.1405 |\n\nFor consistency and comparison purposes, coefficient of variation is measured on both the \"per £\" ratios, although it is conventional to show the forex rates as dollars per £ and £ per euro."
  },
  {
    "chapter_name": "Economy of the United Kingdom",
    "chapter_id": "1",
    "section_number": "4.2",
    "section_name": "Gross domestic product (2022)",
    "text": "Within the United Kingdom, England has the largest constituent economy\nmeasured by gross domestic product (GDP) according to the figures provided by\nthe Office for National Statistics (ONS) for the year 2022, whilst Northern\nIreland has the smallest, which is also in line with their respective\npopulation sizes. England also has the highest level of GDP per capita within\nthe UK, whilst Wales has the lowest.\n\nRank | Nation | Population | GDP (in millions of GBP) | GDP (in millions of USD) | Share of the UK total | GDP per capita (GBP) | GDP per capita (USD)\n---|---|---|---|---|---|---|---\n1  |  England | 57 106 398  | 2 161 593  | 2 664 325  | 86.25%  | 37 852  | 46 655\n2  |  Scotland | 5 447 698  | 186 851  | 230 445  | 7.46%  | 34 299  | 42 301\n3  |  Wales | 3 131 640  | 85 412  | 105 337  | 3.41%  | 27 274  | 33 636\n4  |  Northern Ireland | 1 910 543  | 56 694  | 69 813  | 2.26%  | 29 674  | 36 541\nUnited Kingdom (total)  | 67 596 279  | 2 506 170  | 3 089 072  | 100%  | 37 076  | 45 758"
  },
  {
    "chapter_name": "Economy of the United Kingdom",
    "chapter_id": "1",
    "section_number": "4.2.1",
    "section_name": "By English region",
    "text": "England constitutes the vast majority of the total UK population (84.3%) and\nan even larger proportion of the GDP (86.25%). Therefore a large part of the\nregional variation in the UK economy occurs within England itself. London,\nwhich is the capital of both the UK and England, has the largest regional\neconomy in England as well as the highest GDP per capita, whilst North East\nEngland has both the smallest economy out of the regions as measured by total\nnominal GDP, as well as the lowest GDP per capita in England.\n\nBelow is a list of the Regions of England by GDP and GDP per capita, also\nprovided by the ONS for the year 2022.\n\nRank | Region | Population | GDP (in millions of GBP) | GDP (in millions of USD) | Share of the UK total | GDP per capita (GBP) | GDP per capita (USD)\n---|---|---|---|---|---|---|---\n1  | London | 8 866 180  | 562 179  | 693 096  | 22.43%  | 63 407  | 78 154\n2  | South East England | 9 379 833  | 374 453  | 461 665  | 14.94%  | 39 921  | 49 208\n3  | North West England | 7 516 113  | 247 199  | 304 755  | 9.86%  | 32 889  | 40 538\n4  | East of England | 6 398 497  | 213 828  | 263 556  | 8.53%  | 33 419  | 41 191\n5  | South West England | 5 764 881  | 194 030  | 239 186  | 7.74%  | 33 657  | 41 485\n6  | West Midlands | 6 021 653  | 181 354  | 223 599  | 7.23%  | 30 117  | 37 118\n7  | Yorkshire and the Humber | 5 541 262  | 170 304  | 209 933  | 6.79%  | 30 734  | 37 888\n8  | East Midlands | 4 934 939  | 146 482  | 180 663  | 5.84%  | 29 683  | 36 610\n9  | North East England | 2 683 040  | 71 763  | 88 526  | 2.86%  | 26 747  | 33 000\nEngland | 57 106 398  | 2 161 593  | 2 664 325  | 86.25%  | 37 852  | 46 655\nUnited Kingdom (total)  | 67 596 279  | 2 506 170  | 3 089 072  | 100%  | 37 076  | 45 758"
  },
  {
    "chapter_name": "Economy of the United Kingdom",
    "chapter_id": "1",
    "section_number": "4.3",
    "section_name": "Gross value added (2020)",
    "text": "Excluding the effects of North Sea oil and gas (which is classified in\nofficial statistics as extra-regio), England has the highest gross value added\n(GVA) and Wales the lowest of the UK's countries.\n\nRank  | Country  | GVA per head, 2020\n---|---|---\n1  | England | £32,866 ($42136)\n2  | Scotland | £29,629 ($37986)\n3  | Northern Ireland | £25,575 ($32788)\n4  | Wales | £23,882 ($30618)"
  },
  {
    "chapter_name": "Economy of the United Kingdom",
    "chapter_id": "1",
    "section_number": "4.3.1",
    "section_name": "By English region",
    "text": "Within England, GVA per capita is highest in London. The following table shows\nthe GVA per capita of the nine statistical regions of England.\n\nRank  | Region  | GVA per head, 2020\n---|---|---\n1  | London | £55,974 ($71762)\n2  | South East England | £34,516 ($44251)\n3  | East of England | £29,176 ($37405)\n4  | North West England | £28,257 ($36227)\n5  | South West England | £28,012 ($35913)\n6  | West Midlands | £26,281 ($33694)\n7  | East Midlands | £25,956 ($33277)\n8  | Yorkshire and the Humber | £25,696 ($32944)\n9  | North East England | £23,109 ($29627)"
  },
  {
    "chapter_name": "Economy of the United Kingdom",
    "chapter_id": "1",
    "section_number": "5",
    "section_name": "Trade",
    "text": "Value of UK exports at constant prices, 1995–2016\n\nThe trade deficit (goods and services) narrowed £0.2 billion to £7.9 billion\nin the three months to November 2018 as both goods and services exports each\nincreased £0.1 billion more than their respective imports.\n\nExcluding erratic commodities (mainly aircraft) the total trade deficit\nwidened £1.2 billion to £9.5 billion in the three months to November 2018.\n\nLarge increases in export prices of oil and aircraft drove the narrowing of\nthe total trade deficit; removing the effect of inflation, the total trade\ndeficit widened £0.3 billion to £6.5 billion in the three months to November\n2018.\n\nThe trade in goods deficit widened £0.8 billion with EU countries and narrowed\n£0.9 billion with non-EU countries in the three months to November 2018, due\nmainly to increases in imports from EU countries and exports to non-EU\ncountries.\n\nThe total trade deficit widened £4.1 billion in the 12 months to November 2018\ndue mainly to a £4.4 billion narrowing in the trade in services surplus.\n\nAfter the withdrawal of the United Kingdom from the European Union, the\nnegotiation of a trade deal between the UK and the European Union including\nher 27 member states might have the same status than third countries for\nstatistics related to imports and exports with the UK:\n\n* According to OEC World 2017 data, the EU-27-2020 could become/stay one of the notable partners of the UK, with exports from the UK reaching near $200B, close from the United States ($45B, and China $21B).\n* According to OEC World 2017 data, the EU-27-2020 could become/stay one of the notable partners of the UK, with imports to the UK reaching near $330B, close from the United States ($46B, and China $58B).\n\nUK economy received £1 billion to boost through innovative trade\ndigitalisation act in July 2023.\n\n**Trade deals being negotiated**\n\n* Canada–United Kingdom Free Trade Agreement\n* India–United Kingdom Free Trade Agreement\n* Gulf Cooperation Council–United Kingdom Free Trade Agreement\n* United Kingdom–United States Free Trade Agreement\n* Comprehensive and Progressive Agreement for Trans-Pacific Partnership\n* * Accession of the United Kingdom to CPTPP\n\n**Other Trade Deals**\n\n* Free trade agreements of the United Kingdom"
  },
  {
    "chapter_name": "Economy of the United Kingdom",
    "chapter_id": "1",
    "section_number": "6",
    "section_name": "Investment",
    "text": "In 2013 the UK was the leading country in Europe for inward foreign direct\ninvestment (FDI) with $26.51bn. This gave it a 19.31% market share in Europe.\nIn contrast, the UK was second in Europe for outward FDI, with $42.59bn,\ngiving a 17.24% share of the European market.\n\nIn October 2017, the ONS revised the UK's balance of payments, changing the\nnet international investment position from a surplus of £469bn to a deficit of\n£22bn. Deeper analysis of outward investment revealed that much of what was\nthought to be foreign debt securities owned by British companies were actually\nloans to British citizens. Inward investment also dropped, from a surplus of\n£120bn in the first half of 2016 to a deficit of £25bn in the same period of\n2017. The UK had been relying on a surplus of inward investment to make up for\nits long-term current account deficit. In April 2021, Lord Grimstone\nestablished the UK Investment Council to enhance UK inward investment and\ninform the trade policy of the UK by providing a forum for global investors to\noffer high-level advice to the government.\n\nAccording to the Office for National Statistics, the UK is the biggest\ninvestor in America, and the second biggest in China."
  },
  {
    "chapter_name": "Economy of the United Kingdom",
    "chapter_id": "1",
    "section_number": "7",
    "section_name": "Mergers and acquisitions",
    "text": "Since 1985 103,430 deals with UK participation have been announced. There have\nbeen three major waves of increased M&A activity (2000, 2007 and 2017; see\ngraph \"M&A in the UK\"). 1999 however, was the year with the highest cumulated\nvalue of deals (£490 bil, which is about 50% more than the current peak of\n2017). The Finance industry and Energy & Power made up most of the value from\n2000 until 2018 (both about 15%).\n\nHere is a list of the top 10 deals including UK companies. The Vodafone –\nMannesmann deal is still the biggest deal in global history.\n\nRank  | Date  | Acquirer  | Acquirer nation  | Target  | Target nation  | Value\n(£ billions)\n---|---|---|---|---|---|---\n1  | 14 November 1999  | Vodafone AirTouch PLC  | United Kingdom  | Mannesmann AG  | Germany  | 126.95\n2  | 16 September 2015  | Anheuser-Busch Inbev SA/NV  | Belgium  | SABMiller PLC  | United Kingdom  | 77.24\n3  | 4 August 2015  | Royal Dutch Shell PLC  | Netherlands  | BG Group PLC  | United Kingdom  | 46.70\n4  | 17 January 2000  | Glaxo Wellcome PLC  | United Kingdom  | SmithKline Beecham PLC  | United Kingdom  | 46.48\n5  | 28 October 2004  | Royal Dutch Petroleum Co  | Netherlands  | Shell Transport & Trading Co  | United Kingdom  | 40.75\n6  | 21 October 2016  | British American Tobacco PLC  | United Kingdom  | Reynolds American Inc  | United States  | 40.10\n7  | 15 January 1999  | Vodafone Group PLC  | United Kingdom  | AirTouch Communications Inc  | United States  | 36.35\n8  | 30 May 2000  | France Telecom SA  | France  | Orange PLC  | United Kingdom  | 31.14\n9  | 8 November 1998  | British Petroleum Co PLC  | United Kingdom  | Amoco Corp  | United States  | 29.51\n10  | 31 October 2016  | GE Oil & Gas  | United Kingdom  | Baker Hughes Inc  | United States  | 26.63\n11  | 26 February 2009  | HM Treasury  | United Kingdom  | Royal Bank of Scotland Group  | United Kingdom  | 25.50\n\n* In most cases both the acquiring and target companies have/had shareholders spread throughout the world, not only in the stated countries."
  },
  {
    "chapter_name": "Economy of the United Kingdom",
    "chapter_id": "1",
    "section_number": "8",
    "section_name": "European Union membership",
    "text": "The proportion of the country's exports going to the EU has fallen from 54 per\ncent to 47 per cent over the past decade. The total value of exports however,\nhas increased in the same period from £130 billion (€160 billion) to £240\nbillion (€275 billion).\n\nIn June 2016 the UK voted to leave the EU in a national referendum on its\nmembership of the EU. After the activation of Article 50 of the Lisbon Treaty,\nthe UK had been set to leave on Friday 29 March 2019. However the leave date\nwas extended to Friday 12 April 2019 and then extended again to Thursday 31\nOctober 2019, and then extended again until Friday 31 January 2020 with the\nability to exit earlier. The future relationship between the UK and EU was\nunder negotiation until the end of October 2019. UK economic growth slowed\nduring 2019, with uncertainty over Brexit and a world economic slowdown\nblamed.\n\nThe UK left the EU in January 2020. On 16 July 2020, the government of UK\naffirmed that businesses across the United Kingdom, after the transition\nperiod ends, will continue to enjoy internal trade and jobs would remain\nprotected against uncertain environment . From 1 January 2021, the powers\nwhich were previously exercised at an EU level in at least 70 policy areas\nwere to directly transfer to the devolved administrations in Edinburgh,\nCardiff and Belfast for the first time."
  },
  {
    "chapter_name": "Economy of the United Kingdom",
    "chapter_id": "1",
    "section_number": "9",
    "section_name": "Poverty",
    "text": "The United Kingdom is a developed country with social welfare infrastructure,\nthus discussions surrounding poverty tend to use a relatively high minimum\nincome compared to developing countries. Eurostat figures show that the\nnumbers of Britons at risk of poverty has fallen to 15.9% in 2014, down from\n17.1% in 2010 and 19% in 2005 (after social transfers were taken into\naccount). Poverty is countered in United Kingdom with the welfare state.\n\nThe poverty line in the UK is commonly defined as being 60% of the median\nhousehold income. In 2007–2008, this was calculated to be £115 per week for\nsingle adults with no dependent children; £199 per week for couples with no\ndependent children; £195 per week for single adults with two dependent\nchildren under 14; and £279 per week for couples with two dependent children\nunder 14. In 2007–2008, 13.5 million people, or 22% of the population, lived\nbelow this line. This is a higher level of relative poverty than all but four\nEU members. In the same year, 4.0 million children, 31% of the total, lived in\nhouseholds below the poverty line, after housing costs were taken into\naccount. This is a decrease of 400,000 children since 1998–1999."
  },
  {
    "chapter_name": "Economy of the United Kingdom",
    "chapter_id": "1",
    "section_number": "10",
    "section_name": "Economic impacts of climate change",
    "text": "According to the Government, the number of households in flood risk will be up\nto 970,000 homes in the 2020s, up from around 370,000 in January 2012. The\neffects of flooding and managing flood risk cost the country about £2.2bn a\nyear, compared with the less than £1bn spent on flood protection and\nmanagement. UK agriculture is also being affected by drought and weather\nchanges.\n\nIn 2020 PricewaterhouseCoopers estimated that Storm Dennis damage to homes,\nbusinesses and cars could be between £175m and £225m and Storm Ciara cost up\nto £200m. Friends of the Earth criticised British government of the intended\ncuts to flood defence spending. The protection against increasing flood risk\nas a result of climate change requires rising investment. In 2009, the\nEnvironment Agency calculated that the UK needs to be spending £20m more\ncompared to 2010 to 2011 as the baseline, each and every year out to 2035,\njust to keep pace with climate change.\n\nThe British government and the economist Nicholas Stern published the Stern\nReview on the Economics of Climate Change in 2006. The report states that\nclimate change is the greatest and widest-ranging market failure ever seen,\npresenting a unique challenge for economics. The Review provides prescriptions\nincluding environmental taxes to minimise economic and social disruptions. The\nStern Review's main conclusion is that the benefits of strong, early action on\nclimate change far outweigh the costs of not acting. The Review points to the\npotential effects of climate change on water resources, food production,\nhealth, and the environment. According to the Review, without action, the\noverall costs of climate change will be equivalent to losing at least 5% of\nglobal gross domestic product (GDP) each year, now and forever. Including a\nwider range of risks and costs could increase this to 20% of GDP or more. The\nreview leads to a simple conclusion: the benefits of strong, early action\nconsiderably outweigh the costs.\n\nClimate change made the unusual rainfall in autumn and winter 2023-2024, 10\ntimes more probable and 20% stronger. The rainfall led to \"severe damage to\nhomes and infrastructure, power blackouts, travel cancellations, and heavy\nlosses of crops and livestock\". The damage to arable crops alone is £1.2\nbillion, without counting vegetables. Claims for house insurance from weather\nrelated disasters increased by more than a third."
  },
  {
    "chapter_name": "Economy of the United Kingdom",
    "chapter_id": "1",
    "section_number": "11",
    "section_name": "Data",
    "text": "The following table shows the main economic indicators in 1980–2021 (with IMF\nstaff estimates in 2022–2027). Inflation below 5% is in green.\n\nYear  | GDP\n(in bn. US$PPP) | GDP per capita\n(in US$ PPP) | GDP\n(in bn. US$ nominal) | GDP per capita\n(in US$ nominal) | GDP growth\n(real) | In­flation rate\n(in %) | Unem­ploy­ment\n(in %) | Govern­ment debt\n(in % of GDP)\n---|---|---|---|---|---|---|---|---\n1980  | 511.8  | 9,085.1  | 603.6  | 10,715.4  | -2.1%  | 16.8%  | 7.1%  | 42.6%\n1981  | 556.3  | 9,870.7  | 587.3  | 10,420.4  | -0.7%  | 12.2%  | 9.7%  | 44.8%\n1982  | 602.3  | 10,699.9  | 558.3  | 9,918.9  | 2.0%  | 8.5%  | 10.7%  | 43.1%\n1983  | 652.2  | 11,580.6  | 532.1  | 9,448.7  | 4.2%  | 5.2%  | 11.5%  | 41.9%\n1984  | 690.9  | 12,247.2  | 504.2  | 8,938.7  | 2.2%  | 4.4%  | 11.8%  | 42.3%\n1985  | 742.1  | 13,121.9  | 536.6  | 9,488.1  | 4.1%  | 5.2%  | 11.4%  | 41.3%\n1986  | 780.9  | 13,776.7  | 654.7  | 11,549.7  | 3.1%  | 3.6%  | 11.3%  | 41.3%\n1987  | 843.4  | 14,847.8  | 813.1  | 14,315.0  | 5.4%  | 4.1%  | 10.4%  | 39.3%\n1988  | 922.1  | 16,200.4  | 990.2  | 17,398.2  | 5.4%  | 4.6%  | 8.6%  | 37.1%\n1989  | 981.6  | 17,198.6  | 1,008.4  | 17,667.9  | 2.4%  | 5.2%  | 7.2%  | 32.5%\n1990  | 1,024.8  | 17,904.8  | 1,195.4  | 20,884.2  | 0.6%  | 7.0%  | 7.1%  | 28.5%\n1991  | 1,046.9  | 18,226.8  | 1,250.3  | 21,767.1  | -1.4%  | 7.5%  | 8.9%  | 28.4%\n1992  | 1,074.1  | 18,653.1  | 1,292.1  | 22,438.0  | 0.2%  | 4.2%  | 10.0%  | 33.2%\n1993  | 1,126.0  | 19,509.9  | 1,157.5  | 20,055.8  | 2.3%  | 2.5%  | 10.4%  | 37.9%\n1994  | 1,193.4  | 20,624.6  | 1,244.0  | 21,499.6  | 3.4%  | 2.0%  | 9.5%  | 40.6%\n1995  | 1,248.2  | 21,511.1  | 1,346.7  | 23,208.7  | 2.4%  | 2.6%  | 8.6%  | 43.6%\n1996  | 1,301.9  | 22,383.3  | 1,423.0  | 24,464.8  | 2.6%  | 2.4%  | 8.1%  | 43.7%\n1997  | 1,389.4  | 23,825.5  | 1,559.9  | 26,749.9  | 4.9%  | 1.8%  | 7.0%  | 43.2%\n1998  | 1,449.3  | 24,785.2  | 1,653.5  | 28,277.9  | 3.4%  | 1.6%  | 6.3%  | 40.9%\n1999  | 1,513.7  | 25,793.8  | 1,686.2  | 28,733.2  | 3.1%  | 1.3%  | 6.0%  | 39.3%\n2000  | 1,604.8  | 27,253.1  | 1,665.3  | 28,279.7  | 4.3%  | 0.8%  | 5.5%  | 36.6%\n2001  | 1,675.0  | 28,335.4  | 1,644.3  | 27,816.7  | 2.6%  | 1.2%  | 5.1%  | 33.9%\n2002  | 1,737.2  | 29,262.8  | 1,786.9  | 30,099.6  | 1.8%  | 1.3%  | 5.2%  | 34.1%\n2003  | 1,825.2  | 30,604.8  | 2,059.0  | 34,525.0  | 3.1%  | 1.4%  | 5.0%  | 35.3%\n2004  | 1,918.3  | 31,998.7  | 2,422.9  | 40,415.5  | 2.4%  | 1.3%  | 4.8%  | 38.2%\n2005  | 2,029.8  | 33,598.5  | 2,547.7  | 42,171.2  | 2.7%  | 2.1%  | 4.8%  | 39.4%\n2006  | 2,146.5  | 35,288.4  | 2,720.9  | 44,731.6  | 2.4%  | 2.3%  | 5.4%  | 40.4%\n2007  | 2,254.5  | 36,767.2  | 3,107.4  | 50,675.5  | 2.6%  | 2.3%  | 5.4%  | 41.4%\n2008  | 2,292.3  | 37,077.1  | 2,970.0  | 48,039.0  | -0.2%  | 3.6%  | 5.7%  | 49.0%\n2009  | 2,209.0  | 35,479.0  | 2,434.5  | 39,101.2  | -4.6%  | 2.2%  | 7.6%  | 62.8%\n2010  | 2,283.2  | 36,379.2  | 2,493.6  | 39,731.6  | 2.2%  | 3.3%  | 7.9%  | 74.0%\n2011  | 2,364.6  | 37,363.8  | 2,675.8  | 42,281.9  | 1.1%  | 4.5%  | 8.1%  | 79.5%\n2012  | 2,453.4  | 38,511.1  | 2,719.6  | 42,691.2  | 1.5%  | 2.8%  | 8.0%  | 82.7%\n2013  | 2,579.2  | 40,232.7  | 2,805.1  | 43,757.4  | 1.8%  | 2.6%  | 7.6%  | 83.6%\n2014  | 2,686.2  | 41,584.0  | 3,088.8  | 47,816.0  | 3.2%  | 1.5%  | 6.2%  | 85.5%\n2015  | 2,795.1  | 42,928.5  | 2,957.2  | 45,418.9  | 2.2%  | 0.0%  | 5.4%  | 86.0%\n2016  | 2,928.3  | 44,606.1  | 2,733.0  | 41,630.5  | 1.9%  | 0.7%  | 4.9%  | 85.8%\n2017  | 3,074.4  | 46,553.5  | 2,701.3  | 40,903.5  | 2.7%  | 2.7%  | 4.4%  | 85.1%\n2018  | 3,199.8  | 48,163.7  | 2,904.5  | 43,719.0  | 1.4%  | 2.5%  | 4.1%  | 84.5%\n2019  | 3,311.5  | 49,575.6  | 2,880.4  | 43,121.1  | 1.6%  | 1.8%  | 3.8%  | 83.9%\n2020  | 3,040.7  | 45,329.1  | 2,758.9  | 41,127.4  | -10.4%  | 0.9%  | 4.6%  | 102.6%\n2021  | 3,402.7  | 50,522.7  | 3,187.6  | 47,328.8  | 8.7%  | 2.6%  | 4.5%  | 95.3%\n2022  | 3,776.0  | 55,862.1  | 3,198.5  | 47,317.6  | 4.3%  | 9.1%  | 3.8%  | 87.0%\n2023  | 3,922.9  | 57,821.9  | 3,479.5  | 51,286.1  | 0.1%  | 9.0%  | 4.8%  | 79.9%\n2024  | 4,027.7  | 59,160.0  | 3,757.4  | 55,189.5  | 0.6%  | 3.7%  | 5.0%  | 76.7%\n2025  | 4,198.8  | 61,471.6  | 3,969.9  | 58,120.1  | 2.3%  | 1.8%  | 4.3%  | 73.7%\n2026  | 4,373.1  | 63,829.0  | 4,217.7  | 61,562.0  | 2.2%  | 2.0%  | 4.2%  | 70.6%\n2027  | 4,524.5  | 65,857.4  | 4,449.8  | 64,768.9  | 1.5%  | 2.0%  | 4.2%  | 68.0%"
  }
]