[
  {
    "chapter_name": "Economy of Namibia",
    "chapter_id": "1",
    "section_number": "1",
    "section_name": "Introduction",
    "text": "The **economy of Namibia** has a modern market sector, which produces most of\nthe country's wealth, and a traditional subsistence sector. Although the\nmajority of the population engages in subsistence agriculture and herding,\nNamibia has more than 200,000 skilled workers and a considerable number of\nwell-trained professionals and managerials."
  },
  {
    "chapter_name": "Economy of Namibia",
    "chapter_id": "1",
    "section_number": "1",
    "section_name": "Overview",
    "text": "Namibia is a higher-middle-income country with an annual GDP per capita of\nN$79,431 in 2022, but has extreme inequalities in income distribution and\nstandard of living. It has the second-highest Gini coefficient out of all\nnations, with a coefficient of 59.1 as of 2015. Only South Africa has a higher\nGini coefficient. However, this statistic may be misleading, as many Namibians\nin rural areas such as the northern regions do not live on the monetary system\nare self-sustainable with agriculture and farming.\n\nSince independence, the Namibian Government has pursued free-market economic\nprinciples designed to promote commercial development and job creation to\nbring disadvantaged Namibians into the economic mainstream. To facilitate this\ngoal, the government has actively courted donor assistance and foreign\ninvestment. The liberal Foreign Investment Act of 1990 provides guarantees\nagainst nationalisation, freedom to remit capital and profits, currency\nconvertibility, and a process for settling disputes equitably. Namibia also is\naddressing the sensitive issue of agrarian land reform in a pragmatic manner.\nHowever, the government runs and owns a number of companies such as TransNamib\nand NamPost, most of which need frequent financial assistance to stay afloat.\n\nThe country's sophisticated formal economy is based on capital-intensive\nindustry and farming. However, Namibia's economy is heavily dependent on the\nearnings generated from primary commodity exports in a few vital sectors,\nincluding minerals, especially diamonds, livestock, and fish. Furthermore, the\nNamibian economy remains integrated with the economy of South Africa, as 47%\nof Namibia's imports originate from there.\n\nIn 1993, Namibia became a signatory of the General Agreement on Tariffs and\nTrade (GATT), and the Minister of Trade and Industry represented Namibia at\nthe Marrakech signing of the Uruguay Round Agreement in April 1994. Namibia\nalso is a member of the International Monetary Fund and the World Bank.\n\nIn January 2021, President Hage Geingob formed the Namibia Investment\nPromotion and Development Board (NIPDB) led by Nangula Nelulu Uaandja. The\nNIPDB commenced operations as an autonomous entity in the Namibian Presidency\nand was established to reform the country's economic sector."
  },
  {
    "chapter_name": "Economy of Namibia",
    "chapter_id": "1",
    "section_number": "2",
    "section_name": "Regional integration",
    "text": "The trans-African automobile route - the Tripoli-Cape Town Highway and the\nTrans-Kalahari Corridor pass through Namibia. Given its small domestic market\nbut favourable location and a superb transport and communications base,\nNamibia is a leading advocate of regional economic integration. In addition to\nits membership in the Southern African Development Community (SADC), Namibia\npresently belongs to the Southern African Customs Union (SACU) with South\nAfrica, Botswana, Lesotho, and Eswatini. Within SACU, there is no customs on\ngoods produced in, and being transported amidst, its members. Namibia is a net\nreceiver of SACU revenues; they are estimated to contribute 13.9 billion NAD\nin 2012.\n\nThe Namibian economy is closely linked to South Africa with the Namibian\ndollar pegged to the South African rand. Privatisation of several enterprises\nin coming years may stimulate long-run foreign investment, although with the\ntrade union movement opposed, so far most politicians have been reluctant to\nadvance the issue. In September 1993, Namibia introduced its own currency, the\nNamibia Dollar (N$), which is linked to the South African Rand at a fixed\nexchange rate of 1:1. There has been widespread acceptance of the Namibia\nDollar throughout the country and, while Namibia remains a part of the Common\nMonetary Area, it now enjoys slightly more flexibility in monetary policy\nalthough interest rates have so far always moved very closely in line with the\nSouth African rates.[_citation needed_]\n\nNamibia imports almost all of its goods from South Africa. Many exports\nlikewise go to the South African market, or transit that country. Namibia's\nexports consist mainly of diamonds and other minerals, fish products, beef and\nmeat products, karakul sheep pelts, and light manufactures. In recent years,\nNamibia has accounted for about 5% of total SACU exports, and a slightly\nhigher percentage of imports.\n\nNamibia is seeking to diversify its trading relationships away from its heavy\ndependence on South African goods and services. Europe has become a leading\nmarket for Namibian fish and meat, while mining concerns in Namibia have\npurchased heavy equipment and machinery from Germany, the United Kingdom, the\nUnited States, and Canada. The Government of Namibia is making efforts to take\nadvantage of the American-led African Growth and Opportunity Act (AGOA), which\nwill provide preferential access to American markets for a long list of\nproducts. In the short term, Namibia is likely to see growth in the apparel\nmanufacturing industry as a result of AGOA."
  },
  {
    "chapter_name": "Economy of Namibia",
    "chapter_id": "1",
    "section_number": "3",
    "section_name": "Selected Macroeconomic Indicators",
    "text": "Year  | 2010  | 2011  | 2012  | 2013  | 2014  | 2015  | 2016  | 2017  | 2018  | 2019  | 2020  | 2021  | 2022\n---|---|---|---|---|---|---|---|---|---|---|---|---|---\nNominal GDP at Market Prices (N$ billion)  | 83,795  | 91,421  | 106,864  | 117,423  | 134,836  | 146,019  | 157,708  | 171,570  | 181,067  | 181,211  | 174,243  | 183,940  | 209,035\nReal GDP at Market Prices (N$ billion, 2015 Prices)  | 112,645  | 118,380  | 124,372  | 132,004  | 140,047  | 146,019  | 146,068  | 144,568  | 146,100  | 144,874  | 133,137  | 137,830  | 146,711\nReal GDP Growth  | 6.04%  | 5.09%  | 5.06%  | 6.14%  | 6.09%  | 4.26%  | 0.03%  | -1.03%  | 1.06%  | -0.84%  | -8.10%  | 3.52%  | 6.44%\nAverage Annual Inflation Rate  | 4.92%  | 5.00%  | 6.72%  | 5.61%  | 5.35%  | 3.40%  | 6.72%  | 6.16%  | 4.29%  | 3.73%  | 2.21%  | 3.61%  | 6.07%"
  },
  {
    "chapter_name": "Economy of Namibia",
    "chapter_id": "1",
    "section_number": "4",
    "section_name": "Sectors",
    "text": "Namibia is heavily dependent on the extraction and processing of minerals for\nexport. Taxes and royalties from mining account for 25% of its revenue. The\nbulk of the revenue is created by diamond mining, which made up 7.2% of the\n9.5% that mining contributes to Namibia's GDP in 2011. Rich alluvial diamond\ndeposits make Namibia a primary source for gem-quality diamonds. Namibia is a\nlarge exporter of uranium and over the years the mining industry has seen a\ndecline in the international commodity prices such as uranium, which has led\nto the reason behind several uranium projects being abandoned. Experts say\nthat the prices are expected to rise in the next 3 years because of an\nincrease in nuclear activities from both Japan and China."
  },
  {
    "chapter_name": "Economy of Namibia",
    "chapter_id": "1",
    "section_number": "4.1",
    "section_name": "Mining and energy",
    "text": "Rössing uranium mine, an open-pit mine located near Arandis, Erongo Region\n\nMining and quarrying have been at the forefront of Namibia’s consistent growth\nover the last 40 years. Despite economic diversification in other sectors, the\nmining sector has maintained strong contributions to annual GDP figures.\nAverage contribution since 1980 stands at 11%.\n\nDiamond mining has been Namibia’s prized mineral over the last 40+ years, and\ncontributed over 60% of the real GDP generated from mining over the period.\nDiamond production increased over 45% in 2022 thanks to Debmarine Namibia, who\nproduced a record 1.725 million carats, with the Benguela Gem producing\n480,000 carats.\n\nDiamond production totalled 2.2 million carats in 2022, generating over N$14\nbillion in export earnings. Other important mineral resources are uranium,\ngold, metal ores, copper, and zinc. The country also extracts silver, tin,\nvanadium, semiprecious gemstones, tantalite, phosphate, sulphur, and mines\nsalt."
  },
  {
    "chapter_name": "Economy of Namibia",
    "chapter_id": "1",
    "section_number": "4.1.1",
    "section_name": "Uranium",
    "text": "Namibia is the fourth-largest exporter of nonfuel minerals in Africa, the\nworld's fourth-largest producer of uranium, and the producer of large\nquantities of lead, zinc, tin, silver, and tungsten. The country produced 11%\nof uranium worldwide in 2020, making it the second largest producer of Uranium\nafter Kazakhstan.\n\nNamibia is home to two uranium mines (Langer Heinrich and Rössing) believed to\nbe capable of providing 10% of the global mining output. Langer Heinrich began\noperation in 1976, with Rossing opening in 2006.\n\nThe mining sector employs only about 3% of the population while about half of\nthe population depends on subsistence agriculture for its livelihood. Namibia\nnormally imports about 50% of its cereal requirements; in drought years food\nshortages are a major problem in rural areas."
  },
  {
    "chapter_name": "Economy of Namibia",
    "chapter_id": "1",
    "section_number": "4.1.2",
    "section_name": "Crude oil",
    "text": "During the pre-independence period, large areas of Namibia, including off-\nshore, were leased for oil prospecting. Some natural gas was discovered in\n1974 in the Kudu Field off the mouth of the Orange River, but the extent of\nthis find is only now being determined. It is only in 2022 with the Graff\ndiscovery of Shell and the Venus discovery of TotalEnergies that Namibia\nbecame a true exploration frontier.\n\nIn response to the discovery of an estimated 11 billion barrels of crude oil\noff its coast in 2022, discovered by international oil giants TotalEnergies SE\nand Shell Plc, Namibia is preparing for a pivotal moment in its economic\ndevelopment. A final investment decision regarding the commercial viability of\nthis discovery is expected by the end of 2024. To manage potential oil\nrevenues effectively, the Namibian government has proposed the creation of a\nsovereign wealth fund. This fund is intended to secure long-term economic\nstability and allocate benefits across generations.\n\nLegislation to outline the management, investment strategies, and withdrawal\nprotocols of the fund is currently under development. This approach reflects\nNamibia's strategic planning to harness its oil resources responsibly while\naiming for sustainable economic growth and ensuring that the benefits are\nwidely distributed among its population."
  },
  {
    "chapter_name": "Economy of Namibia",
    "chapter_id": "1",
    "section_number": "4.2",
    "section_name": "Agriculture",
    "text": "Grazing camp for livestock in the Central Thornveld of Namibia Chipped woody\nbiomass in Namibia for thermal energy applications Packaging of export\ncharcoal produced from encroacher bush\n\nAbout half of the population depends on agriculture (largely subsistence\nagriculture) for its livelihood, but Namibia must still import some of its\nfood. Although per capita GDP is five times the per capita GDP of Africa's\npoorest countries, the majority of Namibia's people live in rural areas and\nexist on a subsistence way of life. Namibia has one of the highest rates of\nincome inequality in the world, due in part to the fact that there is an urban\neconomy and a more rural cash-less economy. The inequality figures thus take\ninto account people who do not actually rely on the formal economy for their\nsurvival. Although arable land accounts for only 1% of Namibia, nearly half of\nthe population is employed in agriculture.\n\nAbout 4,000, mostly white, commercial farmers own almost half of Namibia's\narable land. Agreement has been reached on the privatisation of several more\nenterprises in coming years, with hopes that this will stimulate much needed\nforeign investment. However, reinvestment of environmentally derived capital\nhas hobbled Namibian per capita income.\n\nOne of the fastest growing areas of economic development in Namibia is the\ngrowth of wildlife conservancies. These conservancies are particularly\nimportant to the rural generally unemployed population.\n\nAgriculture is increasingly under pressure, due to factors such as frequent\nand prolonged droughts as well as woody plant encroachment. These render\nconventional agriculture unsustainable for a growing number of land owners,\nwith many diverting their economic activities to alternative of additional\nsources of income.\n\nIn recent years, the utilisation of residual biomass that results from the\ncontrol of woody plant encroachment has gained traction. In 2022, Namibia was\nthe seventh largest exporter of charcoal globally, with total export volumes\nof over 280,000 tonnes and revenues of USD 75 million. Other products from\nlocal encroacher biomass include bush-based animal fodder, wood-plastic\ncomposite materials, thermal energy in a cement factory and a brewery and\nbiochar.[_citation needed_] In 2019 it was estimated that 10,000 workers were\nemployed in the growing sub-sector of biomass utilisation, rendering it one of\nthe biggest sub-sectors in terms of employment."
  },
  {
    "chapter_name": "Economy of Namibia",
    "chapter_id": "1",
    "section_number": "4.2.1",
    "section_name": "Fishing",
    "text": "Workers on a governmental marine research vessel in Namibia\n\nThe clean, cold South Atlantic waters off the coast of Namibia are home to\nsome of the richest fishing grounds in the world, with the _potential_ for\nsustainable yields of 1.5 million tonnes per year. Commercial fishing and fish\nprocessing is the fastest-growing sector of the Namibian economy in terms of\nemployment, export earnings, and contribution to GDP.\n\nThe main species found in abundance off Namibia are pilchards (sardines),\nanchovy, hake, and horse mackerel. There also are smaller but significant\nquantities of sole, squid, deep-sea crab, rock lobster, and tuna. At the time\nof independence, fish stocks had fallen to dangerously low levels, due to the\nlack of protection and conservation of the fisheries and the over-exploitation\nof these resources. This trend appears to have been halted and reversed since\nindependence, as the Namibian Government is now pursuing a conservative\nresource management policy along with an aggressive fisheries enforcement\ncampaign. The government seeks to develop fish-farming as an alternative and\nhas prioritised it as part of Vision 2030 and NDP2.\n\nOn 12 November 2019, WikiLeaks published thousands of documents and email\ncommunication by Samherji's employees, called the Fishrot Files, that\nindicated hundreds of millions ISK had been paid to high ranking politicians\nand officials in Namibia with the objective of acquiring the country's coveted\nfishing quota."
  },
  {
    "chapter_name": "Economy of Namibia",
    "chapter_id": "1",
    "section_number": "4.3",
    "section_name": "Manufacturing and infrastructure",
    "text": "In 2000, Namibia's manufacturing sector contributed about 20% of GDP. Namibian\nmanufacturing is inhibited by a small domestic market, dependence on imported\ngoods, limited supply of local capital, widely dispersed population, small\nskilled labour force and high relative wage rates, and subsidised competition\nfrom South Africa.\n\nWalvis Bay is a well-developed, deepwater port, and Namibia's fishing\ninfrastructure is most heavily concentrated there. The Namibian Government\nexpects Walvis Bay to become an important commercial gateway to the Southern\nAfrican region.\n\nNamibia also boasts world-class civil aviation facilities and an extensive,\nwell-maintained land transportation network. Construction is underway on two\nnew arteries—the Trans-Caprivi Highway and Trans-Kalahari Highway—which will\nopen up the region's access to Walvis Bay.\n\nThe Walvis Bay Export Processing Zone operates in the key port of Walvis Bay."
  },
  {
    "chapter_name": "Economy of Namibia",
    "chapter_id": "1",
    "section_number": "4.4",
    "section_name": "Tourism",
    "text": "An example of Namibian wildlife, the plains zebra, one focus of tourism\nElephant in the Etosha National Park A view into Namibia from the border of\nBotswana, on the Linyanti River\n\nTourism is a major contributor (14.5%) to Namibia's GDP, creating tens of\nthousands of jobs (18.2% of all employment) directly or indirectly and\nservicing over a million tourists per annum. The country is among the prime\ndestinations in Africa and is known for ecotourism which features Namibia's\nextensive wildlife.\n\nThere are many lodges and reserves to accommodate eco-tourists. Sport Hunting\nis also a large, and growing component of the Namibian economy, accounting for\n14% of total tourism in the year 2000, or $19.6 million US dollars, with\nNamibia boasting numerous species sought after by international sport hunters.\nIn addition, extreme sports such as sandboarding, skydiving and 4x4ing have\nbecome popular, and many cities have companies that provide tours. The most\nvisited places include the Caprivi Strip, Fish River Canyon, Sossusvlei, the\nSkeleton Coast Park, Sesriem, Etosha Pan and the coastal towns of Swakopmund,\nWalvis Bay and Lüderitz.\n\nIn 2020, it would be estimated that tourism would bring is $26 million\nNamibian dollars however due to the COVID-19 pandemic, Namibia saw a reduction\nof almost 90% in tourism. In the third quarter of 2021, there was an increase\nin tourism, however, it is estimated that it will be until 2023 when tourism\nreturns to some kind of normality."
  },
  {
    "chapter_name": "Economy of Namibia",
    "chapter_id": "1",
    "section_number": "5",
    "section_name": "Labour",
    "text": "While many Namibians are economically active in one form or another, the bulk\nof this activity is in the informal sector, primarily subsistence agriculture.\nA large number of Namibians seeking jobs in the formal sector are held back\ndue to a lack of necessary skills or training. The government is aggressively\npursuing education reform to overcome this problem.\n\nThe country's unemployment rate was 33.4% in 2018, with a labour force of\n1,090,153. However, Namibia has a high percentage of skilled labour relative\nto SADC countries and have relatively low unemployment rates for skilled\nworkers. To fight high unemployment, particularly amongst the youth, the\ngovernment approved the introduction of an Internship Tax Incentive Programme\naimed at incentivising employers to enroll more interns by providing an\nadditional corporate tax deduction. The total financial implication for the\nGovernment is estimated at N$126 million.\n\nThe 2018 Namibia Labour Force Survey indicates that 99,536 people within the\nworking age population had tertiary education of any level (6.6% of the\nworking age population), while 21,922 (1.5% of the working age population) of\nthese had postgraduate education.\n\nAge group  | No education  | Primary  | Junior secondary  | Senior secondary  | Technical/vocational certificate or diploma  | Currently in year 1, 2 or 3 of tertiary education  | University certificate, diploma or degree  | Postgraduate certificate, diploma or degree\n---|---|---|---|---|---|---|---|---\n15-19  | 10,695  | 89,696  | 112,104  | 23,588  | 508  | 1,558  | 299  | 44\n20-24  | 19,090  | 37,177  | 99,661  | 58,909  | 6,185  | 9,498  | 6,019  | 212\n25-29  | 13,757  | 31,278  | 81,909  | 53,019  | 7,263  | 9,035  | 16,294  | 3,840\n30-34  | 13,753  | 25,656  | 73,216  | 39,969  | 4,886  | 3,161  | 15,520  | 2,764\n35-39  | 13,030  | 24,926  | 55,816  | 30,999  | 3,497  | 2,582  | 10,831  | 3,290\n40-44  | 16,042  | 24,602  | 38,462  | 26,786  | 3,508  | 1,605  | 7,284  | 2,603\n45-49  | 12,509  | 24,743  | 27,780  | 18,883  | 1,180  | 896  | 6,752  | 2,663\n50-54  | 12,594  | 22,360  | 20,641  | 10,810  | 891  | 582  | 5,529  | 2,522\n55-59  | 12,754  | 19,927  | 13,654  | 5,487  | 825  | 848  | 4,064  | 1,712\n60-64  | 13,832  | 14,578  | 8,006  | 2,764  | 584  | 459  | 2,135  | 1,570\n65+  | 49,043  | 31,213  | 10,033  | 3,415  | 775  | 389  | 2,886  | 702\n**Total** | **187,100** | **346,157** | **541,281** | **274,628** | **30,101** | **30,612** | **77,615** | **21,922**\n\nThe table below shows the 2018 Namibia Labour Force Survey employment\nstatistics by education. Employment rates in Namibia generally increase with\neducation status. A high school education typically ensures greater employment\nrates than those with no education or those with primary or junior secondary\neducation as their highest achievement.\n\nThose currently in their first, second or third year of higher education have\nthe lowest employment rates, although it is not as common for students to\nactively pursue work given their attention on education. Namibians with a\nuniversity certificate, diploma or degree have a significantly higher\nemployment rate at 76.4%, while postgraduate education holders are most likely\nto be employed with an employment rate of 83.8% in 2018.\n\n| No education  | Primary  | Junior secondary  | Senior secondary  | Technical/vocational certificate or diploma  | Currently in year 1, 2 or 3 of tertiary education  | University certificate, diploma or degree  | Postgraduate certificate, diploma or degree\n---|---|---|---|---|---|---|---|---\nTotal  | 187,100  | 346,157  | 541,281  | 274,628  | 30,101  | 30,612  | 77,615  | 21,922\nEmployed  | 85,352  | 146,089  | 229,259  | 146,874  | 16,292  | 12,595  | 59,328  | 18,378\n**% Employed** | **45.6%** | **42.2%** | **42.4%** | **53.5%** | **54.1%** | **41.1%** | **76.4%** | **83.8%**\n\nNamibians in the informal sector as well as in low-paid jobs like homemakers,\ngardeners or factory workers are unlikely to be covered by medical aid or a\npension fund. All in all only a quarter or the working population have medical\naid, and about half have a pension fund.\n\nNamibia's largest trade union federation, the National Union of Namibian\nWorkers (NUNW) represents workers organised into seven affiliated trade\nunions. NUNW maintains a close affiliation with the ruling SWAPO party."
  },
  {
    "chapter_name": "Economy of Namibia",
    "chapter_id": "1",
    "section_number": "6",
    "section_name": "Household wealth and income",
    "text": "In the financial year March 2009 – February 2010, every Namibian earned 15,000\nN$ (roughly 2,000 US$) on average. Household income was dominated by wages\n(49.1%) and subsistence farming (23%), with further significant sources of\nincome being business activities (8.1%, farming excluded), old-age pensions\nfrom government (9.9%), and cash remittance (2.9%). Commercial farming only\ncontributed 0.6%.\n\nEvery Namibian resident had on average 10,800 US$ of wealth accumulated in\n2016, putting Namibia on third place in Africa. Individual wealth is, however,\ndistributed very unequally; the country's Gini coefficient of 0.61 is one of\nthe highest in the world. There are 3,300 US$-millionaires in Namibia, 1,400\nof which live in the capital Windhoek."
  },
  {
    "chapter_name": "Economy of Namibia",
    "chapter_id": "1",
    "section_number": "7",
    "section_name": "Namibian businesspeople",
    "text": "* Benjamin Hauwanga\n* Frans Indongo\n* Monica Kalondo\n* Harold Pupkewitz (1915–2012)\n* Wilhelm Sander (1860–1930)\n* Sven Thieme"
  }
]