[
  {
    "chapter_name": "Economy of Brazil",
    "chapter_id": "1",
    "section_number": "1",
    "section_name": "Introduction",
    "text": "The **economy of Brazil** is the largest in Latin America and the Southern\nHemisphere in nominal terms. As of 2024, the Brazilian economy is the third\nlargest in the Americas in nominal terms, and second largest in purchasing\npower parity. It is an upper-middle income developing economy. In 2024,\naccording to International Monetary Fund (IMF), Brazil had the 10th largest\nnominal gross domestic product in the world, but the 7th largest purchasing\npower parity GDP in the world. In 2024, according to _Forbes_ , Brazil was the\n7th largest country in the world by number of billionaires. Brazil is one of\nthe ten chief industrial states in the world according to International Labour\nOrganization. According to the International Monetary Fund (IMF), Brazil's\nnominal GDP was US$2.331 trillion; the country has a long history of being\namong the largest economies in the world and the GDP per capita was US$11,178\nper inhabitant.\n\nThe country is rich in natural resources. From 2000 to 2012, Brazil was one of\nthe fastest-growing major economies in the world, with an average annual GDP\ngrowth rate of over 5%. Its GDP surpassed that of the United Kingdom in 2012,\ntemporarily making Brazil the world's sixth-largest economy. However, Brazil's\neconomic growth decelerated in 2013 and the country entered a recession in\n2014. The economy started to recover in 2017, with a 1% growth in the first\nquarter, followed by a 0.3% growth in the second quarter compared to the same\nperiod of the previous year. It officially exited the recession.\n\nAccording to the World Economic Forum, Brazil was the top country in upward\nevolution of competitiveness in 2009, gaining eight positions among other\ncountries, overcoming Russia for the first time, and partially closing the\ncompetitiveness gap with India and China among the BRICS economies. Important\nsteps taken since the 1990s toward fiscal sustainability, as well as measures\ntaken to liberalize and open the economy, have significantly boosted the\ncountry's competitiveness fundamentals, providing a better environment for\nprivate-sector development.\n\nBrazil is a member of diverse economic organizations, such as Mercosur,\nProsur, G8+5, G20, WTO, Paris Club, Cairns Group, and is advanced to be a\npermanent member of the OECD.\n\nFrom a colony focused on primary sector goods (sugar, gold and cotton), Brazil\nmanaged to create a diversified industrial base during the 20th century. The\nsteel industry is a prime example of that, with Brazil being the 9th largest\nsteel producer in 2018, and the 5th largest steel net exporter in 2018. Gerdau\nis the largest producer of long steel in the Americas, and Vale is the largest\nproducer of iron ore in the world. Petrobras, the Brazilian oil and gas\ncompany, is the most valuable company in Latin America."
  },
  {
    "chapter_name": "Economy of Brazil",
    "chapter_id": "1",
    "section_number": "1",
    "section_name": "History",
    "text": "When the Portuguese explorers arrived in the 16th century, the native tribes\nof current-day Brazil totaled about 2.5 million people and had lived virtually\nunchanged since the Stone Age. From Portugal's colonization of Brazil\n(1500–1822) until the late 1930s, the Brazilian economy relied on the\nproduction of primary products for exports.\n\nIn the Portuguese Empire, Brazil was a colony subjected to an imperial\nmercantile policy, which had three main large-scale economic production cycles\n– sugar, gold and from the early 19th century on, coffee. The economy of\nBrazil was heavily dependent on African slave labor until the late 19th\ncentury (about 3 million imported African slaves in total). In that period\nBrazil was also the colony with the largest number of European settlers, most\nof them Portuguese (including Azoreans and Madeirans) but also some Dutch (see\nDutch Brazil), Spaniards, English, French, Germans, Flemish, Danish, Scottish\nand Sephardic Jews.\n\nSubsequently, Brazil experienced a period of strong economic and demographic\ngrowth accompanied by mass immigration from Europe, mainly from Portugal\n(including the Azores and Madeira), Italy, Spain, Germany, Poland, Ukraine,\nSwitzerland, Austria and Russia. Smaller numbers of immigrants also came from\nthe Netherlands, France, Finland, Iceland and the Scandinavian countries,\nLithuania, Belgium, Bulgaria, Hungary, Greece, Latvia, England, Ireland,\nScotland, Croatia, Czech Republic, Malta, North Macedonia and Luxembourg, the\nMiddle East (mainly from Lebanon, Syria and Armenia), Japan, the United States\nand South Africa, until the 1930s. In fact, international mass immigration to\nBrazil during the 19th century had positive effects on the country's human\ncapital development. Immigrants usually exhibited better formal and informal\ntraining than native Brazilians and tended to have more entrepreneurial\nspirit. Their arrival was beneficial for the region, not only because of the\nskills and knowledge they brought to the country themselves, but also because\nof spillover effects of their human capital to the native Brazilian\npopulation. Human capital spillover effects were strongest in regions with the\nhighest numbers of immigrants, and the positive effects are still observable\ntoday, in some regions.\n\nIn 2007, with a population of over 190 million and abundant natural resources,\nBrazil is one of the ten largest markets in the world, producing tens of\nmillions of tons of steel, 26 million tons of cement, 3.5 million television\nsets, and 3 million refrigerators. In addition, about 70 million cubic meters\nof petroleum were being processed annually into fuels, lubricants, propane\ngas, and a wide range of hundreds of petrochemicals.\n\nBrazil has at least 161,500 kilometers of paved roads, more than 150 gigawatts\nof installed electric power capacity and its real per capita GDP surpassed\nUS$9,800 in 2017. Its industrial sector accounts for three-fifths of the South\nAmerican economy's industrial production. The country's scientific and\ntechnological development is argued to be attractive to foreign direct\ninvestment, in 2019, Brazil occupied the 4th largest destination for foreign\ninvestments, behind only the United States, China and Singapore.\n\nThe agricultural sector, locally called the _agronegócio_ (agro-business), has\nalso been dynamic: for two decades this sector has kept Brazil among the most\nhighly productive countries in areas related to the rural sector. The\nagricultural sector and the mining sector also supported trade surpluses which\nallowed for massive currency gains (rebound) and external debt paydown. Due to\na downturn in Western economies, Brazil found itself in 2010 trying to halt\nthe appreciation of the real.\n\nOne of the most important corruption cases in Brazil concerns the company\nOdebrecht. Since the 1980s, Odebrecht has spent several billion dollars in the\nform of bribes to bribe parliamentarians to vote in favour of the group. At\nthe municipal level, Odebrecht's corruption was aimed at \"stimulating\nprivatisations\", particularly in water and sewer management."
  },
  {
    "chapter_name": "Economy of Brazil",
    "chapter_id": "1",
    "section_number": "2",
    "section_name": "Data",
    "text": "Brazilian bonds had an Inverted yield curve in August 2014 when the 1 year\nbond got above the 10 year bond\n\n10 year bond\n\n5 year bond\n\n1 year bond\n\nBrazil Inflation 1981-1995 | Brazil inflation 1996-2022\n---|---\n\nThe following table shows the main economic indicators in 1980–2023 (with IMF\nestimates for 2024–2028). Inflation below 5% is in green.\n\nYear  | GDP\n(in bn. US$PPP)  | GDP per capita\n(in US$ PPP)  | GDP\n(in bn. US$ nominal)  | GDP per capita\n(in US$ nominal)  | GDP growth\n(real)  | Inflation rate\n(in Percent)  | Unemployment\n(in Percent)  | Government debt\n(in % of GDP)\n---|---|---|---|---|---|---|---|---\n1980  | 570.5  | 4,811.9  | 145.8  | 1,203.6  | 9.2%  | 90.2%  | n/a  | n/a\n1981  | 597.0  | 4,925.3  | 167.6  | 1,353.0  | −4.4%  | 101.7%  | n/a  | n/a\n1982  | 637.7  | 5,147.3  | 179.2  | 1,415.3  | 0.6%  | 100.6%  | n/a  | n/a\n1983  | 640.1  | 5,057.3  | 143.7  | 1,110.7  | −3.4%  | 135.0%  | n/a  | n/a\n1984  | 698.4  | 5,402.7  | 143.0  | 1,082.2  | 5.3%  | 192.1%  | n/a  | n/a\n1985  | 777.4  | 5,890.6  | 226.9  | 1,682.8  | 7.9%  | 226.0%  | n/a  | n/a\n1986  | 852.9  | 6,334.2  | 263.3  | 1,913.3  | 7.5%  | 147.1%  | n/a  | n/a\n1987  | 905.5  | 6,596.4  | 286.5  | 2,042.9  | 3.6%  | 228.3%  | n/a  | n/a\n1988  | 939.9  | 6,722.2  | 320.1  | 2,240.5  | 0.3%  | 629.1%  | n/a  | n/a\n1989  | 1,008.0  | 7,083.3  | 439.4  | 3,022.0  | 3.2%  | 1430.7%  | n/a  | n/a\n1990  | 1,002.1  | 6,836.1  | 455.3  | 3,108.8  | −4.2%  | 2947.7%  | n/a  | n/a\n1991  | 1,046.7  | 7,020.5  | 399.2  | 2,717.5  | 1.0%  | 432.8%  | 10.1%  | n/a\n1992  | 1,065.6  | 7,031.3  | 382.5  | 2,561.1  | −0.5%  | 952.0%  | 11.6%  | n/a\n1993  | 1,141.7  | 7,414.4  | 429.2  | 2,828.5  | 4.7%  | 1927.4%  | 11.0%  | n/a\n1994  | 1,228.3  | 7,852.0  | 546.8  | 3,547.0  | 5.3%  | 2075.8%  | 10.5%  | n/a\n1995  | 1,309.4  | 8,364.1  | 770.9  | 4,923.9  | 4.4%  | 66.0%  | 9.9%  | n/a\n1996  | 1,362.9  | 8,457.1  | 851.1  | 5,281.7  | 2.2%  | 15.8%  | 11.2%  | n/a\n1997  | 1,433.4  | 8,757.6  | 883.9  | 5,400.0  | 3.4%  | 6.9%  | 11.6%  | n/a\n1998  | 1,454.5  | 8,749.7  | 864.3  | 5,199.5  | 0.3%  | 3.2%  | 14.7%  | n/a\n1999  | 1,481.9  | 8,816.5  | 599.6  | 3,567.6  | 0.5%  | 4.9%  | 14.7%  | n/a\n2000  | 1,581.9  | 9,328.0  | 655.5  | 3,864.9  | 4.4%  | 7.0%  | 13.9%  | 65.6%\n2001  | 1,640.1  | 9,536.6  | 560.0  | 3,256.2  | 1.4%  | 6.8%  | 12.5%  | 70.1%\n2002  | 1,716.5  | 9,852.9  | 509.8  | 2,926.3  | 3.1%  | 8.5%  | 13.0%  | 78.8%\n2003  | 1,770.3  | 10,037.8  | 558.2  | 3,165.2  | 1.1%  | 14.7%  | 13.7%  | 73.8%\n2004  | 1,922.6  | 10,772.3  | 669.3  | 3,750.1  | 5.8%  | 6.6%  | 12.9%  | 70.1%\n2005  | 2,046.3  | 11,334.1  | 891.6  | 4,938.5  | 3.2%  | 6.9%  | 11.4%  | 68.6%\n2006  | 2,193.1  | 12,012.3  | 1,107.6  | 6,067.0  | 4.0%  | 4.2%  | 11.5%  | 65.8%\n2007  | 2,389.0  | 12,949.0  | 1,397.1  | 7,572.6  | 6.1%  | 3.6%  | 10.9%  | 64.1%\n2008  | 2,558.9  | 13,726.5  | 1,695.9  | 9,096.9  | 5.1%  | 5.7%  | 9.4%  | 62.3%\n2009  | 2,572.1  | 13,638.5  | 1,669.2  | 8,851.1  | −0.1%  | 4.9%  | 9.7%  | 65.5%\n2010  | 2,798.9  | 14,672.8  | 2,208.7  | 11,578.7  | 7.5%  | 5.0%  | 8.5%  | 63.0%\n2011  | 2,970.6  | 15,491.0  | 2,614.0  | 13,631.4  | 4.0%  | 6.6%  | 7.8%  | 61.2%\n2012  | 2,998.5  | 15,555.6  | 2,464.1  | 12,782.8  | 1.9%  | 5.4%  | 7.4%  | 62.2%\n2013  | 3,133.9  | 16,168.6  | 2,471.7  | 12,752.3  | 3.0%  | 6.2%  | 7.2%  | 60.2%\n2014  | 3,187.2  | 16,352.3  | 2,456.1  | 12,601.3  | 0.5%  | 6.3%  | 6.9%  | 62.3%\n2015  | 3,014.8  | 15,379.9  | 1,800.0  | 9,183.0  | −3.5%  | 9.0%  | 8.6%  | 72.6%\n2016  | 2,939.1  | 14,915.4  | 1,796.6  | 9,117.6  | −3.3%  | 8.7%  | 11.7%  | 78.3%\n2017  | 3,018.7  | 15,242.7  | 2,063.5  | 10,419.6  | 1.3%  | 3.4%  | 12.9%  | 83.6%\n2018  | 3,146.4  | 15,805.9  | 1,916.9  | 9,629.6  | 1.8%  | 3.7%  | 12.4%  | 85.6%\n2019  | 3,241.9  | 16,176.0  | 1,873.3  | 9,364.2  | 1.2%  | 3.7%  | 12.0%  | 87.1%\n2020  | 3,335.9  | 16,063.9  | 1,476.1  | 7,057.5  | −3.3%  | 3.2%  | 13.8%  | 96.0%\n2021  | 3,787.7  | 18,028.3  | 1,670.6  | 7,952.6  | 5.0%  | 8.3%  | 13.2%  | 90.1%\n2022  | 4,180.2  | 19,824.7  | 1,951.0  | 9,256.3  | 3.0%  | 9.4%  | 9.3%  | 85.3%\n2023  | 4,456.6  | 21,052.9  | 2,173.8  | 10,268.0  | 3.2%  | 3.7%  | 8.3%  | 88.0%\n2024  | 4,702.0  | 22,123.5  | 2,188.4  | 10,296.2  | 3.5%  | 3.4%  | 8.2%  | 90.3%\n2025  | 4,890.9  | 22,928.1  | 2,307.1  | 10,816.8  | 2.2%  | 3.3%  | 8.1%  | 92.4%\n2026  | 5,094.0  | 23,799.3  | 2,444.9  | 11,423.8  | 2.3%  | 3.0%  | 8.1%  | 93.9%\n2027  | 5,309.5  | 24,728.8  | 2,571.5  | 11,977.4  | 2.4%  | 3.0%  | 8.0%  | 95.0%\n2028  | 5,539.3  | 25,724.6  | 2,709.5  | 12,583.1  | 2.5%  | 3.0%  | 7.9%  | 96.0%\n2029  | 5,780.4  | 26,771.9  | 2,854.9  | 13,222.9  | 2.5%  | 3.0%  | 7.2%  | 98.0%"
  },
  {
    "chapter_name": "Economy of Brazil",
    "chapter_id": "1",
    "section_number": "3",
    "section_name": "Components",
    "text": "The service sector is the largest component of the gross domestic product\n(GDP) at 67.0 percent, followed by the industrial sector at 27.5 percent.\nAgriculture represents 5.5 percent of GDP (2011). The Brazilian labor force is\nestimated at 100.77 million of which 10 percent is occupied in agriculture, 19\npercent in the industry sector and 71 percent in the service sector."
  },
  {
    "chapter_name": "Economy of Brazil",
    "chapter_id": "1",
    "section_number": "3.1",
    "section_name": "Agricultural sector",
    "text": "Agriculture production  Main products  | Coffee, soybeans, wheat, rice, corn, sugarcane, cocoa, citrus; beef\n---|---\nLabor force  | 15.7% of total labor force\nGDP of sector  | 5.9% of total GDP\nCombine harvester on a plantation Economic activity in Brazil (1977).\n\nBrazil is the world's largest producer of sugarcane, soy, coffee, orange,\nguaraná, açaí and Brazil nut; is one of the top 5 producers of maize, papaya,\ntobacco, pineapple, banana, cotton, beans, coconut, watermelon and lemon; is\none of the top 10 world producers of cocoa, cashew, avocado, tangerine,\npersimmon, mango, guava, rice, sorghum and tomato; and is one of the top 15\nworld producers of grape, apple, melon, peanut, fig, peach, onion, palm oil\nand natural rubber.\n\nIn the production of animal proteins, Brazil is today one of the largest\ncountries in the world. In 2019, the country was the world's largest exporter\nof chicken meat. It was also the second largest producer of beef, the world's\nthird largest producer of milk, the world's fourth largest producer of pork\nand the seventh largest producer of eggs in the world.\n\nAgribusiness contributes to Brazil's trade balance, in spite of trade barriers\nand subsidizing policies adopted by the developed countries.\n\nIn the space of fifty five years (1950 to 2005), the population of Brazil grew\nfrom 51 million to approximately 187 million inhabitants, an increase of over\n2 percent per year. Brazil created and expanded a complex agribusiness sector.\nHowever, some of this is at the expense of the environment, including the\nAmazon.\n\nThe importance given to the rural producer takes place in the shape of the\nagricultural and cattle-raising plan and through another specific subsidy\nprogram geared towards family agriculture Programa de Fortalecimento da\nAgricultura Familiar (Pronaf), which guarantees financing for equipment and\ncultivation and encourages the use of new technology. With regards to family\nagriculture, over 800 thousand rural inhabitants are assisted by credit,\nresearch and extension programs. A special line of credit is available for\nwomen and young farmers.\n\nBrazil is the world's largest exporter of chicken meat. Farm in Southern\nBrazil.\n\nWith The Land Reform Program, on the other hand, the country's objective is to\nprovide suitable living and working conditions for families who live in areas\nallotted by the State, an initiative capable of generating jobs. Through\npartnerships, public policies and international partnerships, the government\nis working towards guaranteeing infrastructure for the settlements, following\nthe examples of schools and health outlets. The idea is that access to land\nrepresents just the first step towards the implementation of a quality land\nreform program.\n\nOver 600,000 km2 of land are divided into approximately five thousand areas of\nrural property; an agricultural area currently with three borders: the\nCentral-western region (savannah), the northern region (area of transition)\nand parts of the northeastern region (semi-arid). At the forefront of grain\ncrops, which produce over 110 million tonnes/year, is the soybean, yielding 50\nmillion tonnes.\n\nIn the cattle-raising sector, the \"green ox,\" which is raised in pastures, on\na diet of hay and mineral salts, conquered markets in Asia, Europe and the\nAmericas, particularly after the \"mad cow disease\" scare period. Brazil has\nthe largest cattle herd in the world, with 198 million heads, responsible for\nexports of more than US$1 billion/year.\n\nA pioneer and leader in the manufacture of short-fiber timber cellulose,\nBrazil has also achieved positive results within the packaging sector, in\nwhich it is the fifth largest world producer. In the foreign markets, it\nanswers for 25 percent of global exports of raw cane and refined sugar; it is\nthe world leader in soybean exports and is responsible for 80 percent of the\nplanet's orange juice, and since 2003, has had the highest sales figures for\nbeef and chicken."
  },
  {
    "chapter_name": "Economy of Brazil",
    "chapter_id": "1",
    "section_number": "3.2",
    "section_name": "Mining",
    "text": "Gold production in the area of Pantanal.\n\nIn the mining sector, Brazil stands out in the extraction of iron ore (where\nit is the world's second largest exporter), copper, gold, bauxite (one of the\n5 largest producers in the world), manganese (one of the 5 largest producers\nin the world), tin (one of the largest producers in the world), niobium\n(concentrates 98% of reserves known to the world) and nickel. In terms of\ngemstones, Brazil is the world's largest producer of amethyst, topaz, agate\nand one of the main producers of tourmaline, emerald, aquamarine, garnet and\nopal.\n\nIn 2019, Brazil's figures were as follows: it was the world's largest producer\nof niobium (88.9 thousand tons); the 2nd largest world producer of tantalum\n(430 tons); the 2nd largest world producer of iron ore (405 million tons); the\n4th largest world producer of manganese (1.74 million tons); the 4th largest\nworld producer of bauxite (34 million tons); the 4th largest world producer of\nvanadium (5.94 thousand tons); the 5th largest world producer of lithium (2.4\nthousand tons); the 6th largest world producer of tin (14 thousand tons); the\n8th largest world producer of nickel (60.6 thousand tons); the 8th largest\nworld producer of phosphate (4.7 million tons); the 12th largest world\nproducer of gold (90 tons); the 14th largest world producer of copper (360\nthousand tons); the 14th largest world producer of titanium (25 thousand\ntons); the 13th largest world producer of gypsum (3 million tons); the 3rd\nlargest world producer of graphite (96 thousand tons); the 21st largest world\nproducer of sulfur (500 thousand tons); the 9th largest world producer of salt\n(7.4 million tons); besides having had a chromium production of 200 thousand\ntons."
  },
  {
    "chapter_name": "Economy of Brazil",
    "chapter_id": "1",
    "section_number": "3.3",
    "section_name": "Industry",
    "text": "Industrial production  Main industries  | textiles, shoes, chemicals, cement, lumber, iron ore, tin, steel, aircraft, armaments, motor vehicles and parts, other machinery and equipment\n---|---\nIndustrial growth rate  | 1.1% (2018)\nLabor force  | 13.3% of total labor force\nGDP of sector  | 22.2% of total GDP\nEmbraer Legacy 600 jet manufactured by Embraer Embraer KC-390 military\ntransport aircraft. VBTP-MR Guarani armoured personnel carrier.\n\nBrazil has the second-largest manufacturing sector in the Americas. Accounting\nfor 28.5 percent of GDP, Brazil's industries range from automobiles, steel and\npetrochemicals to computers, aircraft, and consumer durables. With increased\neconomic stability provided by the Plano Real, Brazilian and multinational\nbusinesses have invested heavily in new equipment and technology, a large\nproportion of which has been purchased from U.S. firms.\n\nThe World Bank lists the main producing countries each year, based on the\ntotal production value. According to the 2019 list, Brazil has the 13th most\nvaluable industry in the world (US$173.6 billion). In the Americas, it is\nsecond only to the United States (2nd place) and Mexico (12th place). In the\nfood industry, in 2019, Brazil was the second largest exporter of processed\nfoods in the world. In 2016, the country was the 2nd largest producer of pulp\nin the world and the 8th producer of paper. In the footwear industry, in 2019,\nBrazil ranked 4th among world producers. In 2019, the country was the 8th\nproducer of vehicles and the 9th producer of steel in the world. In 2018, the\nchemical industry of Brazil was the 8th in the world. In textile industry,\nBrazil, although it was among the 5 largest world producers in 2013, is very\nlittle integrated in world trade. In the aviation sector, Brazil has Embraer,\nthe third largest aircraft manufacturer in the world, behind Boeing and\nAirbus.\n\nBrazil has a diverse and sophisticated services industry as well. During the\nearly 1990s, the banking sector accounted for as much as 16 percent of the\nGDP. Although undergoing a major overhaul, Brazil's financial services\nindustry provides local businesses with a wide range of products and is\nattracting numerous new entrants, including U.S. financial firms. On 8 May\n2008, the São Paulo Stock Exchange (Bovespa) and the São Paulo-based Brazilian\nMercantile and Futures Exchange (BM&F) merged, creating BM&F Bovespa, one of\nthe largest stock exchanges in the world. Also, the previously monopolistic\nreinsurance sector is being opened up to third-party companies. As of[update]\n31 December 2007, there were an estimated 21,304,000 broadband lines in\nBrazil. Over 75 percent of the broadband lines were via DSL and 10 percent via\ncable modems. Proven mineral resources are extensive. Large iron and manganese\nreserves are important sources of industrial raw materials and export\nearnings. Deposits of nickel, tin, chromite, uranium, bauxite, beryllium,\ncopper, lead, tungsten, zinc, gold, and other minerals are exploited. High-\nquality coking-grade coal required in the steel industry is in short supply.\n\nIn the last years, the defence industry in Brazil achieved prominence with\nexports of more than US$1 billion per year and sales abroad of high-technology\nproducts like the transport jet Embraer C-390 Millennium, the Embraer EMB 314\nSuper Tucano, a light attack aircraft, the 6×6 armoured personnel carrier\nVBTP-MR Guarani and others armaments like pistols and rifles by the company\nTaurus Armas. Embraer is one the world's top 100 defense contractors."
  },
  {
    "chapter_name": "Economy of Brazil",
    "chapter_id": "1",
    "section_number": "3.4",
    "section_name": "Creative Industries",
    "text": "The first study into the impact of the Creative Industries on the Brazilian\neconomy was published by FIRJAN. The creative economy in Latin America was\ntermed the \"Orange Economy\" in a publication released by the Inter-American\nDevelopment Bank (IDB). This 2013 study valued Brazil's Orange Economy at\nUS$66.87 billion providing 5,280,000 jobs and responsible for US$9.414 million\nin exports, with the value of creative exports being higher than the US$8.016\nmillion value of coffee exports over the same period.\n\nLençóis Maranhenses.\n\nA 2021 study into the Intellectual Property Intensive Sectors in the Brazilian\nEconomy was undertaken as part of the National Strategy on Intellectual\nProperty 2021–2030. The study found that 450 of the 673 economic classes could\nbe classified as IP-intensive sectors that collectively employed 19.3 million\npeople. The share of GDP between 2014 and 2016 across these economic classes\namounted to R$2.1 trillion _reais_ or 44.2% of GDP over this time."
  },
  {
    "chapter_name": "Economy of Brazil",
    "chapter_id": "1",
    "section_number": "3.5",
    "section_name": "Tourism",
    "text": "In the list of world tourist destinations, in 2018, Brazil was the 48th most\nvisited country, with 6.6 million tourists (and revenues of 5.9 billion\ndollars). Tourism in South America as a whole is still underdeveloped: in\nEurope, for example, countries obtain annual tourism figures like $73.7\nbillion (Spain), receiving 82.7 million tourists or 67.3 billion (France),\nreceiving 89.4 million tourists. While Europe received 710 million tourists in\n2018, Asia 347 million and North America 142.2 million, South America received\nonly 37 million, Central America 10.8 million and the Caribbean 25.7 million."
  },
  {
    "chapter_name": "Economy of Brazil",
    "chapter_id": "1",
    "section_number": "3.6",
    "section_name": "Largest companies",
    "text": "São Paulo is the largest financial center in the country and one of the\nlargest in the world.\n\nIn 2017, 20 Brazilian companies were listed in the Forbes Global 2000 list –\nan annual ranking of the top 2000 public companies in the world by Forbes\nmagazine based on a combination of sales, assets, profit, and market value.\nThe 20 companies listed were:\n\nWorld Rank | Company | Industry | Revenue\n(billion $) | Profits\n(billion $) | Assets\n(billion $) | Market Value\n(billion $) | Headquarters\n---|---|---|---|---|---|---|---\n38 | Banco Itaú Unibanco | Banking | 61.3 | 6.7 | 419.9 | 79.2 | São Paulo\n62 | Banco Bradesco | Banking | 70.2 | 4.3 | 362.4 | 53.5 | Osasco, SP\n132 | Banco do Brasil | Banking | 57.3 | 2.3 | 430.6 | 29 | Brasília\n156 | Vale | Mining | 27.1 | 3.8 | 99.1 | 45.4 | Rio de Janeiro\n399 | Petrobras | Oil & Gas | 81.1 | −4.3 | 247.3 | 61.3 | Rio de Janeiro\n610 | Eletrobras | Utilities | 17.4 | 0.983 | 52.4 | 7.2 | Rio de Janeiro\n791 | Itaúsa | Conglomerate | 1.3 | 2.4 | 18.1 | 23 | São Paulo\n895 | JBS | Food Processing | 48.9 | 0.108 | 31.6 | 8.2 | São Paulo\n981 | Ultrapar | Conglomerate | 22.2 | 0.448 | 7.4 | 12.5 | São Paulo\n1103 | Cielo | Financial services | 3.5 | 1.1 | 9.4 | 20.9 | Barueri, SP\n1233 | Braskem | Chemicals | 13.8 | −0.136 | 15.9 | 7.9 | São Paulo\n1325 | BRF | Food processing | 9.7 | −0.107 | 13.8 | 9.3 | Itajaí, SC\n1436 | Sabesp | Waste Management | 4 | 0.846 | 11.6 | 7.4 | São Paulo\n1503 | Oi | Telecommunications | 7.5 | −2 | 25.2 | 0.952 | Rio de Janeiro\n1515 | Gerdau | Iron & Steel | 10.8 | −0.395 | 16.8 | 1.4 | Porto Alegre, RS\n1545 | CBD | Retail | 12 | 0.139 | 13.9 | 5.9 | São Paulo\n1572 | CCR | Transportation | 2.9 | 0.429 | 7.5 | 11.5 | São Paulo\n1597 | Bovespa | Stock Exchange | 0.666 | 0.415 | 9.7 | 12.8 | São Paulo\n1735 | CPFL Energia | Electricity | 5.4 | 0.258 | 13 | 8.4 | Campinas, SP\n1895 | Cogna Educação | Higher Education | 1.5 | 0.535 | 5.4 | 7.1 | Belo Horizonte, MG"
  },
  {
    "chapter_name": "Economy of Brazil",
    "chapter_id": "1",
    "section_number": "3.7",
    "section_name": "Energy",
    "text": "Wind power in Parnaíba. Pirapora Solar Complex, the largest in Brazil and\nLatin America, with a capacity of 321 MW.\n\nThe Brazilian government has undertaken an ambitious program to reduce\ndependence on imported petroleum. Imports previously accounted for more than\n70% of the country's oil needs but Brazil became self-sufficient in oil in\n2006–2007. Brazil was the 10th largest oil producer in the world in 2019, with\n2.8 million barrels / day. Production manages to supply the country's demand.\nIn the beginning of 2020, in the production of oil and natural gas, the\ncountry exceeded 4 million barrels of oil equivalent per day, for the first\ntime. In January this year, 3.168 million barrels of oil per day and 138.753\nmillion cubic meters of natural gas were extracted.\n\nItaipu Dam in Paraná.\n\nBrazil is one of the main world producers of hydroelectric power. In 2019,\nBrazil had 217 hydroelectric plants in operation, with an installed capacity\nof 98,581 MW, 60.16% of the country's energy generation. In the total\ngeneration of electricity, in 2019 Brazil reached 170,000 megawatts of\ninstalled capacity, more than 75% from renewable sources (the majority,\nhydroelectric).\n\nAngra Nuclear Power Plant in Angra dos Reis, Rio de Janeiro\n\nIn 2013, the Southeast Region used about 50% of the load of the National\nIntegrated System (SIN), being the main energy consuming region in the\ncountry. The region's installed electricity generation capacity totaled almost\n42,500 MW, which represented about a third of Brazil's generation capacity.\nThe hydroelectric generation represented 58% of the region's installed\ncapacity, with the remaining 42% corresponding basically to the thermoelectric\ngeneration. São Paulo accounted for 40% of this capacity; Minas Gerais by\nabout 25%; Rio de Janeiro by 13.3%; and Espírito Santo accounted for the rest.\nThe South Region owns the Itaipu Dam, which was the largest hydroelectric\nplant in the world for several years, until the inauguration of Three Gorges\nDam in China. It remains the second largest operating hydroelectric in the\nworld. Brazil is the co-owner of the Itaipu Plant with Paraguay: the dam is\nlocated on the Paraná River, located on the border between countries. It has\nan installed generation capacity of 14 GW for 20 generating units of 700 MW\neach. North Region has large hydroelectric plants, such as Belo Monte Dam and\nTucuruí Dam, which produce much of the national energy. Brazil's hydroelectric\npotential has not yet been fully exploited, so the country still has the\ncapacity to build several renewable energy plants in its territory.\n\nOil platform P-51 of Petrobras.\n\nAs of July 2022,[ref] according to ONS, total installed capacity of wind power\nwas 22 GW, with average capacity factor of 58%. While the world average wind\nproduction capacity factors is 24.7%, there are areas in Northern Brazil,\nspecially in Bahia State, where some wind farms record with average capacity\nfactors over 60%; the average capacity factor in the Northeast Region is 45%\nin the coast and 49% in the interior. In 2019, wind energy represented 9% of\nthe energy generated in the country. In 2019, it was estimated that the\ncountry had an estimated wind power generation potential of around 522 GW\n(this, only onshore), enough energy to meet three times the country's current\ndemand. In 2021 Brazil was the 7th country in the world in terms of installed\nwind power (21 GW), and the 4th largest producer of wind energy in the world\n(72 TWh), behind only China, USA and Germany.\n\nNuclear energy accounts for about 4% of Brazil's electricity. The nuclear\npower generation monopoly is owned by Eletronuclear (Eletrobrás Eletronuclear\nS/A), a wholly owned subsidiary of Eletrobrás. Nuclear energy is produced by\ntwo reactors at Angra. It is located at the Central Nuclear Almirante Álvaro\nAlberto (CNAAA) on the Praia de Itaorna in Angra dos Reis, Rio de Janeiro. It\nconsists of two pressurized water reactors, Angra I, with capacity of 657 MW,\nconnected to the power grid in 1982, and Angra II, with capacity of 1,350 MW,\nconnected in 2000. A third reactor, Angra III, with a projected output of\n1,350 MW, is planned to be finished.\n\nAs of October 2022,[ref] according to ONS, total installed capacity of\nphotovoltaic solar was 21 GW, with average capacity factor of 23%. Some of the\nmost irradiated Brazilian States are MG (\"Minas Gerais\"), BA (\"Bahia\") and GO\n(Goiás), which have indeed world irradiation level records. In 2019, solar\npower represented 1,27% of the energy generated in the country. In 2021,\nBrazil was the 14th country in the world in terms of installed solar power (13\nGW), and the 11th largest producer of solar energy in the world (16.8 TWh).\n\nIn 2020, Brazil was also the 2nd largest country in the world in the\nproduction of energy through biomass (energy production from solid biofuels\nand renewable waste), with 15,2 GW installed.\n\nTotal energy consumption in Terrawatt-hours (TWh)  1970  | 1980  | 1990  | 2000  | 2010  | 2020  | 2023\n---|---|---|---|---|---|---\n453  | 1,153  | 1,566  | 2,357  | 3,185  | 3,394  | 3,854\nPer capita energy consumption in Kilowatt-hours (KWh)\n4,704  | 9,430  | 10,391  | 13,400  | 16,221  | 15,921  | 17,806\nOil production in Terrawatt-hours (TWh)\n102  | 115  | 397  | 780  | 1,298  | 1,853  | 2,136"
  },
  {
    "chapter_name": "Economy of Brazil",
    "chapter_id": "1",
    "section_number": "3.8",
    "section_name": "Transport",
    "text": "Rio–Niterói Bridge. The São Paulo–Guarulhos International Airport is connected\nwith the São Paulo Metro. Port of Santos, one of the 40 largest and busiest\nports in the world.\n\nTransport in Brazil is basically carried out using the road mode, the most\ndeveloped in the region. There is also a considerable infrastructure of ports\nand airports. The railway and fluvial sector, although it has potential, is\nusually treated in a secondary way.\n\nBrazil has more than 1.7 million km of roads, of which 215,000 km are paved,\nand about 17,000 km are divided highways. The two most important highways in\nthe country are BR-101 and BR-116. Due to the Andes Mountains, Amazon River\nand Amazon Forest, there have always been difficulties in implementing\ntranscontinental or bioceanic highways. Practically the only route that\nexisted was the one that connected Brazil to Buenos Aires, in Argentina and\nlater to Santiago, in Chile. However, in recent years, with the combined\neffort of South American countries, new routes have started to emerge, such as\nBrazil-Peru (Interoceanic Highway), and a new highway between Brazil,\nParaguay, northern Argentina and northern Chile (Bioceanic Corridor).\n\nThere are more than 2,000 airports in Brazil. The country has the second\nlargest number of airports in the world, behind only the United States. São\nPaulo International Airport, located in the Metropolitan Region of São Paulo,\nis the largest and busiest in the country – the airport connects São Paulo to\npractically all major cities around the world. Brazil has 44 international\nairports, such as those in Rio de Janeiro, Brasília, Belo Horizonte, Porto\nAlegre, Florianópolis, Cuiabá, Salvador, Recife, Fortaleza, Belém and Manaus,\namong others. The 10 busiest airports in South America in 2017 were: São\nPaulo-Guarulhos (Brazil), Bogotá (Colombia), São Paulo-Congonhas (Brazil),\nSantiago (Chile), Lima (Peru), Brasília (Brazil), Rio de Janeiro (Brazil),\nBuenos Aires-Aeroparque (Argentina), Buenos Aires-Ezeiza (Argentina), and\nMinas Gerais (Brazil).\n\nAbout ports, Brazil has some of the busiest ports in South America, such as\nPort of Santos, Port of Rio de Janeiro, Port of Paranaguá, Port of Itajaí,\nPort of Rio Grande, Port of São Francisco do Sul and Suape Port. The 15\nbusiest ports in South America are: Port of Santos (Brazil), Port of Bahia de\nCartagena (Colombia), Callao (Peru), Guayaquil (Ecuador), Buenos Aires\n(Argentina), San Antonio (Chile), Buenaventura (Colombia), Itajaí (Brazil),\nValparaíso (Chile), Montevideo (Uruguay), Paranaguá (Brazil), Rio Grande\n(Brazil), São Francisco do Sul (Brazil), Manaus (Brazil) and Coronel (Chile).\n\nThe Brazilian railway network has an extension of about 30,000 kilometers. It\nis basically used for transporting ores.\n\nAmong the main Brazilian waterways, two stand out: Hidrovia Tietê-Paraná\n(which has a length of 2,400 km, 1,600 on the Paraná River and 800 km on the\nTietê River, draining agricultural production from the states of Mato Grosso,\nMato Grosso do Sul, Goiás and part of Rondônia, Tocantins and Minas General)\nand Hidrovia do Solimões-Amazonas (it has two sections: Solimões, which\nextends from Tabatinga to Manaus, with approximately 1600 km, and Amazonas,\nwhich extends from Manaus to Belém, with 1650 km.\n\nAlmost entirely passenger transport from the Amazon basin is done by this\nwaterway, in addition to practically all cargo transportation that is directed\nto the major regional centers of Belém and Manaus). In Brazil, this transport\nis still underutilized: the most important waterway stretches, from an\neconomic point of view, are found in the Southeast and South of the country.\nIts full use still depends on the construction of locks, major dredging works\nand, mainly, of ports that allow intermodal integration."
  },
  {
    "chapter_name": "Economy of Brazil",
    "chapter_id": "1",
    "section_number": "4",
    "section_name": "Exports and imports",
    "text": "Brazil is the largest producer and exporter of soybeans in the world. Farm in\nSouthern Brazil. Brazil is the largest producer and exporter of coffee in the\nworld. Brazilian coffee farmer producing. Museu do Amanhã, Rio de Janeiro.\nRecife with its skyscrapers."
  },
  {
    "chapter_name": "Economy of Brazil",
    "chapter_id": "1",
    "section_number": "4.1",
    "section_name": "Trade statistics",
    "text": "Year  | Goods exports\n(billion US$) | Goods imports\n(in billion US$) | Net trade\n(in billion US$)\n---|---|---|---\n2023  | $343.8  | $241.5  | $92.8\n2020  | $210.7  | $175.0  | $35.7\n2015  | $189.9  | $172.5  | $17.4\n2010  | $201.2  | $182.8  | $18.4\n2000  | $55.2  | $57.0  | −$1.8\n1990  | $31.4  | $20.7  | $10.8\n1980  | $20.1  | $23.0  | −$2.8"
  },
  {
    "chapter_name": "Economy of Brazil",
    "chapter_id": "1",
    "section_number": "4.2",
    "section_name": "Products",
    "text": "Brazil was the 25th largest exporter in the world in 2020, with 1.1% of the\nglobal total.\n\nIn 2021, Brazil exported US$280.4 billion and imported US$219.4 billion, with\na surplus of US$61 billion.\n\nThe country's top ten export products were:\n\n* Iron ore: US$42.2 billion\n* Soy: US$37.3 billion\n* Crude petroleum oils: US$27.4 billion\n* Sugar: US$8.5 billion\n* Beef: US$7.4 billion\n* Soybean meal: US$7.2 billion\n* Petroleum fuel oils: US$6.6 billion\n* Manufacturing Industry: US$6.4 billion\n* Chicken meat: US$6.3 billion\n* Cellulose: US$6.1 billion\n\nThe country also exports maize, coffee, cotton, tobacco, orange juice,\nfootwear, airplanes, helicopters, cars, vehicle parts, gold, ethanol, semi-\nfinished iron, among others."
  },
  {
    "chapter_name": "Economy of Brazil",
    "chapter_id": "1",
    "section_number": "4.3",
    "section_name": "Exports",
    "text": "The main countries to which Brazil exports in 2021 were:\n\n* China: US$87.6 billion (31.28%)\n* United States: US$31.1 billion (11.09%)\n* Argentina: US$11.8 billion (4.24%)\n* Netherlands: US$9.3 billion (3.32%)\n* Chile: US$6.9 billion (2.50%)\n* Singapore: US$5.8 billion (2.10%)\n* Mexico: US$5.5 billion (1.98%)\n* Germany: US$5.5 billion (1.97%)\n* Japan: US$5.5 billion (1.97%)\n* Spain: US$5.4 billion (1.94%)\n\nThe country's export model, until today, is excessively based on exports of\nbasic or semi-manufactured products, generating criticism, since such model\ngenerates little monetary value, which prevents further growth in the country\nin the long run. There are several factors that cause this problem, the main\nones being: the excessive collection of taxes on production (due to the\ncountry's economic and legislative model being based on State Capitalism and\nnot on Free-Market Capitalism), the lack or deficiency of infrastructure\n(means of transport such as roads, railways and ports that are insufficient or\nweak for the country's needs, bad logistics and excessive bureaucracy) for\nexport, high production costs (expensive energy, expensive fuel, expensive\nmaintenance of trucks, expensive loan rates and bank financing for production,\nexpensive export rates), the lack of an industrial policy, the lack of focus\non adding value, the lack of aggressiveness in international negotiations, in\naddition to abusive tariff barriers imposed by other countries on the\ncountry's exports. Because of this, Brazil has never been very prominent in\ninternational trade.\n\nDue to its size and potential, it would be able to be among the 10 largest\nexporters in the world, however, its participation in global commercial\ntransactions usually oscillates between 0.5 and 2% only. In 2019, among the\nten products that Brazil exports the most and that generate the most value,\neight come from the agribusiness. Although still modest, the country's exports\nhave evolved, and today they are more diversified than they were in the past.\nAt the beginning of the 20th century, 70% of Brazilian exports were restricted\nto coffee. Overall, however, global trade still concentrates its few exports\non low-tech products (mainly agricultural and mineral commodities) and,\ntherefore, with low added value."
  },
  {
    "chapter_name": "Economy of Brazil",
    "chapter_id": "1",
    "section_number": "4.4",
    "section_name": "Imports",
    "text": "The main countries from which Brazil imports in 2021 were:\n\n* China: US$47.6 billion (21.72%)\n* United States: US$39.3 billion (17.95%)\n* Argentina: US$11.9 billion (5.45%)\n* Germany: US$11.3 billion (5.17%)\n* India: US$6.7 billion (3.07%)\n* Russia: US$5.7 billion (2.60%)\n* Italy: US$5.4 billion (2.50%)\n* Japan: US$5.1 billion (2.35%)\n* South Korea: US$5.1 billion (2.33%)\n* France: US$4.8 billion (2.19%)"
  },
  {
    "chapter_name": "Economy of Brazil",
    "chapter_id": "1",
    "section_number": "5",
    "section_name": "Economic status",
    "text": "Statistical table  Inflation (IPCA)\n---\n2002  | 12.53%\n2003  | 9.30%\n2004  | 7.60%\n2005  | 5.69%\n2006  | 3.14%\n2007  | 4.46%\n2008  | 5.91%\n2009  | 4.31%\n2010  | 5.90%\n2011  | 6.50%\n2012  | 5.84%\n2013  | 5.91%\n2014  | 6.41%\n2015  | 10.67%\n2016  | 6.29%\n2017  | 2.95%\n2018  | 3.75%\n2019  | 4.31%\n2020  | 4.52%\n2021  | 10.06%\n2022  | 5,79%\nSource:\nAverage GDP growth rate 1950–2029\n1950–59  | 7.1%\n1960–69  | 6.1%\n1970–79  | 8.9%\n1980–89  | 3.0%\n1990–99  | 1.7%\n2000–09  | 3.3%\n2010–19  | 1.4%\n2020-29  | 2.3%\nSource:"
  },
  {
    "chapter_name": "Economy of Brazil",
    "chapter_id": "1",
    "section_number": "5.1",
    "section_name": "Sustainable growth",
    "text": "Portuguese explorers arrived in 1500, but it was only in 1808 that Brazil\nobtained a permit from the Portuguese colonial government to set up its first\nfactories and manufacturers. In the 21st century, Brazil became the eighth\nlargest economy in the world. Originally, its exports were basic raw and\nprimary goods, such as sugar, rubber and gold. Today, 84% of exports are of\nmanufactured and semi-manufactured products.\n\nThe period of great economic transformation and growth occurred between 1875\nand 1975.\n\nIn the last decade, domestic production increased by 32.3%. Agribusiness\n(agriculture and cattle-raising), which grew by 47% or 3.6% per year, was the\nmost dynamic sector – even after having weathered international crises that\ndemanded constant adjustments to the Brazilian economy. The Brazilian\ngovernment also launched a program for economic development acceleration\ncalled Programa de Aceleração do Crescimento, aiming to spur growth.\n\nBrazil's transparency rank in the international world is 75th according to\nTransparency International."
  },
  {
    "chapter_name": "Economy of Brazil",
    "chapter_id": "1",
    "section_number": "5.2",
    "section_name": "Control and reform",
    "text": "Among measures recently adopted to balance the economy, Brazil carried out\nreforms to its social security (state and retirement pensions) and tax\nsystems. These changes brought with them a noteworthy addition: a Law of\nFiscal Responsibility which controls public expenditure by the executive\nbranches at federal, state and municipal levels. At the same time, investments\nwere made towards administration efficiency and policies were created to\nencourage exports, industry and trade, thus creating \"windows of opportunity\"\nfor local and international investors and producers.\n\nWith these alterations in place, Brazil has reduced its vulnerability: it does\nnot import the oil it consumes; it has halved its domestic debt through\nexchange rate-linked certificates and has seen exports grow, on average, by\n20% a year. The exchange rate does not put pressure on the industrial sector\nor inflation (at 4% a year), and does away with the possibility of a liquidity\ncrisis. As a result, the country, after 12 years, has achieved a positive\nbalance in the accounts which measure exports/imports, plus interest payments,\nservices and overseas payment. Thus, respected economists say that the country\nwill not be deeply affected by the current world economic crisis.\n\nIn 2017, President Michel Temer refused to make public the list of companies\naccused of \"modern slavery\". The list, made public yearly since the presidency\nof Luís Inácio Lula da Silva in 2003, was intended to persuade companies to\nsettle their fines and conform to labor regulations, in a country where\ncorruption of the political class risked compromising respect for the law. The\nrelations of the president-in-office with the \"landowner lobby\" were denounced\nby dismissed President Dilma Rousseff on this occasion.\n\nCentral business district of Rio de Janeiro."
  },
  {
    "chapter_name": "Economy of Brazil",
    "chapter_id": "1",
    "section_number": "5.3",
    "section_name": "Consistent policies",
    "text": "Support for the productive sector has been simplified at all levels; active\nand independent, Congress and the Judiciary Branch carry out the evaluation of\nrules and regulations. Among the main measures taken to stimulate the economy\nare the reduction of up to 30 percent on manufactured products tax (IPI), and\nthe investment of $8 billion on road cargo transportation fleets, thus\nimproving distribution logistics. Further resources guarantee the propagation\nof business and information telecenters.\n\nThe policy for industry, technology and foreign trade, at the forefront of\nthis sector, for its part, invests $19.5 billion in specific sectors,\nfollowing the example of the software and semiconductor, pharmaceutical and\nmedicine product, and capital goods sectors."
  },
  {
    "chapter_name": "Economy of Brazil",
    "chapter_id": "1",
    "section_number": "5.4",
    "section_name": "Mergers and acquisitions",
    "text": "Between 1985 and 2017, 11,563 mergers & acquisitions with a total known value\nof US$1,185 billion with the involvement of Brazilian firms were announced.\nThe year 2010 was a new record in terms of value with $115 billion of\ntransactions. It is worth noticing, that in the top 100 deals by value there\nare only four cases of Brazilian companies acquiring a foreign company. This\nreflects the strong interest in the country from a direct investment\nperspective.\n\nHere is a list of the largest deals where Brazilian companies took on either\nthe role of the acquiror or the target:\n\nDate Announced  | Acquiror Name  | Acquiror Mid Industry  | Acquiror Nation  | Target Name  | Target Mid Industry  | Target Nation  | Value of Transaction ($mil)\n---|---|---|---|---|---|---|---\n9 January 2010  | Petrobras | Oil & Gas  | Brazil  | Brazil-Oil & Gas Blocks  | Oil & Gas  | Brazil  | 42,877.03\n20 February 2017  | Vale SA | Metals & Mining  | Brazil  | Valepar SA  | Metals & Mining  | Brazil  | 20,956.66\n8 November 2006  | Cia Vale do Rio Doce SA  | Metals & Mining  | Brazil  | Inco Ltd  | Metals & Mining  | Canada  | 17,150.30\n20 February 2008  | BM&F | Brokerage  | Brazil  | Bovespa Holding SA  | Brokerage  | Brazil  | 10,309.09\n13 January 2000  | Telefónica SA  | Telecommunications Services  | Spain  | Telecommunicacoes de São Paulo  | Telecommunications Services  | Brazil  | 10,213.31\n31 July 2014  | Telefónica Brasil SA  | Telecommunications Services  | Brazil  | GVT Participacoes SA  | Telecommunications Services  | Brazil  | 9,823.31\n5 October 2010  | Telefónica SA  | Telecommunications Services  | Spain  | Brasilcel NV  | Telecommunications Services  | Brazil  | 9,742.79\n11 March 2008  | Banco Itaú Holding Financeira | Banks  | Brazil  | Unibanco Holdings SA | Other Financials  | Brazil  | 8,464.77\n3 March 2004  | Ambev | Food and Beverage  | Brazil  | John Labatt Ltd  | Food and Beverage  | Canada  | 7,758.01\n10 January 2010  | China Petrochemical Corporation | Oil & Gas  | China  | Repsol YPF Brasil SA  | Oil & Gas  | Brazil  | 7,111.00\n2 July 2012  | Banestado Participacoes  | Other Financials  | Brazil  | Redecard SA | Computers & Peripherals  | Brazil  | 6,821.71"
  },
  {
    "chapter_name": "Economy of Brazil",
    "chapter_id": "1",
    "section_number": "5.5",
    "section_name": "Entrepreneurship",
    "text": "Embraer, a Brazilian company, is the third-largest commercial jet maker in the\nworld, just behind Airbus and Boeing.\n\nAccording to a search of Global Entrepreneurship Monitor in 2011 Brazil had 27\nmillion adults aged between 18 and 64 either starting or owning a business,\nmeaning that more than one in four Brazilian adults were entrepreneurs. In\ncomparison to the other 54 countries studied, Brazil was the third-highest in\ntotal number of entrepreneurs. The Institute of Applied Economic Research\n(Ipea), a government agency, found that 37 million jobs in Brazil were\nassociated with businesses with less than 10 employees.\n\nEven though Brazil ranks internationally as one of the hardest countries in\nthe region to do business due to its complicated bureaucracy, there is a\nhealthy number of entrepreneurs, thanks to the huge internal consumer market\nand various government programs.\n\nThe most recent research of Global Entrepreneurship Monitor revealed in 2013\nthat 50.4% of Brazilian new entrepreneurs are men, 33.8% are in the 35–44 age\ngroup, 36.9% completed high school and 47.9% earn 3–6 times the Brazilian\nminimum wage. In contrast, 49.6% of entrepreneurs are female, only 7% are in\nthe 55–64 age group, 1% have postgraduate education and 1.7% earn more than 9\ntimes the minimum wage."
  },
  {
    "chapter_name": "Economy of Brazil",
    "chapter_id": "1",
    "section_number": "5.6",
    "section_name": "Credit rating",
    "text": "Brazil's credit rating was downgraded by Standard & Poor's (S&P) to BBB in\nMarch 2014, just one notch above junk. It was further downgraded in January\n2018 by S&P to BB−, which is 2 notches below investment grade."
  },
  {
    "chapter_name": "Economy of Brazil",
    "chapter_id": "1",
    "section_number": "5.7",
    "section_name": "Climate change",
    "text": "There are multiple impacts of climate change on basic Brazilian production\nsystems, such as increasing existing shortages and increasing production\ncosts. It is also expected that more and more serious natural disasters will\noccur. This will likely result in major problems for food supply, public\nhealth, industrial production, trade, installed infrastructure, the general\nquality of life of the population and national security as a whole, with the\npoor suffering the most serious consequences. The areas most vulnerable to\nmajor impacts are the Northeast and Southeast regions, exactly where most of\nthe Brazilian people are concentrated, and large cities, which in general are\npoorly prepared to face the challenge."
  }
]