[
  {
    "chapter_name": "Economy of Ghana",
    "chapter_id": "1",
    "section_number": "1",
    "section_name": "Introduction",
    "text": "The **economy of Ghana** has a diverse and rich resource base, including the\nmanufacturing and export of digital technology goods, automotive and ship\nconstruction and export, and the export of resources such as hydrocarbons and\nindustrial minerals. Record high Gold price 2023 earned Ghana 15.6 billion $\nof exports.\n\nThe Ghanaian domestic economy in 2012 revolved around services, which\naccounted for 50% of GDP and employed 28% of the work force. Besides the\nindustrialization associated with minerals and oil, industrial development in\nGhana remains basic, often associated with plastics (such as chairs, plastic\nbags, razors, and pens). 53.6% of Ghana's workforce were employed in\nagriculture in 2013.[_outdated statistic_]\n\nGhana embarked on a currency re-denomination exercise from the Cedi (₵) to the\nnew currency, Ghana Cedi (GH₵) in July 2007. The transfer rate is 1 Ghana Cedi\nfor every 10,000 Cedis.\n\nGhana became the largest gold-producing country in Africa after overtaking\nSouth Africa in 2019. The country is also the second-largest cocoa producer\n(after Ivory Coast). Ghana is rich in diamonds,  manganese or manganese ore,\nbauxite, and oil. Most of its debt was cancelled in 2005, but government\nspending was later allowed to balloon. Coupled with a plunge in oil prices,\nthis led to an economic crisis that forced the government to negotiate a $920\nmillion extended credit facility from the International Monetary Fund (IMF) in\nApril 2015. Bloomberg rated Ghana currency Cedi as the strongest performing\ncurrency in the World April 2025 against the Dollar reducing its debt burden."
  },
  {
    "chapter_name": "Economy of Ghana",
    "chapter_id": "1",
    "section_number": "1",
    "section_name": "Taxation",
    "text": "Value-added tax is a consumption tax administered in Ghana. The tax regime\nthat started in 1998 had a single rate but since September 2007 entered into a\nmultiple rate regime. In 1998, the rate of tax was 10% and amended in 2000 to\n12.5%. The top income tax and corporate tax rates are 25%. Other taxes\nincluded with value-added tax (VAT), are the national health insurance levy,\nand a capital gains tax. The overall tax burden was 12.1% of Ghana's total\ndomestic income in 2013. Ghana's national budget was the equivalent of 39.8%\nof GDP in 2013. Ghana is implementing the rent tax in 2021."
  },
  {
    "chapter_name": "Economy of Ghana",
    "chapter_id": "1",
    "section_number": "2",
    "section_name": "Manufacturing",
    "text": "Ghana's industrial base is relatively advanced. Import-substitution industries\ninclude electronics manufacturing. Rlg Communications is the first indigenous\nAfrican company to assemble laptops, desktops, and mobile phones, and is West\nAfrica's biggest information and communications technology (ICT) and mobile\nphone manufacturing company.\n\nGhana began its automotive industry with the construction of a prototype\nrobust SUV, named the SMATI Turtle 1, intended for use in the rough African\nterrain. It was designed and manufactured by the Artisans of Suame Magazine\nIndustrial Development Organization. Urban electric cars have been\nmanufactured in Ghana since 2014.\n\nAs of 2012 there were four major companies in the textiles sector: Akosombo\nTextiles Limited, Tex Style Ghana Limited, Printex Ghana, and Ghana Textile\nManufacturing Company.\n\nGhana National Petroleum Corporation and Ghana Oil Company deal with crude oil\nand gas exploration, exploitation, and refining."
  },
  {
    "chapter_name": "Economy of Ghana",
    "chapter_id": "1",
    "section_number": "3",
    "section_name": "Telecommunications",
    "text": "At the end of January 2022, total number of voice subscription in Ghana stood\nat 41,380,751.This represents a percentage increase of 1.28% over December\n2019 figures of 40,857,007. The total penetration rate stands at 136.79%.\n\nCompetition among mobile-phone companies in Ghana is an important part of the\ntelecommunications industry growth, Current market leader MTN with voice\nsubscription of 23,150,485 representing 55.95% of the market is followed by\nVodafone with voice subscription of 9,075,795 representing 21.93% market\nshare, AirtelTigo voice subscription stands at 8,428,322 representing 20.69%,\nGlo's current voice subscription stands at 726,149 which represent a market\nshare of 1.75%.\n\nThe mass media of Ghana is among the most liberal in Africa, with Ghana\nranking as the third-freest in Africa and 30th-most free in the world on the\nworldwide press freedom index. Chapter 12 of the Constitution of Ghana\nguarantees freedom of the Ghanaian press and the independence of the mass\nmedia, and Chapter 2 prohibits censorship. Ghanaian press freedom was restored\nin 1992.\n\nGhana was one of the first countries in Africa to achieve the connection to\nthe World Wide Web. In 2010, there were 165 licensed internet service\nproviders in Ghana and they were running 29 of the fiber optic, and authorized\nnetworks VSAT operators were 176, of which 57 functioned, and 99 internet\noperators were authorized to the public, and private data and packet-switched\nnetwork operators were 25."
  },
  {
    "chapter_name": "Economy of Ghana",
    "chapter_id": "1",
    "section_number": "4",
    "section_name": "Data",
    "text": "Change in per capita GDP of Ghana, 1870–2018. Figures are inflation-adjusted\nto 2011 International dollars Share of population in extreme poverty over\ntime, 1981 to 2019\n\nThe following table shows the main economic indicators in 1980–2023. Inflation\nbelow 5% is in green.\n\nYear  | GDP\n(in billion US$ PPP) | GDP per capita\n(in US$ PPP) | GDP\n(in billion US$ nominal) | GDP growth\n(real) | Inflation rate\n(in percent) | Government debt\n(in % of GDP)\n---|---|---|---|---|---|---\n1980  | 12.8  | 1,202  | 37.4  | 0.4%  | 50.0%  | n/a\n1981  | 13.5  | 1,236  | 60.7  | −3.5%  | 116.5%  | n/a\n1982  | 13.2  | 1,175  | 70.4  | −6.9%  | 22.5%  | n/a\n1983  | 12.8  | 1,118  | 47.3  | −4.8%  | 122.2%  | n/a\n1984  | 14.6  | 1,185  | 17.1  | 9.0%  | 40.0%  | n/a\n1985  | 16.0  | 1,272  | 15.3  | 5.1%  | 10.3%  | n/a\n1986  | 17.3  | 1,347  | 14.1  | 5.2%  | 24.5%  | n/a\n1987  | 18.9  | 1,439  | 11.8  | 4.8%  | 39.8%  | n/a\n1988  | 20.9  | 1,550  | 12.5  | 5.6%  | 31.4%  | n/a\n1989  | 22.7  | 1,646  | 12.7  | 5.1%  | 25.2%  | n/a\n1990  | 24.4  | 1,728  | 14.7  | 3.3%  | 37.2%  | 19.2%\n1991  | 26.4  | 1,828  | 16.5  | 5.3%  | 18.1%  | 18.7%\n1992  | 28.2  | 1,907  | 16.3  | 3.9%  | 10.0%  | 23.1%\n1993  | 30.3  | 1,997  | 13.3  | 3.7%  | 24.9%  | 37.2%\n1994  | 32.0  | 2,061  | 12.3  | 3.6%  | 24.9%  | 55.2%\n1995  | 34.0  | 2,140  | 14.6  | 4.2%  | 59.3%  | 51.0%\n1996  | 36.3  | 2,228  | 15.5  | 4.6%  | 44.5%  | 46.0%\n1997  | 39.0  | 2,339  | 15.8  | 5.8%  | 24.8%  | 48.7%\n1998  | 41.5  | 2,424  | 17.2  | 5.0%  | 19.2%  | 40.6%\n1999  | 44.0  | 2,506  | 17.8  | 4.5%  | 12.5%  | 55.7%\n2000  | 46.6  | 2,464  | 11.5  | 3.6%  | 25.1%  | 80.2%\n2001  | 49.5  | 2,550  | 12.2  | 3.8%  | 32.9%  | 61.9%\n2002  | 52.6  | 2,644  | 14.2  | 4.6%  | 14.8%  | 58.0%\n2003  | 56.3  | 2,766  | 17.5  | 5.1%  | 26.6%  | 52.8%\n2004  | 61.0  | 2,923  | 20.3  | 5.4%  | 12.7%  | 41.1%\n2005  | 66.8  | 3,126  | 24.6  | 6.2%  | 15.1%  | 34.0%\n2006  | 72.9  | 3,331  | 28.9  | 5.8%  | 11.7%  | 18.5%\n2007  | 77.9  | 3,480  | 34.0  | 4.1%  | 10.7%  | 22.5%\n2008  | 86.5  | 3,779  | 38.7  | 9.2%  | 16.5%  | 24.6%\n2009  | 92.0  | 3,931  | 34.6  | 4.8%  | 13.1%  | 26.9%\n2010  | 100.4  | 4,071  | 43.3  | 7.9%  | 6.7%  | 34.5%\n2011  | 116.8  | 4,623  | 53.8  | 14.0%  | 7.7%  | 31.3%\n2012  | 133.3  | 5,152  | 56.9  | 9.3%  | 7.1%  | 35.4%\n2013  | 140.9  | 5,321  | 63.7  | 7.3%  | 11.7%  | 42.9%\n2014  | 151.6  | 5,595  | 54.3  | 2.9%  | 15.5%  | 50.1%\n2015  | 145.0  | 5,233  | 49.4  | 2.1%  | 17.2%  | 53.9%\n2016  | 142.3  | 5,021  | 56.1  | 3.4%  | 17.5%  | 55.9%\n2017  | 149.0  | 5,148  | 60.4  | 8.1%  | 12.4%  | 57.0%\n2018  | 162.0  | 5,482  | 67.3  | 6.2%  | 9.3%  | 62.0%\n2019  | 175.7  | 5,823  | 68.4  | 6.5%  | 7.1%  | 58.3%\n2020  | 178.9  | 5,812  | 70.0  | 0.5%  | 9.9%  | 72.3%\n2021  | 196.4  | 6,256  | 79.6  | 5.1%  | 10.0%  | 79.1%\n2022  | 216.6  | 6,752  | 72.1  | 3.1%  | 31.9%  | 92.4%\n2023  | 227.2  | 6,905  | 76.6  | 1.2%  | 42.2%  | 84.9%"
  },
  {
    "chapter_name": "Economy of Ghana",
    "chapter_id": "1",
    "section_number": "5",
    "section_name": "Imports and exports",
    "text": "Ghana's top export products in 2016 were crude petroleum ($2.66B), gold\n($2.39B), cocoa beans ($2.27B), cocoa paste ($382M) and cocoa butter ($252M).\nGhana's top export destinations in 2016 were Switzerland ($1.73B), China\n($1.06B), France ($939M), India ($789M) and the Netherlands ($778M).\n\nGhana's top import categories in 2016 were refined petroleum ($2.18B), crude\npetroleum ($546M), gold ($428M), rice ($328M) and packaged medicaments\n($297M). The nations with the highest value of imports to Ghana in 2016 were\nChina ($4.1B), the Netherlands ($1.58B), the United States ($1.1B), Nigeria\n($920M) and India ($668M)."
  },
  {
    "chapter_name": "Economy of Ghana",
    "chapter_id": "1",
    "section_number": "5.1",
    "section_name": "Trade statistics",
    "text": "Year  | Goods exports\n(million US$) | Goods imports\n(in million US$) | Net trade\n(in million US$)\n---|---|---|---\n2023  | $16,703  | $14,009  | $2,694\n2020  | $14,472  | $12,429  | $2,043\n2015  | $10,321  | $13,465  | −$3,144\n2010  | $7,960  | $10,922  | −$2,962\n2005  | $2,802  | $5,347  | −$2,545\n2000  | $1,936  | $2,767  | −$830\n1990  | $897  | $1,205  | −$308\n1980  | $1,104  | $908  | $195"
  },
  {
    "chapter_name": "Economy of Ghana",
    "chapter_id": "1",
    "section_number": "6",
    "section_name": "Private banking",
    "text": "The financial services in Ghana have seen a lot of reforms in the past years.\nThe Banking (Amendment) Act 2007 included the awarding of a general banking\nlicense to qualified banks, which allows only indigenous Ghana offshore banks\nto operate in Ghana. Indigenous Ghana private bank Capital Bank was the first\nto be awarded the general banking license in Ghana as well as indigenous Ghana\nprivate banks UniBank, National Investment Bank and Prudential Bank Limited.\nIt has therefore become possible for Ghanaian non-resident individuals or\nresidents and foreign companies or indigenous Ghana companies to open\nindigenous Ghana offshore bank accounts in Ghana. Indigenous Ghana retail and\nsavings banks include Agricultural Development Bank of Ghana, CAL Bank, GCB\nBank Ltd, Home Finance Company and UT Bank as well as indigenous Ghana savings\nand loan institutions ABii National and Savings and Loans Company."
  },
  {
    "chapter_name": "Economy of Ghana",
    "chapter_id": "1",
    "section_number": "6.1",
    "section_name": "Stock exchange",
    "text": "The Stock Exchange of Ghana is one of the largest in Africa, with a market\ncapitalization of GH¢57.2 billion or CN¥180.4 billion in 2012. South Africa's\nJSE Limited is the largest."
  },
  {
    "chapter_name": "Economy of Ghana",
    "chapter_id": "1",
    "section_number": "7",
    "section_name": "Energy",
    "text": "Ghana hydropower and solar energy electricity generation industries, and the\noil and gas industry\n\nAs of 2018, Ghana consumed some 10 MMtoe of primary energy, made mostly of\nbiomass (40%), oil and diesel (40%), followed by hydropower (10%) and natural\ngas (10%).\n\nTotal energy consumption in Terrawatt-hours (TWh) of Ghana  1980  | 1990  | 2000  | 2010  | 2020  | 2021\n---|---|---|---|---|---\n25  | 29  | 42  | 55  | 112  | 114\nPer capita consumption in Kilowatt-hours (KWh)\n2,135  | 1,900  | 2,117  | 2,142  | 3,484  | 3,483"
  },
  {
    "chapter_name": "Economy of Ghana",
    "chapter_id": "1",
    "section_number": "7.1",
    "section_name": "Oil & Gas",
    "text": "Ghana discovered significant reserves of oil and natural gas offshore\nthroughout the 2000s and 2010s. The country officially became an oil & gas\nproducer in 2010 with the commissioning of the Jubilee field by Tullow Oil and\ncurrently produces from three major offshore hubs: Jubilee, TEN, and OCTP. In\n2021, its production stood at some 150,000 barrels of oil per day (bopd).\nSince production began in 2010 Ghana has rose to be the 34th largest national\nproducer of oil.\n\nIn 2021 Ghana exported more than 71mil barrels of oil. China was the largest\nimporter of Ghana oil, receiving over 41% of exports with South Africa, the\nsecond largest importer, taking 13.9%."
  },
  {
    "chapter_name": "Economy of Ghana",
    "chapter_id": "1",
    "section_number": "7.2",
    "section_name": "Solar energy",
    "text": "Ghana has aggressively begun the construction of solar plants across its sun-\nrich land in an aim to become the first country to get 6% of its energy from\nsolar energy generation. Since construction began in the early 2010s\nelectricity generation from solar has gone from zero KWh in 2014 to over 60\nGWh in 2020, accounting for .46% of Ghana's electricity consumption."
  },
  {
    "chapter_name": "Economy of Ghana",
    "chapter_id": "1",
    "section_number": "7.3",
    "section_name": "Wind energy",
    "text": "Wind turbines on a wind farm\n\nGhana has Class 4–6 wind resources and high-wind locations, such as Nkwanta,\nthe Accra Plains, and Kwahu and Gambaga mountains. The maximum energy that\ncould be tapped from Ghana's available wind resource for electricity is\nestimated to be about 500–600 GWh/year. To give perspective: in 2011, per the\nsame Energy Commission, the largest Akosombo hydroelectric dam in Ghana alone\nproduced 6,495 GWh of electric power and, counting all Ghana's geothermal\nenergy production in addition, the total energy generated was 11,200 GWh in\nthat year. These assessments do not take into consideration further limiting\nfactors such as land-use restrictions, the existing grid (or how far the wind\nresource may be from the grid) and accessibility."
  },
  {
    "chapter_name": "Economy of Ghana",
    "chapter_id": "1",
    "section_number": "7.4",
    "section_name": "Bio-energy",
    "text": "Hybrid sorghum plantation field\n\nGhana has put in place mechanisms to attract investments into its biomass and\nbio-energy sectors to stimulate rural development, create jobs and save\nforeign exchange. Main investments in the bio-energy subsector existed in the\nareas of production, are transportation, storage, distribution, sale,\nmarketing and exportation.\n\nThe goal of Ghana regarding bio-energy, as articulated by its energy sector\npolicy, is to modernize and examine the benefits of bio-energy on a\nsustainable basis. Biomass is Ghana's dominant energy resource in terms of\nendowment and consumption, with the two primary bio-fuels consumed being\nethanol and biodiesel. To that effect, the Ghana ministry of Energy in 2010\ndeveloped its energy sector strategy and development plan. Highlights of the\nstrategy include sustaining the supply and efficient use of wood fuels while\nensuring that their utilization does not lead to deforestation.\n\nThe plan would support private sector investments in the cultivation of bio-\nfuel feedstock, the extraction of bio-oil, and refining it into secondary\nproducts, thereby creating financial and tax incentives. The Ghana Renewal\nEnergy Act provides the necessary fiscal incentives for renewable energy\ndevelopment by the private sector, and also details the control and management\nof bio-fuel and wood fuel projects in Ghana. The Ghana National Petroleum\nAuthority (NPA) was tasked by the Renewable Energy Act 2011 to price Ghana's\nbio-fuel blend in accordance with the prescribed petroleum pricing formula.\n\nThe combined effects of climate change and global economic turbulence had\ntriggered a sense of urgency among Ghanaian policymakers, industry and\ndevelopment practitioners to find sustainable and viable solutions in the area\nof bio-fuels.\n\nBrazil, which makes ethanol from maize and sugarcane, is currently the world's\nlargest bio-fuel market."
  },
  {
    "chapter_name": "Economy of Ghana",
    "chapter_id": "1",
    "section_number": "7.5",
    "section_name": "Energy consumption",
    "text": "Electricity generation is one of the key factors in achieving the development\nof the Ghanaian national economy, with aggressive and rapid industrialization;\nGhana's national electric energy consumption was 265 kilowatts per capita in\n2009. Shortages of electricity have led to dumsor (blackouts), increasing the\ninterest in renewables."
  },
  {
    "chapter_name": "Economy of Ghana",
    "chapter_id": "1",
    "section_number": "8",
    "section_name": "Hydrocarbon and mining",
    "text": "Ghanaian mineral resources: bauxite, diamond, timber and manganese\n\nGhana's increasing oil exports as a percentage of all exports\n\nGhana has 5 billion barrels (790×10~~^~~ 6 m3) to 7 billion barrels\n(1.1×10~~^~~ 9 m3) of petroleum in reserves. A large oilfield which contains\nup to 3 billion barrels (480×10~~^~~ 6 m3) of sweet crude oil was discovered\nin 2007. Since these discoveries Ghana increased production steadily, the\nnations current peak is 200,000 barrels per day in 2019. Current production in\n2021 stands at 179,900 barrels per day.\n\nGhana has vast natural gas reserves, which is used by many foreign\nmultinational companies operating in Ghana. The hydrocarbon industry has had\nmajor implications for regional and urban development in Ghana and these are\nlikely to substantially increase in the years to come\n\nMining has gained importance in the Ghanaian economy since the turn of the\n21st century, with a growth of around 30% in 2007. The main mining extractions\nare bauxite, gold (Ghana is one of the largest gold producers in the world),\nand the phosphates."
  },
  {
    "chapter_name": "Economy of Ghana",
    "chapter_id": "1",
    "section_number": "9",
    "section_name": "Tourism",
    "text": "Tourism destinations in Ghana\n\nThe Ministry of Tourism has placed great emphasis upon further tourism support\nand development. Tourism contributed to 4.9% of GDP in 2009, attracting around\n500,000 visitors. Tourist destinations include Ghana's many castles and forts,\nnational parks, beaches, nature reserves, landscapes and World Heritage\nbuildings and sites.\n\nIn 2011, _Forbes_ magazine ranked Ghana eleventh-friendliest country in the\nworld. The assertion was based on a survey of a cross-section of travelers in\n2010. Of all the countries on the African continent that were included in the\nsurvey, Ghana ranked highest.\n\nTo enter Ghana, it is necessary to have a visa authorized by the Government of\nGhana, except for certain entrepreneurs on business trips."
  },
  {
    "chapter_name": "Economy of Ghana",
    "chapter_id": "1",
    "section_number": "10",
    "section_name": "Agriculture",
    "text": "In 2013 agriculture employed 53.6% of Ghana's total labor force. Agribusiness\naccounts for a small fraction of the gross domestic product. The main\nharvested crops are corn, plantain, rice, millet, sorghum, cassava and yam.\nUnlike the agricultural livestock, forestry and fishing sectors, the crop\nsector is key to the Ghanaian agricultural industry.\n\nGhana produced in 2018:\n\n* 20.8 million tons of cassava (4th largest producer in the world, second only to Nigeria, Thailand and Congo)\n* 7.8 million tonnes of yam (2nd largest producer in the world, second only to Nigeria)\n* 4.1 million tons of plantain (2nd largest producer in the world, just behind Congo)\n* 2.6 million tons of palm oil (8th largest producer in the world)\n* 2.3 million tons of maize\n* 1.4 million tons of taro (4th largest producer in the world, second only to Nigeria, China and Cameroon)\n* 947 thousand tons of cocoa (2nd largest producer in the world, second only to Ivory Coast)\n* 769 thousand tons of rice\n* 753 thousand tons of orange (19th largest producer in the world)\n* 713 thousand tons of pineapple (11th largest producer in the world)\n* 521 thousand tons of peanut\n\nIn addition to smaller productions of other agricultural products, like sweet\npotato (151 thousand tons), natural rubber (23 thousand tons) and tobacco (2.3\nthousand tons)."
  },
  {
    "chapter_name": "Economy of Ghana",
    "chapter_id": "1",
    "section_number": "11",
    "section_name": "Ghana: Vision 2020 and industrialization",
    "text": "With the economic program \"Ghana: Vision 2020\", Ghana intends to achieve its\ngoals of accelerated economic growth and improved quality of life for all its\ncitizens, by reducing poverty through private investment, rapid and aggressive\nindustrialization, and direct and aggressive poverty-alleviation efforts.\nThese plans were released in the 1995 government report, Ghana: Vision 2020.\nNationalization of state-owned enterprises continues, with about two thirds of\n300 parastatal enterprises owned by the government of Ghana. Other reforms\nadopted under the government's structural adjustment program include\nincreasing exchange rate controls and increasing autarky and increasing\nrestrictions on imports.\n\nThe Ghana: Vision 2020 forecast assumes political stability; successful\neconomic stabilization; the implementation of Ghana: Vision 2020 policy agenda\non private sector growth; and aggressive public spending on social services,\ninfrastructure and industrialization. It projection states that Ghana's goals\nof reaching high-income economy status and newly industrialized country status\nwill be easily realized between 2020 and 2039.\n\n2013 exports to  | 2013 imports from  |\n---|---|---\nCountry  | Percentage  | Country  | Percentage  |  Sunyani Cocoa House and Theobroma cacao; Ghana is projected to become the largest producer of cocoa in the world.\nGhana gold bars; Ghana is the 7th-largest producer of gold in the world.\n** South Africa** | 46.89%  | ** China** | 12.46%\n** Netherlands** | 12.32%  | ** Nigeria** | 11.76%\n** India** | 5.49%  | ** United States** | 8.86%\n** United Kingdom** | 3.57%  | ** Belgium** | 5.15%\n** Malaysia** | 3.32%  | ** India** | 4.35%\n** Switzerland** | 2.76%  | ** United Kingdom** | 3.93%\n**Others** | 25.65%  | **Others** | 53.49%"
  },
  {
    "chapter_name": "Economy of Ghana",
    "chapter_id": "1",
    "section_number": "12",
    "section_name": "Economic transparency",
    "text": "The distribution of wealth ownership in Ghanaian society in 2013. A majority\nof wealth is held by 20% of the population.\n\nThe judicial system of Ghana deals with corruption, economic malpractice and\nlack of economic transparency. Despite significant economic progress,\nobstacles do remain. Particular institutions need reform, and property rights\nneed improvement. The overall investment regime lacks market transparency.\nTackling these issues will be necessary if Ghana's rapid economic growth is to\nbe maintained.\n\nAccording to Transparency International's 2022 Corruption Perception Index,\nGhana was ranked 72nd out of 180 countries, with a score of 43 on a scale\nwhere a 0–9 score means highly corrupt, and a 90–100 score means very clean.\nThis was based on perceived levels of public sector corruption. John Addo\nKufuor, son of former President John Agyekum Kufuor and Kojo Annan, son of\nformer Secretary-General of the United Nations Kofi Annan, have been named in\nassociation with the Panama Papers."
  },
  {
    "chapter_name": "Economy of Ghana",
    "chapter_id": "1",
    "section_number": "12.1",
    "section_name": "Health and biotechnology",
    "text": "The Centre for Scientific Research into Plant Medicine is an agency of the\nMinistry of Health that was set up in the 1970s for research and development\nand as a practical resource (product production & distribution/provision)\nprimarily in areas of biotechnology related to medicinal plants. This includes\nboth herbal medicine and work on more advanced applications. It also has a\nsecondary role as an educational resource for foreign students in health,\nbiotechnology and related fields."
  },
  {
    "chapter_name": "Economy of Ghana",
    "chapter_id": "1",
    "section_number": "12.2",
    "section_name": "Cybernetics and cyberwarfare",
    "text": "The use of computer technology for teaching and learning began to receive\ngovernment of Ghana's attention from the late 1990s. The information and\ncommunications technology in education policy of Ghana requires the use of\ninformation and communications technology for teaching and learning at all\nlevels of education. The Ministry of Education supports institutions in\nteaching of information and communications technology literacy. The majority\nof secondary, and some basic schools of Ghana have computer laboratories.\n\nGhana's intention to become the information technology hub of West Africa has\nled the government of Ghana to enact cyber crime legislation and enhance cyber\nsecurity practices. Acting on that goal, in 2008 Ghana passed the _Electronic\nCommunications Act_ and the _Electronic Transactions Act_ , which established\nthe legal framework for governing information technology. In November 2011,\nthe Deputy Minister for Communications and Technology announced the\ndevelopment of a national cyber security strategy, aimed at combating cyber\ncrime and securing critical infrastructure.\n\nIn June 2012, the National Information Technology Agency announced a national\ncomputer emergency response team \"strategy\" designed to co-ordinate government\nresponse to cyber-attacks, both internal and external. The agency also\nestablished computer emergency response teams for each municipal,\nmetropolitan, and district assembly to improve co-ordination and information-\nsharing on cyberspace threats. Ghana is ranked 2nd in Africa and 7th globally\nin cyber warfare, cyber-terrorism, cyber crime, and internet crime. In 2018,\nthe National Cyber Security Centre was founded. It is the national agency\nresponsible for cybersecurity. In November 2020, Parliament passed the\nCybersecurity Act 2020. The Minister for Communications, Ursula Owusu-Ekuful,\nindicated that, \"a successful economy is hinged on a secured, safe and\nresilient national digital ecosystem. Cyber-security is, therefore, very\ncritical to the economic development of the country and essential to the\nprotection of the rights of individuals within the national digital\necosystem\"."
  },
  {
    "chapter_name": "Economy of Ghana",
    "chapter_id": "1",
    "section_number": "12.3",
    "section_name": "Real estate",
    "text": "A villa in East Ridge\n\nThe real estate and housing market has become an important and strategic\neconomic sector, particularly in the urban centres of south Ghana such as\nAccra, Kumasi, Sekondi-Takoradi and Tema. However, many of its citizens\nparticularly those in Accra cannot afford the housing prices which is a trait\nof most major cities globally particularly in the West. Kumasi is growing at a\nfaster rate than Accra, and there is less competition in its real estate\nmarket. The gross rental income tax of Ghana is withheld at 10%, capital gains\nare taxed at 15% with a 5% gift tax imposed on the transfer of properties and\nGhana's real estate market is divided into 3 areas: public sector real estate\ndevelopment, emerging private sector real estate development, and private\nindividuals. The activities of these 3 groups are facilitated by the Ghanaian\nbanks and the primary mortgage market which has demonstrated enormous growth\npotential. Recent developments have given birth to a boom in the construction\nsector, including the housing and public housing sector generating and\ninjecting billions of dollars annually into the Ghanaian economy. The real\nestate market investment perspective and attraction comes from Ghana's\ntropical location and robust political stability. An increasing number of the\nGhanaian populace are investing in properties, and the Ghana government is\nempowering the private sector in the real estate direction."
  },
  {
    "chapter_name": "Economy of Ghana",
    "chapter_id": "1",
    "section_number": "12.4",
    "section_name": "Trade and exports",
    "text": "In July 2013, International Enterprise Singapore a global office in Accra to\ndevelop trade and investment on logistics, oil and gas, aviation,\ntransportation and consumer sectors. Singapore and Ghana also signed four\nbilateral agreements to promote public sector and private sector\ncollaboration, as Ghana aims to predominantly shift its economic trade\npartnership to East Asia and Southeast Asia. The economic centre is IE\nSingapore's second office in Africa. Ghana's labour force in 2008 totalled\n11.5 million Ghanaian citizens. Tema Harbour is Africa's largest manmade\nharbour, and Takoradi Harbour along with Tema harbour handle goods and\nexports. They are also traffic junctions where goods are transhipped; the Tema\nharbour handles the majority of the nation's export cargo and most of the\ncountry's chief exports is shipped from Takoradi harbour. The Takoradi harbour\nand Tema harbour are operated by the state-owned Ghana Ports and Harbours\nAuthority."
  },
  {
    "chapter_name": "Economy of Ghana",
    "chapter_id": "1",
    "section_number": "13",
    "section_name": "Challenges",
    "text": "Bank of Ghana\n\nOver the years, the country has encountered various economic challenges\nespecially in its bid to become financially sustainable. One of the most\nprominent has been high public debt. In January 2023, the Bank of Ghana\nreported that the country's level of debt was up to the tune of GH¢575.7\nbillion at the end of November 2022."
  },
  {
    "chapter_name": "Economy of Ghana",
    "chapter_id": "1",
    "section_number": "14",
    "section_name": "Child labor",
    "text": "The 2010 United States Department of Labor estimated over 2.7 million child\nlaborers in Ghana, or about 43% of all children aged 5–14. 78.7% of these\nchildren work in agriculture, 17.6% in fishing and transportation services,\nand 3.7% in industry, which includes manufacturing work and mining. In Ghana\n64% of children seek work for financial reasons, making it the leading driver\nfor child labor in the region. Most children working in rural areas are\nworking on family farms and often combine schooling with their work. In Urban\nareas, such as Accra and Ashanti children are often not enrolled in school and\nare often engaged in artisanal fishing and domestic services. Child porters,\nlocally called _kayaye_ , work in urban areas and some of them are as young as\n6 years.\n\nA young 'kayaye' girl engaged in selling palm wine in Ghana\n\nAgriculture, fishing and artisan mining were the largest employers.\n\nIn southern Volta region, children work in religious servitude for a period\nranging between few months to three years. They are known as _trokosi_\n(literally: wife of a god), _fiashidi_ , or _vudusi_. This practice requires\nyoung girls to work and serve the religious order, in order to atone for\nfamily members’ alleged sins or as an offering for the family's good fortune.\nThis practice is claimed to be also present in neighboring countries, even\nthough it has been outlawed and carries a prison term under the laws of Ghana\nand neighboring countries.\n\nIn 2013, statistics on children's work have not changed much and according to\nthe DOL's _Findings on the Worst Forms of Child Labor_ in Ghana, the majority\nof working children engage in hazardous activities like pesticide spraying in\nthe production of cocoa, fishing and gold mining. The Department's 2014 _List\nof Goods Produced by Child Labor or Forced Labor_ includes fish and tilapia in\nparticular, cocoa and gold as goods produced in such working conditions in\nGhana."
  }
]