[
  {
    "chapter_name": "Economy of Mali",
    "chapter_id": "1",
    "section_number": "1",
    "section_name": "Introduction",
    "text": "The **economy of Mali** is based to a large extent upon agriculture, with a\nmostly rural population engaged in subsistence agriculture.\n\nMali is among the ten poorest nations of the world and is one of the 37\nHeavily Indebted Poor Countries. Mali is a major recipient of foreign aid from\nmany sources, including multilateral organizations (most significantly the\nWorld Bank, the African Development Bank, and Arab Funds), and bilateral\nprograms funded by the European Union, France, the United States, Canada, the\nNetherlands, and Germany. Before 1991, the former Soviet Union, China and the\nWarsaw Pact countries had been a major source of economic and military aid.\n\nThe per capita gross domestic product (GDP) of Mali was $820 in 1999. Mali's\ngreat potential wealth lies in mining and the production of agricultural\ncommodities, livestock, and fish. The most productive agricultural area lies\nalong the banks of the Niger River, the Inner Niger Delta and the southwestern\nregion around Sikasso. Mali advovates for a traditional economic system."
  },
  {
    "chapter_name": "Economy of Mali",
    "chapter_id": "1",
    "section_number": "1",
    "section_name": "Macro-economic trend",
    "text": "The following table shows the main economic indicators in 1980–2021. Inflation\nbelow 5% is in green.\n\nYear  | GDP (in bil. US$ PPP) | GDP per capita (in US$ PPP) | GDP (in bil. US$ nominal) | GDP growth\n(real) | Inflation rate\n(in Percent) | Government debt\n(in % of GDP)\n---|---|---|---|---|---|---\n1980  | 3.8  | 542  | 0.2  | 2.0  | 20.3%  | n/a\n1981  | 4.0  | 555  | 0.3  | 1.7  | 12.7%  | n/a\n1982  | 3.8  | 510  | 0.3  | 1.5  | 3.9%  | n/a\n1983  | 4.0  | 536  | 0.4  | 1.4  | 10.5%  | n/a\n1984  | 4.3  | 557  | 0.4  | 1.4  | 10.7%  | n/a\n1985  | 4.6  | 583  | 0.5  | 1.4  | 9.1%  | n/a\n1986  | 4.9  | 622  | 0.6  | 2.0  | -1.4%  | n/a\n1987  | 5.2  | 644  | 0.6  | 2.3  | -14.9%  | n/a\n1988  | 5.4  | 658  | 0.7  | 2.3  | 8.9%  | n/a\n1989  | 6.2  | 746  | 0.8  | 2.8  | -0.2%  | n/a\n1990  | 7.0  | 830  | 0.8  | 3.2  | 1.6%  | n/a\n1991  | 7.8  | 904  | 0.9  | 3.3  | 1.5%  | n/a\n1992  | 7.9  | 888  | 1.0  | 3.4  | -5.9%  | n/a\n1993  | 8.3  | 917  | 1.0  | 3.4  | -0.6%  | n/a\n1994  | 8.8  | 947  | 1.1  | 2.6  | 24.3%  | n/a\n1995  | 9.3  | 970  | 1.2  | 3.3  | 11.6%  | n/a\n1996  | 10.2  | 1,032  | 1.4  | 3.4  | 6.5%  | n/a\n1997  | 10.8  | 1,072  | 1.6  | 3.2  | -0.7%  | n/a\n1998  | 11.3  | 1,087  | 1.7  | 3.3  | 4.0%  | n/a\n1999  | 12.1  | 1,140  | 1.9  | 3.4  | -1.2%  | n/a\n2000  | 12.4  | 1,133  | 2.0  | 3.0  | -0.8%  | 90.5%\n2001  | 14.6  | 1,298  | 2.1  | 3.5  | 5.2%  | 77.5%\n2002  | 15.3  | 1,319  | 2.3  | 3.9  | 5.0%  | 42.6%\n2003  | 17.1  | 1,423  | 2.9  | 4.7  | -1.3%  | 44.2%\n2004  | 17.8  | 1,438  | 3.2  | 5.5  | -3.1%  | 42.4%\n2005  | 19.5  | 1,529  | 2.9  | 6.3  | 6.4%  | 46.6%\n2006  | 21.1  | 1,597  | 3.7  | 6.9  | 1.6%  | 18.1%\n2007  | 22.4  | 1,641  | 4.1  | 8.2  | 1.4%  | 18.5%\n2008  | 23.9  | 1,695  | 4.6  | 9.9  | 9.2%  | 20.2%\n2009  | 25.2  | 1,729  | 4.3  | 10.2  | 2.4%  | 21.9%\n2010  | 26.9  | 1,787  | 4.7  | 10.7  | 1.2%  | 25.3%\n2011  | 28.3  | 1,827  | 5.2  | 13.0  | 3.0%  | 24.0%\n2012  | 28.2  | 1,764  | 5.4  | 12.5  | 5.3%  | 25.4%\n2013  | 29.8  | 1,813  | 6.1  | 13.2  | -0.6%  | 26.4%\n2014  | 32.4  | 1,915  | 7.0  | 14.4  | 0.9%  | 26.9%\n2015  | 35.4  | 2,033  | 7.6  | 13.1  | 1.4%  | 30.7%\n2016  | 39.3  | 2,189  | 8.3  | 14.0  | -1.8%  | 36.0%\n2017  | 41.6  | 2,247  | 9.0  | 15.4  | 2.4%  | 36.0%\n2018  | 44.6  | 2,338  | 9.9  | 17.1  | 1.9%  | 37.5%\n2019  | 47.6  | 2,420  | 10.8  | 17.3  | -3.0%  | 40.7%\n2020  | 47.5  | 2,348  | 7.3  | 17.6  | 0.5%  | 47.3%\n2021  | 51.0  | 2,447  | 10.8  | 19.8  | 3.8%  | 51.9%"
  },
  {
    "chapter_name": "Economy of Mali",
    "chapter_id": "1",
    "section_number": "2",
    "section_name": "Agriculture",
    "text": "The major agricultural region in southern Mali, showing isohyet lines and crop\nintensity percentages. Mali's most productive agricultural region is located\nbetween Bamako and Mopti. Irrigation water is used mainly for rice while\ncotton is grown as a rainfed crop. (USDA: 2001)\n\nIn 2018, Mali produced:\n\n* 3.8 million tons of maize;\n* 3.1 million tons of rice;\n* 1.8 million tons of millet;\n* 1.5 million tons of sorghum;\n* 814 thousand tons of mango (15th largest producer in the world);\n* 710 thousand tons of cotton (15th largest producer in the world);\n* 551 thousand tons of watermelon;\n* 522 thousand tons of onion;\n* 512 thousand tons of okra;\n* 370 thousand tons of sugar cane;\n* 368 thousand tons of peanuts;\n* 312 thousand tons of sweet potato;\n* 303 thousand tons of potato;\n* 226 thousand tons of sheanut;\n* 215 thousand tons of cowpea;\n* 196 thousand tons of banana;\n* 167 thousand tons of cashew nuts (8th largest producer in the world);\n* 159 thousand tons of beans;\n* 159 thousand tons of tomato;\n\nIn addition to smaller productions of other agricultural products.\n\nAgricultural activities occupy 70% of Mali's labor force and provide 42% of\nthe GDP. Cotton and livestock make up 75%–80% of Mali's annual exports. Small-\nscale traditional farming dominates the agricultural sector, with subsistence\nfarming (of cereals, primarily sorghum, pearl millet, and maize) on about 90%\nof the 14,000 square kilometres (1,400,000 ha; 3,500,000 acres) under\ncultivation.\n\nMan in a Sidibé Agro-techniques greenhouse holding a pepper.\n\nThe most productive agricultural area lies along the banks of the Niger River\nbetween Bamako and Mopti and extends south to the borders of Guinea, Ivory\nCoast, and Burkina Faso. Average rainfall varies in this region from 500 mm\n(20 in) per year around Mopti to 1,400 mm (55 in) in the south near Sikasso.\nThis area is most important for the production of cotton, rice, pearl millet,\nmaize, vegetables, tobacco and tree crops.\n\nAnnual rainfall, critical for Mali's agriculture, has been at or above average\nsince 1993. Cereal production, including rice, has grown annually, and the\n1997–98 cotton harvest reached a record 500,000 tons.\n\nUntil the mid-1960s, Mali was self-sufficient in grains — pearl millet,\nsorghum, rice and maize. Diminished harvests during bad years, a growing\npopulation, changing dietary habits, and, most importantly, policy constraints\non agricultural production resulted in grain deficits almost every year from\n1965 to 1986.\n\nProduction has rebounded since 1987 due to agricultural policy reforms\nundertaken by the government and supported by the Western donor nations.\nLiberalization of producer prices and an open cereals market have created\nincentives to production. These reforms, combined with adequate rainfall,\nsuccessful integrated rural agriculture programs in the south, and improved\nmanagement of the Office du Niger, have led to surplus cereal production over\nthe past five years."
  },
  {
    "chapter_name": "Economy of Mali",
    "chapter_id": "1",
    "section_number": "2.1",
    "section_name": "Rice",
    "text": "Rice planting in Mali\n\nRice is grown extensively along the banks of the Niger between Ségou and\nMopti, with the most important rice-producing area at the Office du Niger,\nlocated north of Ségou toward the Mauritanian border. Using water diverted\nfrom the Niger, the Office du Niger irrigates about 600 km2 (230 sq mi) of\nland for rice and sugarcane production. About one-third of Mali's paddy rice\nis produced at the Office du Niger."
  },
  {
    "chapter_name": "Economy of Mali",
    "chapter_id": "1",
    "section_number": "2.2",
    "section_name": "Sorghum",
    "text": "Sorghum is planted extensively in the drier parts of the country and along the\nbanks of the Niger in eastern Mali, as well as in the lake beds in the Niger\ndelta region. During the wet season, farmers near the town of Dire have\ncultivated wheat on irrigated fields for hundreds of years. Peanuts are grown\nthroughout the country but are concentrated in the area around Kita, west of\nBamako."
  },
  {
    "chapter_name": "Economy of Mali",
    "chapter_id": "1",
    "section_number": "2.3",
    "section_name": "Livestock",
    "text": "In 2019, Mali produced 276 million liters of cow's milk, 270 million liters of\ncamel milk, 243 million liters of goat milk, 176 million liters of sheep's\nmilk, 187 thousand tons of beef, 64 thousand tons of lamb meat, 54 thousand\ntons of chicken meat, among others.\n\nMali's resource in livestock consists of millions of cattle, sheep, and goats.\nApproximately 40% of Mali's herds were lost during the great drought in\n1972–74. The level was gradually restored, but the herds were again decimated\nin the 1983–85 drought. The overall size of Mali's herds is not expected to\nreach pre-drought levels in the north of the country, where encroachment of\nthe desert has forced many nomadic herders to abandon pastoral activities and\nturn instead to farming.\n\nThe largest concentrations of cattle are in the areas north of Bamako and\nSégou extending into the Niger delta, but herding activity is gradually\nshifting southward, due to the effects of previous droughts. Sheep, goats, and\ncamels are raised to the exclusion of cattle in the dry areas north and east\nof Timbuktu."
  },
  {
    "chapter_name": "Economy of Mali",
    "chapter_id": "1",
    "section_number": "3",
    "section_name": "Fishing",
    "text": "A pirogue carrying two passengers on the River Niger at Gao in Mali Fishermen\non a river in Mali\n\nThe Niger River is also an important source of fish, providing food for\nriverside communities; the surplus—smoked, salted, and dried—is exported. Due\nto drought and diversion of river water for agriculture, fish production has\nsteadily declined since the early 1980s."
  },
  {
    "chapter_name": "Economy of Mali",
    "chapter_id": "1",
    "section_number": "4",
    "section_name": "Mining and resources",
    "text": "Drilling for oil in the Taoudeni basin\n\nMining has long been an important aspect of the Malian economy. Gold, the\nlargest source of Malian exports, is still mined in the southern region and at\nthe end of the 20th century Mali had the third highest gold production in\nAfrica (after South Africa and Ghana). These goldfields, the largest of which\nlie in the Bambouk Mountains in western Mali (Kenieba Cercle), were a major\nsource of wealth and trade as far back as the Ghana Empire.\n\nSalt mining in the far north, especially in the Saharan oases of Taoudenni and\nTaghaza have been a crucial part of the Malian economy for at least seven\nhundred years. Both resources were vital components of the Trans-Saharan\ntrade, stretching back to the time of the Roman Empire.\n\nFrom the 1960s to the 1990s state owned mining—especially for gold—expanded,\nfollowed by a period of expansion by international contract mining.\n\nIn 1991, following the lead of the International Development Association, Mali\nrelaxed the enforcement of mining codes which led to greater foreign\ninvestment in the mining industry. From 1994 to 2007, national and foreign\ncompanies were granted around 150 operating licences along with more than 25\ncertificates for exploitation and more than 200 research permits. Gold mining\nin Mali has increased dramatically, with more than 50 tonnes in 2007 from less\nthan half a tonne produced annually at the end of the 1980s. Mining revenue\ntotaled some 300 billion CFA francs in 2007 more than a thirty times increase\nfrom the 1995 total national mining revenue of less than 10 billion CFA.\nGovernment revenues from mining contracts, less than 1% of the state income in\n1989 were almost 18% in 2007."
  },
  {
    "chapter_name": "Economy of Mali",
    "chapter_id": "1",
    "section_number": "4.1",
    "section_name": "Gold",
    "text": "In 2019, the country was the 16th largest world producer of gold.\n\nGold accounted for some 80% of mining activity in the mid-2000s, while there\nremained considerable proven reserves of other minerals not currently\nexploited. Gold has become Mali's largest export, after cotton—historically\nthe basis of Mali's export industry—and livestock. The emergence of gold as\nMali's leading export product since 1999 has helped mitigate some of the\nnegative impacts caused by fluctuations in world cotton markets and loss of\ntrade from the Ivorian Civil War to the south. Large private investments in\ngold mining include Anglogold-Ashanti ($250 million) in Sadiola and Yatela,\nand Randgold Resources ($140 million) in Morila – both multinational South\nAfrican companies located respectively in the north-western and southern parts\nof the country."
  },
  {
    "chapter_name": "Economy of Mali",
    "chapter_id": "1",
    "section_number": "4.1.1",
    "section_name": "Social and environmental impacts",
    "text": "While great incomes are produced, most staff employed in the mining industries\nare from outside Mali, and residents in the areas of intensive mining complain\nof little benefit from the industry. Populations complain of displacement for\nthe construction of mines: at Sadiola Gold Mine, 43 villages have lost some\nland to the mine there, while in Fourou, near the large Syama goldmines, 121\nvillages saw some displacement.\n\nIn addition, the continued exploitation of unregulated small scale mining,\noften by child laborers, supplies a large international gold market in Bamako\nwhich feeds into international production. Recent criticism has surfaced\naround the working conditions, pay, and the widespread use of child labor in\nthese small gold mines (as reported recently in the U.S. Department of Labor's\n_List of Goods Produced by Child Labor or Forced Labor_), and the method with\nwhich middlemen, in regional centers like Sikasso and Kayes, purchase and\ntransport gold. Gold collected in the towns is sold on—with almost no\nregulation or oversight—to larger merchant houses in Bamako or Conakry, and\neventually to smelters in Europe. Ecological factors, especially pollution of\nwater by mine tailings, is a major source of concern."
  },
  {
    "chapter_name": "Economy of Mali",
    "chapter_id": "1",
    "section_number": "4.2",
    "section_name": "Other minerals",
    "text": "Other mining operations include kaolin, salt, phosphate, and limestone. The\ngovernment is trying to generate interest in the potential of extracting\npetroleum from the Taoudeni basin."
  },
  {
    "chapter_name": "Economy of Mali",
    "chapter_id": "1",
    "section_number": "5",
    "section_name": "Manufacturing",
    "text": "Malian export destinations in 2006\n\nDuring the colonial period, private capital investment was virtually\nnonexistent, and public investment was devoted largely to the Office du Niger\nirrigation scheme and to administrative expenses. Following independence, Mali\nbuilt some light industries with the help of various donors. Manufacturing,\nconsisting principally of processed agricultural products, accounted for about\n8% of the GDP in 1990."
  },
  {
    "chapter_name": "Economy of Mali",
    "chapter_id": "1",
    "section_number": "6",
    "section_name": "Economic reform",
    "text": "Between 1992 and 1995, Mali implemented an economic adjustment program that\nresulted in economic growth and a reduction in financial imbalances. This was\nreflected in the increased GDP growth rates (9.6% in 2002) and decreased\ninflation. GDP in 2002 amounted to US$3.2 billion, made up of agriculture\n37.8%, industry 26.4% and services 35.9%.\n\nEffective implementation of macroeconomic stabilization and economic\nliberalization policies and the stable political situation resulted in good\neconomic performance and enabled Mali to strengthen the foundations for a\nmarket-oriented economy and encourage private sector development, backed up by\nsignificant progress in implementing the country's privatization program.\nAgricultural reform measures were aimed at diversifying and expanding\nproduction as well as at reducing costs.\n\nMali's economic performance is fragile, characterized by a vulnerability to\nclimatic conditions, fluctuating terms of trade, dependence on ports in\nneighboring countries.\n\nMali produces cotton, cereals and rice. Although locally produced rice now\nprovides competition to imported Asian rice, Mali's primary export is cotton.\nLivestock exports and industry (producing vegetable and cottonseed oils, and\ntextiles) have experienced growth. Although most of Mali is desert or semi-\ndesert, the Niger River is a potential irrigation source. Exports are in three\nprimary sector products (56% gold, 27% cotton, 5% livestock). Ivory Coast is\nwhere most of the country's trade goes through and the crisis previously\nexperienced here had a negative effect on Mali's economy.\n\nThe mining industry in Mali has recently attracted renewed interest and\ninvestment from foreign companies. Gold and phosphate are the only minerals\nmined in Mali although deposits of copper and diamonds do also exist. The\nemergence of gold as Mali's leading export product since 1999 has helped\nmitigate some of the negative impact of the cotton and Ivory Coast crises.\n\nThe development of the oil industry is important due to the country's\ndependence on the importation of all petroleum products from neighbouring\nstates. Electricity is provided by the parastatal utility, Electricite du\nMali."
  },
  {
    "chapter_name": "Economy of Mali",
    "chapter_id": "1",
    "section_number": "7",
    "section_name": "Foreign aid",
    "text": "Mali residents are mostly French speaking. Mali is a major recipient of\nforeign aid from many sources, including multilateral organizations (most\nsignificantly the World Bank, African Development Bank, and Arab Funds), and\nbilateral programs funded by the European Union, France, United States,\nCanada, Netherlands, and Germany. Cooperation from Brazil has been growing\nquickly, especially in cotton production, by means of developing cotton seeds\nadapted to the Malian soil. Since 2009, Brazilian cooperation in Mali has\nraised the quality of the cotton fields and their productivity. Brazilian aide\nhas also started since 2019 in cattle raising and the recovery of eroded soils\nfor agriculture. Before 1991, the former Soviet Union had been a major source\nof economic and military aid, including construction of a cement plant and the\nKalana gold mine.\n\nCurrently, aid from Russia is restricted mainly to training and provision of\nspare parts. Chinese aid remains high, and Chinese-Malian joint venture\ncompanies have become more numerous in the last 3 years, leading to the\nopening of a Chinese investment center. The Chinese are major participants in\nthe textile industry and in large scale construction projects, including a\nbridge across the Niger, a conference center, an expressway in Bamako, and a\nstadium in Bamako completed in 2001 for the Africa Cup competition in 2002,\nnamed Stade du 26 Mars.\n\nIn 1998, U.S. assistance reached over $40 million. This included $39 million\nin sector support through United States Agency for International Development\n(USAID) programs, largely channeled to local communities through private\nvoluntary agencies; Peace Corps program budget of $2.2 million for more than\n160 Volunteers serving in Mali; Self Help and the Democracy Funds of $170,500;\nand $650,000 designated for electoral support. Military assistance includes\n$275,000 for the International Military Education Training (IMET) program,\n$1.6 million for the African Crisis Response Initiative (ACRI), $60,000 for\nJoint Combined Exercise Training (JCET), and $100,000 for Humanitarian\nAssistance."
  },
  {
    "chapter_name": "Economy of Mali",
    "chapter_id": "1",
    "section_number": "8",
    "section_name": "Statistics",
    "text": "Dyeing bezin, one of several types of cloth made in Mali. GDP per capita\ndevelopment of Mali\n\n**GDP:** purchasing power parity – $41.22 billion (2017 est.)\n\n**GDP – real growth rate:** 5.4% (2017 est.)\n\n**GDP – per capita:** purchasing power parity – $2,200 (2017 est.)\n\n**GDP – composition by sector:**\n_agriculture:_ 41.8% (2017 est.)\n_industry:_ 18.1% (2017 est.)\n_services:_ 40.5% (2017 est.)\n\n**Population below poverty line:** 36.1% (2005 est.)\n\n**Household income or consumption by percentage share:**\n_lowest 10%:_ 2.4% (2001 est.)\n_highest 10%:_ 30.2% (2001 est.)\n\n**Inflation rate (consumer prices):**\n\n1.8% (2017 est.)\n\n**Labor force:** 6.447 million (2017 est.)\n\n**Labor force – by occupation:** agriculture and fishing: 80% (2005 est.)\nindustry and services: 20% (2005 est.)\n\n**Unemployment rate:** 12%\n\n**Budget:**\n_revenues:_ 3.075 billion (2017 est.)\n_expenditures:_ 3.513 billion (2017 est.)\n\n**Industries:** food processing; construction; phosphate and gold mining\n\n**Industrial production growth rate:** 6.3% (2017 est.)\n\n**Electricity – production:** 2.489 billion kWh (2016 est.)\n\nThe Inner Niger Delta and surrounding farmlands, Mali.\n\n**Electricity – production by source:**\n_fossil fuel:_ 68%\n_hydro:_ 31%\n_nuclear:_ 0%\n_other:_ 1% (2017 est.)\n\n**Electricity – consumption:** 2.982 billion kWh (2016 est.)\n\n**Electricity – exports:** 0 kWh (2016 est.)\n\n**Electricity – imports:** 800 million kWh (2016 est.)\n\n**Agriculture – products:** cotton, pearl millet, rice, corn, maize,\nvegetables, peanuts; cattle, sheep, goats\n\n**Exports:** $3.06 billion (2017 est.)\n\n**Exports – commodities:** cotton 50%, gold, livestock\n\n**Exports – partners:** Switzerland 31.8%, UAE 15.4%, Burkina Faso 7.8%, Cote\nd'Ivoire 7.3%, South Africa 5%, Bangladesh 4.6% (2017)\n\n**Imports:** $3.644 billion (2017 est.)\n\n**Imports – commodities:** petroleum, machinery and equipment, construction\nmaterials, foodstuffs, textiles\n\n**Imports – partners:** Senegal 24.4%, China 13.2%, Cote d'Ivoire 9%, France\n7.3% (2017)\n\n**Debt – external:** $4.192 billion (31 December 2017 est.)\n\n**Economic aid – recipient:** $691.5 million (2005)\n\n**Currency:** 1 Communaute Financiere Africaine franc (CFAF) = 100 centimes\n\n**Exchange rates:** Communaute Financiere Africaine francs (CFAF) per US$1 –\n647.25 (January 2000), 615.70 (1999), 589.95 (1998), 583.67 (1997), 511.55\n(1996), 499.15 (1995)\n_note:_ since 1 January 1999, the CFAF is pegged to the euro at a rate of\n655.957 CFA francs per euro\n\n**Fiscal year:** calendar year"
  }
]