[
  {
    "chapter_name": "Economy of South Korea",
    "chapter_id": "1",
    "section_number": "1",
    "section_name": "Introduction",
    "text": "| This article needs to be **updated**. Please help update this article to\nreflect recent events or newly available information. _( March 2024)_  \n---|---  \n  \nEconomy of South Korea  \n---  \nHistory  \n  \n  * Five-Year Plans\n  * Saemaul Undong\n  * Heavy-Chemical Industry Drive\n  * Miracle on the Han River\n  * 1997 Asian financial crisis\n\n  \nBusiness culture  \n  \n  * Chaebol\n  * Trade policy\n\n  \nIndustries  \n  \n  * Currency\n  * Communications\n  * Tourism\n  * Transportation\n  * Financial services\n  * Energy\n\n  \nRegional  \n  \n  * Regions by GDP per capita\n    * Seoul\n\n  \nRelated topics  \n  \n  * Science and technology\n  * Cities\n\n  \n  \n  * v\n  * t\n  * e\n\n  \n  \nThe **economy of South Korea** is a highly developed mixed economy. By nominal\nGDP, the economy was worth ₩2.61 quadrillion (US$1.87 trillion). It has the\n4th largest economy in Asia and the 13th largest in the world as of 2025.\nSouth Korea is notable for its rapid economic development from an\nunderdeveloped nation to a developed, high-income country in a few decades.\nThis economic growth has been described as the Miracle on the Han River, which\nhas allowed it to join the OECD and the G20. It is included in the group of\nNext Eleven countries as having the potential to play a dominant role in the\nglobal economy by the middle of the 21st century. Among OECD members, South\nKorea has a highly efficient and strong social security system; social\nexpenditure stood at roughly 15.5% of GDP. South Korea spends around 4.93% of\nGDP on advanced research and development across various sectors of the\neconomy.\n\nSouth Korea's education system and the establishment of a motivated and\neducated populace were largely responsible for spurring the country's high\ntechnology boom and economic development. South Korea began to adapt an\nexport-oriented economic strategy to fuel its economy. In 2022, South Korea\nwas the ninth largest exporter and ninth largest importer in the world. The\nBank of Korea and the Korea Development Institute periodically release major\neconomic indicators and economic trends of the economy of South Korea.\n\nRenowned financial organisations, such as the International Monetary Fund,\nnote the resilience of the South Korean economy against various economic\ncrises. They cite the country's economic advantages as reasons for this\nresilience, including low state debt and high fiscal reserves that can quickly\nbe mobilised to address any expected financial emergencies. Other financial\norganisations, like the World Bank, describe South Korea as one of the\nfastest-growing major economies of the next generation, along with BRICS and\nIndonesia. South Korea was one of the few developed countries that was able to\navoid a recession during the Great Recession. Its economic growth rate reached\n6.2% in 2010, a recovery from economic growth rates of 2.3% in 2008 and 0.2%\nin 2009 during the Great Recession. The South Korean economy again recovered\nwith a record surplus of US$70.7 billion at the end of 2013, up 47 percent\ngrowth from 2012. This growth contrasted with the uncertainties of global\neconomic turmoil, with the country's major economic output being technology\nproducts exports.\n\nDespite the South Korean economy's high growth and structural stability, South\nKorea is experiencing damage to its credit rating in the stock market due to\nNorth Korea in times of military crises. The recurring conflict affects the\nfinancial markets of its economy. The South Korean economy faces challenges\ndue to a declining and ageing population, with a fertility rate among the\nlowest in the world."
  },
  {
    "chapter_name": "Economy of South Korea",
    "chapter_id": "1",
    "section_number": "0.1",
    "section_name": "Overview",
    "text": "Following the Korean War, South Korea remained a country with less developed\nmarkets for a little more than a decade. The growth of the industrial sector\nwas the principal stimulus to South Korea's economic development. In 1986,\nmanufacturing industries accounted for approximately 30 percent of the gross\ndomestic product (GDP) and 25 percent of the work force. Due to strong\ndomestic encouragement and some foreign aid, Seoul's industrialists introduced\nmodern technologies into outmoded or newly built facilities, increased the\nproduction of commodities—especially those for sale in foreign markets—and\nplowed the proceeds back into further industrial expansion. As a result,\nindustry altered South Korea's landscape, drawing millions of labourers to\nurban manufacturing centres.\n\nA downturn in the South Korean economy in 1989 spurred by a decrease in\nexports and foreign orders caused concern in the industrial sector. Ministry\nof Trade and Industry analysts stated that decreased export performance\nresulted from structural problems, including an overly strong won, increased\nwages and labour costs, frequent strikes, and higher interest rates. The\nresult was an increase in inventories and cutbacks in production at a number\nof electronics, automobile, and textile manufacturers, as well as at the\nsmaller firms that supplied the parts. Factory automation systems were\nintroduced to reduce dependence on labour, to boost productivity with a\nsmaller work force, and to improve competitiveness."
  },
  {
    "chapter_name": "Economy of South Korea",
    "chapter_id": "1",
    "section_number": "0.2",
    "section_name": "Colonial period",
    "text": "Japan colonized Korea, officially annexing it on 22 August 1910 as the\nProvince of Choson. Japan encouraged an inflow of Japanese capital to Korea's\nless developed economy. A large majority of major firms in Korea became\nJapanese owned and operated as a result, with key positions reserved for\nJapanese. Koreans were permitted to work in menial roles under harsh labor\nconditions. Most of Korea's coal, iron, and crop production was shipped to\nJapan."
  },
  {
    "chapter_name": "Economy of South Korea",
    "chapter_id": "1",
    "section_number": "0.3",
    "section_name": "Rapid growth from 1960s to 1980s",
    "text": "Growth of the South Korean economy 1961–2015 Economy of South Korea, compared\nto North Korea. North Korea began to lose the economic competition after its\nadoption of _Juche_ in 1974.\n\nFollowing the coup that brought General Park Chung Hee to power in 1961, which\nat first caused political instability and an economic crisis, a protectionist\neconomic policy began, pushing a bourgeoisie that developed in the shadow of\nthe State to reactivate the internal market. To promote development, a policy\nof export-oriented industrialisation was applied, closing the entry into the\ncountry of all kinds of foreign products, except raw materials. Agrarian\nreforms were carried out and Park nationalised the financial system to swell\nthe powerful state arm, whose intervention in the economy was through five-\nyear plans.\n\nThe spearhead was the chaebols, diversified family conglomerates such as\nHyundai, Samsung, and LG Corporation, which received state incentives such as\ntax breaks, legality for their exploitation system and cheap or free\nfinancing: the state bank facilitated the planning of concentrated loans by\nitem according to each five-year plan, and by economic group selected to lead\nit.\n\nSouth Korea received donations from the United States due to the Cold War, and\nforeign economic and military support continued for some years. Chaebols\nstarted to dominate the domestic economy and, eventually, began to become\ninternationally competitive. Under these chaebols, workers began to see their\nwages and working conditions improve, which increased domestic consumption. By\nthe 1980s, the country rose from low income to middle income.\n\nSouth Korea's real GDP expanded by an average of more than 8 percent per year,\nfrom US$2.7 billion in 1962 to US$230 billion in 1989, breaking the trillion\ndollar mark in the early 2000s. Nominal GDP per capita grew from $103.88 in\n1962 to $5,438.24 in 1989, reaching the $20,000 milestone in 2006. The\nmanufacturing sector grew from 14.3 percent of the GNP in 1962 to 30.3 percent\nin 1987. Commodity trade volume rose from US$480 million in 1962 to a\nprojected US$127.9 billion in 1990. The ratio of domestic savings to GNP grew\nfrom 3.3 percent in 1962 to 35.8 percent in 1989. In the early 1960s, South\nKorea's rate of growth exceeded North Korea's rate of growth in most\nindustrial areas.\n\nThe most significant factor in rapid industrialisation was the adoption of an\noutward-looking strategy in the early 1960s. This strategy was particularly\nwell-suited to that time because of South Korea's low savings rate and small\ndomestic market. The strategy promoted economic growth through labour-\nintensive manufactured exports, in which South Korea could develop a\ncompetitive advantage. Government initiatives played an important role in this\nprocess. Through the model of export-led industrialisation, the South Korean\ngovernment incentivised corporations to develop new technology and upgrade\nproductive efficiency to compete the global market. By adhering to state\nregulations and demands, firms were awarded subsidisation and investment\nsupport to develop their export markets in the evolving international arena.\nIn addition, the inflow of foreign capital was encouraged to supplement the\nshortage of domestic savings. These efforts enabled South Korea to achieve\ngrowth in exports and subsequent increases in income.\n\nBeginning in 1973, South Korea's government used its National Investment Fund\nand the Korea Development Bank to invest large amounts of money into what Park\nChung Hee's government viewed as the six strategic industries: steel, non-\nferrous metals, shipbuilding, industrial machinery, electronics, and\npetrochemicals. This developmental approach was frequently criticized at the\ntime from outside Korea, including by the World Bank. The strategy was\nsuccessful and ultimately also helped develop companies like Samsung and POSCO\nand reduced input costs for production in downstream industries as well.\n\nBy emphasising the industrial sector, Seoul's export-oriented development\nstrategy left the rural sector barely touched. The steel and shipbuilding\nindustries in particular played key roles in developing South Korea's economy\nduring this time. Except for mining, most industries were located in the urban\nareas of the northwest and southeast. Heavy industries were located in the\nsouth of the country. Factories in Seoul contributed over 25 percent of all\nmanufacturing value-added in 1978; taken together with factories in the\nsurrounding Gyeonggi Province, factories in the Seoul area produced 46 percent\nof all manufacturing that year. Factories in Seoul and Gyeonggi Province\nemployed 48 percent of the nation's 2.1 million factory workers. Increased\nincome disparity between the industrial and agricultural sectors became a\nproblem by the 1970s despite government efforts to raise farm income and\nimprove rural areas\n\nSouth Korean inflation\n\nM2 money supply increases\n\nInflation\n\nInflation ex food and energy\n\nIn the early 1980s, in order to control inflation, a conservative monetary\npolicy and tight fiscal measures were adopted. Growth of the money supply was\nreduced from the 30 percent level of the 1970s to 15 percent. During this\ntime, Seoul froze its budget for a short while. Government intervention in the\neconomy was greatly reduced and policies on imports and foreign investment\nwere liberalised to promote competition. To reduce the imbalance between rural\nand urban sectors, Seoul expanded investments in public projects, such as\nroads and communications facilities, while further promoting farm\nmechanisation.\n\nThe measures implemented early in the decade, coupled with significant\nimprovements in the world economy, helped South Korea regain its lost\nmomentum. South Korea achieved an average of 9.2 percent real growth between\n1982 and 1987 and 12.5 percent between 1986 and 1988. The double-digit\ninflation of the 1970s was brought under control. Wholesale price inflation\naveraged 2.1 percent per year from 1980 through 1988; consumer prices\nincreased by an average of 4.7 percent annually. Seoul achieved its first\nsignificant surplus in its balance of payments in 1986 and recorded a US$7.7\nbillion and a US$11.4 billion surplus in 1987 and 1988 respectively. This\ndevelopment permitted South Korea to begin reducing its level of foreign debt.\nThe trade surplus for 1989, however, was only US$4.6 billion, and a small\nnegative balance was projected for 1990."
  },
  {
    "chapter_name": "Economy of South Korea",
    "chapter_id": "1",
    "section_number": "0.4",
    "section_name": "1990s and the Asian Financial Crisis",
    "text": "South Korean bonds\n\n50 year\n\n10 year\n\n2 year\n\n1 year\n\nFor the first half of the 1990s, the South Korean economy continued a stable\nand strong growth in both private consumption and GDP. During the 1997 Asian\nfinancial crisis, after several other Asian currencies were attacked by\nspeculators, the Korean won started to depreciate in October 1997. The problem\nwas exacerbated due to non-performing loans at many of Korea's merchant banks.\nBy December 1997, the IMF had approved a US$21 billion loan, that would be\npart of a US$58.4 billion bailout plan. By January 1998, the government had\nshut down a third of Korea's merchant banks. Throughout 1998, Korea's economy\nwould continue to shrink quarterly at an average rate of −6.65%. and South\nKorean chaebol Daewoo was dismantled by the government in 1999 due to debt\nproblems. General Motors managed to purchase the motors division. Indian\nconglomerate Tata Group purchased the trucks and heavy vehicles division of\nDaewoo.\n\nActions by the South Korean government and debt swaps by international lenders\nhave contained the country's financial problems. Much of South Korea's\nrecovery from the 1997 Asian financial crisis can be attributed to labour\nadjustments (i.e. a dynamic and productive labour market with flexible wage\nrates) and alternative funding sources. By the first quarter of 1999, GDP\ngrowth had risen to 5.4%, and strong growth thereafter combined with\ndeflationary pressure on the currency led to a yearly growth of 10.5%. In\nDecember 1999, President Kim Dae-jung declared the currency crisis over."
  },
  {
    "chapter_name": "Economy of South Korea",
    "chapter_id": "1",
    "section_number": "0.5",
    "section_name": "2000s",
    "text": "South Korea's economy has moved away from a centrally planned, government-\ndirected investment model toward a more market-oriented one. These economic\nreforms, pushed by President Kim Dae-jung, helped South Korea maintain one of\nAsia's few expanding economies,[_citation needed_] with growth rates of 10.8%\nin 1999 and 9.2% in 2000. Growth fell back to 3.3% in 2001 because of the\nslowing global economy, decreased exports, and perceptions that corporate and\nfinancial reforms had stalled.\n\nAfter the bounce back from the 1997 Asian financial crisis, the economy\ncontinued strong growth in 2000 with a GDP growth of 9.08%. However, the South\nKorean economy was affected by the September 11 attacks. The slowing global\neconomy, falling exports, and the perception that corporate and financial\nreforms had stalled caused growth to decrease to 3.8% in 2001 Thanks to\nindustrialisation GDP per hour worked (labour output) more than tripled from\nUS$2.80 in 1963 to US$10.00 in 1989. More recently the economy stabilised and\nmaintained a growth rate of between 4–5% from 2003 onwards.\n\nLed by industry and construction, growth in 2002 was 5.8%, despite anemic\nglobal growth. The restructuring of chaebols, bank privatisation, and the\ncreation of a more liberalised economy—with a mechanism for bankrupt firms to\nexit the market—remain an unfinished reform task. Growth slowed in 2003, but\nproduction expanded 5% in 2006, due to popular demand for key export products\nsuch as HDTVs and mobile phones.[_citation needed_]\n\nLike most industrialised economies, South Korea experienced setbacks during\nthe Great Recession. Growth fell by 3.4% in the fourth quarter of 2008 from\nthe previous quarter, the first negative quarterly growth in 10 years, with\nyear on year quarterly growth continuing to be negative into 2009. Many\nsectors of the economy at the time reported declines, with manufacturing\ndropping 25.6% as of January 2009, and consumer goods sales dropping 3.1%.\nExports in autos and semiconductors, two pillars of the economy, shrank 55.9%\nand 46.9% respectively, while exports overall fell by a record 33.8% in\nJanuary, and 18.3% in February 2009 year on year. As in the 1997 Asian\nfinancial crisis, Korean currency also experienced massive fluctuations,\ndeclining by 34% against the US dollar. Annual growth in the economy slowed to\n2.3% in 2008, and was expected to drop to as low as −4.5% by Goldman Sachs,\nbut South Korea was able to limit the downturn to a standstill at 0.2% in\n2009. Despite the Great Recession, the South Korean economy, helped by timely\nstimulus measures and strong domestic consumption of products that compensated\nfor decreased exports, was able to avoid a recession unlike most\nindustrialised economies, posting positive economic growth for two consecutive\nyears of the crisis. In 2010, South Korea made an economic rebound with a\ngrowth rate of 6.1%, signaling a return of the economy to pre-crisis levels.\nSouth Korea's exports recorded $424 billion in the first eleven months of the\nyear 2010, already higher than its export in the whole year of 2008. The South\nKorean economy of the 21st century, as a Next Eleven economy, is expected to\ngrow from 3.9% to 4.2% annually between 2011 and 2030, similar to growth rates\nof developing countries such as Brazil or Russia.\n\nSouth Korean President Park Geun-hye at a breakfast meeting with chaebol\nbusiness magnates Lee Kun-hee and Chung Mong-koo in 2013\n\nThe South Korean government signed the Korea-Australia Free Trade Agreement\n(KAFTA) on 5 December 2013, with the Australian government seeking to benefit\nits industries—including automotive, services, and resources and energy—and\nposition itself alongside competitors, such as the U.S. and ASEAN. South Korea\nis Australia's third largest export market and fourth largest trading partner\nwith a 2012 trade value of A$32 billion. The agreement contains an Investor\nState Dispute Settlement (ISDS) clause that permits legal action from South\nKorean corporations against the Australian government if their trade rights\nare infringed upon.\n\nThe government cut the work week from six days to five in phases, from 2004 to\n2011, depending on the size of the firm. The number of public holidays was\nexpanded to 16 by 2013.\n\nSouth Korean economy decreased in the first quarter of 2019, which happened to\nbe its worst drop since the Great Recession. GDP declined a seasonally\nadjusted 0.3 percent from the previous quarter.\n\nSouth Korea's prices rose more than 6 percent in July compared with last year,\nthe fastest jump in nearly a quarter century.\n\nIn July 2022, South Korea's Consumer price index rose 6.3 percent, the highest\nrate since November 1998."
  },
  {
    "chapter_name": "Economy of South Korea",
    "chapter_id": "1",
    "section_number": "0.6",
    "section_name": "High-tech industries in the 1990s and 2000s",
    "text": "In 1990, South Korean manufacturers planned a shift in future production plans\ntoward high-technology industries. In June 1989, panels of government\nofficials, scholars, and business leaders held planning sessions on the\nproduction of such goods as new materials, mechatronics—including industrial\nrobotics—bioengineering, microelectronics, fine chemistry, and aerospace. This\nshift in emphasis, however, did not mean an immediate decline in heavy\nindustries such as automobile and ship production, which had dominated the\neconomy in the 1980s.[_citation needed_]\n\nSouth Korea relies upon exports to fuel the growth of its economy, with\nfinished products such as electronics, textiles, ships, automobiles, and steel\nbeing some of its most important exports. Although the import market has\nliberalised in recent years, the agricultural market has remained\nprotectionist due to disparities in the price of domestic agricultural\nproducts such as rice with the international market. As of 2005, the price of\nrice in South Korea was four times that of the average price of rice on the\ninternational market, and it was believed that opening the agricultural market\nwould affect South Korean agricultural sector negatively. In late 2004,\nhowever, an agreement was reached with the WTO in which South Korean rice\nimports will gradually increase from 4% to 8% of consumption by 2014. In\naddition, up to 30% of imported rice will be made available directly to\nconsumers by 2010, where previously imported rice was only used for processed\nfoods. Following 2014, the South Korean rice market will be fully\nopened.[_citation needed_]\n\nSouth Korea today is known as the Launchpad of a mature mobile market, where\ndevelopers thrive in a market where few technology constraints exist. There is\na growing trend of inventions of new types of media or apps, using the 4G and\n5G internet infrastructure in South Korea. South Korea today has the\ninfrastructure to meet a density of population and culture that has the\ncapability to create strong local particularities."
  },
  {
    "chapter_name": "Economy of South Korea",
    "chapter_id": "1",
    "section_number": "0.7",
    "section_name": "The economy after the COVID-19 pandemic",
    "text": "South Korea faced a turning point in its economy in 2023. With the constant\ngrowth of mainland China's manufacturing industry and the impact of COVID-19,\nSouth Korea's manufacturing sector is experiencing a consistent decline.\nAccording to SP Global, South Korea's export of manufactured goods to mainland\nChina, one of the biggest trading partners of South Korea, had decreased by\n4.4% in the fourth quarter of 2022 and by 31% in January 2023. On the other\nhand, their primary electronic manufacturing industry is facing a downturn.\nWhile information and communication technology maintained 34% of South Korea's\ntotal 2022 exports, at the end of the year, it decreased to 24%. The\ngovernment had to incur a massive fiscal spending in 2020, leading a rise in\nthe fiscal deficit as projected in their budget. Moreover, their forecasted\ndebt-to-GDP ratio jumped to 41.2% of GDP in 2020 from 37.1% of GDP in 2019. In\n2021, the government unveiled a $29 billion extra budget to aid small\nbusinesses and boost employment. In 2024, the government forecast a debt-to-\nGDP ratio was 47.4% of GDP.\n\nWith downturns in many manufacturing industries, South Korea has been facing a\nrecession. Many economists state the reason for industries' slowdown as\ndeteriorating global conditions. The inflation rate in South Korea is\nregularly rising, and the problems in the domestic economy, such as household\ndebt, population problems, and productivity problems, are the key fiscal and\nmonetary factors that hold South Korea's economic growth.\n\nDue to the sudden evolution of COVID-19, private consumption decreased, and a\nbottleneck in the supply sector occurred. With this situation, the Bank of\nKorea indicated that the consumer inflation rate rose about three percent\nafter COVID-19 evolved. Assuming that South Korea's interest rate was low\ncompared to other countries, raising house prices and household debt became\none of the problems in South Korea's economy. To stabilise the inflated\neconomy, the government has passed the \"Korean New Deal Program\" to invest 144\nbillion dollars. This expansionary fiscal policy promoted private consumption\nand increased the number of jobs. This expansionary fiscal stimulus is\ndesigned to recover the economic and social impact of COVID-19 from the\nexisting climate and environmental dangers. The New Deal policy is divided\nexplicitly into healthcare and green industries.\n\nSouth Korea's Ministry of Economy and Finance asserted the New Growth Strategy\n4.0 in August 2023. The New Growth Strategy suggests projects for South\nKorea's long-term industry growth. The South Korean government advocates these\npolicies as a New Growth 4.0 project, which aims to generate tangible outcomes\nin the future by setting the focus of policy and investments towards emerging\nindustries. To achieve these goals, the strategy outlines the following key\nguidelines:\n\n1. Foster AI semiconductor industries and build up a collaborative ecosystem between businesses.\n2. Dominate the global market of the Urban Air Mobility (UAM) industry.\n3. Secure Clean Hydrogen Production Technology via Water Electrolysis.\n4. Advance Autonomous Driving Technologies.\n5. Promote the Battery Re-manufacturing and Reuse Markets.\n6. Expand the Private Sector-led My Data Based Services.\n7. Streamline the Ordering Process of Research Equipment or Facilities to Alleviate Administrative Burdens.\n\nBesides this, South Korea is one of the countries with excellent healthcare\nsystems, biomedical technology, and AI technology. While South Korea's value\nin the medical industry is projected at around 6.7 billion dollars, the\nmedical technology market is projected to reach 11.5 billion dollars. The\nannual projected growth rate of the medical industry is over 6%, which\nindicates a bright future for the industry. Many economists suggest that by\nadopting AI technology, South Korea will be a bio-medical industry-leading\ncountry. An article about the future data-driven healthcare industry in South\nKorea suggests that AI technology helps the medical industry provide\ncustomised medical services for patients and can utilise the benefits and\ncosts.\n\nIn April 2025, the incorporation of Korean government bonds into the \"World\nGovernment Bond Index\" was postponed from November this year to April next\nyear. After being listed as a prospective candidate for incorporation in\nSeptember 2022, it was successfully included in the regular market\nclassification report in the second half of October 2024."
  },
  {
    "chapter_name": "Economy of South Korea",
    "chapter_id": "1",
    "section_number": "0.8",
    "section_name": "Economic inequality",
    "text": "According to data from 2010, low-income earners (those earning 12 million won\nor less) make up 37.8% of South Korea's labour force. Conversely, the highest\nincome earners (those earning 100 million won or more) make up 1.4% of the\nlabour force.\n\nAccording to a survey in 2019, among young South Koreans, 89.3% of women and\n81.7% of men agreed with the statement that \"people born into poverty can\nnever compete with [those] born into wealth\"."
  },
  {
    "chapter_name": "Economy of South Korea",
    "chapter_id": "1",
    "section_number": "1",
    "section_name": "Data",
    "text": "The following table shows the main economic indicators in 1980–2021 (with IMF\nstaff estimates in 2022–2027). Inflation below 5% is in green.\n\nYear  | GDP (in Bil. US$PPP) | GDP per capita (in US$ PPP) | GDP (in Bil. US$nominal) | GDP per capita (in US$ nominal) | GDP growth (real) | Inflation rate (in Percent) | Unemployment (in Percent) | Government debt (in % of GDP)\n---|---|---|---|---|---|---|---|---\n1980  | 82.7  | 2,169.4  | 65.4  | 1,714.6  | -1.6%  | 28.7%  | 5.2%  | n/a\n1981  | 97.1  | 2,507.3  | 72.9  | 1,883.5  | 7.2%  | 21.4%  | 4.5%  | n/a\n1982  | 111.7  | 2,839.9  | 78.3  | 1,992.3  | 8.3%  | 7.2%  | 4.1%  | n/a\n1983  | 131.6  | 3,296.9  | 87.8  | 2,198.9  | 13.4%  | 3.4%  | 4.1%  | n/a\n1984  | 150.7  | 3,730.0  | 97.5  | 2,413.3  | 10.6%  | 2.3%  | 3.9%  | n/a\n1985  | 167.7  | 4,109.0  | 101.3  | 2,482.4  | 7.8%  | 2.5%  | 4.0%  | n/a\n1986  | 190.4  | 4,620.3  | 116.8  | 2,834.9  | 11.3%  | 2.8%  | 3.8%  | n/a\n1987  | 220.0  | 5,284.7  | 147.9  | 3,554.6  | 12.7%  | 3.0%  | 3.1%  | n/a\n1988  | 255.0  | 6,067.2  | 199.6  | 4,748.7  | 12.0%  | 7.1%  | 2.5%  | n/a\n1989  | 283.8  | 6,684.6  | 246.9  | 5,817.1  | 7.1%  | 5.7%  | 2.6%  | n/a\n1990  | 323.5  | 7,545.1  | 283.4  | 6,610.0  | 9.9%  | 8.6%  | 2.5%  | 3.2%\n1991  | 370.4  | 8,555.9  | 330.7  | 7,637.2  | 10.8%  | 9.3%  | 2.5%  | 12.3%\n1992  | 402.4  | 9,197.2  | 355.5  | 8,126.5  | 6.2%  | 6.2%  | 2.5%  | 12.0%\n1993  | 440.2  | 9,961.0  | 392.7  | 8,886.4  | 6.9%  | 4.8%  | 2.9%  | 11.2%\n1994  | 491.3  | 11,005.5  | 463.4  | 10,381.2  | 9.3%  | 6.3%  | 2.5%  | 10.0%\n1995  | 549.8  | 12,193.2  | 566.6  | 12,565.0  | 9.6%  | 4.5%  | 2.1%  | 8.8%\n1996  | 604.1  | 13,269.2  | 610.2  | 13,402.9  | 7.9%  | 4.9%  | 2.1%  | 8.1%\n1997  | 652.4  | 14,197.2  | 570.6  | 12,416.8  | 6.2%  | 4.4%  | 2.6%  | 10.0%\n1998  | 625.9  | 13,522.6  | 382.9  | 8,271.4  | -5.1%  | 7.5%  | 7.0%  | 14.3%\n1999  | 707.5  | 15,177.3  | 497.3  | 10,666.9  | 11.5%  | 0.8%  | 6.6%  | 16.3%\n2000  | 789.1  | 16,786.6  | 576.5  | 12,263.5  | 9.1%  | 2.3%  | 4.4%  | 16.7%\n2001  | 846.0  | 17,860.1  | 547.7  | 11,563.0  | 4.9%  | 4.1%  | 4.0%  | 17.2%\n2002  | 925.6  | 19,427.1  | 627.0  | 13,159.7  | 7.7%  | 2.8%  | 3.3%  | 17.0%\n2003  | 973.6  | 20,328.4  | 702.7  | 14,672.4  | 3.1%  | 3.5%  | 3.6%  | 19.8%\n2004  | 1,051.7  | 21,872.1  | 792.5  | 16,482.8  | 5.2%  | 3.6%  | 3.7%  | 22.4%\n2005  | 1,131.4  | 23,480.1  | 934.7  | 19,398.5  | 4.3%  | 2.8%  | 3.8%  | 25.9%\n2006  | 1,227.7  | 25,345.4  | 1,052.6  | 21,731.0  | 5.3%  | 2.2%  | 3.5%  | 28.1%\n2007  | 1,334.0  | 27,401.2  | 1,172.5  | 24,083.3  | 5.8%  | 2.5%  | 3.3%  | 27.4%\n2008  | 1,400.5  | 28,550.5  | 1,049.2  | 21,387.7  | 3.0%  | 4.7%  | 3.2%  | 26.9%\n2009  | 1,420.7  | 28,812.5  | 943.7  | 19,139.7  | 0.8%  | 2.8%  | 3.6%  | 30.0%\n2010  | 1,535.6  | 30,988.3  | 1,143.6  | 23,077.2  | 6.8%  | 2.9%  | 3.7%  | 29.5%\n2011  | 1,625.3  | 32,546.8  | 1,253.4  | 25,100.2  | 3.7%  | 4.0%  | 3.4%  | 33.1%\n2012  | 1,684.6  | 33,557.1  | 1,278.0  | 25,459.2  | 2.4%  | 2.2%  | 3.2%  | 35.0%\n2013  | 1,726.9  | 34,244.3  | 1,370.6  | 27,179.5  | 3.2%  | 1.3%  | 3.1%  | 37.7%\n2014  | 1,792.6  | 35,324.5  | 1,484.5  | 29,252.9  | 3.2%  | 1.3%  | 3.5%  | 39.7%\n2015  | 1,933.8  | 37,907.5  | 1,466.0  | 28,737.4  | 2.8%  | 0.7%  | 3.6%  | 40.8%\n2016  | 2,026.5  | 39,567.0  | 1,499.4  | 29,274.2  | 2.9%  | 1.0%  | 3.7%  | 41.2%\n2017  | 2,105.9  | 41,001.1  | 1,623.1  | 31,600.7  | 3.2%  | 1.9%  | 3.7%  | 40.1%\n2018  | 2,218.9  | 43,014.2  | 1,725.4  | 33,447.2  | 2.9%  | 1.5%  | 3.8%  | 40.0%\n2019  | 2,309.3  | 44,610.7  | 1,651.4  | 31,902.4  | 2.2%  | 0.4%  | 3.8%  | 42.1%\n2020  | 2,320.5  | 44,766.3  | 1,644.7  | 31,728.3  | -0.7%  | 0.5%  | 3.9%  | 48.7%\n2021  | 2,517.1  | 48,653.1  | 1,811.0  | 35,003.8  | 4.1%  | 2.5%  | 3.7%  | 51.3%\n2022  | 2,765.8  | 53,574.2  | 1,734.2  | 33,591.6  | 2.6%  | 5.5%  | 3.0%  | 54.1%\n2023  | 3,123  | 56,709  | 1,709  | 33,147  | 2.0%  | 3.8%  | 3.4%  | 54.4%\n2024  | 3,065.4  | 59,526.8  | 1,879.0  | 36,488.9  | 2.7%  | 2.3%  | 3.3%  | 55.2%"
  },
  {
    "chapter_name": "Economy of South Korea",
    "chapter_id": "1",
    "section_number": "1.1",
    "section_name": "Shipbuilding",
    "text": "Hanwha Ocean Okpo Shipyard in Geoje\n\nDuring the 1970s and 1980s, South Korea became a leading producer of ships,\nincluding oil supertankers, and oil-drilling platforms. The country's major\nshipbuilder was Hyundai, which built a 1-million-ton capacity drydock at Ulsan\nin the mid-1970s. Daewoo joined the shipbuilding industry in 1980 and finished\na 1.2-million-ton facility at Okpo on Geoje Island, south of Busan, in\nmid-1981. The industry declined in the mid-1980s because of the oil glut and\nbecause of a worldwide recession. There was a sharp decrease in new orders in\nthe late 1980s; new orders for 1988 totaled 3 million gross tons valued at\nUS$1.9 billion, decreases from the previous year of 17.8 percent and 4.4\npercent, respectively. These declines were caused by labour unrest, Seoul's\nunwillingness to provide financial assistance, and Tokyo's new low-interest\nexport financing in support of Japanese shipbuilders. However, the South\nKorean shipping industry was expected to expand in the early 1990s because\nolder ships in world fleets needed replacing. South Korea eventually became\nthe world's dominant shipbuilder with a 50.6% share of the global shipbuilding\nmarket as of 2008. Notable Korean shipbuilders are Hyundai Heavy Industries,\nSamsung Heavy Industries, Hanwha Ocean, and the now bankrupt STX Offshore &\nShipbuilding."
  },
  {
    "chapter_name": "Economy of South Korea",
    "chapter_id": "1",
    "section_number": "1.2",
    "section_name": "Electronics",
    "text": "Electronics is one of South Korea's main industries. During the 1980s through\nthe 2000s, South Korean companies such as Samsung, LG, and SK led South\nKorea's growth. In 2017, 17.1% of South Korea's exports were semiconductors\nproduced by Samsung Electronics and SK Hynix. Samsung and LG are also major\nproducers in electronic devices such as televisions, smartphones, display, and\ncomputers."
  },
  {
    "chapter_name": "Economy of South Korea",
    "chapter_id": "1",
    "section_number": "1.3",
    "section_name": "Automobile",
    "text": "A Hyundai automobile. The automotive line is a key sector in South Korea's\nindustry.\n\nThe automobile industry was one of South Korea's major growth and export\nindustries in the 1980s. By the late 1980s, the capacity of the South Korean\nmotor industry had increased more than fivefold since 1984; it exceeded 1\nmillion units in 1988. Total investment in cars and car-component\nmanufacturing was over US$3 billion in 1989. Total production (including buses\nand trucks) for 1988 totaled 1.1 million units, a 10.6 percent increase over\n1987, and grew to an estimated 1.3 million vehicles (predominantly passenger\ncars) in 1989. Almost 263,000 passenger cars were produced in 1985—a figure\nthat grew to approximately 846,000 units in 1989. In 1988 automobile exports\ntotaled 576,134 units, of which 480,119 units (83.3 percent) were sent to the\nUnited States. Throughout most of the late 1980s, much of the growth of South\nKorea's automobile industry was the result of a surge in exports; 1989\nexports, however, declined 28.5 percent from 1988. This decline reflected\nsluggish car sales to the United States, especially at the less expensive end\nof the market, and labour strife at home. South Korea today has developed into\none of the world's largest automobile producers. The Hyundai Motor Group is\nSouth Korea's largest automaker in terms of revenue, production units and\nworldwide presence."
  },
  {
    "chapter_name": "Economy of South Korea",
    "chapter_id": "1",
    "section_number": "1.4",
    "section_name": "Mining",
    "text": "Most of the mineral deposits on the Korean Peninsula are located in North\nKorea, with the South only possessing an abundance of tungsten and graphite.\nCoal, iron ore, and molybdenum are found in South Korea, but not in large\nquantities and mining operations are on a small scale. Much of South Korea's\nminerals and ore are imported from other countries. Most South Korean coal is\nanthracite that is only used for heating homes and boilers.\n\nIn 2019, South Korea was the 3rd largest world producer of bismuth, the 4th\nlargest world producer of rhenium, and the 10th largest world producer of\nsulfur."
  },
  {
    "chapter_name": "Economy of South Korea",
    "chapter_id": "1",
    "section_number": "1.5",
    "section_name": "Construction",
    "text": "Breakwater construction in Seosan coast (1984)\n\nConstruction has been an important South Korean export industry since the\nearly 1960s, and remains a critical source of foreign currency and _invisible_\nexport earnings. By 1981, overseas construction projects, most of them in the\nMiddle East, accounted for 60 percent of the work undertaken by South Korean\nconstruction companies. Contracts that year were valued at US$13.7 billion. In\n1988, however, overseas construction contracts totaled only US$2.6 billion\n(orders from the Middle East were US$1.2 billion), a 1 percent increase over\nthe previous year, while new orders for domestic construction projects totaled\nUS$13.8 billion, an 8.8 percent increase over 1987. South Korean construction\ncompanies therefore concentrated on the rapidly growing domestic market in the\nlate 1980s. By 1989, there were signs of a revival of the overseas\nconstruction market: the Dong Ah Construction Company signed a US$5.3 billion\ncontract with Libya to build the second phase (and other subsequent phases) of\nLibya's Great Man-Made River Project, with a projected cost of US$27 billion\nwhen all 5 phases were completed. South Korean construction companies signed\nover US$7 billion of overseas contracts in 1989. South Korea's largest\nconstruction companies include Samsung C&T Corporation, which built some of\nthe highest buildings and most noteworthy skyscrapers such as three\nconsecutively the world's tallest buildings: the Petronas Towers, Taipei 101,\nand the Burj Khalifa."
  },
  {
    "chapter_name": "Economy of South Korea",
    "chapter_id": "1",
    "section_number": "1.6",
    "section_name": "Armaments",
    "text": "South Korea's remarkable technological advancements and industrialisation\nallowed the country to produce increasingly advanced military equipment.\n\nDuring the 1960s, South Korea was dependent on the United States to supply its\narmed forces, but after the elaboration of President Richard M. Nixon's policy\nof Vietnamisation in the early 1970s, South Korea began to manufacture its own\nweapons.\n\nSince the 1980s, South Korea has begun exporting military equipment and\ntechnology to boost its international trade. Some of its key military export\nprojects include the T-155 Firtina self-propelled artillery for Turkey; the\nK11 air-burst rifle for the United Arab Emirates; the Bangabandhu class\nguided-missile frigate for Bangladesh; fleet tankers such as Sirius class for\nthe navies of Australia, New Zealand, and Venezuela; Makassar class amphibious\nassault ships for Indonesia; and the KT-1 trainer aircraft for Turkey,\nIndonesia, and Peru.\n\nSouth Korea also exports various core components of other countries' advanced\nmilitary hardware. Those hardware include modern aircraft such as F-15K\nfighters and AH-64 attack helicopters which will be used by Singapore, whose\nairframes will be built by Korea Aerospace Industries in a joint-production\ndeal with Boeing. In other major outsourcing and joint-production deals, South\nKorea has jointly produced the S-300 air defence system of Russia via Samsung\nGroup,[_failed verification_] and will facilitate the sales of Mistral class\namphibious assault ships to Russia that will be produced by STX Corporation.\nThe deal was cancelled in 2014 due to Russia's actions in Ukraine and the\nships were sold to Egypt instead. South Korea's defence exports were $1.03\nbillion in 2008 and $1.17 billion in 2009."
  },
  {
    "chapter_name": "Economy of South Korea",
    "chapter_id": "1",
    "section_number": "1.7",
    "section_name": "Tourism",
    "text": "In 2012, 11.1 million foreign tourists visited South Korea, making it one of\nthe most visited countries in the world, up from 8.5 million in 2010. Many\ntourists from all around Asia visit South Korea which has been due to the rise\nof the Korean Wave (_Hallyu_).\n\nSeoul is the principal tourist destination for visitors; popular tourist\ndestinations outside of Seoul include the major coastal city of Busan, the\nSeorak-san national park, the historic city of Gyeongju, and subtropical Jeju\nIsland."
  },
  {
    "chapter_name": "Economy of South Korea",
    "chapter_id": "1",
    "section_number": "2",
    "section_name": "Trade statistics",
    "text": "2021 top South Korean exports  Product  | Percentage  | Exports value\n---|---|---\nIntegrated circuits  | 17.7%  | $116 (in billion)\nCars  | 6.85%  | $44.7 (in billion)\nRefined petroleum  | 5.57%  | $36.4 (in billion)\nMotor vehicle parts  | 2.95%  | $19.3 (in billion)\nOffice machine parts  | 2.76%  | $18 (in billion)\nPassenger and cargo ships  | 2.71%  | $17.71 (in billion)\nTelephones  | 2.46%  | $16.1 (in billion)\nMachinery  | 1.78%  | $11.6 (in billion)\nBlank audio media  | 1.66%  | $10.8 (in billion)\nOthers  | 55.6%  | $362.39 (in billion)\n2021 top South Korean imports  Product  | Percentage  | Imports value\n---|---|---\nCrude petroleum  | 10.5%  | $60.6 (in billion)\nIntegrated circuits  | 8.21%  | $41.4 (in billion)\nPetroleum gas  | 4.25%  | $24.5 (in billion)\nRefined petroleum  | 4.2%  | $24.3 (in billion)\nPhoto lab equipment  | 2.88%  | $16.6 (in billion)\nCoal briquettes  | 2.27%  | $13.1 (in billion)\nCars  | 2.09%  | $12 (in billion)\nMachinery  | 1.37%  | $7.9 (in billion)\nComputers  | 1.32%  | $7.6 (in billion)\nOthers  | 62.91%  | $370 (in billion)\n2018 Top 10 export partners  | Country/Region | Export (M$) | Percentage\n---|---|---\nChina | 162,125 | 26.8%\nUnited States | 72,720 | 12.0%\nVietnam | 48,622 | 8.0%\nHong Kong | 45,996 | 7.6%\nJapan | 30,529 | 5.1%\nRussia | 20,872 | 3.4%\nTaiwan | 20,784 | 3.2%\nIndia | 15,606 | 2.6%\nPhilippines | 12,037 | 2.0%\nSingapore | 11,782 | 2.0%\nMexico | 11,458 | 1.9%\nOthers | 173,201 | 28.6%\nTotal | 604,860 | 100.0%\n2018 Top 10 import partners  | Country/Region | Import (M$) | Percentage\n---|---|---\nChina | 106,489 | 19.9%\nUnited States | 58,868 | 11.0%\nJapan | 54,604 | 10.2%\nSaudi Arabia | 26,336 | 4.9%\nGermany | 20,854 | 3.9%\nAustralia | 20,719 | 3.9%\nVietnam | 19,643 | 3.7%\nRussia | 17,504 | 3.4%\nTaiwan | 16,738 | 3.1%\nQatar | 16,294 | 3.0%\nSingapore | 12,762 | 2.0%\nOthers | 177,153 | 33.1%\nTotal | 535,202 | 100.0%\n2018 Top 10 positive balance (surplus) countries for South Korea  | Country/Region | Balance (M$)\n---|---\nChina | 55,636\nHong Kong | 43,999\nVietnam | 28,979\nUnited States | 13,852\nIndia | 9,722\nPhilippines | 8,468\nMexico | 6,368\nTurkey | 4,791\nTaiwan | 4,045\nSingapore | 3,808\nOthers | −110,011\nTotal | 69,657\n2018 Top 10 negative balance (deficit) countries for South Korea  | Country | Balance (M$)\n---|---\nJapan | −24,075\nSaudi Arabia | −22,384\nQatar | −15,768\nKuwait | −11,541\nGermany | −11,481\nAustralia | −11,108\nRussia | −10,183\nIraq | −7,658\nUnited Arab Emirates | −4,699\nChile | −2,667\nOthers | 191,221\nTotal | 69,657"
  },
  {
    "chapter_name": "Economy of South Korea",
    "chapter_id": "1",
    "section_number": "3",
    "section_name": "Mergers and acquisitions",
    "text": "Since 1991, there has been a steady upwards trend in South Korean M&A until\n2018 with only a short break around 2004. Since 1991, around 18,300 deals in,\ninto or out of South Korea have been announced, which sum up to a total value\nof over 941 bil. USD. 2016 has been the year with the largest deal value\n(1,818 in bil. USD) and the most deals (82,3).\n\nTarget industries are distributed very evenly with no industry taking a larger\nshare than 10%. The top three target industries are electronics (9.7%),\nsemiconductors (9.1%) and metals and mining (7.7%). However, over 51% of the\nacquiring companies originate from the financial and brokerage\nsector.[_citation needed_]"
  }
]