[
  {
    "chapter_name": "Economy of Seychelles",
    "chapter_id": "1",
    "section_number": "1",
    "section_name": "Introduction",
    "text": "| This article **needs additional citations forverification**. Please help\nimprove this article by adding citations to reliable sources. Unsourced\nmaterial may be challenged and removed.  \n_Find sources:_ \"Economy of Seychelles\" – news **·** newspapers **·** books\n**·** scholar **·** JSTOR _( January 2025)__(Learn how and when to remove this\nmessage)_  \n---|---  \n  \nThe **economy of Seychelles** is based on fishing, tourism, processing of\ncoconuts and vanilla, coir rope, boat building, printing, furniture and\nbeverages. Agricultural products include cinnamon, sweet potatoes, cassava\n(tapioca), bananas, poultry and tuna.\n\nThe public sector, comprising the government and state-owned enterprises,\ndominates the economy in terms of employment and gross revenue, employing two-\nthirds of the labor force. Government consumption absorbs over one-third of\nSeychelles's GDP.[_citation needed_]"
  },
  {
    "chapter_name": "Economy of Seychelles",
    "chapter_id": "1",
    "section_number": "1",
    "section_name": "Economic history",
    "text": "The French originally settled the Seychelles in 1770, setting up plantations\nwhich relied heavily on slave labour to produce cotton, sugar, rice, and\nmaize. The British took control of the Seychelles during the Napoleonic Wars\nwithout removing the French upper class.\n\nAfter the British prohibited slavery in 1835, the influx of African workers\ndid not end because British warships captured Arab slavers and forced the\nliberated slaves to work on plantations as apprentices without pay.\n\nIn the 1960s, about 33% of the working population worked at plantations, and\n20% worked in the public or government sector."
  },
  {
    "chapter_name": "Economy of Seychelles",
    "chapter_id": "1",
    "section_number": "1.1",
    "section_name": "Advent of the tourist industry (1971)",
    "text": "| This section **does notcite any sources**. Please help improve this section\nby adding citations to reliable sources. Unsourced material may be challenged\nand removed. _( December 2024)__(Learn how and when to remove this message)_\n---|---\nAircraft at Seychelles International Airport.\n\nPlantations were the main industry of the Seychelles until 1971, when the\ninternational airport opened. Overnight, tourism became a serious industry,\nbasically dividing the economy into plantations and tourism. The tourism\nsector paid better, and the plantation economy could only expand so far.\n\nThe plantation sector of the economy declined in prominence, and tourism and\nfishing became the primary industries of Seychelles. In the 1960s, about 33%\nof the working population worked at plantations, but by 2006 it was less than\n3%.\n\nWhile the tourism and industrial fishing industries were flourishing in the\nlate 1990s, the traditional plantation economy atrophied. Cinnamon barks and\ncopra—traditional export crops—dwindled to negligible amounts by 1991. There\nwere no exports of copra in 1996; 318 tons of cinnamon bark was exported in\n1996, reflecting a decrease of 35% in cinnamon bark exports from 1995.\n\nThe US military Indian Ocean Tracking Station on Mahé operated from 1963 until\n1996."
  },
  {
    "chapter_name": "Economy of Seychelles",
    "chapter_id": "1",
    "section_number": "2",
    "section_name": "Current economy",
    "text": "One of the supermarkets by the Seychelles Marketing Board, built in 1984.\n\nSince Seychelles' independence in 1976, per capita output has expanded to\nroughly seven times the old near-subsistence level.[_citation needed_] Growth\nhas been led by the tourist sector, which employs about 30% of the labor force\nand provides more than 70% of hard currency earnings, followed by tuna\nfishing.[_citation needed_] In recent years[_which?_] the government has\nencouraged foreign investment in order to upgrade hotels and other\nservices.[_citation needed_]\n\nAt the same time, the government has moved to reduce the dependence on tourism\nby promoting the development of farming, fishing, small-scale manufacturing\nand most recently the offshore sector. The vulnerability of the tourist sector\nwas illustrated by the sharp drop in 1991-92 due largely to the Gulf\nWar.[_citation needed_] Although the industry has rebounded, the government\nrecognizes the continuing need for upgrading the sector in the face of stiff\ninternational competition. Other issues facing the government are the curbing\nof the budget deficit and further privatization of public\nenterprises.[_citation needed_]\n\nDespite attempts to improve its agricultural base and emphasize locally\nmanufactured products and indigenous materials, Seychelles imports 90% of the\nfood it consumes.[_citation needed_] The exceptions are some fruits and\nvegetables, fish, poultry, pork, and beer.[_citation needed_] In addition to\nthat, Seychelles also produces cigarettes, paint, and a few plastic items.\nImports of all kind are controlled by the Seychelles Marketing Board (SMB), a\ngovernment parastatal which operates all the major supermarkets and is the\ndistributor and licensor of most other imports.[_citation needed_]\n\nIn an effort to increase agricultural self-sufficiency, Seychelles has\nundertaken steps to make the sector more productive and to provide incentives\nto farmers. Much of the state holdings in the agricultural sector have been\nprivatized, while the role of the government has been reduced to conducting\nresearch and providing infrastructure.[_citation needed_]\n\nIn 2020, the Corruption Perception Index from Transparency International\nassessed Seychelles as the least corrupt country in Africa."
  },
  {
    "chapter_name": "Economy of Seychelles",
    "chapter_id": "1",
    "section_number": "2.1",
    "section_name": "Tourism and fishing",
    "text": "| This section **does notcite any sources**. Please help improve this section\nby adding citations to reliable sources. Unsourced material may be challenged\nand removed. _( December 2024)__(Learn how and when to remove this message)_\n---|---\n| This section needs to be **updated**. Please help update this article to\nreflect recent events or newly available information. _( January 2025)_\n---|---\n\nWikivoyage has a travel guide for _**Seychelles**_.\n\nFisherman landing his catch, in the early 1970s\n\nTourism is one of the most important sectors of the economy, accounting for\napproximately 16.6% (2000) of GDP. Employment, foreign earnings, construction,\nbanking, and commerce are all dominated by tourism-related industries. Tourism\nearned $631 million in 1999–2000. About 130,046 tourists visited Seychelles in\n2000, 80.1% of them from Europe (United Kingdom, Italy, France, Germany, and\nSwitzerland).\n\nIn 2000, industrial fishing surpassed tourism as the most important foreign\nexchange earner. Manufacturing, construction, and industrial fishing, notably\ntuna fishing, account for about 28.8% of the GDP. Earnings are growing\nannually from licensing fees paid by foreign trawlers fishing in Seychelles'\nterritorial waters.\n\nIn 1995, Seychelles saw the privatization of the Seychelles Tuna Canning\nFactory, 60% of which was purchased by the American food company Heinz.\nSimilarly, some port operations have been privatized, a trend that has been\naccompanied by a fall in transshipment fees and an increase in efficiency.\nOverall, this has sparked a recovery in port services following a drastic fall\nin 2009."
  },
  {
    "chapter_name": "Economy of Seychelles",
    "chapter_id": "1",
    "section_number": "2.2",
    "section_name": "Manufacturing",
    "text": "Many of the other industrial activities are limited to small scale\nmanufacturing, particularly agro-processing and import substitution.\nAgriculture (including artisanal and forestry), once the backbone of the\neconomy, now accounts for around 3% of the GDP."
  },
  {
    "chapter_name": "Economy of Seychelles",
    "chapter_id": "1",
    "section_number": "2.3",
    "section_name": "Public sector",
    "text": "| This section **does notcite any sources**. Please help improve this section\nby adding citations to reliable sources. Unsourced material may be challenged\nand removed. _( January 2025)__(Learn how and when to remove this message)_\n---|---\n\nThe public sector, comprising the government and state-owned enterprises,\ndominates the economy in terms of employment and gross revenue, employing two-\nthirds of the labor force. Public consumption absorbs over one-third of the\nGDP."
  },
  {
    "chapter_name": "Economy of Seychelles",
    "chapter_id": "1",
    "section_number": "2.4",
    "section_name": "Vulnerability to external shocks",
    "text": "| This section **does notcite any sources**. Please help improve this section\nby adding citations to reliable sources. Unsourced material may be challenged\nand removed. _( January 2025)__(Learn how and when to remove this message)_\n---|---\n\nThe Seychelles economy is extremely vulnerable to external shocks. Not only\ndoes it depend on tourism, but it imports over 90% of its total primary and\nsecondary production inputs. Any decline in tourism quickly translates into a\nfall in GDP, a decline in foreign exchange receipts, and budgetary\ndifficulties."
  },
  {
    "chapter_name": "Economy of Seychelles",
    "chapter_id": "1",
    "section_number": "2.5",
    "section_name": "Economic growth",
    "text": "Growth slowed in 1998–2001, due to sluggish tourist and tuna sectors. Also,\ntight controls on exchange rates and the scarcity of foreign exchange have\nimpaired short-term economic prospects. The black market value of the\nSeychellois rupee is anywhere from two thirds to one half the official\nexchange rate.[_citation needed_] The next few years were also slow due to the\nworldwide economic downturn and the fear of flying brought on by the terrorism\non 11 September 2001.\n\nMore recently though, tourism has roared back at a record pace setting\nsuccessive records in 2006 and again in 2007 for number of visitors.[_citation\nneeded_] The increased availability of flights to and from the archipelago due\nin part to new entrants Emirates and Qatar airlines is also beginning to show.\nBoth at official exchange rates and at purchasing power parity (PPP),\nSeychelles remains the richest territory in Africa in terms of GDP per capita\n(US$9,440.095 at real exchange rates and US$17,560.062 at PPP 2008 estimate),\n\nBecause of economic contraction (the economy declined by about 2% in 2004 and\n2005 and lost another 1.4% in 2006 according to the International Monetary\nFund) the country was moving downwards in terms of per capita income. However,\nthe economy bounced back in 2007, growing by 5.3% due in part to record\ntourism numbers and the booming building and offshore industries. The IMF\nforecast further growth in 2008 with continuing increase in the GDP per\ncapita.\n\nIn October 2008, as tourism and fishing revenue began slowing, the Seychelles\ndefaulted on a $230 million debt. The International Monetary Fund stepped with\na two-year, $26 million rescue package. The rescue package came with a few\nstipulations; The country laid off 1,800 government workers, floated its\ncurrency, lifted foreign exchange controls and sold off state assets. At the\ntime, the country's $800 million external foreign debt was equivalent to\nalmost 175 percent of its gross domestic product.\n\nThe decision to let the currency trade freely as part of the IMF rescue\npackage means that Seychelles is the smallest country in the world that has a\ncompletely independent currency - one that is neither pegged, nor an adopted\nforeign currency, nor a common currency used within a larger monetary union.\nWhen the Seychellois rupee became freely floated on 3 November 2008, its value\nquickly fell drastically, decreasing from eight per U.S. dollar to 16,\neffectively doubled the prices of imports.\n\nThe global recession and piracy in the Indian Ocean hit Seychelles hard in\n2009, with the GDP projected to contract by 7.5 percent. However the\ngovernment exceeded its fiscal targets, with a primary surplus of 13.4% of GDP\nin the first nine months of 2009 according to the IMF. They report expenditure\nhas been tightly controlled and revenue has held up well despite the difficult\neconomic environment.\n\nIn May 2010 an International Monetary Fund mission visited Seychelles and\nconcluded the country is making progress. The head of the mission, Mr. Jean Le\nDem, said at the conclusion of the visit:\n\n> The economy is recovering from a recession that put real gross domestic\n> product (GDP) to almost a stand in 2009. Real GDP is projected to grow at 4\n> percent in 2010, reflecting primarily a rebound in tourism earnings. Twelve-\n> month inflation, which was negative during the past few months, is expected\n> to return to about 1 percent by year-end\n\nIn 2017 the Seychelles joined the World Trade Organisation, facilitated by\nOmani economist Hilda al-Hinai, who chaired the Working Group."
  },
  {
    "chapter_name": "Economy of Seychelles",
    "chapter_id": "1",
    "section_number": "2.6",
    "section_name": "Financial services",
    "text": "| This section **does notcite any sources**. Please help improve this section\nby adding citations to reliable sources. Unsourced material may be challenged\nand removed. _( December 2024)__(Learn how and when to remove this message)_\n---|---\n\nIn addition to the now booming tourism and building/real estate markets,\nSeychelles has renewed its commitment to developing its financial services\nsector. Government officials and industry participants believe this could\novertake the tourism industry as the chief pillar of the economy by 2017. The\nrecent passage of a revised Mutual Fund Act 2007, Securities Act 2007 and\nInsurance Act 2007 are meant to be the catalysts to move Seychelles from just\nanother offshore jurisdiction to a full-fledged Offshore Financial Center\n(OFC).\n\nThe Ministry of Finance is responsible for economic decisions and budgetary\npolicy. A separate Monetary Authority supervises the banking system and\nmanages the money supply. Although foreign banks operate branches in\nSeychelles, the government owns the two local banks—the Development Bank of\nSeychelles, which mobilizes resources to fund development programs, and the\nSeychelles Saving Bank, a bank for savings and current accounts.\n\nThe Financial Services Authority (formerly Seychelles International Business\nAuthority - SIBA) is charged with overseeing the quickly growing non-banking\nfinancial services industry."
  },
  {
    "chapter_name": "Economy of Seychelles",
    "chapter_id": "1",
    "section_number": "2.7",
    "section_name": "Offshore oil and gas",
    "text": "New detailed studies and exploration shows that the Seychelles potentially\nhave large off-shore petroleum reservoirs which are yet to be discovered.\nDrills have proven the presence of:\n\n1. Oil-prone source rocks containing Type II kerogen in coaly deltaic shales of the Middle Jurassic and in marine shales of the Upper Jurassic;\n2. Mixed source rocks bearing Type II/III kerogen in deltaic marine shales of the Lower Cretaceous that are II correlative of oil-generating shales in Somalia;\n3. Gas-prone sources containing Type I kerogen in Upper Triassic fluvial shales and Paleocene marine shales, the latter being correlative of oil and gas generating source rocks of the Deep Continental Shelf trend of the Bombay High Oil Province offshore west India;\n4. Evidence of hydrocarbon generation and migration with well shows, such as 0.7 ml benzene in DST-1 of Reith Bank-1, 10,010 ppm of 99.8% n-C4 headspace gas coincident with as small fault in the same well and 20% petrol vapours at an immature level of volcanics in Owen Bank A-1;\n5. Clastic reservoirs with measured porosities up to 22% in the Early-Middle Jurassic;\n6. Sealing lithologies occur both locally in syn-rift, and regionally in post-rift sequences;\n7. An extensive seismic dataset, plus a variety of remote sensing data have been collected which bolster the well data by confirming the presence of:\n8. A variety of trapping styles, dominated by tilted fault blocks, stratigraphic pinchouts and reefs;\n9. Multiple heating events, with the principal event post-dating trap formation; and\n10. Hydrocarbon generation and migration with the presence of: a) numerous DHIs on seismic, including gas chimneys, flat spots, bright spots, phase changes and chemosynthetic reefs; b) gas sniffer anomalies, involving ethane/iso-butane in the southeast and propane/normal butane/total hydrocarbon in the north and northeast; c) UV fluorescence anomalies, especially over the wells and in the southeast; and d) 4 types of beach-stranded tar that correlate to the local source rock stratigraphy.\n\nHowever, to date all exploratory and stratigraphic test wells (a total of 9\nsince the 1970s) in the Seychelles have failed to find commercial\nhydrocarbons. The most recent wildcat by Enterprise Oil in 1995 detected gas\nbut failed to find hydrocarbons.\n\nSeveral oil and gas exploration companies are active in the Seychelles\noffshore. These include East African Exploration (EAX) (a subsidiary of\nAfren), Avana Petroleum (a subsidiary of Vanoil Energy) and WHL Energy.\n\nBeginning at the turn of the millennium the Seychelles Petroleum Company\n(SEPEC) started to develop the first fleet of modern petroleum double-hull\ntankers, with five vessels, which was completed by late 2007/early 2008 with\nthe possibility to build more in the near future. The Seychelles President\nclaims that this has opened the door to a new industry for his country and\nencouraged economic growth by further removing over-reliance on traditional\ntrades like fisheries and tourism, which is now falling rapidly as the\ncountry's main income but nevertheless, has experienced significant growth in\nrecent years.\n\nThe country has also increased its capacity for wind power, with windfarms on\nRomainville Island."
  },
  {
    "chapter_name": "Economy of Seychelles",
    "chapter_id": "1",
    "section_number": "3",
    "section_name": "Economic statistics",
    "text": "| This section needs to be **updated**. Please help update this article to\nreflect recent events or newly available information. _( September 2018)_\n---|---\n\n**GDP:**\nofficial exchange rate - $1.498 billion (2017)\npurchasing power parity - $2.75 billion (2017)\n\n**GDP - real growth rate:**\n+5.3% (2017 est.)\n0.8% (2016)\n\n**GDP - per capita:**\npurchasing power parity - $29,300 (2017)\n\n**GDP - composition by sector:**\n_agriculture:_ 2.5% (2017 est.)\n_industry:_ 13.8% (2017 est.)\n_services:_ 83.7% (2017 est.)\n\n**Inflation rate (consumer prices):**\n2.9% (2017 est.)\n\n-1% (2016 est.)\n\n**Labor force:**\n47,210 (2017 est.)\n\n**Labor force - by occupation:**\nservices: 74%, industry: 23%, agriculture: 3% (2006)\n\n**Unemployment rate:**\n3% (2017 est.)\n\n**Budget:**\nrevenues: $593.4 million (2017 est.)\nexpenditures: $600.7 million (2017 est.)\n\n**Industries:**\nfishing, tourism, processing of coconuts and vanilla, coir (coconut fiber)\nrope, boat building, printing, furniture; beverages\n\n**Industrial production growth rate:**\n2.3% (2017 est.)\n\n**Agriculture - products:**\ncoconuts, cinnamon, vanilla, sweet potatoes, cassava (tapioca), bananas;\npoultry; tuna\n\n**Exports:**\n$564.8 million (2017 est.)\n\n**Exports - commodities:**\ncanned tuna, frozen fish, petroleum products (re-exports)\n\nAs of 2013[update], the main export products are processed fish (60%) and non-\nfillet frozen fish (22%).\n\n**Exports - partners:**\nUAE 28.5%, France 24%, UK 13.5%, Italy 8.9%, Germany 4.6% (2017)\nUK 27.6%, France 15.8%, Spain 12.7%, Japan 8.6%, Italy 7.5%, Germany 5.6%\n(2004)\n\n**Imports:**\n$1.155 billion (2017 est.)\n$991 million (2016 est.)\n\n**Imports - commodities:**\nmachinery and equipment, foodstuffs, petroleum products, chemicals, other\nmanufactured goods\n\n**Imports - partners:**\nUAE 13.4%, France 9.4%, Spain 5.7%, South Africa 5% (2017)\n\n**Debt - external:**\n$2.559 billion (31 December 2017 est.)\n$2.651 billion (31 December 2016 est,)\n\n**Currency:**\n1 Seychelles rupee (SCR or SRe) = 100 cents\n\n**Exchange rates:**\nSeychelles rupees (SCR) per US$1 − 13.64 (2017), 13.319 (2015), 12.747 (2013),\n11.85 (May 2010), 16.7 (February 2009), 8.0 (2008), 5.8 (2007), 5.5 (2006),\n5.3 (1999), 4.7 (1995)\n\nSeychelles rupees (SCR) per Pound Sterling £1 − 17.50 (May 2010), 24.11\n(February 2009)\n\nSeychelles rupees (SCR) per Euro €1 − 15.04 (May 2010), 21.55 (February 2009)\n\n**Fiscal year:**\ncalendar year"
  }
]